date,open,high,low,close,volume,open_interest,log_return,histvol20,histvol60,histvol250
2024-04-28 18:00:00,1.08482,1.08583,1.08472,1.08563,1983,,,,,
2024-04-28 19:00:00,1.08563,1.08619,1.08553,1.08619,1731,,0.0005156965240310228,,,
2024-04-28 20:00:00,1.08619,1.08659,1.08613,1.08644,4102,,0.0002301358271804471,1.5703242105865216,1.5703242105865216,1.5703242105865216
2024-04-28 21:00:00,1.08644,1.0871,1.08624,1.08689,6180,,0.00041411107050538603,1.1256868896773577,1.1256868896773577,1.1256868896773577
2024-04-28 22:00:00,1.08694,1.0875,1.08674,1.0872,2769,,0.0002851767885422863,1.0002308372107491,1.0002308372107491,1.0002308372107491
2024-04-28 23:00:00,1.0872,1.0873,1.08694,1.0871,1389,,-9.198362697920097e-05,1.7987342378940068,1.7987342378940068,1.7987342378940068
2024-04-29 00:00:00,1.0871,1.08887,1.08694,1.08841,14583,,0.0012043154555325206,3.3728079069077195,3.3728079069077195,3.3728079069077195
2024-04-29 01:00:00,1.08841,1.08892,1.08791,1.08806,9038,,-0.00032162171131885653,3.7831487141875972,3.7831487141875972,3.7831487141875972
2024-04-29 02:00:00,1.08806,1.08841,1.08694,1.08705,8610,,-0.0009286887307681675,4.903478209698397,4.903478209698397,4.903478209698397
2024-04-29 03:00:00,1.087,1.08801,1.08629,1.08725,21777,,0.00018396725434768283,4.587093948519345,4.587093948519345,4.587093948519345
2024-04-29 04:00:00,1.0872,1.08801,1.08558,1.08593,14289,,-0.0012148097832060708,5.498132572833176,5.498132572833176,5.498132572833176
2024-04-29 05:00:00,1.08593,1.0874,1.08522,1.08694,9197,,0.0009296461111252793,5.628500604721035,5.628500604721035,5.628500604721035
2024-04-29 06:00:00,1.08694,1.08745,1.08674,1.0872,5618,,0.0002391750312668859,5.374439168434218,5.374439168434218,5.374439168434218
2024-04-29 07:00:00,1.08725,1.08821,1.08669,1.08689,5972,,-0.0002851767885422453,5.219474805844064,5.219474805844064,5.219474805844064
2024-04-29 08:00:00,1.08694,1.08786,1.08568,1.08583,12737,,-0.0009757355610464843,5.481497092368527,5.481497092368527,5.481497092368527
2024-04-29 09:00:00,1.08578,1.08619,1.08446,1.08532,16949,,-0.0004697971207702647,5.370386851675898,5.370386851675898,5.370386851675898
2024-04-29 10:00:00,1.08538,1.08684,1.08538,1.08674,13810,,0.0013075147116580175,5.793975832170946,5.793975832170946,5.793975832170946
2024-04-29 11:00:00,1.08674,1.08755,1.08664,1.08715,9545,,0.00037720400283484517,5.641037476621436,5.641037476621436,5.641037476621436
2024-04-29 12:00:00,1.0872,1.08841,1.0871,1.08806,11602,,0.000836700873100571,5.644616825273233,5.644616825273233,5.644616825273233
2024-04-29 13:00:00,1.08806,1.08851,1.0876,1.08765,6217,,-0.0003768884684569511,5.557958576870478,5.557958576870478,5.557958576870478
2024-04-29 14:00:00,1.08765,1.08806,1.0873,1.08796,10973,,0.00028497754845575006,5.41949900558389,5.41949900558389,5.41949900558389
2024-04-29 15:00:00,1.08801,1.08801,1.08694,1.08765,6085,,-0.00028497754845579484,5.4062301500973735,5.324036550992059,5.324036550992059
2024-04-29 16:00:00,1.0876,1.08781,1.08745,1.08755,2219,,-9.194556828842232e-05,5.404336285259234,5.204336541349919,5.204336541349919
2024-04-29 18:00:00,1.0877,1.08775,1.0871,1.08715,1498,,-0.0003678668363551713,5.408197667323062,5.136358334454686,5.136358334454686
2024-04-29 19:00:00,1.0872,1.08735,1.08684,1.08689,2304,,-0.00023918603267621182,5.400740620293488,5.045983809379383,5.045983809379383
2024-04-29 20:00:00,1.08689,1.0872,1.08644,1.08694,3700,,4.600175727530924e-05,5.399749818558817,4.939742001102033,4.939742001102033
2024-04-29 21:00:00,1.08694,1.0872,1.08613,1.08613,3373,,-0.0007454891351989524,5.060943054866943,4.989037145492419,4.989037145492419
2024-04-29 22:00:00,1.08613,1.08619,1.08568,1.08608,2877,,-4.603606466123891e-05,5.046037148345944,4.893083625920003,4.893083625920003
2024-04-29 23:00:00,1.08613,1.08613,1.08568,1.08593,1096,,-0.0001381209112650335,4.810067268456049,4.806910771195947,4.806910771195947
2024-04-30 00:00:00,1.08598,1.08603,1.08563,1.08598,947,,4.6042423497059006e-05,4.794525943925465,4.720581745692817,4.720581745692817
2024-04-30 01:00:00,1.08603,1.08613,1.08492,1.08538,3033,,-0.0005526490450878835,4.408929648775423,4.707040209350737,4.707040209350737
2024-04-30 02:00:00,1.08532,1.08603,1.08441,1.08593,11558,,0.0005066066215908735,4.172277264649565,4.683342109172716,4.683342109172716
2024-04-30 03:00:00,1.08588,1.08644,1.08558,1.08593,8064,,0.0,4.1407637571888785,4.607201423632498,4.607201423632498
2024-04-30 04:00:00,1.08593,1.08669,1.08472,1.08649,7959,,0.0005155540939630851,4.234263854397832,4.5862767593701665,4.5862767593701665
2024-04-30 05:00:00,1.08659,1.08897,1.08649,1.08816,17255,,0.001535879638823594,4.658062895568639,4.945964598977767,4.945964598977767
2024-04-30 06:00:00,1.08816,1.08902,1.0877,1.08831,6875,,0.00013783787530971528,4.5367510916665506,4.873540324495496,4.873540324495496
2024-04-30 07:00:00,1.08826,1.08826,1.0874,1.08745,6123,,-0.0007905284082684597,4.273900368301618,4.931341196401982,4.931341196401982
2024-04-30 08:00:00,1.08745,1.08786,1.08431,1.08543,35643,,-0.0018592840671531087,5.337243123062559,5.438719660812486,5.438719660812486
2024-04-30 09:00:00,1.08548,1.08694,1.08482,1.08603,24587,,0.0005526235945123242,5.203251605804854,5.4106447522087535,5.4106447522087535
2024-04-30 10:00:00,1.08598,1.08745,1.08406,1.08446,35991,,-0.0014466781913929057,5.697856090474528,5.638607411141996,5.638607411141996
2024-04-30 11:00:00,1.08446,1.08532,1.08371,1.08381,26581,,-0.0005995563462771614,5.692078561277756,5.610098760308398,5.610098760308398
2024-04-30 12:00:00,1.08381,1.08411,1.08295,1.08325,12618,,-0.0005168292640398401,5.718469906859573,5.569473787723938,5.569473787723938
2024-04-30 13:00:00,1.0833,1.08365,1.0829,1.0834,6806,,0.0001384626037795009,5.746639769966868,5.505956391589104,5.505956391589104
2024-04-30 14:00:00,1.08345,1.08371,1.083,1.0832,6974,,-0.00018462106578792233,5.7375313699602,5.442393139697799,5.442393139697799
2024-04-30 15:00:00,1.0832,1.08345,1.08254,1.08264,6481,,-0.0005171203897602808,5.766632581668635,5.406295891501299,5.406295891501299
2024-04-30 16:00:00,1.08259,1.08274,1.08183,1.08193,4756,,-0.0006560194638778366,5.802005972684471,5.388591445593795,5.388591445593795
2024-04-30 18:00:00,1.08203,1.08239,1.08198,1.08214,1629,,0.00019407875037243222,5.766744352701352,5.337364660671651,5.337364660671651
2024-04-30 19:00:00,1.08209,1.08214,1.08188,1.08198,1203,,-0.00014786610750942166,5.761705147803862,5.2797700135720715,5.2797700135720715
2024-04-30 20:00:00,1.08198,1.08209,1.08117,1.08153,2786,,-0.0004159906878075034,5.77412635614689,5.23758154539243,5.23758154539243
2024-04-30 21:00:00,1.08153,1.08168,1.08128,1.08148,1591,,-4.623187133580291e-05,5.763677834160193,5.182862768851518,5.182862768851518
2024-04-30 22:00:00,1.08143,1.08143,1.08107,1.08122,1128,,-0.00024044019166092023,5.7296554169602665,5.132807661119999,5.132807661119999
2024-04-30 23:00:00,1.08122,1.08122,1.08092,1.08102,1039,,-0.0001849933407673128,5.5856431551517725,5.082472279602946,5.082472279602946
2024-05-01 00:00:00,1.08102,1.08102,1.08082,1.08097,805,,-4.6253682957836e-05,5.580247055331692,5.032557232074537,5.032557232074537
2024-05-01 01:00:00,1.08092,1.08107,1.08077,1.08087,2070,,-9.251378461987536e-05,5.419905925246337,4.983943320943225,4.983943320943225
2024-05-01 02:00:00,1.08092,1.08122,1.08026,1.08052,5210,,-0.0003238656633548739,4.310439020695622,4.943282795170459,4.943282795170459
2024-05-01 03:00:00,1.08052,1.08158,1.08052,1.08148,5448,,0.0008880666633609024,4.756350023480729,5.002979798201801,5.002979798201801
2024-05-01 04:00:00,1.08143,1.08239,1.08143,1.08224,5400,,0.000702493882068753,4.984142790604541,5.021812331556812,5.021812331556812
2024-05-01 05:00:00,1.08234,1.08274,1.08214,1.08239,5607,,0.0001385918149890724,4.03952521187408,4.980801348890467,4.980801348890467
2024-05-01 06:00:00,1.08234,1.08274,1.08209,1.08229,4072,,-9.239240910534803e-05,3.8380667024660227,4.937085375644984,4.937085375644984
2024-05-01 07:00:00,1.08229,1.08264,1.08214,1.08254,3972,,0.00023096501906519587,3.1036835174495794,4.902783776127271,4.902783776127271
2024-05-01 08:00:00,1.08259,1.08386,1.08254,1.08381,12846,,0.0011724791889489055,3.655720548176813,5.013195356712523,5.013195356712523
2024-05-01 09:00:00,1.08381,1.08396,1.0829,1.08355,10246,,-0.00023992322571892417,3.5616092384128475,4.98652637960603,4.9757213077208
2024-05-01 10:00:00,1.0836,1.08482,1.08315,1.08365,17577,,9.228497607140892e-05,3.557368901319934,4.980772772129042,4.936280912128317
2024-05-01 11:00:00,1.08365,1.08396,1.0831,1.0833,6604,,-0.00032303468288948984,3.5896600511403505,4.9664098635106875,4.904753126241112
2024-05-01 12:00:00,1.0833,1.08335,1.08249,1.08254,5133,,-0.0007018062564119041,3.6881222099443582,4.995851092854689,4.908773652177988
2024-05-01 13:00:00,1.08254,1.08365,1.08244,1.08279,8589,,0.0002309116865425982,3.5075548290161853,5.0050098713432085,4.877515096789867
2024-05-01 14:00:00,1.08279,1.08877,1.08249,1.08831,46585,,0.005084990920985761,9.457597172816506,7.094969467518973,6.891715017863638
2024-05-01 15:00:00,1.08836,1.08851,1.08431,1.08436,20194,,-0.0036360831161149523,11.654943494631542,7.97415900367659,7.678352911180351
2024-05-01 16:00:00,1.08431,1.08775,1.08406,1.08669,19714,,0.002146427668229854,12.12909400029482,8.223271745942592,7.889345780328149
2024-05-01 18:00:00,1.08654,1.08745,1.08654,1.087,2811,,0.0002852292664562212,12.118061303943623,8.226291551629597,7.83522629396253
2024-05-01 19:00:00,1.08694,1.08715,1.08654,1.08705,2144,,4.599710219085434e-05,12.091024194304334,8.132896666366936,7.778284749023114
2024-05-01 20:00:00,1.08705,1.08705,1.08624,1.08649,3581,,-0.0005152884348952917,12.144017208493885,8.096017233520655,7.738234519951
2024-05-01 21:00:00,1.08644,1.08689,1.08603,1.08684,2414,,0.0003220863863525492,12.132072554048513,8.099027904670871,7.68882957698831
2024-05-01 22:00:00,1.08689,1.0874,1.08689,1.0872,2373,,0.0003311806620763961,12.11404568287075,8.100852025535325,7.640653990114721
2024-05-01 23:00:00,1.0872,1.0872,1.08654,1.08674,1514,,-0.00042319475870098203,12.13133816542645,8.051139525325834,7.59870121440452
2024-05-02 00:00:00,1.08679,1.08735,1.08674,1.08705,1758,,0.00028521614516729434,12.081453347146653,8.040313418609351,7.551118255920461
2024-05-02 01:00:00,1.08705,1.08735,1.08654,1.08689,2170,,-0.00014719817500860605,12.07203952478621,7.9346950926567485,7.502046112712703
2024-05-02 02:00:00,1.08689,1.08806,1.08664,1.08705,9865,,0.00014719817500845984,12.071876830765847,7.926911499779671,7.453444361364603
2024-05-02 03:00:00,1.08705,1.08811,1.08659,1.08684,11376,,-0.00019320204854276333,12.081311813589906,7.882588467597438,7.407199668223338
2024-05-02 04:00:00,1.08684,1.0872,1.08527,1.08573,9222,,-0.001021831376280419,12.269276640102479,7.939023507740742,7.415190517075669
2024-05-02 05:00:00,1.08568,1.08624,1.08482,1.08563,7450,,-9.210817190206738e-05,12.129145314213854,7.932738928572444,7.3685557846602245
2024-05-02 06:00:00,1.08563,1.08593,1.08497,1.08568,5303,,4.6055146440288625e-05,12.115029150561341,7.929038400177321,7.322465630467938
2024-05-02 07:00:00,1.08573,1.08593,1.08482,1.08553,5230,,-0.00013817180303936816,12.122013151662141,7.9295431292034175,7.278100254648659
2024-05-02 08:00:00,1.08558,1.08654,1.08467,1.08543,15234,,-9.212514285930432e-05,12.103807604294069,7.922363978653664,7.234002559572963
2024-05-02 09:00:00,1.08543,1.08563,1.0833,1.08386,20799,,-0.0014474784598841968,12.328074834894224,8.04752395414195,7.29412214439731
2024-05-02 10:00:00,1.08391,1.08436,1.08269,1.08411,21141,,0.00023063049867659403,12.328062503307248,8.051833738179635,7.253642170122989
2024-05-02 11:00:00,1.08406,1.08613,1.08386,1.08578,15529,,0.0015392488372458534,8.75155487705875,8.173456767126948,7.327920096644222
2024-05-02 12:00:00,1.08583,1.0875,1.08548,1.087,10008,,0.0011229854179544032,6.200013799255831,8.251392577920381,7.344942860268447
2024-05-02 13:00:00,1.087,1.08765,1.08674,1.08725,6354,,0.00022996435653836105,4.9841815476891025,8.252706796005354,7.304792899410161
2024-05-02 14:00:00,1.08725,1.08841,1.0871,1.08836,7961,,0.0010204035615878856,5.262213403458409,8.31358367641404,7.310122823373272
2024-05-02 15:00:00,1.08831,1.08836,1.0877,1.08806,5704,,-0.0002756820851674025,5.295058073919935,8.29810036910794,7.273206524024875
2024-05-02 16:00:00,1.08806,1.08816,1.08775,1.08781,2709,,-0.00022979314122639768,5.2214133791171795,8.288685065286911,7.235665399498938
2024-05-02 18:00:00,1.08796,1.08826,1.08786,1.08826,1723,,0.00041358964225849445,5.238390923453681,8.297606886333433,7.202798682582831
2024-05-02 19:00:00,1.08816,1.08841,1.08811,1.08831,1175,,4.594384743774124e-05,5.215738596875055,8.283151887239763,7.163563596468904
2024-05-02 20:00:00,1.08831,1.08846,1.08775,1.08841,4607,,9.188136284910311e-05,5.143071365827381,8.139294702231332,7.125138661270823
2024-05-02 21:00:00,1.08841,1.08927,1.08841,1.08902,4154,,0.000560293571741148,5.200483427284945,8.157455545509547,7.099890063201231
2024-05-02 22:00:00,1.08902,1.08907,1.08856,1.08867,1339,,-0.0003214415302579656,5.234553282138508,8.123741334695058,7.068018733263069
2024-05-02 23:00:00,1.08862,1.08882,1.08846,1.08877,1129,,9.185098103301778e-05,5.233237460808698,7.894325414068907,7.031284201262161
2024-05-03 00:00:00,1.08882,1.08892,1.08851,1.08851,980,,-0.0002388301010763966,5.241388625251092,7.882777274831524,6.99812857351207
2024-05-03 01:00:00,1.08851,1.08912,1.08846,1.08887,2594,,0.0003306726462814757,4.852256498212274,7.740309624580462,6.96637599506936
2024-05-03 02:00:00,1.08892,1.08892,1.08826,1.08831,7093,,-0.0005144269305702985,4.971880676128845,7.733256286162776,6.944027515917189
2024-05-03 03:00:00,1.08831,1.08912,1.08775,1.08877,9636,,0.0004225843853651624,4.996319680489596,7.717798830985122,6.9160785973718015
2024-05-03 04:00:00,1.08872,1.08973,1.08851,1.08958,7421,,0.0007436821790179017,5.073593857222163,7.745988079611317,6.9037495147130095
2024-05-03 05:00:00,1.08953,1.09008,1.08932,1.08963,4202,,4.5888188847284116e-05,5.055137013047823,7.740919894873538,6.869828768394134
2024-05-03 06:00:00,1.08963,1.08988,1.08917,1.08963,4588,,0.0,4.095386297175543,7.716124098596923,6.836452971807742
2024-05-03 07:00:00,1.08958,1.09029,1.08958,1.08988,6782,,0.00022940936366100991,4.0954199170542624,7.677451352216076,6.805099771715774
2024-05-03 08:00:00,1.08988,1.09671,1.08968,1.09479,60663,,0.004494965616860522,8.195166597086413,8.844448090319018,7.563490507022086
2024-05-03 09:00:00,1.09474,1.09504,1.09241,1.09302,30009,,-0.0016180567655973011,8.803122380818346,9.02399814142685,7.635122015962113
2024-05-03 10:00:00,1.09307,1.0954,1.09044,1.09191,43607,,-0.001016050944875527,9.086045135454999,9.083799195724795,7.6421722746147625
2024-05-03 11:00:00,1.09196,1.09337,1.09175,1.09226,12499,,0.00032048787685571103,8.969040308634826,9.082759425140923,7.609310736613459
2024-05-03 12:00:00,1.09231,1.09267,1.09155,1.0917,6699,,-0.0005128299165490076,9.016650271523178,9.099334948885762,7.586054092081758
2024-05-03 13:00:00,1.09165,1.09211,1.09125,1.09186,5476,,0.00014654967144151203,8.98763712474669,9.092506582591867,7.551824820764104
2024-05-03 14:00:00,1.09186,1.09221,1.09175,1.09206,5270,,0.00018315689270576534,8.977975052476332,9.089926218269186,7.518352653717711
2024-05-03 15:00:00,1.09211,1.09231,1.0917,1.0918,4039,,-0.00023811050271386818,9.004450312591805,9.095412110995191,7.487737028724975
2024-05-03 16:00:00,1.09175,1.09201,1.0915,1.09155,1810,,-0.00022900588645221006,9.029442465998034,9.090654247233504,7.457304361176533
2024-05-05 18:00:00,1.09155,1.0918,1.0914,1.0915,1524,,-4.580747120661327e-05,9.001974912509995,9.06327133818924,7.424834538071054
2024-05-05 19:00:00,1.0915,1.09175,1.09099,1.0911,1175,,-0.00036653532894549267,9.009252598067873,9.060468101147148,7.39850709743646
2024-05-05 20:00:00,1.09099,1.09216,1.09079,1.09201,2767,,0.0008336731110251528,9.096045281686454,9.08751537202398,7.388431730450757
2024-05-05 21:00:00,1.09201,1.09236,1.09155,1.09231,2608,,0.0002746850295618002,9.070224420699507,9.085055999097827,7.358546559263589
2024-05-05 22:00:00,1.09231,1.09246,1.0918,1.09186,1380,,-0.00041205584397460216,9.121266105295462,9.102363752599056,7.334764123395472
2024-05-05 23:00:00,1.09186,1.09201,1.0915,1.09175,1350,,-0.00010075059199504642,9.055335583705027,9.044307409521048,7.304645030269123
2024-05-06 00:00:00,1.09175,1.09186,1.0915,1.0916,670,,-0.00013740353148704545,9.055572552495093,9.040690978770833,7.275311579967653
2024-05-06 01:00:00,1.09155,1.09175,1.09125,1.0914,1808,,-0.00018323408205181042,8.99883099507295,9.045892248116209,7.24697286487345
2024-05-06 02:00:00,1.0914,1.0918,1.09125,1.09155,4995,,0.00013742870907375556,8.999022725022215,9.034645078770236,7.217511903149977
2024-05-06 03:00:00,1.09155,1.09226,1.09135,1.0915,7187,,-4.580747120661327e-05,9.000801399795028,8.996925306615603,7.188387477537171
2024-05-06 04:00:00,1.09145,1.09297,1.09105,1.09216,7320,,0.0006044897283437451,9.04339174891207,9.008716790623744,7.169970248595847
2024-05-06 05:00:00,1.09211,1.09251,1.09191,1.09226,3644,,9.155748443053077e-05,4.163886122068562,7.463509131231169,7.14129661129842
2024-05-06 06:00:00,1.09226,1.09261,1.09196,1.09251,4752,,0.0002288570431590535,3.1603949773781803,6.439817480847577,7.1139926806105525
2024-05-06 07:00:00,1.09246,1.09277,1.09221,1.09256,4883,,4.5765124237283973e-05,2.585904132873802,6.1002254963480755,7.085930011240289
2024-05-06 08:00:00,1.09261,1.09439,1.09251,1.09408,13010,,0.001390261080767275,3.4824771614448427,6.235895392945718,7.117630913020347
2024-05-06 09:00:00,1.09408,1.09423,1.09342,1.09393,12126,,-0.00013711089093274725,3.335978492941792,6.240475992096027,7.09126546684197
2024-05-06 10:00:00,1.09398,1.09403,1.09317,1.09337,9421,,-0.000512046826896807,3.5005353089133586,6.240146460580958,7.074571602819808
2024-05-06 11:00:00,1.09332,1.09332,1.09277,1.09322,6554,,-0.0001371999325297551,3.5116204815543735,6.240820573570547,7.048708817540647
2024-05-06 12:00:00,1.09317,1.09322,1.09241,1.09277,5620,,-0.00041171277668841183,3.569936052403983,6.256861512435378,7.028940961748054
2024-05-06 13:00:00,1.09277,1.09297,1.09267,1.09277,3705,,0.0,3.536159612648167,6.236006333860114,7.00254480344964
2024-05-06 14:00:00,1.09272,1.09287,1.09251,1.09282,6320,,4.575423570631721e-05,3.5313620440237474,6.233043242831975,6.976367296048909
2024-05-06 15:00:00,1.09282,1.09282,1.09196,1.09201,4052,,-0.0007414764875168014,3.7302546491920925,6.284398236124836,6.970436681467455
2024-05-06 16:00:00,1.09206,1.09236,1.09191,1.09236,1367,,0.00032045853311962616,3.4819007139201124,6.288750622578763,6.947207672028416
2024-05-06 18:00:00,1.09206,1.09236,1.09206,1.09211,483,,-0.00022888847280257078,3.4729282428075847,6.290448737722722,6.924182777298869
2024-05-06 19:00:00,1.09216,1.09216,1.09186,1.09201,974,,-9.157006031704554e-05,3.3984976788327383,6.191887153324146,6.899621626126427
2024-05-06 20:00:00,1.09201,1.09292,1.09191,1.09277,2142,,0.0006957222518105556,3.594777459183602,6.217803321267763,6.888165715338983
2024-05-06 21:00:00,1.09282,1.09292,1.09165,1.09186,2479,,-0.000833093066223198,3.898890673544516,6.289202996556336,6.887672046521663
2024-05-06 22:00:00,1.0918,1.09196,1.0913,1.09165,3013,,-0.0001923508485397581,3.900375096904324,6.291493373280415,6.864887583096538
2024-05-06 23:00:00,1.09165,1.09216,1.0916,1.09216,690,,0.00046707360921668684,3.975664613487235,6.299607506465923,6.846336701397511
2024-05-07 00:00:00,1.09216,1.09221,1.0916,1.09186,1593,,-0.0002747227606768567,4.008970002275724,6.110930953448372,6.825442288026657
2024-05-07 01:00:00,1.0918,1.09216,1.09094,1.0911,2212,,-0.0006963022966123187,4.039708097701399,6.164753965250224,6.818292428744159
2024-05-07 02:00:00,1.09115,1.09165,1.09069,1.0916,5696,,0.00045814817313038776,4.129482208522525,6.00067374739596,6.800205034215432
2024-05-07 03:00:00,1.09165,1.09221,1.0913,1.09175,8121,,0.0001374035314869963,4.114252536827044,5.907465202881614,6.77717923171928
2024-05-07 04:00:00,1.0917,1.0918,1.09084,1.0916,5466,,-0.00013740353148704545,4.11516587810333,5.908952229701371,6.755021504360638
2024-05-07 05:00:00,1.0916,1.09165,1.09079,1.0912,5055,,-0.00036650174498570223,3.197953185179931,5.843152341186587,6.737069647760327
2024-05-07 06:00:00,1.0912,1.09221,1.0911,1.09216,4843,,0.0008793786291446551,3.6492504229745566,5.89335039415815,6.735830047280844
2024-05-07 07:00:00,1.09216,1.09231,1.09155,1.09196,5390,,-0.00018314012101810543,3.5695257926581068,5.89116272536923,6.714824621806212
2024-05-07 08:00:00,1.09196,1.09317,1.0917,1.09282,9116,,0.0007872646622706244,3.859816559835795,5.925772505985312,6.709198602962941
2024-05-07 09:00:00,1.09287,1.09398,1.09272,1.09332,13761,,0.0004574272541726401,3.873716030518226,5.938469511071644,6.692156383780952
2024-05-07 10:00:00,1.09337,1.09358,1.09256,1.09307,12210,,-0.00022868747212496574,3.898775952589946,5.946337485591233,6.672473779607113
2024-05-07 11:00:00,1.09307,1.09358,1.09186,1.09191,16380,,-0.0010617947157254358,4.3225047676087005,6.031969813751821,6.686570580603679
2024-05-07 12:00:00,1.09191,1.09272,1.09186,1.09226,7123,,0.00032048787685571103,4.166899343827601,6.026513133422438,6.667299552667736
2024-05-07 13:00:00,1.09231,1.09236,1.09084,1.09089,8038,,-0.001255067384132815,4.665830936391399,6.16809876502129,6.694255440562667
2024-05-07 14:00:00,1.09089,1.09089,1.08998,1.09034,8475,,-0.0005043026289352462,4.720447920296983,6.185799378272593,6.681109289744852
2024-05-07 15:00:00,1.09039,1.09105,1.09034,1.09089,4404,,0.000504302628935225,4.828729687063088,6.196954608703095,6.666424756745908
2024-05-07 16:00:00,1.09084,1.09094,1.09069,1.09079,1389,,-9.167247265410211e-05,4.631065341226497,6.173310387535597,6.645851882562822
2024-05-07 18:00:00,1.09064,1.09079,1.09024,1.09029,901,,-0.0004584884632922791,4.4833658754769194,6.180408726117257,6.631802638076802
2024-05-07 19:00:00,1.09034,1.09034,1.08993,1.09018,1891,,-0.00010089567854031241,4.478365735075982,6.1375096548580546,6.611633874858446
2024-05-07 20:00:00,1.09018,1.09064,1.08983,1.08998,1823,,-0.00018347277315518455,4.372880779980156,6.14042251128259,6.5924287882838435
2024-05-07 21:00:00,1.09003,1.09003,1.08922,1.08922,4084,,-0.0006975036993505001,4.486997600129274,6.180845120035986,6.586785996904367
2024-05-07 22:00:00,1.08922,1.08943,1.08897,1.08927,1919,,4.590335508424481e-05,4.368157502121293,6.176416632609688,6.566692165087626
2024-05-07 23:00:00,1.08932,1.08953,1.08907,1.08932,1384,,4.590124806315058e-05,4.262867391977978,4.1249785262976415,6.546781112896941
2024-05-08 00:00:00,1.08927,1.08943,1.08912,1.08932,1326,,0.0,4.244701035280746,3.816263839539793,6.527043696991021
2024-05-08 01:00:00,1.08932,1.08937,1.08907,1.08927,1652,,-4.5901248063089946e-05,4.245899862877237,3.6883734658467464,6.507593599136192
2024-05-08 02:00:00,1.08922,1.09008,1.08922,1.08963,5480,,0.00033044196913660447,4.283035930358312,3.689385101585253,6.490855464237192
2024-05-08 03:00:00,1.08963,1.08978,1.08887,1.08907,6363,,-0.0005140680335360505,3.971947016103148,3.6895479026102094,6.479510200276593
2024-05-08 04:00:00,1.08902,1.08968,1.08867,1.08958,7288,,0.00046817984468888074,4.109405475168469,3.720239137868538,6.465954816862525
2024-05-08 05:00:00,1.08958,1.09049,1.08958,1.09034,6443,,0.0006972733226834262,4.049464825862161,3.7863416614583563,6.459472040543882
2024-05-08 06:00:00,1.09034,1.09054,1.09003,1.09008,3542,,-0.00023848616434670014,3.9157128471531273,3.786363225068465,6.442553449715405
2024-05-08 07:00:00,1.09008,1.09059,1.08958,1.08978,6195,,-0.0002752470359508757,3.9195870910785886,3.789184735738485,6.426322835114783
2024-05-08 08:00:00,1.08983,1.09013,1.08917,1.09013,8517,,0.0003211141771976433,3.6228777878838643,3.8051961133050503,6.410243216504026
2024-05-08 09:00:00,1.09013,1.09064,1.08983,1.09029,10990,,0.00014676071608878024,3.573769549860508,3.792282281662418,6.3923094781373955
2024-05-08 10:00:00,1.09029,1.09069,1.08983,1.09018,12189,,-0.00010089567854031241,2.87077516910234,3.6933396242789476,6.374543984863526
2024-05-08 11:00:00,1.09008,1.09099,1.08958,1.09064,10553,,0.0004218596737211125,2.8379069249784514,3.7086260640693327,6.360748379348638
2024-05-08 12:00:00,1.09069,1.09069,1.08963,1.08978,5715,,-0.0007888388884671847,3.011982674142384,3.7677062520012807,6.360509857160017
2024-05-08 13:00:00,1.08978,1.08993,1.08927,1.08948,4782,,-0.0002753228177408953,3.036725134344344,3.7750515609454838,6.345048460427918
2024-05-08 14:00:00,1.08948,1.08988,1.08927,1.08968,6871,,0.00018355696742013,2.9731796545643863,3.7798500092624554,6.328107961635183
2024-05-08 15:00:00,1.08973,1.08978,1.08953,1.08973,3957,,4.588397778184274e-05,2.9726777976660896,3.777286408420467,6.310619656995351
2024-05-08 16:00:00,1.08968,1.09008,1.08958,1.09008,1518,,0.00032112890848986093,3.0139193558681834,3.789891588482862,6.295628228597396
2024-05-08 18:00:00,1.09013,1.09018,1.08993,1.08993,827,,-0.00013761404785906224,2.7439216983766395,3.7915918180452883,6.279073308000041
2024-05-08 19:00:00,1.08998,1.09003,1.08968,1.08978,822,,-0.00013763298809186034,2.759602434644816,3.738328818253326,6.2626482183576595
2024-05-08 20:00:00,1.08973,1.08978,1.08932,1.08937,1623,,-0.00037629351337712855,2.8449889292793307,3.751405569721199,6.249798840646386
2024-05-08 21:00:00,1.08932,1.08993,1.08932,1.08983,1512,,0.00042217328086660685,2.937135039817657,3.770798015679379,6.237202152487
2024-05-08 22:00:00,1.08978,1.08988,1.08958,1.08983,564,,0.0,2.9347710618761336,3.7699992253585135,6.220513810941205
2024-05-08 23:00:00,1.08983,1.09024,1.08973,1.08983,950,,0.0,2.8813173477044582,3.47558815767107,6.203958711738535
2024-05-09 00:00:00,1.08983,1.09013,1.08958,1.08963,1268,,-0.0001835317010281526,2.7443235242144945,3.476889489797531,6.188594322879244
2024-05-09 01:00:00,1.08963,1.08968,1.08927,1.08943,1472,,-0.00018356539109691793,2.641948401589093,3.449187705413993,6.173343206142232
2024-05-09 02:00:00,1.08943,1.08948,1.08867,1.08882,4318,,-0.0005600826497840763,2.47468814317918,3.4848159189797485,6.165712476557395
2024-05-09 03:00:00,1.08877,1.08917,1.08801,1.08851,7952,,-0.00028475242806050467,2.486011764835468,3.474265474732679,6.1519281373267685
2024-05-09 04:00:00,1.08846,1.08856,1.0876,1.08786,6870,,-0.0005973249211545293,2.628794623802811,3.5143207142887274,6.145447827129738
2024-05-09 05:00:00,1.08786,1.08821,1.0876,1.08811,4039,,0.00022978258073406312,2.5880127222302143,3.525644258307932,6.130804135832656
2024-05-09 06:00:00,1.08811,1.08887,1.08806,1.08851,4441,,0.00036754234042056505,2.679895678680689,3.485359196032771,6.11825783206152
2024-05-09 07:00:00,1.08846,1.08867,1.0874,1.08775,12507,,-0.0006984459861374574,2.88697895129155,3.523211580820282,6.115366872694642
2024-05-09 08:00:00,1.08775,1.09135,1.08775,1.09105,28927,,0.0030291926963483466,6.143848970262526,4.696271324207012,6.323957093289834
2024-05-09 09:00:00,1.09099,1.09186,1.09013,1.0915,18514,,0.00041236169286067896,5.994499069130669,4.715194468868721,6.3115781255336385
2024-05-09 10:00:00,1.0915,1.09312,1.0914,1.09267,20563,,0.0010713452816480601,6.195290908457389,4.787175083688352,6.321834421801875
2024-05-09 11:00:00,1.09267,1.09332,1.09201,1.09216,11793,,-0.00046685555330440264,6.285391743029366,4.7358068363265255,6.311952010647874
2024-05-09 12:00:00,1.09216,1.09292,1.09211,1.09272,6289,,0.0005126139762939193,6.321667914776589,4.7585917896270535,6.301770356931888
2024-05-09 13:00:00,1.09267,1.09312,1.09241,1.09282,6325,,9.151056495858334e-05,6.312983728186601,4.737015120361867,6.286235851887249
2024-05-09 14:00:00,1.09282,1.09337,1.09261,1.09327,5106,,0.00041169394339290956,6.312370501261519,4.7448362226927925,6.274131201602534
2024-05-09 15:00:00,1.09322,1.09358,1.09317,1.09337,6177,,9.146453011893053e-05,6.291332714929153,4.688252002559706,6.258811350217932
2024-05-09 16:00:00,1.09337,1.09348,1.09322,1.09332,1647,,-4.573121933941639e-05,6.226824786676726,4.668846833152893,6.24367922316061
2024-05-09 18:00:00,1.09342,1.09368,1.09332,1.09358,1063,,0.00023777950635593413,6.212327656676542,4.672382977281251,6.22947760043548
2024-05-09 19:00:00,1.09358,1.09358,1.09322,1.09327,904,,-0.00028351281713558026,6.256682780845085,4.679978833800303,6.216788980318719
2024-05-09 20:00:00,1.09327,1.09327,1.09272,1.09302,2798,,-0.00022869793219522385,6.2875802337975895,4.670182121195205,6.203433084937898
2024-05-09 21:00:00,1.09302,1.09332,1.09267,1.09267,1873,,-0.0003202649991459984,6.314837792433901,4.6007350576446395,6.191468828739259
2024-05-09 22:00:00,1.09272,1.09282,1.09241,1.09251,2089,,-0.00014644102571489845,6.309123210702304,4.599321242355713,6.177438341093204
2024-05-09 23:00:00,1.09251,1.09272,1.09246,1.09267,693,,0.0001464410257148665,6.17740978865698,4.532594863960463,6.163096612141174
2024-05-10 00:00:00,1.09272,1.09277,1.09246,1.09246,1025,,-0.0001922082444949377,6.1574788107933145,4.511933205869526,6.149688866749819
2024-05-10 01:00:00,1.09246,1.09277,1.09241,1.09261,1852,,0.00013729537290399951,5.992151858016982,4.508969558991297,6.135503897645935
2024-05-10 02:00:00,1.09267,1.09337,1.09221,1.09277,6844,,0.0001464276238328049,5.993376263506776,4.380586005893181,6.121463566913838
2024-05-10 03:00:00,1.09272,1.09348,1.09272,1.09322,7422,,0.0004117127766885237,5.997476697812895,4.388098442328872,6.110541632293515
2024-05-10 04:00:00,1.09317,1.09378,1.09277,1.09317,5915,,-4.573749423366628e-05,5.7843475579430566,4.193036629029646,6.096519492996426
2024-05-10 05:00:00,1.09317,1.09373,1.09297,1.09307,5110,,-9.14812647007571e-05,2.7684005628223747,4.158974816103238,6.082803127557494
2024-05-10 06:00:00,1.09302,1.09327,1.09261,1.09292,4549,,-0.00013723759050642944,2.730979345215226,4.1356333692612415,6.069482186086672
2024-05-10 07:00:00,1.09297,1.09312,1.09261,1.09302,4090,,9.14938196565216e-05,2.0208977721805956,4.134152978884131,6.055693345107995
2024-05-10 08:00:00,1.09302,1.09322,1.09165,1.09211,11885,,-0.0008329024383974958,2.3694888781502437,4.196498270542371,6.058787019560421
2024-05-10 09:00:00,1.09211,1.09408,1.09201,1.09383,13220,,0.001573694021763648,3.535170380868217,4.471627409868937,6.098736497617452
2024-05-10 10:00:00,1.09383,1.09413,1.09105,1.09145,23702,,-0.002178211433787202,5.242825339240972,4.9984405643528635,6.1930760730610235
2024-05-10 11:00:00,1.0914,1.09231,1.0913,1.09231,12106,,0.0007876323812683429,5.3898085896031676,5.001554120308633,6.191902420986688
2024-05-10 12:00:00,1.09231,1.09297,1.09201,1.09272,7023,,0.00037528089299627233,5.434910697223019,5.0123862220894235,6.180698154904934
2024-05-10 13:00:00,1.09267,1.09282,1.09236,1.09246,5640,,-0.0002379666674844968,5.446979270143649,5.020876463356375,6.16849336871084
2024-05-10 14:00:00,1.09246,1.09246,1.09201,1.09241,4381,,-4.57693135139596e-05,5.423325337868778,5.021534984161489,6.154948117881917
2024-05-10 15:00:00,1.09236,1.09261,1.09221,1.09221,3504,,-0.00018309820523379765,5.412570824794721,5.026029975740514,6.142333090792208
2024-05-10 16:00:00,1.09226,1.09231,1.09191,1.09221,2114,,0.0,5.402936949523466,5.0177300572961165,6.128863394044687
2024-05-12 18:00:00,1.09221,1.09236,1.09211,1.09231,1392,,9.15532932358571e-05,5.381644941394454,4.985990935174475,6.11555825356099
2024-05-12 19:00:00,1.09226,1.09256,1.09201,1.09206,944,,-0.00022889895126876442,5.389887649809992,4.9750958054774825,6.103650112931809
2024-05-12 20:00:00,1.09206,1.09221,1.0918,1.09196,1390,,-9.157425304699117e-05,5.3822941033896585,4.930764501580446,6.090718073795964
2024-05-12 21:00:00,1.09191,1.09231,1.09165,1.09191,2302,,-4.5790271407018544e-05,5.374481172065973,4.924010114589723,6.077684543894063
2024-05-12 22:00:00,1.09191,1.09221,1.0916,1.09216,1217,,0.00022893039242517506,5.385649835308875,4.918200721180475,6.065516528662036
2024-05-12 23:00:00,1.09211,1.09226,1.09196,1.09221,609,,4.5779790061773406e-05,5.378553256183314,4.909620623533445,6.052550780825993
2024-05-13 00:00:00,1.09216,1.09226,1.09196,1.09196,609,,-0.00022891991107983796,5.327872768655151,4.915086261076653,6.0410347161910085
2024-05-13 01:00:00,1.09201,1.09246,1.09201,1.09231,1049,,0.0003204732043157516,5.368386787665204,4.922179096998919,6.030074522959975
2024-05-13 02:00:00,1.09231,1.09256,1.09186,1.09201,4489,,-0.00027468502956187366,5.383481659059863,4.915376798313461,6.019246689556209
2024-05-13 03:00:00,1.09206,1.09307,1.09191,1.09256,6380,,0.0005035315980909219,5.464571133598013,4.868160401992508,6.011417290498996
2024-05-13 04:00:00,1.09256,1.09353,1.09241,1.09342,5227,,0.0007868324910285604,5.639287894677512,4.913672463827477,6.01095429625142
2024-05-13 05:00:00,1.09342,1.09393,1.09317,1.09332,5319,,-9.146034743019004e-05,5.426426467622228,4.914350836763584,5.998725936741553
2024-05-13 06:00:00,1.09332,1.09353,1.09272,1.09322,4628,,-9.14687131904664e-05,4.662106441883512,4.916562975900247,5.986571895536854
2024-05-13 07:00:00,1.09322,1.09454,1.09317,1.09398,6639,,0.000694952478591244,2.714048631581846,4.951638545503531,5.983426953747527
2024-05-13 08:00:00,1.09398,1.09504,1.09393,1.09489,13542,,0.0008314793043241258,2.7494400529253693,5.007365361662541,5.9843698866280395
2024-05-13 09:00:00,1.09489,1.09575,1.09474,1.0955,15884,,0.0005569784520288555,2.8207996051370023,5.025563526375727,5.977726817503324
2024-05-13 10:00:00,1.0955,1.0956,1.09464,1.09545,16159,,-4.5642301292623305e-05,2.7607690890171854,5.005223391001431,5.965655432284386
2024-05-13 11:00:00,1.0955,1.0955,1.09393,1.09459,14066,,-0.000785373823496285,3.1835512089662683,5.070165643947667,5.967395750459016
2024-05-13 12:00:00,1.09454,1.09494,1.09439,1.09444,4619,,-0.00013704700276797273,3.1715150046937057,5.074043774042257,5.95589770885976
2024-05-13 13:00:00,1.09439,1.09449,1.09373,1.09423,5920,,-0.00019189736291398037,3.208497301482115,5.080424912554813,5.944907299468503
2024-05-13 14:00:00,1.09418,1.09444,1.09393,1.09398,5989,,-0.0002284972658820404,3.256671680243501,5.082899298242619,5.934337751220576
2024-05-13 15:00:00,1.09403,1.09403,1.09368,1.09388,5240,,-9.14135274374463e-05,3.224261636787528,5.079094333352975,5.929795918752732
2024-05-13 16:00:00,1.09388,1.09408,1.09383,1.09408,1774,,0.00018281869920568072,3.2121850099603764,5.0395428850642885,5.929450231844289
2024-05-13 18:00:00,1.09413,1.09413,1.09383,1.09393,1193,,-0.00013711089093274725,3.228986480391859,5.030751497027651,5.926930388071102
2024-05-13 19:00:00,1.09403,1.09434,1.09393,1.09418,1039,,0.0002285077085590732,3.228929678838837,4.984418625478363,5.926393596840341
2024-05-13 20:00:00,1.09423,1.09423,1.09353,1.09373,1821,,-0.00041135147821002357,3.3456780435681557,5.008356988905442,5.930013322800358
2024-05-13 21:00:00,1.09378,1.09393,1.09342,1.09373,1481,,0.0,3.3040990658885856,5.000755313202635,5.9013213401495115
2024-05-13 22:00:00,1.09373,1.09378,1.09348,1.09373,1737,,0.0,3.2770452117209072,4.938115098498422,5.89892540910584
2024-05-13 23:00:00,1.09368,1.09383,1.09353,1.09378,767,,4.571407674342069e-05,3.218177375951783,3.9227252861609503,5.880270411591902
2024-05-14 00:00:00,1.09378,1.09393,1.09353,1.09353,802,,-0.0002285912843526079,3.163550030200246,3.913405658449673,5.881057234355388
2024-05-14 01:00:00,1.09353,1.09373,1.09342,1.09363,1741,,9.144278431374478e-05,2.860669087446586,3.767300392411737,5.849285288568752
2024-05-14 02:00:00,1.09368,1.09393,1.09332,1.09378,5109,,0.00013714850003892525,2.8625831375750965,3.736850924393863,5.83258608825583
2024-05-14 03:00:00,1.09378,1.09393,1.09358,1.09368,5381,,-9.143024335955755e-05,2.86257832578076,3.7050800354424993,5.831905361689327
2024-05-14 04:00:00,1.09368,1.09373,1.09246,1.09332,11267,,-0.00032921810996934124,2.640497771188139,3.72017975547499,5.83251225140793
2024-05-14 05:00:00,1.09337,1.09439,1.09337,1.09423,7883,,0.0008319810312826787,2.6410190255524597,3.790245740688017,5.825048090188684
2024-05-14 06:00:00,1.09428,1.09489,1.09423,1.09464,5215,,0.0003746225265045989,2.5286208624626303,3.806755522540669,5.8222270123925774
2024-05-14 07:00:00,1.09464,1.09489,1.09423,1.09428,5945,,-0.0003289293379803787,2.578391386997445,3.822305009077233,5.790850423113362
2024-05-14 08:00:00,1.09428,1.09611,1.09145,1.09535,39542,,0.0009773341479340759,2.7982609980503783,3.9369629662688386,5.807149228433826
2024-05-14 09:00:00,1.09535,1.09732,1.09504,1.09697,29262,,0.0014778867089295256,3.7351151786784644,4.184002734592995,5.837267445795604
2024-05-14 10:00:00,1.09697,1.09763,1.09601,1.09752,19765,,0.0005012554274714401,3.7480292984701498,4.197195534638307,5.838283353274853
2024-05-14 11:00:00,1.09747,1.09758,1.09651,1.09687,15272,,-0.0005924197786268099,3.9147658952810667,4.231786217150663,5.84514549447904
2024-05-14 12:00:00,1.09687,1.09707,1.09641,1.09671,7364,,-0.0001458802508079338,3.9257867823247734,4.23175767648829,5.843709931529905
2024-05-14 13:00:00,1.09671,1.09707,1.09661,1.09697,4313,,0.0002370446019631612,3.9292757316739593,4.234544920095688,5.844239241699318
2024-05-14 14:00:00,1.09692,1.09732,1.09692,1.09702,5610,,4.5579059165129446e-05,3.9022120605184343,4.226434847978195,5.840862319487412
2024-05-14 15:00:00,1.09707,1.09722,1.09697,1.09707,4569,,4.55769818089354e-05,3.9021253898712063,4.2259281204514005,5.839280920329895
2024-05-14 16:00:00,1.09702,1.09717,1.09682,1.09707,4665,,0.0,3.783601597271428,4.225695830314765,5.839308087022605
2024-05-14 18:00:00,1.09687,1.09687,1.09661,1.09671,1349,,-0.0003282006429372338,3.8678054315812687,4.228841469728757,5.829322698597455
2024-05-14 19:00:00,1.09671,1.09671,1.09636,1.09641,1141,,-0.0002735828425906365,3.9272396043724753,4.2404726604361125,5.831200912070909
2024-05-14 20:00:00,1.09636,1.09682,1.09631,1.09671,2145,,0.0002735828425905499,3.9330688890872643,4.2438851518796765,5.831698937181146
2024-05-14 21:00:00,1.09666,1.09727,1.09666,1.09722,1394,,0.00046491912612197197,3.9145400773349457,4.258899854108226,5.835450970497294
2024-05-14 22:00:00,1.09727,1.09768,1.09702,1.09752,2509,,0.00027338090331282844,3.9159346222316658,4.2639522936934435,5.829173743503628
2024-05-14 23:00:00,1.09752,1.09778,1.09747,1.09763,1643,,0.00010022094170515091,3.9176729840332074,4.163481890429418,5.824773892784831
2024-05-15 00:00:00,1.09763,1.09763,1.09702,1.09712,1029,,-0.0004647454235602716,4.05023939538926,3.911205456530132,5.830087520766031
2024-05-15 01:00:00,1.09712,1.09778,1.09712,1.09768,1957,,0.0005102970768654048,3.992111197300445,3.209588187073151,5.829984159655572
2024-05-15 02:00:00,1.09773,1.09808,1.09727,1.09803,5688,,0.0003188034876776682,3.829534225560699,3.1396082564367505,5.78474128742073
2024-05-15 03:00:00,1.09803,1.09823,1.09752,1.09763,9643,,-0.00036435514098271597,3.9204263672162307,3.1577696616150455,5.787869052137481
2024-05-15 04:00:00,1.09758,1.09849,1.09742,1.09798,8689,,0.0003188180077194724,3.8366237795822626,3.150724305652877,5.775183829508375
2024-05-15 05:00:00,1.09803,1.09818,1.09747,1.09783,8483,,-0.00013662384289455097,3.5690376557430654,3.155876469124688,5.699340382921619
2024-05-15 06:00:00,1.09783,1.09798,1.09732,1.09747,9084,,-0.0003279734006533781,2.6284832866269556,3.171686758053091,5.69676347755406
2024-05-15 07:00:00,1.09742,1.09798,1.09717,1.09793,9417,,0.00041905803655993795,2.584371245441669,3.188701571953694,5.652084104121908
2024-05-15 08:00:00,1.09798,1.10203,1.09783,1.10117,46320,,0.0029466621293804452,5.548545429764466,4.29080365345477,5.819832086882741
2024-05-15 09:00:00,1.10122,1.10168,1.09818,1.09854,29947,,-0.002391225437158405,7.135391404750348,4.973498194725979,5.9370761842208815
2024-05-15 10:00:00,1.09859,1.10107,1.09839,1.10082,21447,,0.0020733311661148314,7.931405449359041,5.349383643810694,6.019302384240887
2024-05-15 11:00:00,1.10076,1.10254,1.10061,1.10102,19235,,0.0001816662432785658,7.9278569923223134,5.346390897105897,6.018326580983776
2024-05-15 12:00:00,1.10102,1.10244,1.10066,1.10228,9125,,0.0011437390617295726,8.095931613189746,5.44032294023171,6.0347077490795
2024-05-15 13:00:00,1.10228,1.10314,1.10218,1.10304,10430,,0.0006892424048093082,8.120420154682382,5.465534814217993,6.031566916288765
2024-05-15 14:00:00,1.10304,1.10314,1.10238,1.10294,6855,,-9.066265339535247e-05,8.074972685671558,5.45709066635915,6.031853763112313
2024-05-15 15:00:00,1.10294,1.1034,1.10284,1.1033,5057,,0.0003263470911550093,8.010425657056741,5.457263463169053,6.032085521990007
2024-05-15 16:00:00,1.1033,1.1037,1.10324,1.1036,4551,,0.00027187457687059537,8.01045311733539,5.439493057400887,6.027888210010729
2024-05-15 18:00:00,1.1035,1.10395,1.1034,1.1038,1713,,0.00018120866226976396,8.00853429215242,5.429211948384026,6.027762012435739
2024-05-15 19:00:00,1.1039,1.104,1.1037,1.10375,2656,,-4.529908723103087e-05,8.030915962391513,5.396573267522249,6.025992720641987
2024-05-15 20:00:00,1.1038,1.10451,1.1036,1.10436,5344,,0.0005525087205961572,8.036657445896836,5.404938527607577,6.028958388898146
2024-05-15 21:00:00,1.10436,1.10436,1.1034,1.1036,4725,,-0.0006884182956348983,8.113947899441241,5.467123381126379,6.040627822452765
2024-05-15 22:00:00,1.1036,1.10375,1.10309,1.1037,2411,,9.060843570728657e-05,8.111231591245858,5.439824059879518,6.040007846314161
2024-05-15 23:00:00,1.10365,1.1039,1.10355,1.1037,2238,,0.0,8.124494202370066,5.396525951047517,6.036800673809868
2024-05-16 00:00:00,1.10365,1.1037,1.1034,1.10345,1428,,-0.0002265364846693202,8.094393598558366,5.390840730101084,6.025664447512801
2024-05-16 01:00:00,1.10345,1.1035,1.10289,1.10294,3324,,-0.00046229361906363517,8.191076116215305,5.420155104577972,6.023692842030678
2024-05-16 02:00:00,1.10289,1.1033,1.10244,1.10259,9043,,-0.0003173840328067036,8.222475182883898,5.360629651339325,6.026712376307795
2024-05-16 03:00:00,1.10259,1.10319,1.10228,1.10238,10759,,-0.00019047878260023424,8.196939990618537,5.363537633375502,6.027563032992603
2024-05-16 04:00:00,1.10238,1.10259,1.10152,1.10228,10160,,-9.071693600701815e-05,8.206097113933488,5.358456603340074,6.027599352496509
2024-05-16 05:00:00,1.10228,1.10244,1.10178,1.10193,5776,,-0.0003175740995108511,6.514217669169209,5.3651741827561485,6.006056075117673
2024-05-16 06:00:00,1.10188,1.10228,1.10157,1.10218,4595,,0.0002268489331947749,4.767785444136443,5.361791340647192,6.00466293908486
2024-05-16 07:00:00,1.10213,1.10244,1.10112,1.10163,10358,,-0.0004991355982762418,3.390710447633304,5.397974288651097,6.011129067466673
2024-05-16 08:00:00,1.10163,1.10233,1.10097,1.10122,19183,,-0.00037224505048859854,3.4516374719911465,5.414351891560602,6.011950964044501
2024-05-16 09:00:00,1.10127,1.10157,1.10036,1.10046,16248,,-0.0006903819176143106,2.9728107050490897,5.4721460135287625,6.011599363359677
2024-05-16 10:00:00,1.10051,1.10198,1.10031,1.10198,21569,,0.0013802875368449819,3.698304249055367,5.596312104513142,6.045757168807561
2024-05-16 11:00:00,1.10193,1.10249,1.10157,1.10249,13951,,0.00046269625723982516,3.8017602724127917,5.6049711638760265,5.519033343039096
2024-05-16 12:00:00,1.10238,1.10249,1.10193,1.10228,5981,,-0.000190496061389678,3.7576890441665567,5.612860842073685,5.211433938922239
2024-05-16 13:00:00,1.10228,1.10249,1.10173,1.10198,6785,,-0.00027220019585011206,3.730079293154451,5.62679999401513,5.111687651946373
2024-05-16 14:00:00,1.10198,1.10208,1.10152,1.10203,5531,,4.537184496313293e-05,3.70797323190953,5.615890217063928,5.110435033628204
2024-05-16 15:00:00,1.10198,1.10203,1.10163,1.10163,4362,,-0.00036303241370538663,3.7394745293693314,5.637504999750679,5.1145669922708334
2024-05-16 16:00:00,1.10157,1.10168,1.10137,1.10157,1844,,-5.446623095044545e-05,3.548423176601582,5.640240694658448,5.107140732802619
2024-05-16 18:00:00,1.10168,1.10178,1.10147,1.10168,1263,,9.985249072182731e-05,3.4132533951160795,5.636218251872934,5.105488727539964
2024-05-16 19:00:00,1.10168,1.10168,1.10147,1.10168,1120,,0.0,3.4018578235982098,5.618898054205122,5.103723693141089
2024-05-16 20:00:00,1.10168,1.10173,1.10087,1.10117,3322,,-0.0004630365291436846,3.4570198145763587,5.602736524881753,5.1046639997380705
2024-05-16 21:00:00,1.10117,1.10122,1.10061,1.10082,2024,,-0.00031789427104355857,3.4700495332283907,5.6117552809167845,5.1066120729852855
2024-05-16 22:00:00,1.10087,1.10092,1.10031,1.10061,2551,,-0.00019078508118526962,3.4163313835848954,5.6027939667786315,5.107066607326321
2024-05-16 23:00:00,1.10061,1.10102,1.10056,1.10082,1145,,0.00019078508118525701,3.4303814829746546,5.531177055599002,5.107312722788809
2024-05-17 00:00:00,1.10076,1.10082,1.10041,1.10051,1377,,-0.00028164791471435997,3.4433390223659925,5.3556416683782695,5.108522300054343
2024-05-17 01:00:00,1.10046,1.10112,1.10046,1.10097,2333,,0.0004179006910754361,3.5524632764330994,5.349151107879151,5.084173919451215
2024-05-17 02:00:00,1.10102,1.10152,1.10066,1.10117,5687,,0.0001816414946824098,3.543062042140719,5.309823499103313,5.084023034984068
2024-05-17 03:00:00,1.10117,1.10173,1.10061,1.10076,8757,,-0.00037240058016229586,3.555582902931842,5.323906346214822,5.0884031155946685
2024-05-17 04:00:00,1.10071,1.10082,1.09899,1.0993,9645,,-0.0013272367247464814,4.1240120342928925,5.499758290175657,5.132794054904353
2024-05-17 05:00:00,1.0993,1.09955,1.09894,1.09935,5691,,4.548245515085839e-05,4.102041340151526,5.49975810708301,5.132312044346051
2024-05-17 06:00:00,1.0993,1.0993,1.09844,1.09864,7438,,-0.0006460448179424541,4.081887302864126,5.5421134560745635,5.0904449894072235
2024-05-17 07:00:00,1.09869,1.09935,1.09844,1.0992,7530,,0.0005095912460583486,3.2930941785676895,5.563441502706719,5.09464112079425
2024-05-17 08:00:00,1.0992,1.09945,1.09869,1.09909,9570,,-0.00010007778781860817,3.1131936283274513,5.5529921749782645,5.0421962555414135
2024-05-17 09:00:00,1.09914,1.10051,1.09914,1.10041,16913,,0.0012002729333686504,3.9015152424732378,5.664760107854813,5.046337367535302
2024-05-17 10:00:00,1.10041,1.10264,1.10031,1.10254,20525,,0.001933771228358425,5.225615946781895,5.9659354417389485,5.130063148560268
2024-05-17 11:00:00,1.10249,1.10274,1.10142,1.10173,16918,,-0.0007349372231704443,5.389723519042234,6.009764227563055,5.122545887729767
2024-05-17 12:00:00,1.10173,1.10233,1.10157,1.10173,5696,,0.0,5.3516436402056256,6.006471088955726,5.120097855653628
2024-05-17 13:00:00,1.10173,1.10228,1.10173,1.10223,5070,,0.00045372875059234726,5.406493736791573,6.0191404311091645,5.122064384162864
2024-05-17 14:00:00,1.10223,1.10259,1.10208,1.10244,5462,,0.00019050470196014437,5.41251959708348,5.995404662367905,5.11942092247772
2024-05-17 15:00:00,1.10244,1.10254,1.10198,1.10213,5583,,-0.0002812339839907129,5.440246288847174,5.989920381026924,5.122040129653337
2024-05-17 16:00:00,1.10213,1.10218,1.10173,1.10178,2962,,-0.00031761732824150637,5.404872949988705,5.99661849397207,5.125195166921243
2024-05-19 18:00:00,1.10178,1.10218,1.10163,1.10188,1270,,9.075810249183975e-05,5.368293390482819,5.981240184158397,5.119013633308659
2024-05-19 19:00:00,1.10193,1.10228,1.10188,1.10213,1278,,0.00022685922574965353,5.3582477570488685,5.977942295008897,5.11653248066889
2024-05-19 20:00:00,1.10208,1.10254,1.10173,1.10233,2552,,0.00018145033300545705,5.35759697880511,5.975590328819487,5.116903877985643
2024-05-19 21:00:00,1.10233,1.10254,1.10203,1.10238,2060,,4.535743930806463e-05,5.319603834813156,5.961959458688747,5.1149229719547025
2024-05-19 22:00:00,1.10233,1.10238,1.10198,1.10228,1939,,-9.071693600701815e-05,5.291707567837426,5.953712993319981,5.113518567474424
2024-05-19 23:00:00,1.10228,1.10274,1.10213,1.10264,1386,,0.000326542462492062,5.308330678340307,5.185759518710134,5.107739701444194
2024-05-20 00:00:00,1.10264,1.10309,1.10264,1.10289,2307,,0.00022670287964386774,5.252522052894898,4.565847780383216,5.105198806476687
2024-05-20 01:00:00,1.10289,1.10309,1.10279,1.10289,2475,,0.0,4.569965658977328,4.080069435758019,5.093800492837414
2024-05-20 02:00:00,1.10284,1.1033,1.10259,1.10274,6464,,-0.00013601556038962185,4.595651475529736,4.080535381480121,5.0946094104675606
2024-05-20 03:00:00,1.10264,1.10294,1.10178,1.10213,11008,,-0.0005533206180531059,4.546841658909251,3.957899953667565,5.103133454396445
2024-05-20 04:00:00,1.10213,1.10249,1.10198,1.10233,3631,,0.00018145033300545705,4.501789108657606,3.8993568408835055,5.102768440446203
2024-05-20 05:00:00,1.10228,1.10233,1.10152,1.10173,6239,,-0.0005444498015672731,4.642044489054772,3.9353420734568134,4.61402664152266
2024-05-20 06:00:00,1.10173,1.10223,1.10173,1.10188,4756,,0.00013614024281196363,4.201685925470517,3.922880339380106,4.542389030657841
2024-05-20 07:00:00,1.10193,1.10203,1.10082,1.10087,7486,,-0.0009170355880424995,2.8888868313095193,4.012331104735789,4.537096489542955
2024-05-20 08:00:00,1.10087,1.10112,1.10021,1.10061,11805,,-0.0002362047360945977,2.646694810683,4.01049001617668,4.536781597105391
2024-05-20 09:00:00,1.10061,1.10157,1.10061,1.10137,10878,,0.0006902878592702614,2.944385888497757,4.078465047220221,4.540378289374041
2024-05-20 10:00:00,1.10137,1.10183,1.10112,1.10137,10949,,0.0,2.816757937121877,4.034226816663247,4.540078070161354
2024-05-20 11:00:00,1.10132,1.10137,1.10061,1.10092,11433,,-0.00040866553111790617,2.853805503227424,3.998118748068024,4.5447066010188095
2024-05-20 12:00:00,1.10092,1.10147,1.10076,1.10142,3853,,0.0004540625049634677,2.964051636466989,4.026887215064673,4.547453257868953
2024-05-20 13:00:00,1.10142,1.10188,1.10112,1.10122,5931,,-0.00018160026200341318,2.9316233149389177,4.0294207179329655,4.546844286773203
2024-05-20 14:00:00,1.10127,1.10152,1.10092,1.10137,7686,,0.00013620328815779252,2.93841335602193,4.028433420717416,4.546937179961565
2024-05-20 15:00:00,1.10137,1.10137,1.10076,1.10082,4173,,-0.0004995027780851344,3.0122494302465115,4.032683802240105,4.5502655479628
2024-05-20 16:00:00,1.10076,1.10087,1.10046,1.10051,3233,,-0.00028164791471435997,3.001982305289556,4.030250874599047,4.535789264267657
2024-05-20 18:00:00,1.10066,1.10076,1.10041,1.10066,2021,,0.0001362911544605386,3.018441845799414,4.030388334666154,4.5344940068375985
2024-05-20 19:00:00,1.10066,1.10087,1.10061,1.10087,833,,0.00019077641516303666,3.054169483624123,4.035662032099621,4.5298964718341095
2024-05-20 20:00:00,1.10087,1.10102,1.10046,1.10092,2730,,4.541759205774946e-05,2.97791494186394,4.024788713065899,4.529419682137921
2024-05-20 21:00:00,1.10092,1.10092,1.10031,1.10036,1584,,-0.0005087948939531592,3.012777315873777,4.047127745903363,4.5365005228219735
2024-05-20 22:00:00,1.10036,1.10046,1.09985,1.10031,2676,,-4.544070670176924e-05,3.0082971939677594,4.018467012080326,4.535418940089212
2024-05-20 23:00:00,1.10031,1.10046,1.10021,1.10036,791,,4.544070670189461e-05,3.021187315679772,4.002784320662749,4.535127802755796
2024-05-21 00:00:00,1.10036,1.10082,1.10031,1.10066,974,,0.00027260088673235,2.9747283884692983,3.952181430191609,4.536502174297305
2024-05-21 01:00:00,1.10066,1.10092,1.10041,1.10066,1733,,0.0,2.94310672885419,3.6936126195025487,4.52775427364362
2024-05-21 02:00:00,1.10061,1.10112,1.10046,1.10092,4430,,0.00023619400722093084,2.8593075917859654,3.6701975848474935,4.528782818439495
2024-05-21 03:00:00,1.10097,1.10147,1.10071,1.10122,6800,,0.0002724622429600695,2.8951517702314704,3.6780606989705658,4.529294919800669
2024-05-21 04:00:00,1.10122,1.10178,1.10082,1.10147,7545,,0.00022699517505713233,2.4246474054804263,3.6765679285297814,4.53030803150041
2024-05-21 05:00:00,1.10147,1.10228,1.10137,1.10203,6557,,0.0005082822891368158,2.5112445602050575,3.712618222242567,4.486662332108644
2024-05-21 06:00:00,1.10203,1.10213,1.10137,1.10147,4962,,-0.0005082822891368144,2.4238884988471474,3.7300008920091408,4.4937080331627905
2024-05-21 07:00:00,1.10147,1.10178,1.10122,1.10163,7755,,0.0001452498754315074,2.436152002990219,3.7325329447418483,4.486163085108854
2024-05-21 08:00:00,1.10168,1.10188,1.10026,1.10051,10852,,-0.001017192455130187,2.9467883980309355,3.8682008081955663,4.514921848217784
2024-05-21 09:00:00,1.10051,1.10087,1.09904,1.09975,29849,,-0.0006908274751396868,3.0334885657286885,3.9266978016678915,4.523582045359809
2024-05-21 10:00:00,1.09975,1.10097,1.0994,1.10071,14019,,0.0008725448868933972,3.442792740092064,4.0036421318246225,4.542706386316551
2024-05-21 11:00:00,1.10071,1.10092,1.10006,1.10021,10330,,-0.0004543554591731963,3.508320085876003,4.016828293003752,4.548912777561562
2024-05-21 12:00:00,1.10021,1.10046,1.09995,1.10016,5738,,-4.5446902119599045e-05,3.4117695127189296,4.012743018711058,4.533209087028945
2024-05-21 13:00:00,1.10016,1.10021,1.0994,1.10006,4044,,-9.090000097159687e-05,3.382985514935418,4.008487602284248,4.531316277678601
2024-05-21 14:00:00,1.10011,1.10031,1.09975,1.10001,4680,,-4.545309922752555e-05,3.3709229505488483,3.9991744141352226,4.529687355929283
2024-05-21 15:00:00,1.10001,1.10041,1.09985,1.10036,3163,,0.0003181283174664412,3.404524593123496,3.989536213443846,4.531524222725336
2024-05-21 16:00:00,1.10041,1.10046,1.10011,1.10011,1855,,-0.00022722418490205655,3.4200183025858375,3.9906020978495618,4.521340423973573
2024-05-21 18:00:00,1.10031,1.10051,1.10016,1.10051,956,,0.00036353391717377316,3.372896785699676,3.9916388920381065,4.504340627234364
2024-05-21 19:00:00,1.10051,1.10066,1.10011,1.10011,1089,,-0.0003635339171737492,3.433399782300814,3.7755158767942727,4.507193574180767
2024-05-21 20:00:00,1.10011,1.10071,1.10011,1.10051,1091,,0.00036353391717377316,3.493513962481142,3.7918516176899972,4.505046924094013
2024-05-21 21:00:00,1.10046,1.10087,1.10026,1.10076,1503,,0.00022714160559559387,3.4833846448230474,3.7361330891414033,4.503551448747664
2024-05-21 22:00:00,1.10076,1.10107,1.10041,1.10066,2261,,-9.085045113500222e-05,3.4873421691593576,3.7059879465011942,4.489578004938419
2024-05-21 23:00:00,1.10066,1.10066,1.10011,1.10031,1676,,-0.00031804159343410435,3.5010088325793394,3.7197905528366904,4.488036137623438
2024-05-22 00:00:00,1.10031,1.10036,1.10001,1.10011,921,,-0.00018178347820023373,3.4659728428442858,3.523305166310214,4.488957480062581
2024-05-22 01:00:00,1.10006,1.10041,1.09995,1.10031,1721,,0.00018178347820019058,3.4553290697152863,2.9232712528687106,4.488802706154862
2024-05-22 02:00:00,1.10036,1.10112,1.10026,1.10092,10195,,0.0005542356006549096,3.4799134338246733,2.892664500954647,4.491802740608256
2024-05-22 03:00:00,1.10092,1.10112,1.09975,1.10051,9360,,-0.0003724851616815301,3.430699583480706,2.9151333047827537,4.476852889549051
2024-05-22 04:00:00,1.10046,1.10051,1.09935,1.09955,7419,,-0.0008727035271120078,3.6985689398335477,2.9979006700000976,4.49764353486921
2024-05-22 05:00:00,1.09955,1.09975,1.09884,1.09909,6790,,-0.00041844049659066097,3.3535575814650187,3.012092633555276,4.487271004752558
2024-05-22 06:00:00,1.09909,1.09935,1.09839,1.09849,7887,,-0.0005460552197497151,3.276051973542233,3.044428466012177,4.490810634677041
2024-05-22 07:00:00,1.09849,1.09854,1.09687,1.09742,14538,,-0.0009745391065060692,3.180436990419987,3.171285757059054,4.515711972383122
2024-05-22 08:00:00,1.09742,1.09839,1.09732,1.09793,16919,,0.00046461840633570757,3.2994616902237492,3.212189201912875,4.489566336021436
2024-05-22 09:00:00,1.09793,1.09884,1.09793,1.09823,13836,,0.0002732041398312525,3.3632904831558452,3.2167633597709555,4.488862932567698
2024-05-22 10:00:00,1.09828,1.09874,1.09788,1.09808,14513,,-0.0001365927398530336,3.364363341584131,3.2082223024199026,4.445082545540365
2024-05-22 11:00:00,1.09808,1.09894,1.09803,1.09828,14202,,0.00018211950732368614,3.3970871918072936,3.2159467005077444,4.437997575939805
2024-05-22 12:00:00,1.09839,1.0992,1.09828,1.09894,8092,,0.0006007591591649605,3.534936307064633,3.2838563672819987,4.440759330522621
2024-05-22 13:00:00,1.09894,1.0994,1.09813,1.09844,4717,,-0.0004550874301480054,3.590089939589172,3.2856079748310987,4.446759460929365
2024-05-22 14:00:00,1.09854,1.09859,1.09641,1.09682,16554,,-0.0014759074497518053,4.239565570783341,3.5642575345276253,4.501612313779925
2024-05-22 15:00:00,1.09687,1.09692,1.09641,1.09682,6315,,0.0,4.233303841306491,3.5642575345276253,4.5012065275172155
2024-05-22 16:00:00,1.09677,1.09707,1.09671,1.09687,3462,,4.558529236917005e-05,4.1457909894394644,3.5666202836198058,4.500048330544403
2024-05-22 18:00:00,1.09717,1.09717,1.09687,1.09702,1684,,0.00013674341032028758,4.121436702217776,3.5417253163820566,4.486191734188378
2024-05-22 19:00:00,1.09707,1.09722,1.09692,1.09707,935,,4.55769818089354e-05,4.136595021079521,3.534162718396189,4.48619143028122
2024-05-22 20:00:00,1.09702,1.09742,1.09702,1.09707,1879,,0.0,4.13570865494219,3.502907900338558,4.486205095171342
2024-05-22 21:00:00,1.09707,1.09752,1.09697,1.09732,1670,,0.00022785375533209852,4.185926379078347,3.50966149756613,4.487254972827719
2024-05-22 22:00:00,1.09727,1.09742,1.09671,1.09737,1823,,4.5564521648540186e-05,4.160569645509495,3.4027007181949043,4.48710832233338
2024-05-22 23:00:00,1.09742,1.09768,1.09727,1.09758,1362,,0.0001913483228692224,4.014856914645713,3.406187131272466,4.485364665020929
2024-05-23 00:00:00,1.09758,1.09783,1.09722,1.09722,1424,,-0.00032804811666521547,4.007823596426265,3.333216536326042,4.480824236219328
2024-05-23 01:00:00,1.09717,1.09737,1.09687,1.09692,1753,,-0.00027345566086910063,3.79345530761752,3.339226600214904,4.4780485299992545
2024-05-23 02:00:00,1.09692,1.09732,1.09671,1.09722,5119,,0.0002734556608690774,3.810802826833525,3.3380092451689922,4.467476330447933
2024-05-23 03:00:00,1.09727,1.09808,1.09575,1.09747,24273,,0.00022782260918964385,3.749993564328006,3.31017630799889,4.466679553386998
2024-05-23 04:00:00,1.09742,1.09904,1.09732,1.09844,11635,,0.0008834606728788407,3.6774683458658712,3.4401905728927193,4.48395867146925
2024-05-23 05:00:00,1.09844,1.09935,1.09788,1.09914,11622,,0.0006370644287575035,3.751370858530281,3.502984330203248,4.491598959855499
2024-05-23 06:00:00,1.09914,1.0994,1.09894,1.09909,4995,,-4.5491145156528665e-05,3.7332763340047377,3.4706166187882777,4.491410834655129
2024-05-23 07:00:00,1.09904,1.09985,1.09889,1.09965,5966,,0.0005093826574390375,3.8048032118803046,3.5016659601650715,4.497046494654659
2024-05-23 08:00:00,1.0996,1.10051,1.09909,1.09985,13731,,0.0001818595140270053,3.80477916369893,3.5039559833155813,4.493574472104314
2024-05-23 09:00:00,1.09985,1.10071,1.09737,1.09793,38322,,-0.0017472180913861506,4.820287340968416,3.9059992029710653,4.56040876592427
2024-05-23 10:00:00,1.09798,1.09879,1.09682,1.09697,25520,,-0.0008747551699082529,4.986060797803717,3.9925630011270155,4.5796403180803695
2024-05-23 11:00:00,1.09702,1.09758,1.09656,1.09717,9861,,0.00018230377328152343,4.27807608838299,3.9731575216678667,4.579629980773168
2024-05-23 12:00:00,1.09712,1.09763,1.09631,1.09631,8320,,-0.000784142134021239,4.4989961148863875,4.0412328349528615,4.596980211093089
2024-05-23 13:00:00,1.09636,1.09656,1.09535,1.09565,8417,,-0.000602200788285768,4.607170685409652,4.07595727493812,4.604914258950387
2024-05-23 14:00:00,1.09565,1.0959,1.09494,1.09499,9458,,-0.0006025636526034596,4.687575384962614,4.09488482544306,4.614457710578039
2024-05-23 15:00:00,1.09499,1.09565,1.09494,1.09555,7009,,0.0005112894648803127,4.799889246718241,4.13785223144383,4.620158586678856
2024-05-23 16:00:00,1.09545,1.09611,1.0954,1.09606,2409,,0.00046541128139213387,4.888697237408062,4.16199769191658,4.621121050549501
2024-05-23 18:00:00,1.09596,1.09596,1.0957,1.09585,1395,,-0.00019161370735345913,4.868263036089023,4.148484986398956,4.618151475589647
2024-05-23 19:00:00,1.0958,1.09601,1.09565,1.09565,787,,-0.00018252338631556184,4.867629303800731,4.13763107253488,4.619235465200271
2024-05-23 20:00:00,1.09565,1.0958,1.09525,1.09555,2373,,-9.127418772314192e-05,4.842515340661483,4.092557039765681,4.6195558589484795
2024-05-23 21:00:00,1.09555,1.0959,1.0953,1.09555,2473,,0.0,4.825306315336631,4.072125059165147,4.618464594252942
2024-05-23 22:00:00,1.0956,1.0956,1.09525,1.0954,1402,,-0.0001369269040685554,4.813362827740483,4.065276566339154,4.6180181347497085
2024-05-23 23:00:00,1.09535,1.0954,1.09504,1.09515,1117,,-0.0002282531794163687,4.778572860421627,3.957460797918776,4.6107398554188554
2024-05-24 00:00:00,1.09509,1.09555,1.09509,1.09545,1097,,0.00027389756402394956,4.7891231403727055,3.9235476430795106,4.609864779144739
2024-05-24 01:00:00,1.0954,1.09565,1.09525,1.0956,1837,,0.0001369206546945852,4.470393279145817,3.8112061568898286,4.599907879417274
2024-05-24 02:00:00,1.09555,1.09631,1.09535,1.0958,7940,,0.00018253171539252266,4.288488861918175,3.800284665679072,4.5994640127160205
2024-05-24 03:00:00,1.0958,1.09707,1.0958,1.09692,6237,,0.0010215623494121491,4.749626488136914,3.954338992325807,4.622377233540828
2024-05-24 04:00:00,1.09692,1.09732,1.09646,1.09697,7364,,4.558113671027053e-05,4.627485144356537,3.9552361080111926,4.608331798897456
2024-05-24 05:00:00,1.09697,1.09768,1.09692,1.09737,6368,,0.00036457431795468086,4.676327214302368,3.9767525552270153,4.3677265016829985
2024-05-24 06:00:00,1.09737,1.09899,1.09727,1.09859,8357,,0.0011111314646159297,4.1029402467766545,4.126834746404729,4.3962817487343635
2024-05-24 07:00:00,1.09859,1.09889,1.09798,1.09864,8288,,4.5511849017761435e-05,3.7542164536134752,4.1223408609195955,4.365878348735331
2024-05-24 08:00:00,1.09869,1.09995,1.09828,1.0997,19616,,0.0009643640948622068,4.058650235671825,4.222893877981556,4.383685627966393
2024-05-24 09:00:00,1.0997,1.09995,1.09874,1.09884,15748,,-0.0007823374092475524,4.057378347536116,4.279162590536086,4.3951358659845345
2024-05-24 10:00:00,1.09894,1.0996,1.09874,1.09914,15466,,0.0002729779177816777,3.844619238857356,4.2718183908159695,4.396735541551617
2024-05-24 11:00:00,1.0992,1.10021,1.09909,1.0997,9931,,0.0005093594914659772,3.6233684545069367,4.29792409077375,4.399094128739346
2024-05-24 12:00:00,1.09965,1.10036,1.0992,1.0993,6239,,-0.00036380173207063384,3.713717042474096,4.3115083110630374,4.403081948960033
2024-05-24 13:00:00,1.09925,1.09985,1.0992,1.09975,3246,,0.0004092676440111866,3.700803078741519,4.3218985143411395,4.407076548926192
2024-05-24 14:00:00,1.0998,1.09995,1.09935,1.0995,5271,,-0.00022735023401332602,3.7123620376834574,4.3240130912906425,4.407520293558065
2024-05-24 15:00:00,1.09955,1.0996,1.09935,1.09945,4778,,-4.547625003615766e-05,3.678874753112904,4.319739070574156,4.405072275660283
2024-05-24 16:00:00,1.09945,1.0995,1.09914,1.09935,2217,,-9.095870481076016e-05,3.678802622855728,4.281284190806681,4.403684855643942
2024-05-26 18:00:00,1.09935,1.09965,1.09909,1.09955,1130,,0.00018190913688805258,3.6651271230407336,4.2711676092172715,4.401100397545115
2024-05-26 19:00:00,1.09955,1.0996,1.09914,1.0992,1090,,-0.00031836270877203833,3.7284511650582197,4.1925331317801815,4.403539743869418
2024-05-26 20:00:00,1.09925,1.09945,1.0992,1.0994,1607,,0.00018193395847501147,3.655396510361427,4.175182941201442,4.403813224413218
2024-05-26 21:00:00,1.0994,1.09965,1.0994,1.0995,1104,,9.095456825580324e-05,3.6564576982070696,4.13786247233438,4.402629947067167
2024-05-26 22:00:00,1.0995,1.09975,1.09935,1.0995,688,,0.0,3.669858496097204,4.012670796944766,4.402302500566777
2024-05-26 23:00:00,1.09955,1.0996,1.09925,1.09935,705,,-0.00013643495484693142,3.7102085059615804,3.9914959954027522,4.402608109878718
2024-05-27 00:00:00,1.09945,1.0995,1.09925,1.0994,519,,4.548038659102673e-05,3.3620860694278156,3.9833175965656635,4.398457747179499
2024-05-27 01:00:00,1.09935,1.09945,1.09925,1.0994,703,,0.0,3.3659241039047245,3.9802518826203315,4.398342803791851
2024-05-27 02:00:00,1.09945,1.09965,1.09894,1.0996,2620,,0.00018190086453071064,3.336920245725576,3.9802427610294178,4.398673895744045
2024-05-27 03:00:00,1.09965,1.0998,1.09925,1.0996,3013,,0.0,2.779673794157842,3.935842773459823,4.397971206474903
2024-05-27 04:00:00,1.0996,1.09985,1.09899,1.09945,4282,,-0.00013642254631094638,2.7977106839994597,3.9101616526803586,4.398555000743784
2024-05-27 05:00:00,1.09945,1.10122,1.09945,1.10122,5272,,0.0016086013638307876,3.589762280972148,3.9305869136299694,4.446759834312566
2024-05-27 06:00:00,1.10122,1.10127,1.0999,1.10082,6320,,-0.000363299489927255,3.3385751274698574,3.953764696647805,4.3854108649829255
2024-05-27 07:00:00,1.10076,1.10092,1.10016,1.10026,4180,,-0.0005088411253409573,3.476177328630477,3.9949030928709703,4.256632755347982
2024-05-27 08:00:00,1.10031,1.10066,1.09859,1.0994,15558,,-0.0007819390667822396,3.6547861934342887,4.080355074746945,4.258976138309977
2024-05-27 09:00:00,1.09945,1.10041,1.09894,1.10001,5310,,0.0005546942276707048,3.7230467531996942,4.113446622468617,4.263463072304966
2024-05-27 10:00:00,1.10006,1.10051,1.0994,1.10036,5632,,0.0003181283174664412,3.696952913057842,4.1223011117075865,4.263854997554615
2024-05-27 11:00:00,1.10041,1.10051,1.10011,1.10046,3313,,9.087521929894334e-05,3.6683686852614956,4.118532139278319,4.263804075976382
2024-05-27 12:00:00,1.10051,1.10076,1.10046,1.10056,2269,,9.086696174397758e-05,3.665486677303665,4.118760061778042,4.262617310073925
2024-05-27 13:00:00,1.10051,1.10066,1.10026,1.10026,760,,-0.00027262565939796746,3.701235526038533,4.128581152521571,4.265198884157365
2024-05-27 14:00:00,1.10026,1.10041,1.10021,1.10026,395,,0.0,3.6927571568239363,4.111653200476071,4.26511240677451
2024-05-27 15:00:00,1.10031,1.10051,1.10026,1.10051,363,,0.0002271932106265955,3.649474241737822,4.102479247835795,4.264313061640286
2024-05-27 16:00:00,1.10056,1.10061,1.10036,1.10036,703,,-0.00013630973227167595,3.6574556748275673,4.100683987716867,4.264681714326806
2024-05-27 18:00:00,1.10031,1.10051,1.10031,1.10041,1373,,4.5438641937878675e-05,3.6564377303073563,4.096554801479023,4.264520582757431
2024-05-27 19:00:00,1.10046,1.10066,1.10036,1.10061,1049,,0.00018173392386295738,3.663543709258464,4.008898870062734,4.2640517212753295
2024-05-27 20:00:00,1.10066,1.10137,1.10061,1.10102,4126,,0.00037245132446383193,3.6877093036339925,3.9766928938566823,4.267355856742887
2024-05-27 21:00:00,1.10097,1.10188,1.10092,1.10178,3215,,0.000690030897181461,3.838059077623939,4.030863230460715,4.277625791315135
2024-05-27 22:00:00,1.10173,1.10223,1.10168,1.10213,2932,,0.00031761732824153147,3.8493023809096756,4.012565210641215,4.2775798603536295
2024-05-27 23:00:00,1.10213,1.10238,1.10193,1.10238,1760,,0.00022680777231372107,3.8522433886020067,4.014475662861252,4.275849837737003
2024-05-28 00:00:00,1.10238,1.10264,1.10208,1.10213,6516,,-0.00022680777231367646,3.8958484682454033,3.5889463934983246,4.271615343313341
2024-05-28 01:00:00,1.10218,1.10233,1.10178,1.10203,2788,,-9.07375145801981e-05,3.8872674123931636,3.462917628271934,4.255871857421493
2024-05-28 02:00:00,1.10198,1.10259,1.10193,1.10203,5376,,0.0,2.768112058284902,3.46205572919355,4.255468411726867
2024-05-28 03:00:00,1.10208,1.10244,1.10168,1.10228,9557,,0.0002268283508869332,2.6856174086695996,3.3523317273380786,4.256109738828617
2024-05-28 04:00:00,1.10223,1.10254,1.10122,1.10152,9627,,-0.0006897177875743551,2.8237787181912033,3.371963585275718,4.258292268907639
2024-05-28 05:00:00,1.10152,1.10228,1.10127,1.10223,7365,,0.000644356233298473,2.550622537630085,3.342055702044665,4.25069863184106
2024-05-28 06:00:00,1.10218,1.10254,1.10208,1.10233,6249,,9.07210509748662e-05,2.4285560406471443,3.3168481158047505,4.242750183433574
2024-05-28 07:00:00,1.10238,1.10345,1.10233,1.10294,11392,,0.000553220254714979,2.526556060127683,3.32784122065687,4.250550529689618
2024-05-28 08:00:00,1.10294,1.10299,1.10203,1.10218,11971,,-0.0006893049177299675,2.8903940800431447,3.409711310154691,4.246349983508333
2024-05-28 09:00:00,1.10218,1.10254,1.10087,1.10097,18602,,-0.0010984273623309282,3.5404566164871865,3.6048180510787002,4.281588035957758
2024-05-28 10:00:00,1.10097,1.10223,1.10026,1.10203,21610,,0.0009623241777600493,3.854466901113123,3.7070371147939087,4.305037683714814
2024-05-28 11:00:00,1.10198,1.10249,1.10163,1.10238,11273,,0.00031754528689378935,3.872901090486162,3.712112174536946,4.305500389342044
2024-05-28 12:00:00,1.10238,1.10238,1.10157,1.10203,6202,,-0.0003175452868938567,3.9297061309299615,3.728501180993892,4.308492452487556
2024-05-28 13:00:00,1.10198,1.10208,1.10097,1.10102,7078,,-0.0009169107108426975,4.2785022358678,3.8527939695990776,4.332883725599576
2024-05-28 14:00:00,1.10102,1.10102,1.10001,1.10031,9840,,-0.0006450645969663261,4.436153545364967,3.917536850384912,4.344695020158067
2024-05-28 15:00:00,1.10031,1.10066,1.10006,1.10061,5380,,0.0002726132725024827,4.451090634399852,3.922144873490775,4.345255227080549
2024-05-28 16:00:00,1.10056,1.10066,1.10006,1.10011,2127,,-0.00045439675070279667,4.463079038364693,3.9563980970542487,4.34635283499869
2024-05-28 18:00:00,1.10031,1.10066,1.09985,1.10006,1463,,-4.545103333698383e-05,4.257973841428434,3.835245085213161,4.346469418313629
2024-05-28 19:00:00,1.10011,1.10011,1.09955,1.0996,1752,,-0.0004182464623676343,4.232483087226825,3.8636667750511693,4.35187379337176
2024-05-28 20:00:00,1.0996,1.09965,1.0992,1.09955,3198,,-4.5472114233683217e-05,4.188766115568756,3.8502559545285324,4.351981214001146
2024-05-28 21:00:00,1.09955,1.10016,1.0994,1.09965,3532,,9.094216084831146e-05,4.201459420453851,3.6903612247407827,4.350366797748073
2024-05-28 22:00:00,1.0996,1.09985,1.09904,1.09909,1936,,-0.0005093826574390863,4.257216687047453,3.727686577919662,4.358078527644978
2024-05-28 23:00:00,1.09904,1.09925,1.09904,1.09914,1629,,4.549114515663428e-05,4.262491619961571,3.5976206375096744,4.357712839746902
2024-05-29 00:00:00,1.09914,1.0993,1.09884,1.09925,1478,,0.00010007323549680726,4.234197629282339,3.5110952827650683,4.357546156656002
2024-05-29 01:00:00,1.09925,1.09935,1.09884,1.09889,2280,,-0.0003275496585466261,4.129424010117575,3.516088390458848,4.35751372669505
2024-05-29 02:00:00,1.09894,1.10001,1.09894,1.09965,7632,,0.0006913679353324346,4.157817758033448,3.5479220570596,4.351697033058574
2024-05-29 03:00:00,1.0997,1.10036,1.09955,1.09965,10457,,0.0,4.146355763077803,3.528510057748308,4.348176582943912
2024-05-29 04:00:00,1.09965,1.09965,1.09737,1.09813,22939,,-0.0013832141910008612,4.495676064075599,3.768893927511177,4.399244809923868
2024-05-29 05:00:00,1.09813,1.10011,1.09808,1.0996,10890,,0.0013377441443860481,5.153759246381073,4.002875532234358,4.421926310525772
2024-05-29 06:00:00,1.0996,1.0997,1.09854,1.09914,9487,,-0.0004184214656677707,4.869455597802819,4.024815959479244,4.367633361745666
2024-05-29 07:00:00,1.09909,1.0996,1.09793,1.0994,8706,,0.000236520601137106,4.5247837888000255,4.031045902316769,4.362307797546662
2024-05-29 08:00:00,1.09945,1.10031,1.09909,1.09909,15397,,-0.0002820117462937128,4.460116107105713,4.036580188057607,4.354615390998466
2024-05-29 09:00:00,1.09909,1.09914,1.09763,1.09828,26051,,-0.000737245012618037,4.568857512506783,4.091241865150141,4.369383104265392
2024-05-29 10:00:00,1.09828,1.09864,1.0955,1.0959,37751,,-0.002169376198301593,5.618740306119138,4.622428760836867,4.496889831763776
2024-05-29 11:00:00,1.09585,1.09611,1.09525,1.0955,24694,,-0.0003650634338254573,5.574305877236026,4.630523080529128,4.500326823009891
2024-05-29 12:00:00,1.0955,1.09611,1.09509,1.09596,11810,,0.00041981145606683905,5.6213125013582,4.655284865201308,4.505121172249945
2024-05-29 13:00:00,1.0959,1.09601,1.09509,1.0957,7463,,-0.0002372630802403807,5.604126049114057,4.658220429516705,4.506580595290103
2024-05-29 14:00:00,1.0957,1.0959,1.09484,1.09499,7482,,-0.0006481976225384971,5.648769643138607,4.694736301334964,4.514895606263719
2024-05-29 15:00:00,1.09494,1.09499,1.09434,1.09454,9973,,-0.00041104712548889895,5.648023719875071,4.706846880507808,4.517377976366403
2024-05-29 16:00:00,1.09454,1.09469,1.09434,1.09449,4141,,-4.568233419258935e-05,5.648001796447912,4.699711847451201,4.515293212696188
2024-05-29 18:00:00,1.09464,1.09464,1.09418,1.09428,2010,,-0.00019188859555311938,5.618079112024683,4.700411272918304,4.510134165692897
2024-05-29 19:00:00,1.09434,1.09444,1.09413,1.09434,1528,,5.48290703870015e-05,5.619161003142723,4.702014314716545,4.50807070854391
2024-05-29 20:00:00,1.09428,1.09428,1.09373,1.09383,3907,,-0.0004661429498026466,5.613645376371917,4.3903719299113275,4.51326208084651
2024-05-29 21:00:00,1.09383,1.09464,1.09378,1.09403,3315,,0.00018282705525671496,5.63151958142364,4.392594587034063,4.5087856611949135
2024-05-29 22:00:00,1.09403,1.09418,1.09358,1.09393,2289,,-9.140934941186899e-05,5.634537615588973,4.373020969126545,4.501586225086205
2024-05-29 23:00:00,1.09398,1.09408,1.09383,1.09398,1276,,4.570571916446353e-05,5.40712799141321,4.318582599600322,4.498689923192094
2024-05-30 00:00:00,1.09403,1.09408,1.09337,1.09378,2887,,-0.00018283541207185784,5.388623063550243,4.270266803135223,4.496149126561314
2024-05-30 01:00:00,1.09378,1.09378,1.09302,1.09317,3484,,-0.000557854560753033,5.023481184385946,4.274029571008518,4.50105812531147
2024-05-30 02:00:00,1.09317,1.09383,1.09312,1.09373,9598,,0.0005121404840094824,4.367564931046129,4.314981308767604,4.5081951696255
2024-05-30 03:00:00,1.09373,1.09535,1.09348,1.09504,20013,,0.0011970194734212151,5.041468514410495,4.504481513724888,4.5447280651277095
2024-05-30 04:00:00,1.09504,1.09606,1.09454,1.0957,11323,,0.0006025361475735487,5.17765071277467,4.5523180836033,4.549817402566715
2024-05-30 05:00:00,1.09575,1.09606,1.09535,1.09555,7414,,-0.00013690815765809747,5.173676744893152,4.552259356210884,4.309870951541535
2024-05-30 06:00:00,1.0955,1.09626,1.09509,1.09601,9614,,0.00041979230023835723,5.1548845526951705,4.569288633134548,4.153217866518311
2024-05-30 07:00:00,1.09596,1.09641,1.0956,1.09611,6944,,9.123588131071081e-05,3.5063163207361385,4.571526891415168,4.024229689510975
2024-05-30 08:00:00,1.09606,1.09752,1.09555,1.09712,21967,,0.0009210161008158482,3.7720715236046747,4.676427217374524,4.049453707407622
2024-05-30 09:00:00,1.09717,1.09763,1.09682,1.09717,18213,,4.5572827664942635e-05,3.718584347432551,4.6715090743411185,4.009002391238641
2024-05-30 10:00:00,1.09722,1.09874,1.09707,1.09833,25123,,0.0010567069988074238,4.059815174634798,4.784415304499679,4.028786402800948
2024-05-30 11:00:00,1.09833,1.09879,1.09788,1.09793,18280,,-0.00036425560218070874,3.916311191701545,4.736184272116337,4.032245417874496
2024-05-30 12:00:00,1.09793,1.09849,1.09783,1.09828,8303,,0.0003187309073019551,3.796761793100979,4.736275016527261,4.032089079133969
2024-05-30 13:00:00,1.09828,1.09859,1.09813,1.09818,5861,,-9.10556077225217e-05,3.8057967219054682,4.727402512257369,4.029697088119067
2024-05-30 14:00:00,1.09818,1.09823,1.09778,1.09793,7803,,-0.00022767529957954142,3.8170696037036036,4.727433290196046,4.0297641817087255
2024-05-30 15:00:00,1.09793,1.09793,1.09697,1.09727,13685,,-0.0006013119714711715,4.042076568512611,4.758126472585749,4.039834580817097
2024-05-30 16:00:00,1.09722,1.09752,1.09712,1.09742,2365,,0.0001366935651356502,3.8904069565314394,4.7622284923054545,4.030599190913957
2024-05-30 18:00:00,1.09747,1.09763,1.09742,1.09752,895,,9.111866389886796e-05,3.8922500156535986,4.7555058637103755,4.017660254830256
2024-05-30 19:00:00,1.09758,1.09758,1.09732,1.09732,969,,-0.00018224563116543495,3.914015233479301,4.715069592946061,4.01804252340378
2024-05-30 20:00:00,1.09732,1.09752,1.09717,1.09737,2817,,4.5564521648540186e-05,3.9140277579145093,4.6609130894182345,4.0181688938495554
2024-05-30 21:00:00,1.09742,1.09758,1.09621,1.09626,3871,,-0.0010120212567636562,4.379561621645014,4.751659556578777,4.046307500084328
2024-05-30 22:00:00,1.09621,1.09646,1.09525,1.09525,5428,,-0.0009217389576212081,4.597350658844165,4.777028127537644,4.064605115935047
2024-05-30 23:00:00,1.0953,1.09621,1.0953,1.09611,3256,,0.0007849007412305006,4.699456232112909,4.824911840716664,4.081665258563691
2024-05-31 00:00:00,1.09616,1.09616,1.0957,1.09606,1207,,-4.561690015692857e-05,4.25964121007139,4.714321580954266,4.080848305016001
2024-05-31 01:00:00,1.09601,1.09631,1.0959,1.09611,2318,,4.561690015702148e-05,4.136569719495752,4.59600916688066,4.080849729153241
2024-05-31 02:00:00,1.09616,1.09671,1.09565,1.09656,7649,,0.00041045848788723007,4.18030625396523,4.605387212020537,4.083770975944691
2024-05-31 03:00:00,1.09656,1.09671,1.0958,1.09646,9336,,-9.119843874589215e-05,4.129020358971899,4.599436701629405,4.082105937448616
2024-05-31 04:00:00,1.09646,1.09808,1.09641,1.09768,12083,,0.0011120531285398667,4.545279164904482,4.673505235835753,4.113054641394396
2024-05-31 05:00:00,1.09768,1.09899,1.09763,1.09894,14304,,0.001147217213893472,4.6944177150648825,4.784914489532927,4.148686019484141
2024-05-31 06:00:00,1.09899,1.0994,1.09869,1.0992,6759,,0.00023656364127174192,4.701330529076436,4.782785141674282,4.1367037640087725
2024-05-31 07:00:00,1.0992,1.09975,1.09904,1.0995,10622,,0.00027288852673086346,4.375907599128167,4.771009784688548,4.082155506365442
2024-05-31 08:00:00,1.09955,1.10254,1.09914,1.10228,39430,,0.0025252309288755948,6.059410548851293,5.406753605114745,4.262130784059273
2024-05-31 09:00:00,1.10233,1.10238,1.10082,1.10112,32843,,-0.001052918314575719,6.430323956849465,5.49790432626761,4.2924563251926475
2024-05-31 10:00:00,1.10112,1.10203,1.0993,1.0998,43956,,-0.0011994985354012587,6.8277556559489625,5.633066539375661,4.33058006472359
2024-05-31 11:00:00,1.09975,1.10011,1.09839,1.09884,24017,,-0.0008732671660733345,7.008373456035674,5.700551915217118,4.351355770579162
2024-05-31 12:00:00,1.09879,1.09945,1.09818,1.09899,10363,,0.00013649827350864846,6.909734915970233,5.679660818707717,4.34849199150495
2024-05-31 13:00:00,1.09899,1.0995,1.09874,1.09894,5793,,-4.54973543366225e-05,6.912098190427786,5.679623514427239,4.348471751048014
2024-05-31 14:00:00,1.09894,1.09909,1.09833,1.09849,6709,,-0.0004095693662965585,6.961704830029541,5.693171862068137,4.352575200781151
2024-05-31 15:00:00,1.09849,1.09935,1.09823,1.0993,9341,,0.0007371041243015024,7.049542078828587,5.732797939515781,4.368123714036559
2024-05-31 16:00:00,1.0993,1.09945,1.09879,1.09914,4098,,-0.0001455577593952898,7.061213672858653,5.691696736494089,4.362890158475506
2024-06-02 18:00:00,1.09925,1.09965,1.09894,1.09935,2216,,0.00019104021454611575,6.772681801391229,5.695193433161317,4.361273033326083
2024-06-02 19:00:00,1.09935,1.0995,1.0992,1.09945,1068,,9.0958704810781e-05,6.490035939139018,5.5189717571098456,4.360564810660711
2024-06-02 20:00:00,1.09945,1.09995,1.0993,1.09985,2820,,0.00036375210695269937,6.40824225295335,5.365072902732793,4.3632726441022545
2024-06-02 21:00:00,1.09985,1.10006,1.09965,1.09995,2520,,9.09173561858207e-05,6.397987997803235,5.348329052782409,4.361352052724999
2024-06-02 22:00:00,1.10001,1.10001,1.0994,1.0996,2614,,-0.000318246916827593,6.452851098675223,5.353485438324311,4.359164903653884
2024-06-02 23:00:00,1.0996,1.09985,1.09909,1.09914,1630,,-0.0004184214656677707,6.510736934416203,5.362674605422197,4.362915049529568
2024-06-03 00:00:00,1.09914,1.09965,1.09909,1.09945,1598,,0.0002819989193568237,6.5049993124369445,5.3163238861180675,4.361489288699431
2024-06-03 01:00:00,1.09935,1.0996,1.09899,1.0994,2009,,-4.5478318219688346e-05,6.259014717771372,4.825643405434892,4.312376769421676
2024-06-03 02:00:00,1.09945,1.10006,1.09879,1.0998,9383,,0.00036376864715444054,5.974937826340848,4.816366101523261,4.316025663072991
2024-06-03 03:00:00,1.09985,1.10006,1.09818,1.09818,10714,,-0.0014740810137887227,6.5114280420844315,5.043448605942578,4.36514328936671
2024-06-03 04:00:00,1.09813,1.09839,1.09747,1.09818,11501,,0.0,6.486073985353872,5.03600047336571,4.357835940505698
2024-06-03 05:00:00,1.09818,1.09828,1.09737,1.09763,7578,,-0.0005009541003110001,4.467097142643349,5.01757969000671,4.364444632001555
2024-06-03 06:00:00,1.09763,1.09808,1.09692,1.09788,9139,,0.00022773751982945904,4.248927467227382,4.99965407826641,4.325230684884861
2024-06-03 07:00:00,1.09788,1.09864,1.09788,1.09849,11289,,0.0005554619810725002,3.951148942397966,5.024133785028598,4.226850516650196
2024-06-03 08:00:00,1.09854,1.0992,1.09823,1.09859,12527,,9.10299124920051e-05,3.6644688769911844,5.017572744323994,4.2121642794240755
2024-06-03 09:00:00,1.09864,1.09955,1.09864,1.09935,11515,,0.0006915566669601782,3.8577893880587864,5.056753075481902,4.226329572028937
2024-06-03 10:00:00,1.0994,1.10254,1.0994,1.10122,49671,,0.0016995600686416155,4.837759118593512,5.281177017090306,4.303159097118526
2024-06-03 11:00:00,1.10122,1.1033,1.10117,1.10324,20191,,0.001832648871256055,5.592983741023916,5.556377548255533,4.395957749729846
2024-06-03 12:00:00,1.10319,1.1033,1.10233,1.10279,13152,,-0.00040797269868647775,5.607658513843107,5.578920164555453,4.398388790483714
2024-06-03 13:00:00,1.10274,1.10314,1.10238,1.10304,6854,,0.0002266720473204139,5.580709828800764,5.578928052904832,4.396917067538411
2024-06-03 14:00:00,1.10304,1.10405,1.10294,1.104,16503,,0.0008699435085400354,5.709498697905658,5.616968166783994,4.41728189975417
2024-06-03 15:00:00,1.104,1.10431,1.10385,1.10426,7687,,0.00023547951889837964,5.705352789468607,5.5700358632357645,4.417387820471961
2024-06-03 16:00:00,1.10426,1.10481,1.10421,1.10476,4695,,0.0004526894356217668,5.714660360175659,5.566591827331802,4.421990984358313
2024-06-03 18:00:00,1.10476,1.10522,1.10456,1.10492,3476,,0.0001448173493714221,5.711471140956312,5.466396669805748,4.422461229480384
2024-06-03 19:00:00,1.10492,1.10517,1.10481,1.10497,2367,,4.5251121104233464e-05,5.635810948257262,5.447675298762804,4.422220684227261
2024-06-03 20:00:00,1.10497,1.10588,1.10497,1.10552,6211,,0.0004976272331926146,5.517174272132289,5.451812028856038,4.4259965494239895
2024-06-03 21:00:00,1.10552,1.10557,1.10492,1.10502,3205,,-0.0004523781596596967,5.666094746835405,5.477989894974552,4.4305375553937445
2024-06-03 22:00:00,1.10502,1.10507,1.10471,1.10502,2408,,0.0,5.659024806633959,5.479527489084375,4.4305375553937445
2024-06-03 23:00:00,1.10502,1.10522,1.10492,1.10502,2370,,0.0,5.672097905000776,5.4218043592467176,4.429970831134775
2024-06-04 00:00:00,1.10497,1.10522,1.10486,1.10512,2763,,9.049200509319883e-05,4.7470222911215085,5.421363372257165,4.421456702101063
2024-06-04 01:00:00,1.10512,1.10532,1.10451,1.10451,3521,,-0.0005521286509473503,4.956132434597443,5.376960722257851,4.429296324860911
2024-06-04 02:00:00,1.10456,1.10471,1.10385,1.10395,10124,,-0.0005071407333638371,4.959275521118633,5.391324985658354,4.428204125496324
2024-06-04 03:00:00,1.1039,1.10411,1.10269,1.10324,16947,,-0.0006433519764851888,5.2170908450489595,5.43603483116385,4.4393109693751365
2024-06-04 04:00:00,1.10319,1.1033,1.10157,1.10228,17670,,-0.000870543056175165,5.52587671710363,5.516200319606848,4.437023986692709
2024-06-04 05:00:00,1.10223,1.10238,1.10112,1.10137,16730,,-0.0008259025269231127,5.792382041897622,5.580736050766979,4.454260779778949
2024-06-04 06:00:00,1.10132,1.10132,1.10041,1.10082,18843,,-0.0004995027780851344,5.7927502536686495,5.569440803896272,4.4480922463920045
2024-06-04 07:00:00,1.10082,1.10122,1.10006,1.10031,14876,,-0.00046339835368778686,5.021986941835895,5.592827690176456,4.453877443661807
2024-06-04 08:00:00,1.10031,1.10117,1.10031,1.10061,15068,,0.0002726132725024827,3.7373907251532703,5.59736724573336,4.451441849546134
2024-06-04 09:00:00,1.10061,1.10137,1.10036,1.10076,15654,,0.00013627877206642765,3.723404249104354,5.593136704540931,4.446290123096726
2024-06-04 10:00:00,1.10097,1.10238,1.10046,1.10223,33748,,0.0013345500598510205,4.452401512527306,5.7393820567596885,4.49373050426672
2024-06-04 11:00:00,1.10218,1.10254,1.10163,1.10193,22681,,-0.00027221254523488364,4.144397286638017,5.643184239016518,4.495294377460517
2024-06-04 12:00:00,1.10193,1.10254,1.10193,1.10218,13090,,0.0002268489331947749,4.142240909928982,5.549987390362895,4.4898038517111685
2024-06-04 13:00:00,1.10218,1.10299,1.10203,1.10249,6969,,0.00028122122770582296,4.080440866599863,5.50963928071475,4.489612686266553
2024-06-04 14:00:00,1.10249,1.10284,1.10218,1.10244,6571,,-4.5352913705610124e-05,4.057033579941213,5.5096322957253125,4.489232929851722
2024-06-04 15:00:00,1.10244,1.10249,1.10203,1.10233,6626,,-9.978365098525949e-05,4.046926148646899,5.512948026797218,4.488610122479781
2024-06-04 16:00:00,1.10228,1.10233,1.10198,1.10203,2031,,-0.00027218784758579085,3.891619701872706,5.515420809918544,4.490638557632359
2024-06-04 18:00:00,1.10203,1.10218,1.10198,1.10213,775,,9.073751458035132e-05,3.8754582438632044,5.512556720077607,4.483685243455677
2024-06-04 19:00:00,1.10213,1.10233,1.10208,1.10233,1383,,0.00018145033300545705,3.9076841356635015,5.4132765778698575,4.484436443201961
2024-06-04 20:00:00,1.10228,1.10274,1.10198,1.10254,2616,,0.00019048742160311937,3.9404960820193367,5.302281814189291,4.485303191335023
2024-06-04 21:00:00,1.10259,1.10274,1.10223,1.10254,2459,,0.0,3.9287936980788243,5.299274169060865,4.483399528523857
2024-06-04 22:00:00,1.10254,1.10269,1.10244,1.10249,1241,,-4.5350856912300284e-05,3.8480856724770898,5.29521861259333,4.4834717887280755
2024-06-04 23:00:00,1.10249,1.10254,1.10183,1.10198,2700,,-0.0004626962572398669,3.833554458258929,4.674054341467756,4.487956167107217
2024-06-05 00:00:00,1.10198,1.10223,1.10188,1.10218,1046,,0.0001814750295341224,3.7207693129735016,4.552971005193729,4.486856431351724
2024-06-05 01:00:00,1.10218,1.10233,1.10173,1.10208,1945,,-9.073339811868006e-05,3.4058502473610615,4.382423821384543,4.485733465612778
2024-06-05 02:00:00,1.10203,1.10218,1.10132,1.10173,6392,,-0.0003176317404335462,3.120565066704172,4.299155832004913,4.4814935658264
2024-06-05 03:00:00,1.10173,1.10213,1.10122,1.10127,8287,,-0.0004176123528692551,3.0804667592507795,4.322834946991603,4.479222434540586
2024-06-05 04:00:00,1.10127,1.10188,1.10117,1.10173,6261,,0.0004176123528692736,3.0203843796783767,4.339020084334474,4.483379701502272
2024-06-05 05:00:00,1.10173,1.10188,1.10132,1.10147,7732,,-0.00023602033515535538,3.038274613368767,4.323967210765855,4.456700364821545
2024-06-05 06:00:00,1.10147,1.10147,1.10061,1.10097,6583,,-0.0004540418886232254,3.1495276641479624,4.293843296672114,4.449255820575112
2024-06-05 07:00:00,1.10097,1.10102,1.10006,1.10097,9631,,0.0,2.0119185829664716,4.290391566154429,4.428554587804266
2024-06-05 08:00:00,1.10097,1.10259,1.10097,1.10259,17139,,0.0014703482472542206,3.2931517134448507,4.5260935022395765,4.481359626890625
2024-06-05 09:00:00,1.10254,1.10335,1.10228,1.10314,18909,,0.0004987011206258071,3.3777396312711825,4.548421862038919,4.487751970775538
2024-06-05 10:00:00,1.10314,1.10314,1.10031,1.10071,35784,,-0.002205232647201685,5.132478408246429,5.071381597628158,4.617994696415906
2024-06-05 11:00:00,1.10076,1.10122,1.10036,1.10066,16370,,-4.54262572931025e-05,5.13247679780974,5.071082439191423,4.617994628928333
2024-06-05 12:00:00,1.10056,1.10097,1.09955,1.10056,14471,,-9.085870568934992e-05,5.132395157621743,5.061088893077994,4.615582789984618
2024-06-05 13:00:00,1.10056,1.10087,1.10021,1.10087,6386,,0.0002816351208523613,5.156802626246453,5.0484862117063845,4.616264537013104
2024-06-05 14:00:00,1.10087,1.10188,1.10071,1.10168,8253,,0.0007355111452779378,5.332767015750515,5.092382205327166,4.6269388953614214
2024-06-05 15:00:00,1.10173,1.10178,1.10142,1.10157,5847,,-9.985249072188478e-05,5.321294622752896,5.093542097182084,4.623664511592234
2024-06-05 16:00:00,1.10157,1.10157,1.10092,1.10092,3296,,-0.0005902410624982021,5.388991070837172,5.119997752932273,4.629510506386206
2024-06-05 18:00:00,1.10092,1.10127,1.10092,1.10127,1101,,0.00031786540030341625,5.430980006043925,4.896258260017964,4.630799462928074
2024-06-05 19:00:00,1.10132,1.10142,1.10127,1.10137,1220,,9.080013081458697e-05,5.437116986343779,4.896216694067848,4.630778108217245
2024-06-05 20:00:00,1.10142,1.10228,1.10137,1.10218,2221,,0.0007351773606069054,5.546205577032186,4.91132470044489,4.642027494845715
2024-06-05 21:00:00,1.10223,1.1035,1.10223,1.1035,7974,,0.0011969099394157905,5.915485508230751,5.038197552519818,4.677815925838127
2024-06-05 22:00:00,1.1035,1.10365,1.10284,1.10324,4256,,-0.0002356417169245516,5.932569585751615,5.025077625901084,4.678648179857211
2024-06-05 23:00:00,1.10319,1.1034,1.10299,1.10309,1353,,-0.00013597240687583507,5.904828607023673,5.02935887350313,4.6714807658912525
2024-06-06 00:00:00,1.10309,1.10309,1.10269,1.10274,1783,,-0.00031734086755285214,5.881448997676808,5.0030955549078175,4.670468820731793
2024-06-06 01:00:00,1.10274,1.10279,1.10228,1.10249,2232,,-0.00022673372035665398,5.8657870001273755,4.7182582214928726,4.6516481293657055
2024-06-06 02:00:00,1.10254,1.10254,1.10173,1.10244,7487,,-4.5352913705610124e-05,5.847139992092824,4.339922167684352,4.646905462922817
2024-06-06 03:00:00,1.10244,1.10284,1.10163,1.10188,7250,,-0.00050809320974041,5.862530622082641,4.350435518959723,4.64583518354265
2024-06-06 04:00:00,1.10183,1.10188,1.10112,1.10178,6742,,-9.075810249184668e-05,5.866689258445763,4.3441211247732125,4.620503686478469
2024-06-06 05:00:00,1.10173,1.10218,1.10157,1.10198,4667,,0.0001815079686980156,5.261037020839961,4.253750184295786,4.6159210079024415
2024-06-06 06:00:00,1.10203,1.10223,1.10157,1.10168,3403,,-0.0002722743089708293,5.185789560431536,4.251748265043638,4.616299072703757
2024-06-06 07:00:00,1.10168,1.10168,1.10016,1.10076,11474,,-0.0008354371093059384,3.730024621379509,4.295515525877184,4.634543934484562
2024-06-06 08:00:00,1.10076,1.10431,1.10041,1.10218,37170,,0.0012891864478107075,4.346739100340654,4.500345481092,4.6763439777920714
2024-06-06 09:00:00,1.10213,1.10314,1.10117,1.10254,26437,,0.0003265720846181745,4.358467546376287,4.514736979141468,4.66993044537035
2024-06-06 10:00:00,1.10259,1.10319,1.10127,1.10183,15569,,-0.0006441750019750005,4.523045422108363,4.521748366925946,4.675457621640908
2024-06-06 11:00:00,1.10183,1.10269,1.10178,1.10223,10789,,0.00036296652939708167,4.385951170122273,4.5225288068855605,4.620445478948767
2024-06-06 12:00:00,1.10218,1.10279,1.10198,1.10223,5735,,0.0,4.38034004649421,4.5225288068855605,4.620445478948767
2024-06-06 13:00:00,1.10218,1.1034,1.10208,1.10324,7045,,0.0009159046104511782,4.483358101037577,4.623632387260147,4.641412714029605
2024-06-06 14:00:00,1.10319,1.10345,1.10259,1.10335,7908,,9.970134922309342e-05,4.466445425337643,4.623881248425094,4.641228296832916
2024-06-06 15:00:00,1.10335,1.10345,1.10284,1.10289,6902,,-0.00041699906326228277,4.5541597401175355,4.61011107644897,4.646256045606681
2024-06-06 16:00:00,1.10294,1.10335,1.10289,1.10294,2345,,4.533440927780332e-05,4.387888456968604,4.584111852687248,4.646259393062724
2024-06-06 18:00:00,1.10309,1.1033,1.10309,1.10319,810,,0.00022664122338206556,3.8626363316998327,4.544967589179285,4.646246341316056
2024-06-06 19:00:00,1.10319,1.10324,1.10304,1.10314,868,,-4.5324135563079623e-05,3.842005143391093,4.457759988090129,4.646346302594349
2024-06-06 20:00:00,1.10314,1.10319,1.10269,1.10289,1478,,-0.00022665149709691883,3.8550938041000564,4.382117474773788,4.647172045842541
2024-06-06 21:00:00,1.10294,1.10355,1.10269,1.10355,2218,,0.0005982487805557925,3.9496669232765846,4.38654213151053,4.652685236258852
2024-06-06 22:00:00,1.10355,1.1038,1.1034,1.1037,1723,,0.0001359157324551916,3.922924712950293,4.3570293353053,4.650705877739195
2024-06-06 23:00:00,1.10365,1.10375,1.10335,1.10345,1188,,-0.0002265364846693202,3.9502132712794507,4.359855360403467,4.65071078971981
2024-06-07 00:00:00,1.1034,1.10365,1.10335,1.10355,1073,,9.062075221432441e-05,3.8179829727893293,4.359094401212362,4.649730084399578
2024-06-07 01:00:00,1.1035,1.10355,1.10294,1.10304,1954,,-0.0004622517178825475,3.922762065149431,4.182738328526927,4.636270021980286
2024-06-07 02:00:00,1.10309,1.10365,1.10274,1.10324,4538,,0.00018130065136602466,3.9227411605813742,4.175899711122578,4.626867719894651
2024-06-07 03:00:00,1.10319,1.10385,1.10294,1.10324,8552,,0.0,3.878283210304286,4.1705775818147215,4.626777617134982
2024-06-07 04:00:00,1.10324,1.1033,1.10228,1.10289,7512,,-0.0003172977140390901,3.5866059376635806,4.174852125155183,4.623190631930186
2024-06-07 05:00:00,1.10284,1.10365,1.10279,1.10314,7288,,0.00022665149709687324,2.865484146480657,4.180347567915617,4.623643372585457
2024-06-07 06:00:00,1.10314,1.1034,1.10279,1.10284,5443,,-0.0002719879616763278,2.8663318162065123,4.188575025497566,4.543553428250484
2024-06-07 07:00:00,1.10284,1.10416,1.10269,1.10385,8808,,0.000915398239469853,3.0066815059038055,4.276017345623562,4.543447478719269
2024-06-07 08:00:00,1.10385,1.10547,1.09626,1.09717,74678,,-0.0060699316769982905,11.093493126450294,7.466131018587122,5.442603746303585
2024-06-07 09:00:00,1.09717,1.09747,1.09565,1.0958,39246,,-0.001249447259403914,11.223030036175311,7.553418219075452,5.463658005149162
2024-06-07 10:00:00,1.09585,1.09641,1.09489,1.09509,30636,,-0.000648138450451791,11.014587347935317,7.567382801525061,5.464930588399421
2024-06-07 11:00:00,1.09509,1.0952,1.09423,1.09454,20181,,-0.0005023679905435633,10.982446039862232,7.57649595150805,5.462477986104754
2024-06-07 12:00:00,1.09454,1.09509,1.09418,1.09439,9408,,-0.00013705326368122488,10.991920387352582,7.5761121156213544,5.456996052930382
2024-06-07 13:00:00,1.09439,1.09454,1.09393,1.09439,6120,,0.0,10.986527951055326,7.569078190313785,5.452066143549049
2024-06-07 14:00:00,1.09439,1.09459,1.09393,1.09444,8593,,4.568650832523822e-05,10.958716207110252,7.5648491136346765,5.4513542018316485
2024-06-07 15:00:00,1.09439,1.09459,1.09383,1.09388,9442,,-0.0005118081562333919,10.940916965553289,7.575130201390107,5.456360184972824
2024-06-07 16:00:00,1.09393,1.09423,1.09378,1.09403,3949,,0.00013711715768490072,10.979755249324933,7.577002237103709,5.456654324555403
2024-06-09 18:00:00,1.09084,1.0917,1.09029,1.09155,8567,,-0.0022694214482104165,11.275563244468012,7.874597346188492,5.569102989771673
2024-06-09 19:00:00,1.09155,1.0918,1.09135,1.09165,2981,,9.160864792030344e-05,11.267285470717614,7.857387661418186,5.569018416559595
2024-06-09 20:00:00,1.09165,1.09196,1.0912,1.09155,3676,,-9.160864792037029e-05,11.282006797449744,7.857164805617551,5.568145325764584
2024-06-09 21:00:00,1.0916,1.0918,1.09105,1.0913,2884,,-0.0002290583421610398,11.238546173940804,7.8515082351664365,5.567342359131591
2024-06-09 22:00:00,1.0913,1.0913,1.09049,1.09054,1825,,-0.000696659728245682,11.239572892293815,7.869269122395023,5.576899504169755
2024-06-09 23:00:00,1.09054,1.09059,1.08932,1.08932,3481,,-0.0011193380560035786,11.190345799621081,7.748336801824568,5.602203270457972
2024-06-10 00:00:00,1.08933,1.08933,1.08857,1.08918,733,,-0.0001285288044000962,11.169346378501782,7.71572987596611,5.578590787693231
2024-06-10 01:00:00,1.08918,1.08928,1.08862,1.08918,552,,0.0,11.212192350745559,7.444730240650668,5.578489162797254
2024-06-10 02:00:00,1.08908,1.08963,1.08862,1.08882,830,,-0.0003305785154073528,11.118876438376702,7.445127614962088,5.577069587197607
2024-06-10 03:00:00,1.08903,1.09039,1.08857,1.09018,890,,0.0012482791891656807,11.589180506452044,7.581754613197189,5.584296567319253
2024-06-10 04:00:00,1.09024,1.09059,1.08928,1.08938,572,,-0.0007340931526785655,11.263296632063748,7.589966102574601,5.59486600836266
2024-06-10 05:00:00,1.08943,1.08963,1.08787,1.08807,1293,,-0.0012032424699079686,5.555339119735056,7.601175716187057,5.602506342982573
2024-06-10 06:00:00,1.08807,1.08817,1.08701,1.08746,1260,,-0.0005607829043827882,5.3519905092817215,7.608587634224882,5.596456779164467
2024-06-10 07:00:00,1.08746,1.08923,1.08746,1.08913,721,,0.0015345107050007115,6.273108650382023,7.797826888315146,5.64784421993633
2024-06-10 08:00:00,1.08908,1.08978,1.08787,1.08792,1440,,-0.0011115960814810856,6.431516547591616,7.836348672984797,5.666029084805797
2024-06-10 09:00:00,1.08787,1.08867,1.08746,1.08771,1872,,-0.00019304753165955865,6.427644447407246,7.8306093171262265,5.6643036176783035
2024-06-10 10:00:00,1.08782,1.08822,1.08711,1.08711,1986,,-0.0005517698156376057,6.4155998238309895,7.7781345327788545,5.66541342018105
2024-06-10 11:00:00,1.08711,1.08877,1.08701,1.08877,1727,,0.001525819734597037,7.166588923568079,7.846671319988239,5.7171873849344195
2024-06-10 12:00:00,1.08882,1.08963,1.08882,1.08918,756,,0.00037650084239152404,7.233293416243858,7.869772664087289,5.720841555395416
2024-06-10 13:00:00,1.08913,1.08978,1.08882,1.08968,573,,0.0004589556086914447,7.304507141594804,7.898416444173777,5.72598601182994
2024-06-10 14:00:00,1.08973,1.08998,1.08943,1.08993,738,,0.0002293988384128584,6.269319853273535,7.909430440507337,5.726471276142098
2024-06-10 15:00:00,1.08988,1.09034,1.08988,1.09008,307,,0.00013761404785899814,6.2737032587207,7.9163756953846445,5.725385470924095
2024-06-10 16:00:00,1.09003,1.09039,1.08993,1.09034,113,,0.00023848616434670144,6.29663137536654,7.926765533421964,5.725969449651954
2024-06-10 18:00:00,1.09034,1.09054,1.09013,1.09029,68,,-4.5858307011163515e-05,6.288607596827387,7.920971791860238,5.725644898197429
2024-06-10 19:00:00,1.09024,1.09024,1.08998,1.09008,45,,-0.00019262785733553152,6.182873491059645,7.920505207081356,5.726153814393797
2024-06-10 20:00:00,1.09013,1.09013,1.08988,1.09008,23,,0.0,5.847273013394591,7.914155393954891,5.725956623199617
2024-06-10 21:00:00,1.09013,1.09054,1.08998,1.09039,195,,0.00028434236846984116,5.854620980335539,7.927291454055366,5.727965579082035
2024-06-10 22:00:00,1.09024,1.09059,1.09024,1.09049,20,,9.170610035397062e-05,5.8540248590904875,7.902325790454504,5.728271173268792
2024-06-10 23:00:00,1.09054,1.09064,1.09039,1.09059,162,,9.169769111645954e-05,5.810211514983101,7.768116298492927,5.7276227174334755
2024-06-11 00:00:00,1.09054,1.09074,1.09049,1.09049,96,,-9.169769111643185e-05,5.406696667160156,7.751699963899165,5.727672316197377
2024-06-11 01:00:00,1.09054,1.09069,1.09018,1.09029,150,,-0.00018342061148831528,5.2465206791158545,7.737399897674216,5.7279245292694805
2024-06-11 02:00:00,1.09034,1.09104,1.09024,1.09059,466,,0.00027511830260454486,4.734720630100949,7.731633736198294,5.672353317193698
2024-06-11 03:00:00,1.09054,1.09069,1.08988,1.09008,667,,-0.0004677461599402484,4.695007162266126,7.734921857884054,5.674037003508671
2024-06-11 04:00:00,1.09003,1.09018,1.08812,1.08832,1429,,-0.0016158652065273265,4.867490587532252,7.783135753308393,5.722212934369992
2024-06-11 05:00:00,1.08827,1.08908,1.08771,1.08882,2459,,0.0004593181961567889,4.517746570726298,7.8069444586137156,5.7158791044910116
2024-06-11 06:00:00,1.08877,1.08938,1.08736,1.08771,2383,,-0.001019972245943476,4.869478036993642,7.845841788878667,5.7286327344338615
2024-06-11 07:00:00,1.08777,1.08782,1.0861,1.08666,2049,,-0.0009657970645445467,5.06799334385566,7.874959048307038,5.7436535603950825
2024-06-11 08:00:00,1.08666,1.08731,1.0862,1.08701,2095,,0.000322036006408463,4.267856296301586,7.88143073449046,5.746156593242162
2024-06-11 09:00:00,1.08701,1.08736,1.08565,1.08605,2677,,-0.0008835467612053523,4.398492058960099,7.904422352390311,5.760357443756785
2024-06-11 10:00:00,1.0861,1.08661,1.0857,1.08595,3260,,-9.208103137264083e-05,4.260294248703804,7.906162723389998,5.759370528280077
2024-06-11 11:00:00,1.0859,1.08701,1.0859,1.08691,1803,,0.0008836280869122316,4.594992144827178,7.942950397658133,5.777691371679308
2024-06-11 12:00:00,1.08696,1.08756,1.08696,1.08736,1187,,0.00041393203827064847,4.6723623988255,7.961794683672582,5.780587606452327
2024-06-11 13:00:00,1.08746,1.08802,1.08741,1.08792,1242,,0.0005148762571909072,4.764600536965789,7.998611605101809,5.787043171035966
2024-06-11 14:00:00,1.08792,1.08822,1.08777,1.08807,1479,,0.0001378682808630937,4.78328370655273,8.00073113489786,5.787574424631938
2024-06-11 15:00:00,1.08802,1.08862,1.08777,1.08777,707,,-0.00027575557201013216,4.790480992875025,7.997502044487563,5.787593363928092
2024-06-11 16:00:00,1.08766,1.08787,1.08766,1.08787,199,,9.192697327720316e-05,4.7996184702785305,7.99326585444822,5.784299657744013
2024-06-11 18:00:00,1.08771,1.08792,1.08771,1.08777,160,,-9.19269732771578e-05,4.747659774609639,7.991041777601141,5.772839273395796
2024-06-11 19:00:00,1.08777,1.08777,1.08761,1.08766,80,,-0.00010112943196842929,4.732068369663834,7.991716823140174,5.770014816644786
2024-06-11 20:00:00,1.08761,1.08761,1.08716,1.08726,298,,-0.0003678296254668557,4.731033014988497,7.979039463122706,5.770426755297833
2024-06-11 21:00:00,1.08721,1.08787,1.08716,1.08766,255,,0.00036782962546681047,4.8166683431284785,8.002370668229105,5.773543732944192
2024-06-11 22:00:00,1.08766,1.08792,1.08756,1.08782,271,,0.00014709397492814456,4.839222655173257,7.9263607340242865,5.774349789319823
2024-06-11 23:00:00,1.08782,1.08797,1.08766,1.08766,123,,-0.00014709397492827312,4.786734611841838,5.238534333695076,5.774481824728273
2024-06-12 00:00:00,1.08766,1.08771,1.08731,1.08741,76,,-0.00022987766012224104,4.751767907538777,5.11680150456635,5.773484909828736
2024-06-12 01:00:00,1.08726,1.08822,1.08726,1.08822,418,,0.0007446119399210708,4.121740878728463,5.162559766703682,5.778244369275142
2024-06-12 02:00:00,1.08817,1.08837,1.08756,1.08777,1053,,-0.00041360484783035874,4.088387968845999,5.1563196058775,5.770853631141952
2024-06-12 03:00:00,1.08782,1.08822,1.08721,1.08812,3092,,0.0003217074420295286,3.7226779353603754,5.173792799739372,5.773366967837777
2024-06-12 04:00:00,1.08812,1.08903,1.08812,1.08827,2527,,0.00013784294197047547,3.259359534691078,5.178257136210034,5.766403013219282
2024-06-12 05:00:00,1.08827,1.08903,1.08807,1.08887,2364,,0.0005511818396519888,3.338264482126917,5.216907673737789,5.765463334657954
2024-06-12 06:00:00,1.08892,1.08968,1.08862,1.08953,3150,,0.0006059493391432241,2.9434895979205304,5.243807989322738,5.751009221175416
2024-06-12 07:00:00,1.08958,1.09024,1.08943,1.09013,1510,,0.0005505445942530594,2.9802375792915834,5.276582293092995,5.737096032607365
2024-06-12 08:00:00,1.09013,1.09679,1.08998,1.09644,11881,,0.00577161263192478,10.131734614199253,7.522400904024315,6.408355895667136
2024-06-12 09:00:00,1.09644,1.09754,1.09568,1.09744,10462,,0.0009116269524815636,10.165117984194332,7.569219993307411,6.423070007773436
2024-06-12 10:00:00,1.09744,1.09875,1.09553,1.0986,8664,,0.0010564471575087889,10.21768222156191,7.628796337953555,6.4292247264924445
2024-06-12 11:00:00,1.09855,1.09906,1.09795,1.09805,5427,,-0.0005007625352180904,10.346967698077908,7.645934322984995,6.426147086423365
2024-06-12 12:00:00,1.098,1.0986,1.09795,1.09825,1976,,0.00018212448258697522,10.274198048430398,7.602529357160531,6.425340631621758
2024-06-12 13:00:00,1.0982,1.09835,1.09744,1.09775,1887,,-0.0004553734140620658,10.383403234742877,7.520592264238346,6.425357108860977
2024-06-12 14:00:00,1.0978,1.09795,1.09457,1.09492,10848,,-0.0025813292209213847,11.626532832824392,7.99475403035697,6.548765688735983
2024-06-12 15:00:00,1.09487,1.09558,1.09417,1.09437,5382,,-0.0005024460090445435,11.694383508826629,8.016283643155445,6.550144144374445
2024-06-12 16:00:00,1.09437,1.09487,1.09422,1.09457,680,,0.00018273685030796035,11.632201930418153,8.005943383569644,6.5508824182682295
2024-06-12 18:00:00,1.09487,1.09507,1.09462,1.09472,540,,0.0001370307270710205,11.637054057592572,7.918079724331652,6.551108072284023
2024-06-12 19:00:00,1.09477,1.09512,1.09467,1.09487,280,,0.0001370119522236882,11.637553749635615,7.875668623055769,6.5470444603568945
2024-06-12 20:00:00,1.09487,1.09518,1.09467,1.09492,612,,4.566647944184386e-05,11.617578721609135,7.765501563014849,6.547044856929742
2024-06-12 21:00:00,1.09492,1.09518,1.09402,1.09412,1339,,-0.000730914040506879,11.72695829737534,7.782305161251167,6.556236939777901
2024-06-12 22:00:00,1.09412,1.09447,1.09402,1.09447,1238,,0.00031984063071085345,11.699801191783369,7.647454099103156,6.556562196643413
2024-06-12 23:00:00,1.09442,1.09452,1.09417,1.09427,221,,-0.00018275354821185933,11.662667253699354,7.55520865934656,6.547742545375869
2024-06-13 00:00:00,1.09437,1.09437,1.09391,1.09402,722,,-0.00022848891242731943,11.69828129397025,7.556687035404375,6.548540668997783
2024-06-13 01:00:00,1.09397,1.09432,1.09366,1.09412,1190,,9.140182992828368e-05,11.700234712016078,7.527669303649051,6.5140839214425466
2024-06-13 02:00:00,1.09402,1.09432,1.09366,1.09381,3076,,-0.0002833728703153075,11.725928139898762,7.396149013192815,6.481052957450273
2024-06-13 03:00:00,1.09381,1.09523,1.09381,1.09502,4286,,0.001105613613900574,11.80931667101984,7.462346397599628,6.50167724108032
2024-06-13 04:00:00,1.09502,1.09507,1.09407,1.09417,2455,,-0.0007765429612906222,11.927178572225836,7.50256678754481,6.5112439358130825
2024-06-13 05:00:00,1.09417,1.09472,1.09381,1.09386,2151,,-0.0002833599192646567,6.145884083254163,7.508956309379247,6.511257193084807
2024-06-13 06:00:00,1.09376,1.09452,1.09291,1.09301,2840,,-0.0007773667779104265,5.943858534334819,7.555309082757794,6.5123618647707575
2024-06-13 07:00:00,1.09301,1.09321,1.0918,1.09195,3109,,-0.0009702695547370327,5.613400784022107,7.6207175670648315,6.442533391790752
2024-06-13 08:00:00,1.09195,1.09518,1.0916,1.09291,12433,,0.0008787748979610637,5.961000231413402,7.668348784747633,6.455126798809159
2024-06-13 09:00:00,1.09291,1.09437,1.09215,1.0923,8264,,-0.0005582987592448034,5.9352350086963686,7.688482166011489,6.457254434205859
2024-06-13 10:00:00,1.0923,1.0926,1.08978,1.09069,15936,,-0.0014750413807784885,6.289989194309617,7.836354482620823,6.496260311906327
2024-06-13 11:00:00,1.09064,1.09079,1.08887,1.08913,10800,,-0.001431311086534358,5.198688061039503,7.962921675553801,6.526053572426872
2024-06-13 12:00:00,1.08908,1.08918,1.08686,1.08711,8427,,-0.001856413428778219,5.8835254248598705,8.172540343987247,6.5854617226076915
2024-06-13 13:00:00,1.08711,1.08797,1.08706,1.08782,6644,,0.0006528945991099379,6.06856002329007,8.202006342483518,6.5939448557508955
2024-06-13 14:00:00,1.08777,1.08787,1.08716,1.08751,5390,,-0.0002850142296557351,6.013887416342975,8.20549341656448,6.5946782680902025
2024-06-13 15:00:00,1.08751,1.08792,1.08736,1.08761,4006,,9.194895000765584e-05,6.00323994246011,8.20541006399039,6.594812439628088
2024-06-13 16:00:00,1.08766,1.08792,1.08731,1.08731,1428,,-0.0002758722177391273,5.964655196743214,8.2022959171476,6.592382295872662
2024-06-13 18:00:00,1.08711,1.08756,1.08701,1.08741,1625,,9.196586233666357e-05,5.968466284187776,8.192332236452536,6.591841643323396
2024-06-13 19:00:00,1.08741,1.08756,1.08721,1.08726,788,,-0.0001379519653445986,5.8675160654009195,8.033917154699704,6.591996520345105
2024-06-13 20:00:00,1.08721,1.08761,1.08711,1.08716,1767,,-9.197855066688705e-05,5.876906515317564,8.019518868804308,6.59198838936452
2024-06-13 21:00:00,1.08711,1.08766,1.08701,1.08761,1870,,0.00041383687141377984,6.01532685694991,7.966268079435476,6.595050708281561
2024-06-13 22:00:00,1.08761,1.08787,1.08756,1.08782,1650,,0.00019306527964792474,6.038603657116177,7.907222690995937,6.590589168812995
2024-06-13 23:00:00,1.08777,1.08802,1.08731,1.08756,2570,,-0.00023903869782567491,6.039221075846102,7.905157249184633,6.586222551806295
2024-06-14 00:00:00,1.08751,1.08761,1.08701,1.08716,1295,,-0.00036786345323619945,5.475275754693066,7.862349211247785,6.560761110053602
2024-06-14 01:00:00,1.08716,1.08726,1.0865,1.08656,3140,,-0.000552049035973179,5.43470311790644,7.882429007941094,6.558348096501609
2024-06-14 02:00:00,1.0865,1.08676,1.08509,1.08605,13988,,-0.00046948141577877995,5.43718810415754,7.845567376377427,6.561660817568753
2024-06-14 03:00:00,1.086,1.08625,1.08409,1.08429,17457,,-0.0016218660539815855,5.828624297673684,7.996740232095384,6.604006484393881
2024-06-14 04:00:00,1.08424,1.08474,1.08252,1.08272,16668,,-0.0014490014118055683,6.03344342812851,8.097700856525378,6.639757152953008
2024-06-14 05:00:00,1.08272,1.08272,1.08071,1.08227,18692,,-0.0004157063140986624,5.5434511546464105,8.101515791907724,6.624850968508412
2024-06-14 06:00:00,1.08227,1.08343,1.08146,1.08338,16983,,0.0010250964811497766,6.133064953199528,8.175723465115418,6.6459302019640605
2024-06-14 07:00:00,1.08338,1.08414,1.08282,1.08298,15946,,-0.0003692830411802465,5.815013803735485,8.179622144582629,6.625199516650823
2024-06-14 08:00:00,1.08298,1.08308,1.08146,1.08242,21900,,-0.0005172254664122021,5.484151527647684,8.191656032282593,6.62735346433964
2024-06-14 09:00:00,1.08242,1.08272,1.08025,1.08041,17898,,-0.0018586764365746723,5.486185116240229,8.383627644928044,6.683670322259038
2024-06-14 10:00:00,1.08041,1.08227,1.08025,1.08222,24229,,0.0016738882033635145,6.28518322128937,8.56820119580607,6.738191692784762
2024-06-14 11:00:00,1.08217,1.08348,1.08187,1.08338,17538,,0.0010712967408036953,6.695795505558648,8.634527990912776,6.760525888260181
2024-06-14 12:00:00,1.08338,1.08373,1.08277,1.08353,6918,,0.00013844599013305024,6.702518093744862,8.634313867859857,6.755752149543046
2024-06-14 13:00:00,1.08358,1.08398,1.08318,1.08328,5509,,-0.0002307539665308653,6.701092557830478,8.635529188461172,6.75569786707607
2024-06-14 14:00:00,1.08333,1.08358,1.08298,1.08348,5042,,0.00018460743281943013,6.715231709021008,8.637554234355179,6.756334963375493
2024-06-14 15:00:00,1.08343,1.08419,1.08338,1.08414,3892,,0.0006089628444064498,6.854649565407593,8.625661126244989,6.763819472675864
2024-06-14 16:00:00,1.08419,1.08429,1.08388,1.08398,2405,,-0.0001475933069116329,6.853996369466269,8.618696748650077,6.763835376989373
2024-06-16 18:00:00,1.08378,1.08434,1.08363,1.08409,3250,,0.0001014727385133677,6.793975048791373,8.6115795728945,6.747485622295511
2024-06-16 19:00:00,1.08414,1.08419,1.08358,1.08368,1649,,-0.00037826891680282557,6.7715148176121716,8.614900773134709,6.7356111559410055
2024-06-16 20:00:00,1.08373,1.08414,1.08343,1.08378,2493,,9.227390592768488e-05,6.788467572622365,8.593250083689446,6.723550294132828
2024-06-16 21:00:00,1.08378,1.08383,1.08333,1.08363,1382,,-0.00013841405201538062,6.7793389812895954,8.564961206468546,6.7237064424687745
2024-06-16 22:00:00,1.08358,1.08393,1.08333,1.08383,1357,,0.0001845478122480595,6.765645762861945,8.54473965478586,6.724511546040136
2024-06-16 23:00:00,1.08383,1.08388,1.08358,1.08383,1192,,0.0,6.7389335049423975,6.095351376129511,6.720787493833138
2024-06-17 00:00:00,1.08383,1.08398,1.08358,1.08378,518,,-4.61337602326611e-05,6.138242222276649,5.992440826353318,6.720751584451653
2024-06-17 01:00:00,1.08383,1.08393,1.08328,1.08343,2296,,-0.00032299592844523375,5.594064919486554,5.852292423051582,6.697688470966277
2024-06-17 02:00:00,1.08338,1.08383,1.08202,1.08323,12050,,-0.00018461595318880778,5.549346459458239,5.845999497420234,6.671738780234125
2024-06-17 03:00:00,1.08318,1.08434,1.08262,1.08343,14529,,0.00018461595318881012,5.261518831466981,5.846178537004156,6.671231370754296
2024-06-17 04:00:00,1.08343,1.08464,1.08333,1.08414,11114,,0.0006551115077185964,5.332311501275933,5.907590411045397,6.678478352013071
2024-06-17 05:00:00,1.08414,1.08489,1.08409,1.08449,6939,,0.00032278443352601517,5.245481605390035,5.410167163876679,6.55847468043484
2024-06-17 06:00:00,1.08449,1.08479,1.08358,1.08439,5722,,-9.221349274355526e-05,3.8696811253026078,5.399178916052285,6.540325254561158
2024-06-17 07:00:00,1.08439,1.08519,1.08434,1.08434,6602,,-4.61099353158078e-05,2.7576492575879086,5.389485157107753,6.5161276737552996
2024-06-17 08:00:00,1.08439,1.08494,1.08409,1.08474,9863,,0.0003688199647170053,2.177948654685055,5.40742035680962,6.506950215689948
2024-06-17 09:00:00,1.08479,1.0855,1.08459,1.08499,11045,,0.00023044342024692484,2.1939465367593907,5.413360951293356,6.507774054784324
2024-06-17 10:00:00,1.08504,1.08524,1.08454,1.08499,8344,,0.0,2.1299119339226196,5.411853527430176,6.507822354916873
2024-06-17 11:00:00,1.08494,1.08585,1.08484,1.08565,9912,,0.000608115597555946,2.316033036160079,5.431925355801743,6.513454288318282
2024-06-17 12:00:00,1.08565,1.08615,1.08545,1.0859,5753,,0.0002302502830739255,2.137921009863706,5.425068321985541,6.503396479147977
2024-06-17 13:00:00,1.08585,1.0861,1.0857,1.086,3862,,9.208527102587391e-05,2.0965350876764552,5.429397373908561,6.503590375786178
2024-06-17 14:00:00,1.08595,1.08726,1.08595,1.08701,11377,,0.0009295862170270114,2.5521434083072934,5.530635358291318,6.520310024690216
2024-06-17 15:00:00,1.08701,1.08706,1.0864,1.08661,4513,,-0.0003680496172425229,2.545661365403425,5.532964685847689,6.521891029123678
2024-06-17 16:00:00,1.08661,1.08701,1.08661,1.08681,2281,,0.000184041741186241,2.5457598806312025,5.538264768854296,6.519740621828846
2024-06-17 18:00:00,1.08676,1.08746,1.08666,1.08721,1659,,0.00036798189944308146,2.5219231738480192,5.420980110646048,6.522595093391624
2024-06-17 19:00:00,1.08716,1.08751,1.08691,1.08741,869,,0.00018394018317111234,2.5219083365270496,5.387273549692847,6.522191932054769
2024-06-17 20:00:00,1.08741,1.08746,1.08696,1.08701,1328,,-0.00036791420655804595,2.6749862016080126,5.3908383634728105,6.521536060445503
2024-06-17 21:00:00,1.08706,1.08711,1.08615,1.0862,1860,,-0.0007454411101628399,3.080897734059542,5.386848567980514,6.528622126062457
2024-06-17 22:00:00,1.08615,1.08625,1.0858,1.08585,1496,,-0.000322276193484886,3.0805748534725517,5.318907543500423,6.530010407807804
2024-06-17 23:00:00,1.0858,1.0859,1.0855,1.0859,1262,,4.6045815594680446e-05,3.035772046050974,5.22781865491594,6.526994344044031
2024-06-18 00:00:00,1.0859,1.08605,1.08545,1.0856,1047,,-0.00027630670219550355,3.110919786271411,5.2105158513378385,6.490040476246644
2024-06-18 01:00:00,1.08555,1.08575,1.08524,1.08575,2607,,0.0001381628942719636,2.9426495266510715,5.023286738611529,6.490634524954128
2024-06-18 02:00:00,1.08575,1.08676,1.0857,1.08676,5664,,0.0009298001599665274,3.2762916768147874,4.928547297548266,6.504385183709199
2024-06-18 03:00:00,1.08671,1.08696,1.08565,1.08575,8761,,-0.0009298001599665276,3.728911190152606,4.658151712682524,6.517724169812389
2024-06-18 04:00:00,1.0857,1.0859,1.08489,1.08524,7885,,-0.00046983174439454355,3.83941972338184,4.627972949956317,6.514310993163518
2024-06-18 05:00:00,1.08535,1.08595,1.08489,1.08535,8259,,0.00010135493123466428,3.7947456137467137,4.623223070365627,6.514366704167757
2024-06-18 06:00:00,1.08535,1.08545,1.08494,1.08519,4214,,-0.0001474287507161505,3.7874975678972636,4.622830769901364,6.504278514741656
2024-06-18 07:00:00,1.08519,1.08519,1.08439,1.08499,6846,,-0.00018431650883003972,3.8024577449443693,4.618895970273582,6.446812613194259
2024-06-18 08:00:00,1.08504,1.08686,1.08444,1.0865,18681,,0.0013907503542593678,4.397825914184907,4.834688042978125,6.418915428651123
2024-06-18 09:00:00,1.0865,1.08837,1.0864,1.08822,19213,,0.0015818131609025073,5.148723695785004,5.090998502729724,6.467230085797486
2024-06-18 10:00:00,1.08827,1.08958,1.08706,1.08726,24154,,-0.0008825639052655683,5.428878515388302,5.169256678853462,6.47857360016661
2024-06-18 11:00:00,1.08731,1.08766,1.08681,1.08731,10691,,4.5986103007798556e-05,5.189476484685687,5.152346036728623,6.4625752730896835
2024-06-18 12:00:00,1.08731,1.08771,1.08706,1.08736,5649,,4.5983988383532865e-05,5.142232316582721,5.148676722606244,6.461136146296273
2024-06-18 13:00:00,1.08736,1.08782,1.08676,1.08696,6629,,-0.00036793112744459394,5.180578118805784,5.156250739090135,6.457874203393396
2024-06-18 14:00:00,1.08691,1.08746,1.08661,1.08741,5745,,0.00041391300139785174,5.191373015568437,5.160244649912046,6.4613529173783615
2024-06-18 15:00:00,1.08741,1.08741,1.08701,1.08721,3270,,-0.00018394018317125052,5.191373015568454,5.132757299506073,6.4613959032009145
2024-06-18 16:00:00,1.08731,1.08751,1.08721,1.08736,1933,,0.0001379583092178579,5.15450792777165,5.110777708616015,6.456211112348312
2024-06-18 18:00:00,1.08736,1.08751,1.08726,1.08741,741,,4.598187395332077e-05,4.962465786397006,4.827997298127718,6.453624309952252
2024-06-18 19:00:00,1.08746,1.08746,1.08721,1.08721,826,,-0.00018394018317125052,4.934681831755759,4.586983923678336,6.453813601362153
2024-06-18 20:00:00,1.08721,1.08731,1.08701,1.08706,1179,,-0.0001379773443391345,4.947005868743599,4.5653257959147915,6.453832908817639
2024-06-18 21:00:00,1.08711,1.08751,1.08691,1.08741,1078,,0.0003219175275103294,4.92944754069655,4.46865831634001,6.456195332414097
2024-06-18 22:00:00,1.08746,1.08761,1.08711,1.08726,559,,-0.0001379519653445986,4.943030619955415,4.451781827343549,6.451811458085059
2024-06-18 23:00:00,1.08721,1.08741,1.08706,1.08716,566,,-9.197855066688705e-05,4.689819621105843,4.415019727191775,6.448099513227135
2024-06-19 00:00:00,1.08711,1.08711,1.08686,1.08691,791,,-0.00022998339621239678,4.387586996370234,3.9644407174907608,6.442239158251553
2024-06-19 01:00:00,1.08691,1.08726,1.08686,1.08711,1153,,0.0001839909481644249,4.285527778599554,3.625843868837877,6.43086856142214
2024-06-19 02:00:00,1.08716,1.08746,1.08615,1.0865,6699,,-0.0005612782569221072,4.430474561466454,3.5354165999861165,6.424481857294542
2024-06-19 03:00:00,1.08645,1.08746,1.0858,1.08706,9207,,0.0005152836934711571,4.484618414121781,3.565423537655861,6.426792401807976
2024-06-19 04:00:00,1.08706,1.08756,1.08681,1.08741,5179,,0.0003219175275103294,4.473846934326446,3.5633201705023008,6.426139504586881
2024-06-19 05:00:00,1.08736,1.08777,1.08661,1.08706,4864,,-0.00032191752751032217,3.8647279904423604,3.5819021437301846,6.425606680319927
2024-06-19 06:00:00,1.08706,1.08857,1.08686,1.08832,6914,,0.0011584184288750043,3.3591575090791594,3.7092303879393764,6.452398271781773
2024-06-19 07:00:00,1.08842,1.08877,1.08807,1.08847,5087,,0.00013781761239025871,2.9443877386901645,3.7035941363635945,6.416980598597346
2024-06-19 08:00:00,1.08847,1.08872,1.08761,1.08797,5632,,-0.00045946592490136496,3.0778199651213534,3.7411644909754265,6.419214392307163
2024-06-19 09:00:00,1.08802,1.08817,1.08746,1.08777,4690,,-0.00018384549676294678,3.0999709375564803,3.72288891952745,6.418074878439447
2024-06-19 10:00:00,1.08771,1.08847,1.08766,1.08817,4949,,0.00036765720057162574,3.0716099863039807,3.735370628235625,6.419307686131879
2024-06-19 11:00:00,1.08822,1.08832,1.08746,1.08827,5625,,9.189318342831676e-05,3.0023084168627885,3.7295164094299595,6.419698666394963
2024-06-19 12:00:00,1.08827,1.08832,1.08797,1.08807,1978,,-0.0001837948119898674,3.0022739846507807,3.736370922736952,6.419984335057144
2024-06-19 13:00:00,1.08807,1.08812,1.08777,1.08782,944,,-0.00022979102905038094,3.031861541904152,3.747579340791587,6.419665139042387
2024-06-19 14:00:00,1.08782,1.08782,1.08761,1.08771,626,,-0.00010112478347239998,3.0388101250086703,3.749600641090123,6.419323198733143
2024-06-19 15:00:00,1.08771,1.08792,1.08761,1.08782,425,,0.00010112478347242823,3.020141667834662,3.7292781345682804,6.418733151982589
2024-06-19 16:00:00,1.08782,1.08792,1.08766,1.08777,709,,-4.596454295976828e-05,3.008256075331234,3.7222650064275635,6.417608018794009
2024-06-19 18:00:00,1.08782,1.08792,1.08761,1.08782,781,,4.596454295965319e-05,2.961703806878817,3.720479921837984,6.417741688484371
2024-06-19 19:00:00,1.08777,1.08812,1.08771,1.08792,898,,9.19227481872002e-05,2.94991767022878,3.6719333447710554,6.418140551628598
2024-06-19 20:00:00,1.08792,1.08807,1.08771,1.08787,973,,-4.596031786969974e-05,2.944924818998977,3.663330174230218,6.4149548156125515
2024-06-19 21:00:00,1.08787,1.08802,1.08741,1.08782,1230,,-4.596243031741626e-05,2.909864194499329,3.6617594775905196,6.413923425008421
2024-06-19 22:00:00,1.08777,1.08777,1.08706,1.08716,1410,,-0.0006069021510618461,3.105340306405364,3.7200826300432177,6.419693610636351
2024-06-19 23:00:00,1.08716,1.08741,1.08711,1.08741,924,,0.00022993051601153162,2.9491366582964615,3.710224410387358,6.419892002188283
2024-06-20 00:00:00,1.08741,1.08771,1.08731,1.08751,874,,9.195740539455575e-05,2.821955536906081,3.7055772351130196,6.417741728888851
2024-06-20 01:00:00,1.08751,1.08761,1.08691,1.08701,2196,,-0.0004598716119527114,2.8831334737502234,3.7391082457513387,6.416714830239692
2024-06-20 02:00:00,1.08701,1.08706,1.08625,1.08645,6455,,-0.0005153074014631169,2.966352212026025,3.7314730027158043,6.42011068281469
2024-06-20 03:00:00,1.08645,1.08681,1.0856,1.08565,15434,,-0.000736614369663688,2.311859604500454,3.799226484414796,6.4258792996447465
2024-06-20 04:00:00,1.0856,1.08565,1.08444,1.08489,12670,,-0.0007002865932521719,2.465392110677702,3.86149862765375,6.433622218509143
2024-06-20 05:00:00,1.08489,1.086,1.08459,1.08575,10015,,0.0007923930684026293,2.9100161041862482,3.8293454192055343,6.403050938122886
2024-06-20 06:00:00,1.0857,1.0864,1.08565,1.08605,5370,,0.00027626853477120527,2.9780905297315163,3.8238342752137418,6.399257124111007
2024-06-20 07:00:00,1.08605,1.0864,1.08449,1.08464,10713,,-0.0012991262670469458,3.5396738584585252,4.031543764154889,6.340814253843546
2024-06-20 08:00:00,1.08464,1.0863,1.08449,1.08509,15343,,0.0004147981605566289,3.6561563539591058,4.036591511308633,6.3450896063109665
2024-06-20 09:00:00,1.08509,1.0861,1.08484,1.08565,11020,,0.0005159530965688358,3.8316076154821896,4.06848049494622,6.3513193699549095
2024-06-20 10:00:00,1.0857,1.0863,1.0853,1.0854,13663,,-0.00023030331047658992,3.831658133910423,4.058994995498516,6.349728450200414
2024-06-20 11:00:00,1.08535,1.08545,1.08388,1.08388,14093,,-0.0014013868645438062,4.439542299978614,4.2282851022626575,6.371927773884215
2024-06-20 12:00:00,1.08393,1.08419,1.08353,1.08388,8228,,0.0,4.422873702766456,4.218257782803502,6.371984983568684
2024-06-20 13:00:00,1.08393,1.08414,1.08353,1.08383,3954,,-4.613163200680848e-05,4.422857422553717,4.2175635410636225,6.3667039152205565
2024-06-20 14:00:00,1.08388,1.08494,1.08388,1.08419,6463,,0.00033210026042993374,4.49705330200064,4.225633878304835,6.3669143679705265
2024-06-20 15:00:00,1.08424,1.08429,1.08353,1.08368,6318,,-0.00047050792659021916,4.500278942482728,4.24617295918402,6.369616324895105
2024-06-20 16:00:00,1.08373,1.08373,1.08333,1.08333,2331,,-0.0003230257387307763,4.496812452837397,4.14031695578333,6.358592182211139
2024-06-20 18:00:00,1.08368,1.08368,1.08318,1.08338,1359,,4.615292310366806e-05,4.510282916613362,4.043184155150439,6.32806347180029
2024-06-20 19:00:00,1.08333,1.08388,1.08328,1.08373,1523,,0.0003230108329002619,4.5360031525910225,4.034411025419722,6.330554043506142
2024-06-20 20:00:00,1.08368,1.08388,1.08348,1.08378,1949,,4.6135888654508274e-05,4.4970614283311,4.033044074005968,6.330736318779204
2024-06-20 21:00:00,1.08378,1.08419,1.08363,1.08414,1811,,0.00033211557927325877,4.560064613802135,4.046729869193631,6.332647967841663
2024-06-20 22:00:00,1.08419,1.08489,1.08414,1.08479,2007,,0.0005993739027624017,4.704513413952884,4.089607335088263,6.340650265186104
2024-06-20 23:00:00,1.08479,1.08479,1.08444,1.08474,839,,-4.609293257868561e-05,4.643732759551218,3.834062883781318,6.340649726067617
2024-06-21 00:00:00,1.08474,1.08499,1.08469,1.08499,482,,0.00023044342024692484,4.5102272415203375,3.4761352735316358,6.338511695504902
2024-06-21 01:00:00,1.08494,1.08509,1.08464,1.08494,1866,,-4.608443591152245e-05,4.3412445846372005,3.370496007746413,6.338500187375345
2024-06-21 02:00:00,1.08489,1.08519,1.08398,1.08414,6336,,-0.0007376399545190147,4.269613021259511,3.442114170945388,6.34605492179579
2024-06-21 03:00:00,1.08414,1.08414,1.0802,1.08091,27750,,-0.0029837670227979346,6.564635913021421,4.529137165106016,6.5056667545874385
2024-06-21 04:00:00,1.08086,1.08267,1.08071,1.08222,15006,,0.001211207981166361,6.721588123568136,4.7070753604878295,6.5254979282583445
2024-06-21 05:00:00,1.08222,1.08293,1.08146,1.08288,8140,,0.0006096716275862871,6.778477026371052,4.731864177222158,6.499680184263646
2024-06-21 06:00:00,1.08288,1.08293,1.08076,1.08121,12164,,-0.0015433741956163074,7.118374333148236,4.957027814661967,6.536889149143198
2024-06-21 07:00:00,1.08126,1.08212,1.08111,1.08202,8459,,0.0007488801818164107,7.308374512805152,5.0236092154092775,6.543496302059684
2024-06-21 08:00:00,1.08202,1.08262,1.08162,1.08257,11154,,0.0005081793890172071,7.021287564240403,5.057005750008302,6.546233179704357
2024-06-21 09:00:00,1.08257,1.08293,1.08091,1.08136,19617,,-0.0011183357373941013,7.25603265589451,5.163654656127182,6.566324852150787
2024-06-21 10:00:00,1.08141,1.08293,1.08111,1.08126,17792,,-9.248041733756863e-05,7.255051794538364,5.163422647391235,6.548014824650113
2024-06-21 11:00:00,1.08126,1.08257,1.08116,1.08247,18195,,0.0011184391085143238,7.534079552196806,5.288832743838732,6.573944537789668
2024-06-21 12:00:00,1.08252,1.08272,1.08212,1.08237,5037,,-9.23855805242862e-05,7.500212407661177,5.288482458828224,6.571798283061585
2024-06-21 13:00:00,1.08232,1.08252,1.08217,1.08247,3935,,9.238558052431055e-05,7.488703846455983,5.291118945288005,6.572048501769161
2024-06-21 14:00:00,1.08247,1.08282,1.08232,1.08262,5326,,0.0001385623694533087,7.493798871243317,5.292780446121397,6.5712095284639584
2024-06-21 15:00:00,1.08257,1.08282,1.08222,1.08227,5138,,-0.000323342066385987,7.479761312988609,5.292734736629707,6.572324310082121
2024-06-21 16:00:00,1.08232,1.08262,1.08222,1.08247,3318,,0.00018477969693260683,7.4903387216379365,5.275352672505955,6.5731550839783495
2024-06-23 18:00:00,1.08227,1.08247,1.08207,1.08242,1625,,-4.6191723375318405e-05,7.456033672299032,5.24239215782191,6.564765709533241
2024-06-23 19:00:00,1.08247,1.08262,1.08182,1.08187,1259,,-0.0005082498295878991,7.383501309534271,5.244819376904976,6.567328442845385
2024-06-23 20:00:00,1.08187,1.08242,1.08156,1.08222,1416,,0.0003234615963767181,7.4254771495761664,5.254966422511662,6.569916830085157
2024-06-23 21:00:00,1.08222,1.08232,1.08146,1.08217,2005,,-4.620239421620704e-05,7.399896682880623,5.102234650390072,6.5694100034670315
2024-06-23 22:00:00,1.08217,1.08242,1.08192,1.08202,2415,,-0.0001386199919972605,7.39830089583801,5.0968805988654715,6.566743184213373
2024-06-23 23:00:00,1.08202,1.08242,1.08202,1.08227,1026,,0.00023102264586712578,7.3385553620201565,5.093974664487995,6.567263678933837
2024-06-24 00:00:00,1.08227,1.08252,1.08222,1.08252,735,,0.00023096928673104578,5.08003369320255,5.10295312140189,6.5689017890389705
2024-06-24 01:00:00,1.08252,1.08308,1.08252,1.08298,1760,,0.0004248441532384663,4.688885556643563,5.10842305550789,6.5724168500846645
2024-06-24 02:00:00,1.08298,1.08378,1.08282,1.08338,6385,,0.00036928304118017964,4.613141796568149,5.125536132067281,6.57436978423638
2024-06-24 03:00:00,1.08338,1.08459,1.08328,1.08439,10819,,0.0009318332416105913,3.8889513166134355,5.2227385990626365,6.59212772882221
2024-06-24 04:00:00,1.08434,1.08489,1.08398,1.08444,7242,,4.610780928781462e-05,3.7314741798131004,5.220697967904172,6.574488615709175
2024-06-24 05:00:00,1.08444,1.08605,1.08439,1.0854,10176,,0.000884857927439657,3.9119991024964698,5.304342891126143,5.8870803319729115
2024-06-24 06:00:00,1.08535,1.0862,1.08504,1.08615,8552,,0.0006907508736351409,3.2889405570500116,5.352716080698766,5.86783006770002
2024-06-24 07:00:00,1.0861,1.08671,1.0858,1.08671,10478,,0.0005154496952394271,3.2743725056300956,5.38013422770901,5.866226419862359
2024-06-24 08:00:00,1.08666,1.08666,1.08575,1.08661,10958,,-9.202510451337713e-05,2.91044373291777,5.380282279462404,5.861683326156504
2024-06-24 09:00:00,1.08661,1.08746,1.08661,1.08741,13388,,0.0007359638238005403,3.0086391628141333,5.432440583049969,5.873493352790052
2024-06-24 10:00:00,1.08741,1.08782,1.08585,1.0861,16333,,-0.001205423631475457,3.911664682003547,5.563919124351916,5.902072356960124
2024-06-24 11:00:00,1.08615,1.0864,1.08545,1.08585,9446,,-0.00023020787873034555,3.972410025534987,5.5676318237079965,5.902768246120503
2024-06-24 12:00:00,1.08585,1.08625,1.08575,1.08585,5238,,0.0,3.8889564743268434,5.536447464909878,5.89801916605408
2024-06-24 13:00:00,1.08585,1.08585,1.0853,1.08555,4222,,-0.0002763194270137293,3.963484798284485,5.53634254732033,5.898688297862949
2024-06-24 14:00:00,1.0856,1.08691,1.08555,1.08666,9262,,0.0010220007242529667,4.22841223004957,5.63495633954219,5.81691532100535
2024-06-24 15:00:00,1.08666,1.08696,1.08656,1.08671,3563,,4.6011493679351194e-05,4.040457288355314,5.616694742260287,5.816749938939731
2024-06-24 16:00:00,1.08666,1.08686,1.0865,1.08656,2523,,-0.00013804083269752375,4.083472667558282,5.594257492491726,5.816937211970781
2024-06-24 18:00:00,1.08645,1.08661,1.0863,1.08635,1066,,-0.00019328918423119245,4.119565703314989,5.547150622164407,5.816649068321634
2024-06-24 19:00:00,1.08635,1.0864,1.0862,1.0863,796,,-4.602674154480384e-05,4.098952015965801,5.499875064577193,5.807010722157811
2024-06-24 20:00:00,1.0863,1.08666,1.0863,1.0865,1129,,0.00018409425677905255,4.098538595026174,5.446136616104835,5.782170697177689
2024-06-24 21:00:00,1.0865,1.08676,1.0863,1.08656,1377,,5.5221668996975356e-05,4.105024170928317,5.439638949419985,5.781964967655041
2024-06-24 22:00:00,1.0865,1.08681,1.0865,1.08676,1080,,0.00018405020941642414,4.081765428431757,5.27569469679205,5.7827480594201965
2024-06-24 23:00:00,1.08676,1.08701,1.08666,1.08696,986,,0.00018401634117021625,4.066267007354243,5.263628080145478,5.781334023088717
2024-06-25 00:00:00,1.08696,1.08706,1.08671,1.08701,781,,4.599879483984175e-05,3.818721765671233,5.240127952147057,5.74808355155208
2024-06-25 01:00:00,1.08706,1.08746,1.08706,1.08721,2153,,0.000183974023386819,3.817679835806521,5.236278485969416,5.737784324835886
2024-06-25 02:00:00,1.08726,1.08726,1.0862,1.0863,4696,,-0.0008373552945895018,3.903935197271257,5.107511016119427,5.722071892494557
2024-06-25 03:00:00,1.08625,1.08635,1.08514,1.0858,9479,,-0.0004603839683544096,3.8064939420949626,5.131802973231479,5.719922406249839
2024-06-25 04:00:00,1.08575,1.08661,1.0856,1.0865,7635,,0.0006444782251334485,3.8699337178147513,5.168082674694508,5.678295857673915
2024-06-25 05:00:00,1.08645,1.08656,1.0854,1.0855,6562,,-0.0009208103781378731,4.181876916528231,5.248209051947081,5.670072536983493
2024-06-25 06:00:00,1.0855,1.0861,1.08519,1.0854,8833,,-9.212768904209422e-05,3.9258668764978037,5.225649172494276,5.66949371611544
2024-06-25 07:00:00,1.08535,1.0855,1.08393,1.08398,10952,,-0.001309129984421485,4.02240375198167,5.384615333749589,5.699280430512381
2024-06-25 08:00:00,1.08398,1.08454,1.08323,1.08348,12312,,-0.000461369537494774,4.0664896245989945,5.405192088414749,5.652702656688111
2024-06-25 09:00:00,1.08353,1.08429,1.08303,1.08328,12137,,-0.0001846074328194361,4.063372602505158,5.398266542861552,5.649891874465684
2024-06-25 10:00:00,1.08328,1.08338,1.08202,1.08308,18447,,-0.00018464151901645547,4.055156039749666,5.400913119770057,5.645458440872931
2024-06-25 11:00:00,1.08303,1.08398,1.08303,1.08343,14283,,0.0003231002885235784,3.5871036649348627,5.400333968743923,5.646669205091068
2024-06-25 12:00:00,1.08343,1.08388,1.08323,1.08348,5378,,4.614866331234736e-05,3.587127390899688,5.364691656725283,5.646212835586244
2024-06-25 13:00:00,1.08353,1.08449,1.08348,1.08434,3844,,0.0007934238498728592,3.9440074466123014,5.4263866945528,5.659068795912311
2024-06-25 14:00:00,1.08439,1.08474,1.08424,1.08464,4445,,0.0002766277253943732,3.9938251049582805,5.428648481091374,5.6609621416981
2024-06-25 15:00:00,1.08459,1.08479,1.08439,1.08464,3393,,0.0,3.995827630872083,5.428491415299765,5.660334656358568
2024-06-25 16:00:00,1.08459,1.08459,1.08414,1.08449,1861,,-0.00013830429733504028,3.968143247611491,5.378651495634794,5.660624645317484
2024-06-25 18:00:00,1.08439,1.08454,1.08424,1.08424,540,,-0.00023054967755991513,3.9653765551093385,4.438278321909747,5.65955320511402
2024-06-25 19:00:00,1.08419,1.08419,1.08383,1.08388,1139,,-0.00033208494300001717,3.946372050106088,4.292907326229509,5.66131201331456
2024-06-25 20:00:00,1.08388,1.08424,1.08358,1.08409,2186,,0.0001937296186357379,3.948888635805734,4.255035878589734,5.662042270593342
2024-06-25 21:00:00,1.08414,1.08464,1.08409,1.08459,3177,,0.0004611099921235255,4.072557515809307,3.966912510580322,5.666961174804123
2024-06-25 22:00:00,1.08459,1.08479,1.08383,1.08398,1841,,-0.0005625827306369907,4.1069575199203925,3.9492314218374216,5.672655080144192
2024-06-25 23:00:00,1.08393,1.08424,1.08388,1.08409,1224,,0.0001014727385133677,3.9264281382065955,3.9197683675995036,5.671079651444541
2024-06-26 00:00:00,1.08403,1.08414,1.08368,1.08403,1308,,-5.5347490005386436e-05,3.8714806470318712,3.743715982323835,5.6668661725229805
2024-06-26 01:00:00,1.08398,1.08409,1.08318,1.08338,3143,,-0.0005997942424244788,3.7307900810933345,3.7965472538931566,5.619300994920887
2024-06-26 02:00:00,1.08333,1.08353,1.08227,1.08247,6324,,-0.0008403167842171773,3.67970160692087,3.7310697211095603,5.628826132384891
2024-06-26 03:00:00,1.08242,1.08252,1.08146,1.08232,11583,,-0.0001385815716444911,3.6786739690338868,3.732530268917341,5.607577052491563
2024-06-26 04:00:00,1.08227,1.08288,1.08192,1.08237,7642,,4.6195991120097805e-05,3.0029456678179316,3.7316365383680856,5.588170708752898
2024-06-26 05:00:00,1.08242,1.08288,1.08172,1.08182,5560,,-0.0005082733141181277,3.023228479904303,3.7631186802497343,5.590899693038273
2024-06-26 06:00:00,1.08182,1.08182,1.08111,1.08136,8511,,-0.00042529979653440416,3.07904269423122,3.773135805549452,5.578219850259403
2024-06-26 07:00:00,1.08136,1.08237,1.08086,1.08232,10331,,0.0008873771195323282,3.507272946503728,3.875629674929081,5.59580592217333
2024-06-26 08:00:00,1.08237,1.08237,1.08061,1.08061,13657,,-0.0015811888098758334,4.350219008185934,4.187322306125125,5.631049876254334
2024-06-26 09:00:00,1.08061,1.08111,1.0795,1.08035,25880,,-0.0002406337935498362,4.341766846715392,4.164409639250784,5.627909048625703
2024-06-26 10:00:00,1.08035,1.08252,1.08035,1.08096,34528,,0.0005644724877013559,4.200254460305132,4.191928390495488,5.6291192520966735
2024-06-26 11:00:00,1.08096,1.08167,1.08041,1.08111,17986,,0.00013875591469366354,4.1617064295343456,4.194828904858977,5.629125532730626
2024-06-26 12:00:00,1.08116,1.08172,1.08086,1.08111,5861,,0.0,4.1617064295343456,4.192994817894942,5.627783680641948
2024-06-26 13:00:00,1.08111,1.08202,1.08106,1.08146,8937,,0.00032368894699924815,4.247098781263343,4.199573243965374,5.63010293066357
2024-06-26 14:00:00,1.08146,1.08146,1.08071,1.08091,7031,,-0.0005087011120767536,4.293290724418594,4.221223564519815,5.635060465354029
2024-06-26 15:00:00,1.08086,1.08106,1.08041,1.08101,6025,,9.251036122637533e-05,4.30065022198697,4.19805819303484,5.635232477236002
2024-06-26 16:00:00,1.08101,1.08106,1.08066,1.08096,2774,,-4.6254110842481537e-05,4.262772112237215,4.1781925719351,5.632693274897758
2024-06-26 18:00:00,1.08096,1.08101,1.08066,1.08081,1123,,-0.00013877517056909045,4.116591310573514,4.060240247080911,5.629660597142851
2024-06-26 19:00:00,1.08081,1.08091,1.08051,1.08071,979,,-9.252748072780624e-05,4.056270221740258,4.059082954516317,5.629112282029309
2024-06-26 20:00:00,1.08071,1.08091,1.08046,1.08056,2498,,-0.00013880727557500326,4.03008892187647,3.9439664283156652,5.629070540768391
2024-06-26 21:00:00,1.08056,1.08172,1.08056,1.08162,2042,,0.000980491989492685,4.494070004852529,4.0117399536374245,5.64987494675691
2024-06-26 22:00:00,1.08162,1.08192,1.08156,1.08172,2058,,9.244963812558533e-05,4.415074273166277,3.970768276026088,5.637491787069566
2024-06-26 23:00:00,1.08167,1.08197,1.08156,1.08187,988,,0.00013865843365927006,4.199007354635074,3.976606183301533,5.634763971983128
2024-06-27 00:00:00,1.08187,1.08227,1.08182,1.08222,1221,,0.0003234615963767181,4.236878973216583,3.911635505664458,5.634790008669831
2024-06-27 01:00:00,1.08222,1.08247,1.08197,1.08232,2340,,9.239838494203233e-05,4.239403919383776,3.7421295096840277,5.634521709949005
2024-06-27 02:00:00,1.08232,1.08267,1.08187,1.08207,6026,,-0.00023101197206754241,4.160759436901476,3.7421675045663925,5.628328279497344
2024-06-27 03:00:00,1.08202,1.08257,1.08156,1.08177,9038,,-0.0002772848287510616,4.119043476801867,3.7481034313281305,5.6210373879965525
2024-06-27 04:00:00,1.08177,1.08192,1.08081,1.08156,7134,,-0.00019414513796735204,3.811075793305712,3.7442094313835597,5.614331151437885
2024-06-27 05:00:00,1.08156,1.08288,1.08151,1.08247,8903,,0.0008410235104305042,2.9026228246616883,3.694611064533753,4.847906260433285
2024-06-27 06:00:00,1.08247,1.08323,1.08187,1.08313,7635,,0.0006095308648263695,2.9737333041812484,3.754702594661817,4.835593215201859
2024-06-27 07:00:00,1.08318,1.08318,1.08207,1.08207,7151,,-0.0009791244085384184,3.4298693721105424,3.8670494316951256,4.825846105907272
2024-06-27 08:00:00,1.08212,1.08504,1.08212,1.08474,30221,,0.002464453598940892,5.423565145853685,4.62569193920207,4.9781425164708
2024-06-27 09:00:00,1.08479,1.0855,1.08454,1.08489,22133,,0.00013827242455063466,5.4152874389765975,4.628521656902273,4.9776951711162845
2024-06-27 10:00:00,1.08494,1.0854,1.08358,1.08409,21548,,-0.0007376739631323289,5.632396133427562,4.6787669822781925,4.98522449567819
2024-06-27 11:00:00,1.08403,1.08414,1.08282,1.08353,13132,,-0.0005166957422967937,5.635259685823005,4.70238478088392,4.8316615269126215
2024-06-27 12:00:00,1.08353,1.08388,1.08313,1.08348,8425,,-4.614653371143051e-05,5.642648409206591,4.696489212457945,4.826305146412794
2024-06-27 13:00:00,1.08348,1.08368,1.08328,1.08333,3142,,-0.0001384523795254457,5.653257224354256,4.691147708466341,4.825290116376845
2024-06-27 14:00:00,1.08333,1.08363,1.08303,1.08333,5474,,0.0,5.638989545716392,4.6903522155133,4.824530771980847
2024-06-27 15:00:00,1.08338,1.08353,1.08293,1.08313,5782,,-0.0001846329962872064,5.652113931677649,4.68557566524919,4.824228454949865
2024-06-27 16:00:00,1.08313,1.08333,1.08308,1.08313,2115,,0.0,5.637655851797766,4.618599642537437,4.824076595148854
2024-06-27 18:00:00,1.08318,1.08328,1.08303,1.08313,916,,0.0,5.414001314665977,4.59962436187334,4.812152417608229
2024-06-27 19:00:00,1.08318,1.08368,1.08308,1.08348,806,,0.00032308537581244684,5.4319047637145506,4.561685345977903,4.812211678097446
2024-06-27 20:00:00,1.08353,1.08383,1.08247,1.08247,2840,,-0.0009326162406387956,5.708304063965522,4.564019956301071,4.831695155763715
2024-06-27 21:00:00,1.08252,1.08262,1.08121,1.08187,7240,,-0.0005544415529632352,5.767363652703913,4.592263736939778,4.837384971655452
2024-06-27 22:00:00,1.08187,1.08242,1.08151,1.08212,3007,,0.0002310546731842678,5.780697265322459,4.417885038860689,4.8388266018581945
2024-06-27 23:00:00,1.08212,1.08222,1.08172,1.08192,1827,,-0.00018483946744917478,5.775614099346252,4.398801002899386,4.837885826849946
2024-06-28 00:00:00,1.08192,1.08192,1.08121,1.08141,1494,,-0.0004714953423176928,5.814296413056817,4.418921746394335,4.8089831191837
2024-06-28 01:00:00,1.08141,1.08197,1.08131,1.08177,2333,,0.00033284331708271256,5.835266956879523,4.430740380528858,4.799221210977045
2024-06-28 02:00:00,1.08182,1.08257,1.08172,1.08247,6296,,0.0006468783724630405,5.756459338785581,4.468220510527293,4.809825491096086
2024-06-28 03:00:00,1.08247,1.08313,1.08187,1.08247,10654,,0.0,5.647571215634329,4.467815704958687,4.796130320806734
2024-06-28 04:00:00,1.08242,1.08282,1.08202,1.08252,9091,,4.6189589798341196e-05,5.374181280224615,4.391457596982814,4.774186358461329
2024-06-28 05:00:00,1.08252,1.08368,1.08207,1.08363,8026,,0.001024859863958052,3.5711192264505303,4.507385705918737,4.7815105370956354
2024-06-28 06:00:00,1.08368,1.08383,1.08323,1.08373,5841,,9.22781633608994e-05,3.564240776533783,4.508663523412462,4.774889663389197
2024-06-28 07:00:00,1.08373,1.08393,1.08197,1.08247,6710,,-0.0011633276171173614,3.886609831933062,4.652780889754136,4.7544179423277075
2024-06-28 08:00:00,1.08247,1.08494,1.08232,1.08323,21297,,0.0007018516241378396,4.02090286407791,4.705675390465544,4.717358737071648
2024-06-28 09:00:00,1.08328,1.08353,1.08202,1.08257,16005,,-0.0006094745779205638,4.152485183060403,4.732965599766595,4.638779830409496
2024-06-28 10:00:00,1.08257,1.08504,1.08202,1.08464,40187,,0.0019102907696889279,5.35518887244154,5.111147898123443,4.723324262423698
2024-06-28 11:00:00,1.08464,1.08464,1.08373,1.08388,21423,,-0.0007009389178949447,5.516649965328827,5.138733868327671,4.733588859539218
2024-06-28 12:00:00,1.08388,1.08489,1.08373,1.08434,10607,,0.00042431119250035563,5.544421368449445,5.125636137057836,4.738205579154637
2024-06-28 13:00:00,1.08434,1.0853,1.08414,1.08419,6510,,-0.00013834256407731446,5.5540661617663245,5.126689766652777,4.736828228020208
2024-06-28 14:00:00,1.08424,1.08464,1.08383,1.08398,7034,,-0.00019371174830087296,5.569689351021309,5.130144472846266,4.737396671764164
2024-06-28 15:00:00,1.08398,1.08403,1.08333,1.08388,7914,,-9.22568801222156e-05,5.549100620846441,5.094578361974539,4.737156387212924
2024-06-28 16:00:00,1.08383,1.08419,1.08358,1.08409,3538,,0.0001937296186357379,5.2734338521020145,5.023423629948189,4.738075665912182
2024-06-30 18:00:00,1.08585,1.08696,1.0858,1.0864,4791,,0.002128552421035421,6.231352912446138,5.445716103969002,4.849206756661048
2024-06-30 19:00:00,1.08645,1.08671,1.0861,1.08625,2264,,-0.00013808022482999743,6.2601757266501235,5.4494304449446,4.848665876241294
2024-06-30 20:00:00,1.08625,1.08777,1.0862,1.08731,6928,,0.0009753584755274687,6.3630345017054015,5.49432880310558,4.871214019003714
2024-06-30 21:00:00,1.08731,1.08897,1.08706,1.08756,10683,,0.00022989879956148083,6.225832602650299,5.471357318089231,4.869149269762987
2024-06-30 22:00:00,1.08761,1.08832,1.08746,1.08832,3566,,0.0006985679641398434,6.267395497237895,5.44656531615585,4.873469843187887
2024-06-30 23:00:00,1.08827,1.08842,1.08792,1.08802,1133,,-0.0002756922189548161,6.310902822029382,5.186943784630006,4.8698036129612525
2024-07-01 00:00:00,1.08802,1.08867,1.08797,1.08822,3141,,0.00018380325751107024,6.295271651980343,5.1746953815005226,4.803618701293162
2024-07-01 01:00:00,1.08822,1.08897,1.08817,1.08837,5442,,0.00013783027601664988,6.287149277244956,5.154903143119313,4.749293467007053
2024-07-01 02:00:00,1.08832,1.09039,1.08827,1.08973,16451,,0.001248794983464549,6.384105103988944,5.279368037615687,4.782580350223302
2024-07-01 03:00:00,1.08973,1.09003,1.08787,1.08817,16759,,-0.001432572906739953,7.043932390493338,5.507191395447203,4.810743502674219
2024-07-01 04:00:00,1.08812,1.08993,1.08771,1.08958,12625,,0.001294914656893,6.818031422399126,5.631029396225987,4.847726747872457
2024-07-01 05:00:00,1.08953,1.08958,1.08832,1.08847,8248,,-0.0010192604358003445,7.165177411423193,5.712636947799385,4.867596532179288
2024-07-01 06:00:00,1.08842,1.08842,1.08741,1.08751,11087,,-0.0008823611083603723,7.283060262153346,5.799954400356867,4.799165513144157
2024-07-01 07:00:00,1.08756,1.08797,1.08696,1.08761,9916,,9.194895000765584e-05,6.600215382061184,5.798043503470539,4.729819014718347
2024-07-01 08:00:00,1.08761,1.08771,1.08666,1.08751,12960,,-9.194895000772336e-05,6.4371352100238175,5.796238688349108,4.701531186545765
2024-07-01 09:00:00,1.08756,1.08867,1.08751,1.08822,21587,,0.0006526545345263334,6.478285630447098,5.818711764183495,4.711596636575158
2024-07-01 10:00:00,1.08827,1.09018,1.0855,1.08565,29864,,-0.002364447917605946,7.8387096324568475,6.325387506816894,4.853617879948554
2024-07-01 11:00:00,1.08565,1.08575,1.08464,1.0854,21565,,-0.00023030331047658992,7.8428450198369415,6.264886090287167,4.854256519604789
2024-07-01 12:00:00,1.0854,1.08605,1.08509,1.08585,8767,,0.0004145077779557531,7.859897839429116,6.2750298624791,4.84934001272115
2024-07-01 13:00:00,1.08585,1.08605,1.0855,1.0856,4481,,-0.00023026088660080713,7.876786436329129,6.281429240724259,4.850147638741781
2024-07-01 14:00:00,1.0856,1.0857,1.08509,1.0856,7360,,0.0,6.916914289127364,6.275775204813702,4.84991913175539
2024-07-01 15:00:00,1.08565,1.08666,1.0856,1.0865,7063,,0.0008286911758250613,7.074384668632111,6.32398945147799,4.863032163687179
2024-07-01 16:00:00,1.0865,1.08696,1.08645,1.08676,2541,,0.00023927187841332872,6.867941956413155,6.319106299178342,4.864170658950497
2024-07-01 18:00:00,1.08671,1.08686,1.0863,1.0863,1363,,-0.00042336613519251706,6.884605849302486,6.329079495195308,4.868313864258281
2024-07-01 19:00:00,1.0863,1.08635,1.08615,1.0862,713,,-9.205983896026144e-05,6.7438988922598195,6.325546802105865,4.867803856122284
2024-07-01 20:00:00,1.08625,1.08645,1.08585,1.0861,2271,,-9.20683147545656e-05,6.736009072022507,6.27835829547798,4.868054622573669
2024-07-01 21:00:00,1.0861,1.08625,1.0858,1.086,1770,,-9.207679210961477e-05,6.7175924373449005,6.254396502288083,4.868232004969363
2024-07-01 22:00:00,1.08605,1.0862,1.0858,1.0861,1154,,9.207679210971258e-05,6.712860026964691,6.1666012550805,4.865653534884345
2024-07-01 23:00:00,1.0861,1.08615,1.08565,1.0858,1447,,-0.0002762558146396426,6.241602696963477,5.665608363793877,4.866751769980678
2024-07-02 00:00:00,1.08585,1.0859,1.0854,1.08555,1744,,-0.00023027149110439073,5.809160405585356,5.66955496956432,4.867403497815796
2024-07-02 01:00:00,1.08555,1.0859,1.08524,1.08575,2721,,0.0001842214346848901,5.241013454275925,5.620244775539769,4.857694016790903
2024-07-02 02:00:00,1.0858,1.08615,1.08504,1.08509,6619,,-0.0006080595717191331,5.076632102720659,5.630019989580179,4.864517700912279
2024-07-02 03:00:00,1.08509,1.0854,1.08373,1.08439,14697,,-0.0006453159506351909,4.984497183102678,5.669668639116572,4.8747217648333905
2024-07-02 04:00:00,1.08434,1.08499,1.08398,1.08464,8058,,0.0002305177900787256,5.0110995555242726,5.671600624118623,4.875984864731523
2024-07-02 05:00:00,1.08464,1.08484,1.08358,1.08368,7113,,-0.0008854782160619908,5.17581846181857,5.7440371509089845,4.892011691380295
2024-07-02 06:00:00,1.08363,1.08444,1.08358,1.08429,7864,,0.0005627384291274096,5.132150190837042,5.767655020428349,4.898604025985278
2024-07-02 07:00:00,1.08429,1.08504,1.08409,1.08494,5546,,0.000599291010592772,3.4207553711775023,5.7970637673662795,4.907540977256289
2024-07-02 08:00:00,1.08499,1.08595,1.08494,1.08575,13032,,0.0007463065086176391,3.6547558061586605,5.84164351364704,4.912169988250697
2024-07-02 09:00:00,1.08575,1.08726,1.08555,1.08686,22822,,0.0010218125633034622,4.001603599736541,5.917944313670255,4.936536228134761
2024-07-02 10:00:00,1.08691,1.08731,1.08499,1.08686,28118,,0.0,3.9708283109087104,5.8323543314327,4.936342792438911
2024-07-02 11:00:00,1.08691,1.08701,1.0859,1.08615,12983,,-0.000653471475295267,4.159337424481688,5.844014463421186,4.925577232875374
2024-07-02 12:00:00,1.08615,1.0862,1.08565,1.0858,5091,,-0.00032229103158865237,3.926765204057419,5.854372579733034,4.924805246109058
2024-07-02 13:00:00,1.08575,1.08666,1.08575,1.0864,5448,,0.0005524353330809516,4.03203834191842,5.869981444723938,4.931532055405184
2024-07-02 14:00:00,1.0864,1.08691,1.0864,1.08681,5768,,0.00037732203041997126,4.0152691301551116,5.851716128104211,4.9317041681739955
2024-07-02 15:00:00,1.08681,1.08726,1.08671,1.08716,4998,,0.00032199156660283305,4.04181708430112,5.851251339797536,4.933431955238232
2024-07-02 16:00:00,1.08716,1.08726,1.08706,1.08711,1360,,-4.5992448048039164e-05,4.037665367909817,5.8240733275256735,4.930155147426245
2024-07-02 18:00:00,1.08761,1.08761,1.08706,1.08746,688,,0.00032190272377747436,4.0565792402068475,5.8289993140927585,4.918874905220781
2024-07-02 19:00:00,1.08746,1.08751,1.08726,1.08736,1371,,-9.196163367127433e-05,4.06559727194279,5.831389196840262,4.916460809047347
2024-07-02 20:00:00,1.08736,1.08802,1.08731,1.08736,2756,,0.0,4.021448419679851,5.750364548115957,4.916420870958697
2024-07-02 21:00:00,1.08731,1.08731,1.08661,1.08681,1879,,-0.0005059402086610685,4.11484606090837,5.777930886973658,4.920911817135794
2024-07-02 22:00:00,1.08676,1.08726,1.08676,1.08696,2604,,0.00013800908121644535,4.111116864639383,5.64460832072247,4.920910802604585
2024-07-02 23:00:00,1.08696,1.08711,1.08686,1.08696,796,,0.0,3.9306387792447253,5.6078074345669275,4.899647834151074
2024-07-03 00:00:00,1.08691,1.08706,1.08681,1.08686,505,,-9.200393783341372e-05,3.7147405627556536,5.568666669341144,4.878282151834463
2024-07-03 01:00:00,1.08686,1.08686,1.0862,1.08645,3704,,-0.00037730466878991035,3.8032488190274703,5.25689692589486,4.876310709746362
2024-07-03 02:00:00,1.08645,1.08741,1.0863,1.08731,6490,,0.0007912557456844751,3.5530860161934066,5.258332410026302,4.891423678535398
2024-07-03 03:00:00,1.08726,1.08877,1.08726,1.08857,12058,,0.001158152233430347,3.8981774595503462,5.362092898443576,4.9234446785578365
2024-07-03 04:00:00,1.08852,1.08903,1.08817,1.08847,8012,,-9.186785733864899e-05,3.856178419431548,5.360490016759672,4.922757238732326
2024-07-03 05:00:00,1.08842,1.08887,1.08802,1.08812,5521,,-0.0003216039796349096,3.7880235212604445,5.368365595546814,4.87818301429785
2024-07-03 06:00:00,1.08812,1.08887,1.08787,1.08847,4278,,0.0003216039796347916,3.4296902341924187,5.372133171206807,4.818314028181749
2024-07-03 07:00:00,1.08842,1.08882,1.08822,1.08837,4940,,-9.187629781732726e-05,3.439708118690002,5.3730663150255635,4.798754753282915
2024-07-03 08:00:00,1.08837,1.09049,1.08812,1.09008,21366,,0.001569923891954513,4.067961945316209,5.178978684289266,4.860133841188853
2024-07-03 09:00:00,1.09008,1.0919,1.08983,1.0916,19379,,0.0013934218088253953,4.467342079286301,5.345612330945071,4.907500979855012
2024-07-03 10:00:00,1.09165,1.09437,1.09165,1.09326,47508,,0.0015195484556589512,4.954471165319597,5.4654290630033335,4.959212973149874
2024-07-03 11:00:00,1.09321,1.09356,1.09235,1.09255,18995,,-0.0006496447769665167,5.227508593666465,5.513633581035335,4.966440809767934
2024-07-03 12:00:00,1.0925,1.09265,1.09185,1.0922,9660,,-0.00032040279482228336,5.323068820400296,5.49060997062034,4.968247519989726
2024-07-03 13:00:00,1.0922,1.0922,1.09079,1.09099,5909,,-0.0011084698298312475,5.798628230986108,5.605161103075305,4.998688240635815
2024-07-03 14:00:00,1.09094,1.09109,1.09039,1.09059,5817,,-0.0003667067029239804,5.8675176794582455,5.618464846943069,5.00215356214009
2024-07-03 15:00:00,1.09059,1.09139,1.09054,1.09109,5197,,0.0004583623709746394,5.875196122789475,5.6336007570570095,5.006027115096753
2024-07-03 16:00:00,1.09109,1.0915,1.09104,1.09139,1162,,0.00027491661036030933,5.869140107303488,5.503015598304529,5.00709667555478
2024-07-03 18:00:00,1.09129,1.0915,1.09119,1.09139,796,,0.0,5.7441688013507175,5.298099912809484,5.004820879152875
2024-07-03 19:00:00,1.09139,1.0916,1.09129,1.09155,1024,,0.00014659129457196,5.743844536580918,5.1445536539795045,5.004670866474906
2024-07-03 20:00:00,1.0916,1.09185,1.09134,1.09175,1668,,0.00018320890446517178,5.731274288536886,5.033583527908216,5.0050623466519655
2024-07-03 21:00:00,1.09175,1.09195,1.09129,1.09155,1874,,-0.00018320890446511936,5.749237987127771,4.949045082311536,5.00455489632906
2024-07-03 22:00:00,1.09155,1.0916,1.09109,1.09109,1053,,-0.0004215079049323654,5.764235475215109,4.972630864049644,5.008508490772638
2024-07-03 23:00:00,1.09109,1.09119,1.09079,1.09099,985,,-9.165566805063126e-05,5.686288790557857,4.972622094653299,5.00071292862503
2024-07-04 00:00:00,1.09099,1.09119,1.09094,1.09114,738,,0.00013748035198298618,5.390396050479204,4.935727709808634,4.995009269126597
2024-07-04 01:00:00,1.09114,1.09155,1.09094,1.0915,1873,,0.0003298757497932852,5.388043190001685,4.286184329531828,4.995129579175605
2024-07-04 02:00:00,1.09144,1.0918,1.09094,1.09175,5029,,0.00022901637567181813,5.322898407768438,4.27584168532273,4.993453099570128
2024-07-04 03:00:00,1.0917,1.09215,1.09134,1.0919,6221,,0.00013738465435033588,5.31544866293047,4.263797381104272,4.961929316322419
2024-07-04 04:00:00,1.0919,1.09281,1.09185,1.09265,6627,,0.0006866402961405628,5.371382774386828,4.291908693680798,4.972610130775874
2024-07-04 05:00:00,1.0926,1.09276,1.09205,1.09225,3931,,-0.0003661494846160386,4.822373422463108,4.317013340840329,4.9706573844183595
2024-07-04 06:00:00,1.0923,1.0926,1.0919,1.0926,3698,,0.00032038813007200943,4.230549405418801,4.259052289067142,4.971927580944581
2024-07-04 07:00:00,1.0926,1.09271,1.09215,1.0922,4251,,-0.0003661662435639175,3.3102898162059367,4.281102665623215,4.972483522833452
2024-07-04 08:00:00,1.0922,1.09265,1.0921,1.0922,4404,,0.0,3.122183776482297,4.250742266528592,4.97234282698575
2024-07-04 09:00:00,1.0922,1.0926,1.09195,1.0926,4638,,0.00036616624356386517,3.137362731582759,4.255486642057725,4.974375185504305
2024-07-04 10:00:00,1.0926,1.09341,1.0924,1.09331,6106,,0.0006496150573154561,2.5648239901367513,4.286581344580503,4.982592911219278
2024-07-04 11:00:00,1.09336,1.09386,1.09321,1.09356,4875,,0.00022863727710297318,2.4202681689210785,4.283154220960615,4.983283461364209
2024-07-04 12:00:00,1.09356,1.09386,1.09346,1.09371,1857,,0.00013715727846587826,2.347435689960922,4.283139345315689,4.983454894077881
2024-07-04 13:00:00,1.09366,1.09376,1.09356,1.09366,520,,-4.571700261828623e-05,2.3462631572339543,4.267702331595182,4.983454080403026
2024-07-04 14:00:00,1.09366,1.09376,1.09361,1.09371,532,,4.571700261820625e-05,2.3411609649413125,4.253439725685137,4.983453787938476
2024-07-04 15:00:00,1.09371,1.09381,1.09366,1.09381,456,,9.14277355815217e-05,2.340094558045492,4.25313145120717,4.983452097218339
2024-07-04 16:00:00,1.09381,1.09386,1.09361,1.09371,543,,-9.142773558156021e-05,2.358943813794861,4.193275841454517,4.983651983761634
2024-07-04 18:00:00,1.09371,1.09397,1.09346,1.09366,1044,,-4.571700261828623e-05,2.3201108201638285,4.121961826891947,4.98365117927484
2024-07-04 19:00:00,1.09361,1.09366,1.09341,1.09346,1141,,-0.00018288891378384362,2.1835959247151977,4.133728174145506,4.975022918577484
2024-07-04 20:00:00,1.09351,1.09427,1.09346,1.09397,2391,,0.00046630064435524234,2.2357478936685955,4.0126746500205295,4.9787666227960266
2024-07-04 21:00:00,1.09391,1.09422,1.09381,1.09402,2219,,4.570404801546464e-05,2.241294415080404,3.9926777994673652,4.978665384232128
2024-07-04 22:00:00,1.09402,1.09427,1.09386,1.09422,896,,0.0001827953063255753,2.2143499748610664,3.96632621835348,4.973530278109628
2024-07-04 23:00:00,1.09422,1.09487,1.09422,1.09467,3600,,0.00041116730976867093,2.2638339348343814,3.9280673320153308,4.969892658897993
2024-07-05 00:00:00,1.09462,1.09472,1.09447,1.09467,966,,0.0,2.2756687581940254,3.8245593623303042,4.955474153090918
2024-07-05 01:00:00,1.09467,1.09467,1.09437,1.09462,1644,,-4.5676908960310795e-05,2.046897747371494,3.82629489566168,4.942385620474754
2024-07-05 02:00:00,1.09462,1.09507,1.09437,1.09442,5896,,-0.000182728502500122,1.9387616614075343,3.7574992527585347,4.929378402346517
2024-07-05 03:00:00,1.09437,1.09553,1.09412,1.09538,9964,,0.000876792457303147,2.340588251519903,3.803291550103792,4.945435075785797
2024-07-05 04:00:00,1.09533,1.09553,1.09472,1.09528,7142,,-9.129668690661067e-05,2.200847648528464,3.7877262311026736,4.901828628615422
2024-07-05 05:00:00,1.09523,1.09558,1.09502,1.09512,6526,,-0.00014609203824369384,2.244822068094804,3.7899494256143598,4.899147913827949
2024-07-05 06:00:00,1.09512,1.09568,1.09472,1.09492,6781,,-0.00018264506635142842,2.266519593199586,3.797186641881029,4.894600014367068
2024-07-05 07:00:00,1.09492,1.09502,1.09432,1.09437,8226,,-0.0005024460090445435,2.272450097823776,3.8448166929062375,4.899996845509462
2024-07-05 08:00:00,1.09442,1.09669,1.0921,1.09548,40814,,0.001013768153128842,2.8158028951178156,3.945170336393703,4.872195847971427
2024-07-05 09:00:00,1.09543,1.09593,1.09386,1.09437,24436,,-0.0010137681531288214,3.401781160179359,4.1019667205509815,4.899784699405276
2024-07-05 10:00:00,1.09442,1.09507,1.09351,1.09487,17252,,0.00045677952960255114,3.477490186454853,4.1153553159612475,4.903916181592359
2024-07-05 11:00:00,1.09482,1.09558,1.09442,1.09528,11684,,0.00037440358403710366,3.5213076223491546,4.073961554040902,4.904571185952597
2024-07-05 12:00:00,1.09528,1.09548,1.09477,1.09507,5989,,-0.00019175017749992134,3.550574133131916,4.0866789677600845,4.899427565889931
2024-07-05 13:00:00,1.09502,1.09553,1.09497,1.09523,4988,,0.00014609870819943206,3.542864242368704,4.084770711680696,4.896374721133454
2024-07-05 14:00:00,1.09528,1.09618,1.09518,1.09613,7129,,0.0008214077564649319,3.7669532998173696,4.137329018109565,4.911293957208067
2024-07-05 15:00:00,1.09618,1.09674,1.09613,1.09659,7067,,0.0004195702203181485,3.762105120301812,4.112166539361464,4.9128423672215416
2024-07-05 16:00:00,1.09664,1.09664,1.09623,1.09638,1706,,-0.00019152108842522873,3.756024406049959,4.07445514497747,4.914245134021987
2024-07-07 18:00:00,1.09402,1.09573,1.09402,1.09492,4530,,-0.0013325425236524397,4.518451264450862,4.200884218204368,4.9587302848851635
2024-07-07 19:00:00,1.09487,1.09523,1.09462,1.09497,1608,,4.5664394109909335e-05,4.5110507583998025,4.196815172246645,4.9510202598114645
2024-07-07 20:00:00,1.09497,1.09533,1.09432,1.09457,2904,,-0.0003653735528465805,4.506636931136657,4.201541673540833,4.954816540409844
2024-07-07 21:00:00,1.09457,1.09538,1.09447,1.09533,2303,,0.0006940956486705591,4.667636394166709,4.238300195764881,4.96447273193251
2024-07-07 22:00:00,1.09533,1.09548,1.09487,1.09502,1209,,-0.0002830597868556605,4.698064271257077,4.2517156625645,4.9668146556899595
2024-07-07 23:00:00,1.09507,1.09603,1.09502,1.09558,2036,,0.000511275460785814,4.75817612272412,4.00246941335971,4.9574813669124955
2024-07-08 00:00:00,1.09558,1.09558,1.09512,1.09528,1054,,-0.0002738650592690072,4.539732441769347,3.7875511434842504,4.729693419339955
2024-07-08 01:00:00,1.09528,1.09543,1.09452,1.09467,3004,,-0.0005570903589361109,4.6392308351474485,3.53013638323054,4.70440157408155
2024-07-08 02:00:00,1.09467,1.09533,1.09391,1.09462,8880,,-4.5676908960310795e-05,4.634368145770763,3.4638916328047227,4.696356785951473
2024-07-08 03:00:00,1.09462,1.09623,1.09452,1.09613,10316,,0.0013785235550606571,5.221039845913557,3.698934017768492,4.676457477917095
2024-07-08 04:00:00,1.09608,1.09679,1.09588,1.09628,9518,,0.0001368357198097334,5.12108015909732,3.5017779800177014,4.6640667688544735
2024-07-08 05:00:00,1.09623,1.09659,1.09593,1.09623,6235,,-4.560982618871026e-05,4.834261084511769,3.474464238486013,4.658872121828862
2024-07-08 06:00:00,1.09618,1.09638,1.09477,1.09543,7348,,-0.0007300402758920364,4.660529446974424,3.547984452540471,4.639089874675249
2024-07-08 07:00:00,1.09538,1.09578,1.09512,1.09578,5289,,0.00031945820161148776,4.628233592234272,3.550951480616593,4.640404375524111
2024-07-08 08:00:00,1.09578,1.09689,1.09563,1.09674,11302,,0.0008757047245624575,4.821078714899645,3.6417210032708804,4.628392405269647
2024-07-08 09:00:00,1.09679,1.09699,1.09623,1.09649,12585,,-0.00022797426725223587,4.827664901060059,3.6542535365801134,4.6299027481516495
2024-07-08 10:00:00,1.09654,1.09689,1.09563,1.09588,14353,,-0.0005564754268132546,4.943214140940895,3.7069358357859405,4.639512251778934
2024-07-08 11:00:00,1.09588,1.09603,1.09553,1.09588,10449,,0.0,4.726034272244531,3.6990208675697316,4.639364922363538
2024-07-08 12:00:00,1.09583,1.09603,1.09528,1.09568,6236,,-0.00018251838923431728,4.666869066197172,3.6744350291940653,4.63713850637828
2024-07-08 13:00:00,1.09563,1.09578,1.09533,1.09563,3442,,-4.563480293387589e-05,4.6588304964753755,3.672650067858898,4.6368877616976745
2024-07-08 14:00:00,1.09558,1.09563,1.09472,1.09502,7647,,-0.0005569123463501713,4.136777406963466,3.7255032684114835,4.646211553764823
2024-07-08 15:00:00,1.09502,1.09507,1.09462,1.09487,4465,,-0.00013699318252030995,4.143190594194753,3.7202105633573885,4.639031580463986
2024-07-08 16:00:00,1.09487,1.09492,1.09467,1.09472,1333,,-0.00013701195222370197,4.098680000628133,3.7204452017414504,4.637913548466654
2024-07-08 18:00:00,1.09477,1.09492,1.09477,1.09492,753,,0.00018267843166552752,3.9182315296928443,3.7218722988153035,4.638175374853475
2024-07-08 19:00:00,1.09492,1.09553,1.09487,1.09538,1278,,0.0004200337915018072,3.9578031440709616,3.6842682700059943,4.640887667540293
2024-07-08 20:00:00,1.09543,1.09568,1.09497,1.09507,1675,,-0.0002830468644066218,3.881988159136264,3.675775509395281,4.642880111786379
2024-07-08 21:00:00,1.09507,1.09533,1.09462,1.09472,1859,,-0.0003196653587608501,3.892202535250101,3.6824237746979795,4.645479941253789
2024-07-08 22:00:00,1.09467,1.09507,1.09427,1.09497,2265,,0.0002283428257756956,3.7890627418478124,3.6648105039005223,4.6425800865436795
2024-07-08 23:00:00,1.09502,1.09533,1.09497,1.09512,953,,0.00013698067224138103,3.7932625478481974,3.6657733422206737,4.640032534621364
2024-07-09 00:00:00,1.09518,1.09548,1.09512,1.09533,752,,0.0001917414235826615,2.8991688442341537,3.654248654760624,4.6198369777622315
2024-07-09 01:00:00,1.09533,1.09538,1.09497,1.09523,2152,,-9.130085463945428e-05,2.8828474204971863,3.6032335571688945,4.62028829084491
2024-07-09 02:00:00,1.09518,1.09538,1.09477,1.09482,3618,,-0.00037442067970127235,2.938185536006263,3.6198557149440367,4.605824907365296
2024-07-09 03:00:00,1.09482,1.09533,1.09407,1.09412,8706,,-0.0006395789961002003,2.8765096085675133,3.6774514125454565,4.606268196809339
2024-07-09 04:00:00,1.09407,1.09477,1.09381,1.09462,6381,,0.00045688387720567463,2.943340853189365,3.7046906941168927,4.604856543956691
2024-07-09 05:00:00,1.09457,1.09497,1.09422,1.09462,5910,,0.0,2.409341743400879,3.7045816998627794,4.60449147445395
2024-07-09 06:00:00,1.09462,1.09518,1.09432,1.09457,3893,,-4.5678995435350175e-05,2.398566289155934,3.7041963953987156,4.591388636027653
2024-07-09 07:00:00,1.09452,1.09472,1.09356,1.09371,6288,,-0.0007860054876670699,2.568568466559792,3.7886734689375956,4.568638411937048
2024-07-09 08:00:00,1.09376,1.09412,1.09361,1.09391,8385,,0.0001828471128963814,2.610365946046369,3.7927936108706906,4.5674867768523235
2024-07-09 09:00:00,1.09397,1.09497,1.09391,1.09452,11119,,0.0005574772926692017,2.834413639443064,3.8281099382849924,4.574834265567893
2024-07-09 10:00:00,1.09457,1.09523,1.09331,1.09386,17581,,-0.0006031859366387288,2.991310531292393,3.8497223099171416,4.58299930405389
2024-07-09 11:00:00,1.09391,1.09427,1.09291,1.09361,12945,,-0.0002285745643035026,2.8772920845063705,3.8561055287471677,4.558496238241096
2024-07-09 12:00:00,1.09361,1.09397,1.09291,1.09326,5806,,-0.00032009218928283123,2.909429784173562,3.8638795407676154,4.561651599463235
2024-07-09 13:00:00,1.09331,1.09371,1.09296,1.09321,5220,,-4.5735820760041374e-05,2.9074241332187265,3.839419258687059,4.5610808933329405
2024-07-09 14:00:00,1.09321,1.09371,1.09311,1.09361,5337,,0.0003658280100428694,2.9745626565858836,3.859109229646898,4.5628891952730335
2024-07-09 15:00:00,1.09366,1.09391,1.09341,1.09376,2945,,0.00013715100804645553,2.8680594685876972,3.862039450624359,4.563070100243592
2024-07-09 16:00:00,1.09376,1.09402,1.09366,1.09376,1096,,0.0,2.8445284683006236,3.8581677484661148,4.562432710344884
2024-07-09 18:00:00,1.09356,1.09386,1.09356,1.09371,542,,-4.5714912669676037e-05,2.8044886286428015,3.750466208063537,4.5625492291016005
2024-07-09 19:00:00,1.09376,1.09391,1.09366,1.09371,656,,0.0,2.761122168179157,3.749942649211444,4.561900963044555
2024-07-09 20:00:00,1.09366,1.09397,1.09341,1.09346,2487,,-0.00022860591640211676,2.7523011209996238,3.7536119299756585,4.5629327234106825
2024-07-09 21:00:00,1.09346,1.09381,1.09341,1.09371,2594,,0.0002286059164021149,2.764429768527024,3.758644086091106,4.5640318609608155
2024-07-09 22:00:00,1.09376,1.09402,1.09351,1.09397,2085,,0.00023769472795312943,2.816586243631694,3.7343193939614503,4.564564015904986
2024-07-09 23:00:00,1.09397,1.09442,1.09397,1.09427,1597,,0.00027419296044254053,2.810147343072913,3.5986274700109075,4.5462743452055285
2024-07-10 00:00:00,1.09427,1.09432,1.09402,1.09412,1625,,-0.0001370870824990235,2.5874367904108344,3.4548303269972975,4.540594627755651
2024-07-10 01:00:00,1.09417,1.09442,1.09391,1.09407,1926,,-4.569987067718219e-05,2.448839276561719,3.4228461433343202,4.530606542124105
2024-07-10 02:00:00,1.09407,1.09467,1.09376,1.09452,6710,,0.00041122367034590905,2.563976354215913,3.4273057446611395,4.510191686309946
2024-07-10 03:00:00,1.09452,1.09482,1.09381,1.09391,8234,,-0.0005574772926692206,2.7386172476798856,3.466460948793383,4.519128888484013
2024-07-10 04:00:00,1.09386,1.09427,1.09351,1.09386,8782,,-4.5708643969563164e-05,2.3653781163115664,3.462519046045026,4.470574531618614
2024-07-10 05:00:00,1.09381,1.09482,1.09371,1.09417,9037,,0.00028335991926453603,2.3954498614583835,3.369236104793221,4.465441511408954
2024-07-10 06:00:00,1.09417,1.09467,1.09366,1.09447,5728,,0.0002741428484162187,2.235352333490492,3.3524739632905267,4.465555750190362
2024-07-10 07:00:00,1.09447,1.09497,1.09427,1.09487,6260,,0.00036540693035405235,2.0318590202956615,3.3719251513551574,4.466996852876354
2024-07-10 08:00:00,1.09482,1.09507,1.09462,1.09497,8002,,9.133087355201657e-05,1.9693718822713397,3.0968749028763782,4.46492489335001
2024-07-10 09:00:00,1.09497,1.09518,1.09427,1.09452,13909,,-0.00041105463494811313,2.0309594107623994,3.1239157935989024,4.470490690847766
2024-07-10 10:00:00,1.09457,1.09512,1.09427,1.09462,13552,,9.136007753689477e-05,2.0227329114543178,3.1037735777623046,4.455082500582766
2024-07-10 11:00:00,1.09457,1.09507,1.09437,1.09457,8264,,-4.5678995435350175e-05,1.9529400154141705,3.022168140377939,4.453705050551445
2024-07-10 12:00:00,1.09457,1.09507,1.09447,1.09502,5111,,0.00041103586181495574,2.0502337399878603,3.038550151158761,4.457474877650193
2024-07-10 13:00:00,1.09497,1.09512,1.09437,1.09452,5019,,-0.00045671694391650786,2.2364292392993415,3.0269855374964076,4.463283045935646
2024-07-10 14:00:00,1.09447,1.09482,1.09402,1.09477,4478,,0.0002283845457537966,2.2557555086293832,3.0251493316877256,4.4623132856882615
2024-07-10 15:00:00,1.09482,1.09523,1.09467,1.09523,3347,,0.00042009133037890467,2.3436213692838033,3.0022548986464623,4.4624704513968325
2024-07-10 16:00:00,1.09518,1.09538,1.09502,1.09533,1185,,9.130085463951507e-05,2.2792607948014285,3.0028696907647237,4.46190703632021
2024-07-10 18:00:00,1.09553,1.09553,1.09523,1.09543,1874,,9.129251955427998e-05,2.264263741149309,2.6604481812653145,4.457159846918395
2024-07-10 19:00:00,1.09548,1.09583,1.09528,1.09548,2283,,4.56431345960243e-05,2.24585639416608,2.656839052698093,4.447222943737543
2024-07-10 20:00:00,1.09548,1.09583,1.09543,1.09568,1890,,0.0001825517082781925,2.2247549461594254,2.663761298041761,4.447664140710111
2024-07-10 21:00:00,1.09568,1.09618,1.09538,1.09608,1649,,0.00036500347158524907,2.251193155868713,2.585373618280425,4.450221836234179
2024-07-10 22:00:00,1.09608,1.09618,1.09588,1.09588,1535,,-0.00018248508235097242,2.289579793105591,2.5728484105681284,4.440275739991228
2024-07-10 23:00:00,1.09588,1.09603,1.09573,1.09598,930,,9.124670377623274e-05,2.209628987443911,2.4153511278851805,4.418704374015373
2024-07-11 00:00:00,1.09598,1.09603,1.09568,1.09583,889,,-0.00013687317808942147,1.9355104800101164,2.4087061604807203,4.418686780701377
2024-07-11 01:00:00,1.09583,1.09593,1.09563,1.09563,1251,,-0.00018252671785501536,1.9796449691631426,2.350295444614521,4.420161672238171
2024-07-11 02:00:00,1.09563,1.09613,1.09538,1.09553,6627,,-9.127585394916527e-05,1.964790140041001,2.351930065556501,4.412150096219146
2024-07-11 03:00:00,1.09553,1.09618,1.09538,1.09613,7879,,0.0005475301962801393,2.110794787649614,2.4090658951373825,4.412621124553253
2024-07-11 04:00:00,1.09608,1.09694,1.09598,1.09694,9069,,0.0007386905450645273,2.359047720229564,2.5177967962325245,4.406404234758474
2024-07-11 05:00:00,1.09689,1.09749,1.09649,1.09689,8956,,-4.55823833284661e-05,2.3716036697422154,2.4491129542280667,4.332125114382195
2024-07-11 06:00:00,1.09684,1.09744,1.09674,1.09704,6963,,0.00013674091719779013,2.189275881817693,2.4455763975481535,4.3297438356714055
2024-07-11 07:00:00,1.09704,1.098,1.09704,1.0977,6080,,0.000601438001672064,2.3458449935091408,2.5046207916869156,4.330825260121833
2024-07-11 08:00:00,1.09765,1.10223,1.09659,1.10092,73149,,0.0029291121723797188,5.360760883364065,3.8275127995009948,4.554604184476691
2024-07-11 09:00:00,1.10092,1.10213,1.09906,1.10092,51068,,0.0,5.378654487234384,3.8137147182517803,4.554604184476691
2024-07-11 10:00:00,1.10092,1.10122,1.09926,1.10001,31536,,-0.0008269232114196262,5.572613316667368,3.9053744504175905,4.574316472678263
2024-07-11 11:00:00,1.10006,1.10032,1.09885,1.09916,17913,,-0.0007730189501740188,5.850246863107982,3.9781856319102187,4.584247539193878
2024-07-11 12:00:00,1.09916,1.09921,1.09855,1.09885,10318,,-0.00028207333183678633,5.893463444246105,3.990014550354552,4.587441864843079
2024-07-11 13:00:00,1.09891,1.09891,1.09815,1.0983,8284,,-0.0005006485779196473,6.005849826086948,4.028404018172084,4.595566948967062
2024-07-11 14:00:00,1.09825,1.09911,1.09825,1.09896,7443,,0.0006007482226493173,6.059048267600002,4.0641016303890405,4.60204491512482
2024-07-11 15:00:00,1.09901,1.09921,1.09855,1.09865,5186,,-0.0002821246736739237,6.105519604979202,4.0756495317348795,4.604581539667736
2024-07-11 16:00:00,1.09865,1.09901,1.0986,1.09901,1062,,0.00032762120002192323,6.113605717948718,4.0612841611439245,4.605261015701289
2024-07-11 18:00:00,1.09901,1.09901,1.0985,1.0988,1728,,-0.00019109932217896026,6.128318702891768,4.006266250235956,4.584866534567083
2024-07-11 19:00:00,1.0988,1.09956,1.0986,1.09951,5659,,0.0006459507755389085,6.1656830648786505,4.029357762901855,4.593802960929053
2024-07-11 20:00:00,1.09951,1.09961,1.09891,1.09911,3681,,-0.00036386460999459995,6.233513729831266,4.052727379890076,4.598499435764062
2024-07-11 21:00:00,1.09911,1.09941,1.09855,1.0986,1856,,-0.0004641194781429719,6.305771701167144,4.086417443265461,4.603987036471406
2024-07-11 22:00:00,1.09865,1.09885,1.0985,1.09875,2044,,0.000136528090866568,6.280401462740229,3.9942741348662008,4.604113421062059
2024-07-11 23:00:00,1.09875,1.09921,1.0986,1.09901,1290,,0.00023660454391121705,6.267473396728243,3.9961038057768836,4.6026724095064475
2024-07-12 00:00:00,1.09906,1.09926,1.09896,1.09911,786,,9.09868433651499e-05,6.227441221228194,3.9660028250753268,4.5996392359775
2024-07-12 01:00:00,1.09916,1.09941,1.09896,1.09911,2584,,0.0,6.131527743178085,3.906884996180339,4.597987629374016
2024-07-12 02:00:00,1.09906,1.09936,1.0985,1.0986,5910,,-0.0004641194781429719,6.2056511231060085,3.9330131144120006,4.589245571888373
2024-07-12 03:00:00,1.0987,1.09981,1.09835,1.09971,10110,,0.0010098667561302067,6.4142492735069165,4.021426761312856,4.605103733541933
2024-07-12 04:00:00,1.09966,1.10092,1.09966,1.10087,10032,,0.0010542676089423046,6.568572646769083,4.131260899105312,4.602179059495734
2024-07-12 05:00:00,1.10082,1.10112,1.10032,1.10067,6955,,-0.00018169099861934103,4.154033381556236,4.13394222765959,4.449115073462848
2024-07-12 06:00:00,1.10067,1.10138,1.10067,1.10117,5822,,0.00045416561475336077,4.232325082033271,4.1485196114918885,4.453205102034684
2024-07-12 07:00:00,1.10112,1.10143,1.10082,1.10097,8736,,-0.00018164149468237616,3.9658593045485113,4.157568902730926,4.437396055458738
2024-07-12 08:00:00,1.10097,1.10148,1.09946,1.10122,26815,,0.00022704671356602786,3.681458113913727,4.156148824801781,4.428915489269307
2024-07-12 09:00:00,1.10127,1.10203,1.10087,1.10198,30362,,0.0006899056192306951,3.75303522772997,4.194285867881489,4.439222433951578
2024-07-12 10:00:00,1.10203,1.10319,1.10153,1.10314,23625,,0.001052097035083025,3.875728853957874,4.279657033213023,4.464342558413595
2024-07-12 11:00:00,1.10309,1.10334,1.10233,1.10233,15139,,-0.0007345373425340469,4.144288213235193,4.36911693099159,4.481823896172403
2024-07-12 12:00:00,1.10238,1.10274,1.10228,1.10269,6450,,0.0003265276534439615,4.075411486128942,4.37225312879503,4.481834396546253
2024-07-12 13:00:00,1.10269,1.10294,1.10233,1.10289,5383,,0.00018135819199318603,4.066877733712162,4.370158228104613,4.482018441821927
2024-07-12 14:00:00,1.10284,1.10289,1.10228,1.10279,5602,,-9.067498464738674e-05,4.04167757881901,4.367489714958613,4.482595651166019
2024-07-12 15:00:00,1.10279,1.10334,1.10269,1.10284,5563,,4.533852006787855e-05,3.955892380445996,4.364657858918078,4.480897494759577
2024-07-12 16:00:00,1.10289,1.10314,1.10264,1.10314,2051,,0.0002719879616764059,3.845348240215902,4.357795086206662,4.4544680080434444
2024-07-14 18:00:00,1.10148,1.10173,1.10062,1.10087,3873,,-0.0020598824893317638,5.390854892278232,4.83585688374203,4.566329626955492
2024-07-14 19:00:00,1.10087,1.10097,1.10047,1.10072,2837,,-0.00013626515403156566,5.406337216143385,4.83961660651571,4.566749871410412
2024-07-14 20:00:00,1.10072,1.10107,1.10052,1.10102,2499,,0.0002725117424007003,5.409805290750242,4.83921717004387,4.5661356623626475
2024-07-14 21:00:00,1.10102,1.10117,1.10077,1.10112,2375,,9.082074715390564e-05,5.409805335166283,4.836109781614328,4.5583081537184
2024-07-14 22:00:00,1.10112,1.10132,1.10082,1.10132,2369,,0.00018161675282835535,5.409261779866742,4.829323255623687,4.556814856962397
2024-07-14 23:00:00,1.10132,1.10173,1.10122,1.10153,1864,,0.0001906620974065609,5.3106730471915435,4.830214441350724,4.548343483279706
2024-07-15 00:00:00,1.10153,1.10163,1.10138,1.10153,1429,,0.0,5.064666290742442,4.803226445732798,4.548343483279706
2024-07-15 01:00:00,1.10153,1.10178,1.10143,1.10158,1997,,4.5390379970830384e-05,4.742197149941214,4.803595756052029,4.5483445087431935
2024-07-15 02:00:00,1.10163,1.10178,1.10077,1.10107,8635,,-0.00046307857273173716,4.807400729611007,4.835249302388704,4.531304265006257
2024-07-15 03:00:00,1.10112,1.10178,1.10057,1.10173,11336,,0.0005992373522332488,4.855658576737668,4.851377086699732,4.538930636757708
2024-07-15 04:00:00,1.10168,1.10309,1.10168,1.10299,10579,,0.001143002410444501,5.2093567426713525,4.927840473514008,4.528963920351215
2024-07-15 05:00:00,1.10299,1.10369,1.10284,1.10349,9866,,0.0004532105512476677,5.242806421316717,4.93767275816752,4.522252724013468
2024-07-15 06:00:00,1.10339,1.10425,1.10264,1.10314,11495,,-0.000317225817590787,5.176000768240631,4.949086198764061,4.513799066472221
2024-07-15 07:00:00,1.10314,1.10369,1.10269,1.10274,8889,,-0.00036266705748650135,4.882768936193312,4.972709779214649,4.426971976057961
2024-07-15 08:00:00,1.10274,1.10304,1.10233,1.10289,10007,,0.00013601556038971536,4.707732313404693,4.972718165219256,4.41085504610375
2024-07-15 09:00:00,1.10294,1.10385,1.10284,1.10369,12466,,0.0007251040388762573,4.838105048254809,5.00991960757863,4.419204500048492
2024-07-15 10:00:00,1.10369,1.10395,1.10294,1.10385,16106,,0.0001449577360139343,4.835260375973674,5.009614785379638,4.418145401036398
2024-07-15 11:00:00,1.10379,1.10435,1.10314,1.10334,12508,,-0.00046212605990088844,4.910629589143865,5.037545017407789,4.424033170733432
2024-07-15 12:00:00,1.10329,1.1039,1.10213,1.10279,15083,,-0.0004986106996367448,4.993831642898684,5.066278375497883,4.432178417226309
2024-07-15 13:00:00,1.10274,1.10279,1.10148,1.10163,8622,,-0.001052431122080964,5.284910928735972,5.197819363248487,4.465925661840749
2024-07-15 14:00:00,1.10168,1.10238,1.10148,1.10233,7285,,0.0006352202612912889,3.965759165315001,5.221676780025658,4.357341938197829
2024-07-15 15:00:00,1.10233,1.10233,1.10178,1.10203,5760,,-0.00027218784758579085,3.99479296260316,5.22739731826701,4.359308259899327
2024-07-15 16:00:00,1.10208,1.10208,1.10153,1.10158,2372,,-0.0004084207334831268,4.054253106732341,5.24876489815449,4.341651287024584
2024-07-15 18:00:00,1.10163,1.10183,1.10153,1.10153,1041,,-4.539037997070562e-05,4.054178676395105,5.229713660153206,4.341025198203317
2024-07-15 19:00:00,1.10153,1.10198,1.10153,1.10198,1178,,0.00040843926849053425,4.102112235832764,5.197610336327505,4.332851591111728
2024-07-15 20:00:00,1.10188,1.10188,1.10122,1.10122,3807,,-0.0006899056192307659,4.274484034756794,5.253071847912379,4.345183934908704
2024-07-15 21:00:00,1.10127,1.10148,1.10112,1.10138,2077,,0.00014528284779927688,4.283463352820318,5.253197325507292,4.34493332430251
2024-07-15 22:00:00,1.10138,1.10143,1.10097,1.10122,1560,,-0.00014528284779933778,4.288896755213888,5.228587946604688,4.34574424602795
2024-07-15 23:00:00,1.10122,1.10153,1.10117,1.10143,1932,,0.00019067940947137163,4.222293693218618,4.330351053135969,4.30564545147228
2024-07-16 00:00:00,1.10138,1.10158,1.10127,1.10138,1393,,-4.5396561672127784e-05,4.085613684667862,4.330673849745301,4.243813140041435
2024-07-16 01:00:00,1.10132,1.10138,1.10082,1.10097,3479,,-0.0003723295613654175,3.529326311102457,4.264489206476569,4.203894786365138
2024-07-16 02:00:00,1.10092,1.10122,1.10047,1.10097,10541,,0.0,3.391929809144919,4.188086615922661,4.171185385775365
2024-07-16 03:00:00,1.10097,1.10213,1.10097,1.10198,13978,,0.0009169523327967527,3.8101204111774174,4.2694763814511365,4.167833602302937
2024-07-16 04:00:00,1.10198,1.10238,1.10148,1.10208,9369,,9.074163141534859e-05,3.77408027401203,4.232786263827418,4.167830895130044
2024-07-16 05:00:00,1.10213,1.10248,1.10148,1.10193,11391,,-0.00013611553507599474,3.7656502056061956,4.200327440114196,4.168260231290937
2024-07-16 06:00:00,1.10193,1.10243,1.10168,1.10198,5486,,4.5373903660637314e-05,3.5001561292817875,4.18703184043099,4.157717815808472
2024-07-16 07:00:00,1.10203,1.10248,1.10158,1.10228,7561,,0.0002722001958500338,3.5327441278230793,4.18363928902659,3.984415969593865
2024-07-16 08:00:00,1.10228,1.10269,1.09966,1.10022,27223,,-0.001870602134563215,4.688813788879885,4.601590727824895,4.093707546167785
2024-07-16 09:00:00,1.10017,1.10042,1.09921,1.10037,18214,,0.00013632707613169649,4.664861260727834,4.558949617080247,4.090046237062958
2024-07-16 10:00:00,1.10042,1.10057,1.09936,1.09991,15987,,-0.0004181286079062877,4.378501072983198,4.563871112941534,4.094249630271973
2024-07-16 11:00:00,1.09996,1.10072,1.09991,1.10052,8882,,0.0005544371014993368,4.338679268914326,4.569482806839311,4.101601877859355
2024-07-16 12:00:00,1.10057,1.10097,1.10022,1.10092,6999,,0.0003633985067973913,4.390541047494046,4.580613619870628,4.086629918938504
2024-07-16 13:00:00,1.10097,1.10132,1.10082,1.10127,5477,,0.00031786540030341625,4.383665195283801,4.585042734327041,4.087683958742543
2024-07-16 14:00:00,1.10127,1.10183,1.10112,1.10168,7064,,0.00037222815291662343,4.434034041605418,4.597289117177217,4.0838901585230865
2024-07-16 15:00:00,1.10168,1.10238,1.10163,1.10228,5193,,0.0005444745048208495,4.479335733819591,4.6249800251504185,4.090271809945696
2024-07-16 16:00:00,1.10228,1.10238,1.10193,1.10213,2080,,-0.0001360908363067015,4.302501016363274,4.599401717588702,4.090723444706127
2024-07-16 18:00:00,1.10193,1.10228,1.10178,1.10228,1706,,0.00013609083630657407,4.3018235143536465,4.495642881626387,4.090221405632993
2024-07-16 19:00:00,1.10228,1.10238,1.10208,1.10228,1309,,0.0,4.289214879664841,4.374533440058563,4.090294103266637
2024-07-16 20:00:00,1.10228,1.10238,1.10163,1.10178,2746,,-0.00045370816454817217,4.366708542938951,4.3959470927653355,4.094757239033363
2024-07-16 21:00:00,1.10183,1.10233,1.10163,1.10233,1769,,0.0004990676612472248,4.4443405291326785,4.400755127878536,4.097979016474464
2024-07-16 22:00:00,1.10233,1.10274,1.10218,1.10248,1913,,0.0001360661464990437,4.3805424894486,4.397573020705434,4.097696774266414
2024-07-16 23:00:00,1.10248,1.10269,1.10213,1.10269,1712,,0.00019046150694497735,4.383577986103962,4.395984665261027,4.084822910036161
2024-07-17 00:00:00,1.10269,1.10269,1.10228,1.10233,705,,-0.00032652765344401327,4.153376217534929,4.356001231567379,4.0743664437124805
2024-07-17 01:00:00,1.10238,1.10274,1.10213,1.10248,2794,,0.0001360661464990437,4.156723248103752,4.22547679613945,4.073702830186658
2024-07-17 02:00:00,1.10248,1.10264,1.10178,1.10178,10591,,-0.0006351338077461955,4.303655578422901,4.209151059500687,4.061353799491899
2024-07-17 03:00:00,1.10183,1.10339,1.10153,1.10289,16838,,0.0010069535066843203,4.651557117640741,4.31865040362524,4.080376052482512
2024-07-17 04:00:00,1.10284,1.10652,1.10279,1.10626,25905,,0.003050949563477979,7.005130180362428,5.291535407929971,4.328541695085592
2024-07-17 05:00:00,1.10632,1.10662,1.10571,1.10647,24125,,0.00018981077730277437,5.91681080368961,5.291338781061339,4.316304249768561
2024-07-17 06:00:00,1.10647,1.10662,1.10511,1.10511,13917,,-0.0012298900979674664,6.475401656340464,5.44647710525083,4.33844082750986
2024-07-17 07:00:00,1.10511,1.10626,1.10495,1.10556,11098,,0.00040711640020025007,6.37686206155529,5.454207099183368,4.341542629621907
2024-07-17 08:00:00,1.10556,1.10652,1.10531,1.10632,13103,,0.0006871982475616892,6.400762028157134,5.054531368590666,4.337486361751287
2024-07-17 09:00:00,1.10632,1.10692,1.10566,1.10596,21781,,-0.00032545609342176767,6.4779333665773,5.066472661658355,4.3375568073230415
2024-07-17 10:00:00,1.10601,1.10601,1.10521,1.10536,14923,,-0.0005426623145671605,6.611555405186069,5.100570700259765,4.3416334577452576
2024-07-17 11:00:00,1.10531,1.10571,1.10485,1.10536,12727,,0.0,6.609750677013315,5.100924795001189,4.339095196070358
2024-07-17 12:00:00,1.10531,1.10551,1.10445,1.10506,7982,,-0.0002714416281448906,6.613610108148314,5.110493112735441,4.340464769419679
2024-07-17 13:00:00,1.10506,1.10576,1.1049,1.10521,5878,,0.0001357300241422372,6.596197534714703,5.109312332113407,4.34025306260175
2024-07-17 14:00:00,1.10521,1.10601,1.10511,1.10576,7745,,0.0004975191986729759,6.625475420901865,5.128145772259722,4.343625778201431
2024-07-17 15:00:00,1.10581,1.10606,1.10556,1.10566,6190,,-9.043962708862615e-05,6.63418444030169,5.130460520092405,4.343612334636647
2024-07-17 16:00:00,1.10571,1.10611,1.10561,1.10611,1636,,0.00040691392523543364,6.551914305275466,5.11358055034597,4.34670319090334
2024-07-17 18:00:00,1.10591,1.10596,1.10576,1.10591,1394,,-0.00018083019190154808,6.5585170006529605,5.091705587606505,4.339204261167266
2024-07-17 19:00:00,1.10596,1.10606,1.10581,1.10596,2855,,4.5210613651424606e-05,6.561568227292111,4.970894635138118,4.339089416986526
2024-07-17 20:00:00,1.10596,1.10606,1.10561,1.10566,2560,,-0.00027129434698546444,6.6032023635610795,4.963092841959109,4.342192713776705
2024-07-17 21:00:00,1.10566,1.10586,1.10541,1.10546,2944,,-0.0001809037958550057,6.575637306235209,4.955119837605845,4.3432095731227705
2024-07-17 22:00:00,1.10536,1.10556,1.10521,1.10546,2157,,0.0,6.580268530139871,4.9386338555982405,4.337777386278788
2024-07-17 23:00:00,1.10546,1.10561,1.10521,1.10526,1871,,-0.00018093652796001967,6.45731939578718,4.9426372946952615,4.3248171761629335
2024-07-18 00:00:00,1.10526,1.10556,1.10511,1.10531,1439,,4.52372012725886e-05,6.268500365944626,4.892317073132403,4.2910315693112615
2024-07-18 01:00:00,1.10531,1.10576,1.10526,1.10566,2497,,0.00031660312254230003,3.2712646201768147,4.899680878273196,4.29219919639343
2024-07-18 02:00:00,1.10561,1.10566,1.1047,1.10506,7389,,-0.0005428095957265567,3.363397024171693,4.90860408082404,4.298384076228567
2024-07-18 03:00:00,1.10506,1.10546,1.10455,1.10506,10928,,0.0,2.5992231039144564,4.879421968585156,4.2965727028672935
2024-07-18 04:00:00,1.10506,1.10581,1.1048,1.105,10194,,-5.429716841601691e-05,2.4894228584852884,4.752813148108134,4.296288728182675
2024-07-18 05:00:00,1.10495,1.10511,1.1047,1.105,7879,,0.0,2.123209016714747,4.71540129818048,4.231231055464004
2024-07-18 06:00:00,1.105,1.10556,1.1048,1.10526,5675,,0.00023526644032744481,2.1236965108192822,4.708445195175219,4.180244749812745
2024-07-18 07:00:00,1.10526,1.10526,1.10455,1.1047,6782,,-0.0005067965139513147,2.0969733822127115,4.719260787815303,4.125647226566895
2024-07-18 08:00:00,1.10475,1.10571,1.1043,1.1048,20678,,9.051821685299151e-05,2.1069608413822314,4.718501831858552,4.1115619544620055
2024-07-18 09:00:00,1.1048,1.10485,1.10264,1.10304,21639,,-0.001594318766581789,3.43568748831904,4.983290926447649,4.186099028697956
2024-07-18 10:00:00,1.10304,1.10359,1.10238,1.10339,22832,,0.0003172545722598065,3.488003442970923,4.9394368965865665,4.14971022995362
2024-07-18 11:00:00,1.10339,1.10374,1.10238,1.10309,18814,,-0.0002719263277698853,3.3340272418150962,4.9474528095334325,4.147686417868689
2024-07-18 12:00:00,1.10309,1.10359,1.10304,1.10349,6717,,0.00036255200752437927,3.4386110537884087,4.955710578842733,4.1456376446762135
2024-07-18 13:00:00,1.10349,1.10354,1.10259,1.10259,5141,,-0.0008159269382165575,3.5232696732162063,5.025708872079946,4.1656275913363805
2024-07-18 14:00:00,1.10264,1.10264,1.10148,1.10183,12596,,-0.000689523802280156,3.642176061548675,5.075340953413451,4.1810467513122545
2024-07-18 15:00:00,1.10178,1.10193,1.10127,1.10163,6145,,-0.00018153268091930253,3.61785662097944,5.064333586138425,4.182093035321995
2024-07-18 16:00:00,1.10163,1.10178,1.10143,1.10158,2095,,-4.538831977766151e-05,3.624241752534711,5.064630360761103,4.181660210206558
2024-07-18 18:00:00,1.10148,1.10188,1.10143,1.10158,2218,,0.0,3.638493228007892,4.97911415058336,4.180299713048856
2024-07-18 19:00:00,1.10163,1.10198,1.10148,1.10188,1373,,0.0002722990223137256,3.7104732240236435,4.986063871547218,4.175758853304931
2024-07-18 20:00:00,1.10183,1.10188,1.10092,1.10107,3541,,-0.0007353775950454016,3.842315383124342,5.038485345986164,4.192633884407033
2024-07-18 21:00:00,1.10107,1.10132,1.10047,1.10057,3240,,-0.0004542068717828101,3.8431802072818435,5.057480725624685,4.199277471175688
2024-07-18 22:00:00,1.10062,1.10107,1.10057,1.10102,3154,,0.00040879546715483477,3.886859625108526,5.067457205477209,4.200805297476868
2024-07-18 23:00:00,1.10097,1.10102,1.10067,1.10067,1293,,-0.00031793758698848783,3.8450655677531023,4.713311694636752,4.203274586165658
2024-07-19 00:00:00,1.10067,1.10082,1.10042,1.10057,1092,,-9.08578801664155e-05,3.8333235488466846,4.712431506089174,4.203391030316767
2024-07-19 01:00:00,1.10057,1.10092,1.10032,1.10077,2505,,0.00018170750592852444,3.884209140548287,4.695930929899725,4.191600019974652
2024-07-19 02:00:00,1.10072,1.10082,1.10017,1.10037,6891,,-0.00036344803547536906,3.8785064288412663,4.677839539192721,4.191538276411422
2024-07-19 03:00:00,1.10032,1.10087,1.10001,1.10062,11039,,0.00022717050152425077,3.8755726906257526,4.668914332388428,4.190218202763092
2024-07-19 04:00:00,1.10057,1.10057,1.09941,1.09971,10209,,-0.0008271487021340076,3.9918668224752816,4.729002377879151,4.206885684075103
2024-07-19 05:00:00,1.09971,1.10032,1.09961,1.09991,15449,,0.00018184959270331025,4.018018795206369,4.716512729918408,4.207548679899778
2024-07-19 06:00:00,1.09986,1.10052,1.09961,1.10027,14983,,0.00032724595552429254,3.2434375612267203,4.694532825743619,4.2068326922924015
2024-07-19 07:00:00,1.10032,1.10117,1.10017,1.10117,10875,,0.0008176466768487024,3.5620551944747425,4.76958159221056,4.213669878038935
2024-07-19 08:00:00,1.10117,1.10127,1.10027,1.10072,11272,,-0.0004087397701656885,3.5908185084416733,4.78329259130391,4.21798215304696
2024-07-19 09:00:00,1.10077,1.10082,1.09996,1.09996,12956,,-0.0006906956306356577,3.618905193948195,4.829838549608581,4.232317365586915
2024-07-19 10:00:00,1.10001,1.10087,1.09976,1.10077,16719,,0.0007361194118099709,3.7285046472327465,4.871679689857547,4.246689064711571
2024-07-19 11:00:00,1.10077,1.10087,1.10017,1.10062,7789,,-0.00013627753395102903,3.5622563478539466,4.8446029217527355,4.247426357440366
2024-07-19 12:00:00,1.10067,1.10097,1.10022,1.10037,5569,,-0.00022717050152433387,3.568297898358943,4.845882506681049,4.249109962592972
2024-07-19 13:00:00,1.10032,1.10037,1.09991,1.10022,5136,,-0.0001363270761318191,3.570841306505585,4.8416141319441195,4.2494633797630605
2024-07-19 14:00:00,1.10022,1.10027,1.09941,1.09971,5470,,-0.00046365112447792876,3.6357477130378637,4.851955188784444,4.256089297583357
2024-07-19 15:00:00,1.09971,1.10006,1.09951,1.09971,4632,,0.0,3.581001931937359,4.848825720943875,4.254900562831345
2024-07-19 16:00:00,1.09976,1.10027,1.09966,1.10022,5735,,0.00046365112447786506,3.508567708714717,4.836505538357719,4.254833682914017
2024-07-21 18:00:00,1.10022,1.10188,1.10012,1.10183,4780,,0.0014622740508901165,4.283255120827074,4.956085206130012,4.313332045097923
2024-07-21 19:00:00,1.10183,1.10213,1.10168,1.10173,4628,,-9.076222119532118e-05,4.240610388695315,3.8415592589813605,4.313053062291179
2024-07-21 20:00:00,1.10173,1.10178,1.10102,1.10117,4426,,-0.0005084207290962021,4.303154829910873,3.857381902987979,4.3168912119789855
2024-07-21 21:00:00,1.10117,1.10127,1.10027,1.10047,3020,,-0.0006358896309908923,4.450787193117782,3.7195089911532224,4.329051475804592
2024-07-21 22:00:00,1.10042,1.10132,1.10027,1.10102,2655,,0.0004996616032258304,4.526833940325745,3.732817826879236,4.335312214341645
2024-07-21 23:00:00,1.10102,1.10117,1.10087,1.10092,1500,,-9.08289963114416e-05,4.479561748576261,3.6521994446937858,4.334486879604986
2024-07-22 00:00:00,1.10092,1.10107,1.10047,1.10052,1375,,-0.0003633985067973217,4.5123157980044,3.6549945265701975,4.318090069008241
2024-07-22 01:00:00,1.10052,1.10057,1.10001,1.10027,2662,,-0.00022719114597505796,4.278729005749641,3.6278752578236895,4.319448184366299
2024-07-22 02:00:00,1.10022,1.10082,1.09966,1.09986,10040,,-0.0003727052535496345,4.322655258084691,3.63905491491249,4.32297816146355
2024-07-22 03:00:00,1.09991,1.10057,1.09981,1.10052,9587,,0.0005998963995246285,4.413855384750701,3.697517748491097,4.33131458120901
2024-07-22 04:00:00,1.10047,1.10102,1.10027,1.10062,7940,,9.086200793112384e-05,4.165189276046907,3.695249619153154,4.323742526468707
2024-07-22 05:00:00,1.10057,1.10132,1.10052,1.10097,12592,,0.00031795202826025295,4.143707307538616,3.6713320121647306,4.298477356392014
2024-07-22 06:00:00,1.10097,1.10107,1.10032,1.10072,7674,,-0.00022709827548335443,3.9684000439653464,3.6745844250357296,4.269843757570353
2024-07-22 07:00:00,1.10072,1.10092,1.10017,1.10037,5693,,-0.00031802425430102623,3.794757208317768,3.649193651918002,4.267737131357698
2024-07-22 08:00:00,1.10037,1.10067,1.09931,1.09956,11634,,-0.000736387100137652,3.992547936225603,3.706065757302241,4.280287455831868
2024-07-22 09:00:00,1.09961,1.10042,1.09931,1.09981,11377,,0.00022733782953896428,4.0058965802883435,3.717670796505452,4.280319689663918
2024-07-22 10:00:00,1.09986,1.10032,1.09906,1.10022,12987,,0.0003727221944668011,4.05850971387411,3.742146490426177,4.283426575952278
2024-07-22 11:00:00,1.10027,1.10042,1.09946,1.09976,12840,,-0.00041818562596348694,4.042715582575928,3.7561186607104995,4.270338962624591
2024-07-22 12:00:00,1.09976,1.10047,1.09966,1.10042,6083,,0.0005999509311026608,4.1741260769388155,3.818013121169167,4.275426604258641
2024-07-22 13:00:00,1.10042,1.10097,1.10042,1.10082,5346,,0.0003634315244160403,4.144691551170503,3.8417439002515006,4.277661287364367
2024-07-22 14:00:00,1.10082,1.10082,1.10052,1.10072,8813,,-9.084549912220487e-05,3.206865111253014,3.840094413976272,4.225854496368991
2024-07-22 15:00:00,1.10077,1.10077,1.10037,1.10052,5087,,-0.0001817157607079325,3.2144009640518902,3.82129865005843,4.227013628480492
2024-07-22 16:00:00,1.10052,1.10097,1.10037,1.10082,2174,,0.0002725612598300256,3.149941795022183,3.8072176627860728,4.224523699749499
2024-07-22 18:00:00,1.10092,1.10107,1.10082,1.10082,1015,,0.0,2.938536249246384,3.8072176627860728,4.211507347927355
2024-07-22 19:00:00,1.10087,1.10087,1.10062,1.10067,1054,,-0.00013627134370996485,2.8105870071988277,3.807891439168834,4.209560126558229
2024-07-22 20:00:00,1.10062,1.10102,1.10047,1.10072,2443,,4.5425844587700856e-05,2.809010826408186,3.8089646186762414,4.202600736234919
2024-07-22 21:00:00,1.10072,1.10117,1.10052,1.10062,2208,,-9.085375277670522e-05,2.7386846311821142,3.796692208369475,4.200469434101932
2024-07-22 22:00:00,1.10057,1.10107,1.10057,1.10092,1648,,0.0002725364988660826,2.741956461968774,3.785416408357953,4.192623757260875
2024-07-22 23:00:00,1.10092,1.10143,1.10092,1.10117,2157,,0.00022705702407642517,2.6589959571984565,3.7933493533951985,4.193688114695848
2024-07-23 00:00:00,1.10117,1.10122,1.10082,1.10082,1449,,-0.00031789427104355857,2.5416709159639965,3.4645607097620137,4.143291255880842
2024-07-23 01:00:00,1.10082,1.10087,1.10057,1.10077,2047,,-4.542171794795843e-05,2.539536659564416,3.4459986746582487,4.142981467135809
2024-07-23 02:00:00,1.10077,1.10077,1.09966,1.10022,6498,,-0.0004997751116071307,2.6175505284494296,3.469258310464956,4.150646347188918
2024-07-23 03:00:00,1.10022,1.10062,1.09916,1.09931,11742,,-0.0008274495477860488,2.946054209490638,3.531675943980736,4.155164689510473
2024-07-23 04:00:00,1.09931,1.09996,1.0985,1.09946,13007,,0.00013643991889357958,2.9273037167835123,3.4521569248593296,4.1528727586499965
2024-07-23 05:00:00,1.09946,1.09951,1.0983,1.0984,8971,,-0.0009645747064742526,3.120293478420511,3.5150748358969106,4.158698672335292
2024-07-23 06:00:00,1.0984,1.09855,1.09734,1.0978,19205,,-0.0005463983379723909,3.188542450493913,3.5477971941242568,4.165993743239636
2024-07-23 07:00:00,1.0978,1.0985,1.09729,1.09739,11277,,-0.00037354398003586154,3.105733445490353,3.5618670936696155,4.160976308699169
2024-07-23 08:00:00,1.09739,1.0981,1.09719,1.09729,15222,,-9.112945857184868e-05,3.0604661627624052,3.561376378660299,4.161247013688998
2024-07-23 09:00:00,1.09729,1.09734,1.09623,1.09659,17830,,-0.0006381388441981214,2.896006755885603,3.590164529512309,4.172257487588996
2024-07-23 10:00:00,1.09664,1.09724,1.09603,1.09618,16258,,-0.0003739562332374424,2.7398257885406108,3.5405489719253205,4.176316363726366
2024-07-23 11:00:00,1.09613,1.09749,1.09613,1.09709,12271,,0.0008298112427724347,3.282563026528065,3.632765546075763,4.186922075854785
2024-07-23 12:00:00,1.09714,1.09744,1.09689,1.09704,5779,,-4.557615091958774e-05,3.2889089024304723,3.6020982796093697,4.18639690208433
2024-07-23 13:00:00,1.09704,1.09734,1.09674,1.09704,6184,,0.0,3.2084012376398214,3.5929245535613807,4.185787143833808
2024-07-23 14:00:00,1.09704,1.09724,1.09684,1.09694,7306,,-9.115853386927833e-05,3.1967415806390864,3.592927637153355,4.185185825556796
2024-07-23 15:00:00,1.09689,1.09694,1.09659,1.09674,4153,,-0.00018234200116163377,3.195897891177483,3.586921379784347,4.1812448066891195
2024-07-23 16:00:00,1.09674,1.09734,1.09664,1.09699,3721,,0.0002279223068308986,3.251929364637767,3.584966975087493,4.180248913477958
2024-07-23 18:00:00,1.09704,1.09729,1.09654,1.09679,1384,,-0.0001823336893891832,3.2487565188367062,3.5759271228964606,4.178187424346775
2024-07-23 19:00:00,1.09679,1.09684,1.09649,1.09659,895,,-0.00018236694102648148,3.144223713517267,3.4913762313909897,4.1777993532707765
2024-07-23 20:00:00,1.09664,1.09669,1.09623,1.09633,2205,,-0.0002371267544810052,3.0470384162218456,3.488520501034275,4.1790006215970275
2024-07-23 21:00:00,1.09628,1.09669,1.09623,1.09649,3127,,0.0001459308108134471,3.1059104569254337,3.472905049827446,4.1785625726170545
2024-07-23 22:00:00,1.09644,1.09649,1.09583,1.09593,2566,,-0.0005108510341799989,3.138859517600733,3.3848034507953693,4.185981304615395
2024-07-23 23:00:00,1.09593,1.09618,1.09593,1.09613,1782,,0.00018247675752946656,3.1695845653364065,3.3778923528214557,4.18276025315303
2024-07-24 00:00:00,1.09618,1.09644,1.09598,1.09633,2378,,0.00018244346583721647,3.0012877714914397,3.3266944306879918,4.171527776558567
2024-07-24 01:00:00,1.09633,1.09699,1.09623,1.09689,2780,,0.0005106646958987361,3.174843822319784,3.2790879556375643,4.173016811106463
2024-07-24 02:00:00,1.09684,1.09689,1.09588,1.09598,6866,,-0.0008299626081225494,3.0672598218916702,3.368617060790142,4.193334467357637
2024-07-24 03:00:00,1.09593,1.09699,1.09407,1.09457,24226,,-0.0012873481041094702,3.6229122176783375,3.580680218961809,4.24117681490186
2024-07-24 04:00:00,1.09452,1.09538,1.09417,1.09512,13719,,0.0005023542250879617,3.766174455916253,3.6289495801901257,4.230508790512916
2024-07-24 05:00:00,1.09512,1.09573,1.09487,1.09568,7630,,0.0005112287860110959,3.915208133821007,3.654497857200113,4.236937343660937
2024-07-24 06:00:00,1.09563,1.09623,1.09563,1.09588,6691,,0.00018251838923442676,3.7967124208930976,3.6622166168381516,4.229099759676845
2024-07-24 07:00:00,1.09588,1.09649,1.09548,1.09623,9221,,0.00031932704378349273,3.7895778147166927,3.643958344032619,4.221211618764064
2024-07-24 08:00:00,1.09628,1.09759,1.09618,1.09744,19182,,0.0011031742447254606,4.003378526046504,3.505322863355099,4.25372906526804
2024-07-24 09:00:00,1.09749,1.09795,1.09679,1.09709,22131,,-0.00031897490849308266,4.0447695740175105,3.514416064473442,4.253707787412341
2024-07-24 10:00:00,1.09709,1.0983,1.09669,1.09704,25567,,-4.557615091958774e-05,4.045627703694596,3.4858802167818794,4.253707243609602
2024-07-24 11:00:00,1.09709,1.09744,1.09679,1.09694,11934,,-9.115853386927833e-05,4.045627703694596,3.4366047024145674,4.250463524681618
2024-07-24 12:00:00,1.09694,1.09694,1.09638,1.09674,6936,,-0.00018234200116163377,4.045627703694596,3.391989318629624,4.251086380216935
2024-07-24 13:00:00,1.09674,1.09714,1.09618,1.09628,6496,,-0.0004195128240931896,4.08598037070356,3.410564679193515,4.25635161880778
2024-07-24 14:00:00,1.09623,1.09623,1.09528,1.09538,9834,,-0.000821295320067266,4.305794919679707,3.4811438014316605,4.275832314470486
2024-07-24 15:00:00,1.09533,1.09593,1.09518,1.09548,4470,,9.128835258246095e-05,4.308209606227864,3.4818394952405045,4.27603641140488
2024-07-24 16:00:00,1.09548,1.09563,1.09543,1.09553,2368,,4.5641051395127946e-05,4.297295101632677,3.470205365129824,4.274501713275563
2024-07-24 18:00:00,1.09553,1.09568,1.09528,1.09543,1954,,-9.128418599101099e-05,4.285021139566888,3.403034020423998,4.273379385258743
2024-07-24 19:00:00,1.09543,1.09548,1.09523,1.09523,874,,-0.00018259337419375952,4.20960096703579,3.4002588697624634,4.2728512821000795
2024-07-24 20:00:00,1.09528,1.09563,1.09497,1.09543,3973,,0.00018259337419374483,4.209619880063527,3.3866338135471046,4.2716848993986964
2024-07-24 21:00:00,1.09538,1.09578,1.09523,1.09523,2501,,-0.00018259337419375952,4.1982898094670125,3.385001551108168,4.272109199523366
2024-07-24 22:00:00,1.09523,1.09563,1.09512,1.09543,2312,,0.00018259337419374483,4.096303603492127,3.3867366773729097,4.272938962370768
2024-07-24 23:00:00,1.09543,1.09588,1.09538,1.09573,1548,,0.00027382756336808794,3.8858418676174393,3.3359945955873207,4.270299629739945
2024-07-25 00:00:00,1.09573,1.09583,1.09528,1.09543,1866,,-0.0002738275633680356,3.1580401592284773,3.3299699255625423,4.2635077211659675
2024-07-25 01:00:00,1.09548,1.09603,1.09533,1.09598,2672,,0.0005019599358845967,3.1578561867195027,3.3499124961498845,4.270412322361395
2024-07-25 02:00:00,1.09593,1.09598,1.09482,1.09492,7902,,-0.0009676389453728982,3.4845429880310217,3.453231794801586,4.295058857252917
2024-07-25 03:00:00,1.09492,1.09679,1.09427,1.09644,20819,,0.001387266577624293,4.265806289587258,3.692788984988757,4.346727187082565
2024-07-25 04:00:00,1.09633,1.09729,1.09583,1.09613,18076,,-0.0002827731858647485,4.262306816303991,3.6737067763721565,4.345444097870648
2024-07-25 05:00:00,1.09608,1.09709,1.09588,1.09664,8172,,0.00046516507357922764,3.8599004169954867,3.7128562970083614,4.3511427956314845
2024-07-25 06:00:00,1.09664,1.09739,1.09628,1.09664,8167,,0.0,3.825285614812514,3.7113268172725715,4.34626527099316
2024-07-25 07:00:00,1.09664,1.09684,1.09583,1.09608,6814,,-0.0005107811413908691,3.919372285830554,3.7229312761000632,4.353536041375029
2024-07-25 08:00:00,1.09603,1.09724,1.09467,1.09644,23408,,0.000328389253676335,3.9707933481556488,3.7439737792207795,4.356358314872072
2024-07-25 09:00:00,1.09649,1.09659,1.09452,1.09538,20765,,-0.0009672327861223743,4.292711944366879,3.8512744662835483,4.377988311825546
2024-07-25 10:00:00,1.09533,1.09719,1.09512,1.09694,18577,,0.0014231501453220846,4.949907706387897,4.135303343114003,4.427575483331381
2024-07-25 11:00:00,1.09694,1.09795,1.09689,1.09749,17715,,0.0005012691327740517,4.756314322875796,4.172943381245507,4.432893372851291
2024-07-25 12:00:00,1.09754,1.09785,1.09719,1.0977,8430,,0.0001913274027672977,4.759164640748024,4.16735243410251,4.429178534180315
2024-07-25 13:00:00,1.09775,1.0985,1.09684,1.09694,9018,,-0.0006925965355413356,4.955697608250604,4.207042512301026,4.442403037339081
2024-07-25 14:00:00,1.09689,1.09699,1.09623,1.09628,7187,,-0.0006018548252548619,5.084584289557436,4.234171612815519,4.45223700311085
2024-07-25 15:00:00,1.09623,1.09684,1.09603,1.09608,5661,,-0.00018245178762134578,5.084564672946546,4.235628265140322,4.4531210498983915
2024-07-25 16:00:00,1.09613,1.09613,1.09583,1.09598,2041,,-9.12383785747764e-05,5.082209750660246,4.213050141987719,4.452463711824368
2024-07-25 18:00:00,1.09598,1.09628,1.09578,1.09613,1098,,0.00013685444638649068,5.071002137635442,4.144693279757673,4.449347503320594
2024-07-25 19:00:00,1.09618,1.09654,1.09613,1.09654,1368,,0.00037397328807207796,5.09884790946711,4.1623686025457225,4.45221567350765
2024-07-25 20:00:00,1.09659,1.09699,1.09654,1.09684,2546,,0.00027355041248738557,5.098809315539466,4.066275194640875,4.454001803236345
2024-07-25 21:00:00,1.09679,1.09739,1.09659,1.09724,2923,,0.00036461752026488355,5.090355779625085,4.049061291703854,4.457001730425761
2024-07-25 22:00:00,1.09724,1.09749,1.09689,1.09694,1790,,-0.0002734506757597885,5.06552122548503,4.041050229322484,4.458155861297533
2024-07-25 23:00:00,1.09694,1.09729,1.09684,1.09724,2049,,0.0002734506757598895,4.725041077189631,4.049822662068055,4.459856079938411
2024-07-26 00:00:00,1.09729,1.09744,1.09714,1.09729,929,,4.5567843692127466e-05,4.101716684738373,3.9973533856472425,4.451885080918188
2024-07-26 01:00:00,1.09729,1.09749,1.09714,1.09719,1832,,-9.113776390684564e-05,4.06729337974292,3.9795054934932543,4.437318742511677
2024-07-26 02:00:00,1.09714,1.09714,1.09649,1.09664,5015,,-0.0005014062270303356,4.099155429997901,3.924274966688251,4.44413747073169
2024-07-26 03:00:00,1.09664,1.09699,1.09593,1.09633,8689,,-0.00028272160774190443,4.128533410051735,3.9338856217828426,4.44577037266419
2024-07-26 04:00:00,1.09633,1.09674,1.09563,1.09659,9694,,0.00023712675448109538,4.046180533844622,3.941748421719546,4.4373510036053245
2024-07-26 05:00:00,1.09659,1.09714,1.09644,1.09684,7049,,0.0002279534802411004,4.025789261031262,3.9477667622174897,4.1959945105139465
2024-07-26 06:00:00,1.09689,1.09734,1.09649,1.09709,5574,,0.000227901529293873,3.6094661285108756,3.9499904250856006,4.197687370627643
2024-07-26 07:00:00,1.09704,1.09759,1.09669,1.09754,9030,,0.00041009191190010964,2.7306086640729714,3.9647211210198865,4.183566419259734
2024-07-26 08:00:00,1.09759,1.098,1.09598,1.09749,18534,,-4.555746391491965e-05,2.5904800907594665,3.9603534379248253,4.166563774764534
2024-07-26 09:00:00,1.09749,1.09815,1.09734,1.098,12189,,0.0004645887789725579,2.696152956263917,3.9812447067658248,4.170733591888956
2024-07-26 10:00:00,1.09805,1.0983,1.09659,1.09704,18392,,-0.0008746993778774305,2.8615214178748722,4.074065554930984,4.1856034067831365
2024-07-26 11:00:00,1.09699,1.09744,1.09669,1.09724,8269,,0.00018229214189060804,2.649609762573426,4.07546527280636,4.17595313598427
2024-07-26 12:00:00,1.09724,1.09815,1.09709,1.098,6160,,0.0006924072359867525,2.841652835257806,4.096401771750105,4.187808992006534
2024-07-26 13:00:00,1.09795,1.09805,1.09724,1.09754,4019,,-0.00041903131505778275,2.9619129960860926,4.118126908596035,4.189620701969882
2024-07-26 14:00:00,1.09749,1.0978,1.09709,1.09714,5451,,-0.0003645178380712244,3.0534017326174645,4.132791955345181,4.192355546283034
2024-07-26 15:00:00,1.09714,1.09734,1.09699,1.09719,4473,,4.557199692735378e-05,2.993960810917775,4.101563086207582,4.180058418906622
2024-07-26 16:00:00,1.09719,1.09719,1.09689,1.09694,2271,,-0.00022788075554501562,2.9908987704770342,4.019715860669932,4.177784532282146
2024-07-28 18:00:00,1.09704,1.09739,1.09694,1.09704,1091,,9.115853386920536e-05,2.9231443931735472,3.793954430583619,4.171979658883227
2024-07-28 19:00:00,1.09704,1.09709,1.09669,1.09669,1404,,-0.0003190912308896949,2.937325038833484,3.780411702469337,4.174225447453387
2024-07-28 20:00:00,1.09664,1.09805,1.09649,1.09775,4289,,0.0009660779811179423,3.3666926529697383,3.867107450369688,4.1999280892280115
2024-07-28 21:00:00,1.09775,1.0982,1.09749,1.09795,2636,,0.00018217425017359273,3.377939293885031,3.8670936854611004,4.200671528167427
2024-07-28 22:00:00,1.09795,1.0984,1.09785,1.09785,2114,,-9.108297665465844e-05,3.377933037755835,3.857716468958995,4.2008881670778635
2024-07-28 23:00:00,1.09785,1.09795,1.09754,1.09759,1142,,-0.00023685457240045887,3.275203078564365,3.705252889310668,4.196334528181658
2024-07-29 00:00:00,1.09759,1.09775,1.09724,1.09729,1294,,-0.000273363465764145,3.272277029115095,3.7014801487116786,4.16842566826728
2024-07-29 01:00:00,1.09729,1.09765,1.09709,1.09734,2228,,4.55657673581569e-05,3.253144698773521,3.701384162601345,4.135335676672472
2024-07-29 02:00:00,1.09734,1.09765,1.09689,1.09719,4593,,-0.00013670353126492667,3.245801725075027,3.702873627902388,4.134948709186806
2024-07-29 03:00:00,1.09719,1.09734,1.09568,1.09583,12632,,-0.0012402989250854465,3.882358392292123,3.9042587204388064,4.172305645768351
2024-07-29 04:00:00,1.09578,1.09578,1.09452,1.09457,16115,,-0.0011504749260200992,4.218071670718312,4.048427353493236,4.208508823650884
2024-07-29 05:00:00,1.09457,1.09548,1.09397,1.09507,11097,,0.0004566960858317812,4.340795500718056,3.9940436953478486,4.213340238290391
2024-07-29 06:00:00,1.09507,1.09558,1.09462,1.09497,7636,,-9.13225329852189e-05,4.212146995812607,3.9937520684990866,4.1987567327824795
2024-07-29 07:00:00,1.09497,1.09497,1.09301,1.09311,9736,,-0.0017001210632277813,4.865479158522664,4.339468958423227,4.245146455413076
2024-07-29 08:00:00,1.09316,1.09351,1.09281,1.09291,21017,,-0.0001829809430453473,4.820287879210002,4.341623933712077,4.231766008229846
2024-07-29 09:00:00,1.09296,1.09311,1.0924,1.0925,14691,,-0.0003752156389969787,4.5422527009688025,4.3524760215916105,4.231307275126266
2024-07-29 10:00:00,1.09255,1.09296,1.0916,1.09291,24555,,0.0003752156389969263,4.657303365759636,4.366919026695029,4.2348115619725295
2024-07-29 11:00:00,1.09286,1.09371,1.09286,1.09321,19258,,0.00027445886033993573,4.722516574084828,4.375548164027285,4.237481366759971
2024-07-29 12:00:00,1.09326,1.09371,1.09281,1.09346,7315,,0.00022865818901733964,4.760859197521718,4.3780944081739745,4.239283412843165
2024-07-29 13:00:00,1.09351,1.09397,1.09326,1.09386,5178,,0.0003657443853289945,4.849091095645441,4.385599359492914,4.241178409493253
2024-07-29 14:00:00,1.09386,1.09386,1.09326,1.09351,8987,,-0.0003200190210042731,4.839246149665795,4.38849268953373,4.124011626161905
2024-07-29 15:00:00,1.09351,1.09391,1.09346,1.09371,3828,,0.00018288055207753772,4.865751047381586,4.360504813913265,4.124941989501913
2024-07-29 16:00:00,1.09366,1.09371,1.09331,1.09341,2313,,-0.00027433337163157917,4.430010701740984,4.262891230130729,4.124113118319457
2024-07-29 18:00:00,1.09346,1.09366,1.09346,1.09351,1082,,9.145281955412893e-05,4.407977969934765,4.0147525864436675,4.124117543715412
2024-07-29 19:00:00,1.09351,1.09351,1.09311,1.09316,1136,,-0.00032012146596334975,4.407526632674787,4.017198221805616,4.125314394222114
2024-07-29 20:00:00,1.09316,1.09331,1.09286,1.09301,1655,,-0.00013722629094279417,4.409290966304432,3.984135024681887,4.124211492859059
2024-07-29 21:00:00,1.09301,1.09326,1.09271,1.09301,2623,,0.0,4.422210016448951,3.984135024681887,4.124211492859059
2024-07-29 22:00:00,1.09306,1.09316,1.09276,1.09306,1571,,4.574418935211519e-05,4.422240975443925,3.9580037394053256,4.124213089527889
2024-07-29 23:00:00,1.09306,1.09356,1.09301,1.09351,1252,,0.00041160356755395584,4.546453389221704,3.9669437972487196,4.1243970287555545
2024-07-30 00:00:00,1.09351,1.09381,1.09346,1.09371,1445,,0.00018288055207753772,4.13274079679769,3.8593366555618145,4.1140993120973715
2024-07-30 01:00:00,1.09366,1.09376,1.09321,1.09336,2845,,-0.00032006291795660203,3.68707870474946,3.5749866792131932,4.075600306991925
2024-07-30 02:00:00,1.09331,1.09371,1.09306,1.09351,5452,,0.00013718236587913346,3.5863345416657975,3.5354369241099395,4.0693632087115255
2024-07-30 03:00:00,1.09351,1.09397,1.09291,1.09316,11602,,-0.00032012146596334975,3.612380663162125,3.5353752566548353,4.06941200444194
2024-07-30 04:00:00,1.09311,1.09477,1.09286,1.09417,12561,,0.0009235004062322801,2.61715827695792,3.6146430915874377,4.093461082777437
2024-07-30 05:00:00,1.09417,1.09482,1.09407,1.09447,6148,,0.0002741428484162187,2.6091904877729974,3.582448780923763,4.095394965554434
2024-07-30 06:00:00,1.09452,1.09487,1.09447,1.09462,3952,,0.00013704324649473743,2.4789439913840035,3.582647460898832,4.079218292738821
2024-07-30 07:00:00,1.09462,1.09462,1.09371,1.09371,5757,,-0.0008316844831025099,2.900300802737349,3.673253245746106,4.097113536889272
2024-07-30 08:00:00,1.09366,1.09386,1.09144,1.0915,20018,,-0.002022689584503256,4.5705933897366595,4.175502529228841,4.206881581610385
2024-07-30 09:00:00,1.09144,1.09276,1.09144,1.09235,17746,,0.0007784417821032006,4.783162844417807,4.238907296028054,4.220170666921094
2024-07-30 10:00:00,1.0924,1.0924,1.09109,1.09175,22484,,-0.0005494254064313139,4.794221873652789,4.252274618054617,4.197997564013387
2024-07-30 11:00:00,1.0918,1.0924,1.09119,1.0921,14319,,0.0003205348380124137,4.828457371314187,4.247804008927545,4.1886186219029735
2024-07-30 12:00:00,1.09215,1.09296,1.09195,1.0926,7694,,0.0004577287579344884,4.896459938973518,4.276697027651713,4.194058533617636
2024-07-30 13:00:00,1.09265,1.09306,1.09225,1.09271,7929,,0.0001006722159263196,4.885370781012567,4.266141264465463,4.190503784656431
2024-07-30 14:00:00,1.09271,1.09286,1.09225,1.0924,5068,,-0.00028373857799363555,4.898735125121104,4.269889423267335,4.19232353383988
2024-07-30 15:00:00,1.0924,1.0926,1.0922,1.09235,5340,,-4.577182744828504e-05,4.8738879941815965,4.269950489837894,4.186647752703014
2024-07-30 16:00:00,1.0923,1.09286,1.0921,1.09286,2784,,0.00046677436883403345,4.947002491526684,4.281162095503682,4.181358491465039
2024-07-30 18:00:00,1.09281,1.09291,1.09245,1.09271,1731,,-0.00013726396339209512,4.952152394767823,4.275807087999374,4.180783069476613
2024-07-30 19:00:00,1.09276,1.09306,1.09265,1.09281,1143,,9.151140238467998e-05,4.9545408574776,4.268097064697301,4.1808415785459685
2024-07-30 20:00:00,1.09281,1.09321,1.0925,1.09321,2085,,0.00036596188915393254,4.942757524692393,4.279793429555149,4.183983314160069
2024-07-30 21:00:00,1.09321,1.09366,1.09291,1.09341,4455,,0.0001829307337878469,4.9427638790203225,4.276980760154352,4.185285741500855
2024-07-30 22:00:00,1.09341,1.09412,1.09326,1.09386,3625,,0.00041147184055846566,4.962104139178179,4.277135134112477,4.1874255823797535
2024-07-30 23:00:00,1.09386,1.09427,1.09341,1.09346,4734,,-0.0003657443853289739,5.00213132993879,4.288401260125247,4.190738588429423
2024-07-31 00:00:00,1.09346,1.09386,1.09336,1.09376,2827,,0.0002743208290718402,4.988693775260605,4.268692110952038,4.167420798840231
2024-07-31 01:00:00,1.09381,1.09391,1.09326,1.09371,3328,,-4.5714912669676037e-05,4.711552920819967,4.187772294058374,4.167001365609529
2024-07-31 02:00:00,1.09371,1.09376,1.09276,1.09376,10841,,4.571491266961468e-05,4.682656845117201,4.18222537810652,4.166841648595709
2024-07-31 03:00:00,1.09371,1.09376,1.0924,1.09306,13390,,-0.0006401990323010706,4.78700607982464,4.152674410408026,4.177469223525479
2024-07-31 04:00:00,1.09301,1.09397,1.0919,1.09351,12253,,0.00041160356755395584,4.644493479155199,4.165882318897253,4.180500606619521
2024-07-31 05:00:00,1.09351,1.09402,1.09346,1.09381,6478,,0.00027430828765900384,2.842821873703303,4.167592514639137,4.083352821656358
2024-07-31 06:00:00,1.09376,1.09477,1.09371,1.09452,7953,,0.0006488966699841268,2.752737290317433,4.225491073322055,4.095985127655554
2024-07-31 07:00:00,1.09452,1.09528,1.09391,1.09402,11415,,-0.0004569256295969961,2.687276572595733,4.242121632681715,4.0969423830726015
2024-07-31 08:00:00,1.09402,1.09644,1.09376,1.09538,22956,,0.0012423496619369866,3.3260614371404165,4.432993862580281,4.134232236341805
2024-07-31 09:00:00,1.09533,1.09618,1.09512,1.09553,13213,,0.00013692940397751384,3.27800244999849,4.42564394720992,4.130646980556759
2024-07-31 10:00:00,1.09558,1.09593,1.09296,1.09341,31528,,-0.001937011213514654,4.8716032664001565,4.714527395983599,4.233508139699404
2024-07-31 11:00:00,1.09336,1.09402,1.09311,1.09351,20879,,9.145281955412893e-05,4.83776656073274,4.710509688019353,4.229300718667523
2024-07-31 12:00:00,1.09346,1.09351,1.09165,1.0921,13598,,-0.0012902578187415055,5.371438303798053,4.8678865039465835,4.264918328377896
2024-07-31 13:00:00,1.0921,1.09291,1.09175,1.09286,8871,,0.0006956649372528281,5.450471092711852,4.928221733760761,4.2798248441256685
2024-07-31 14:00:00,1.09281,1.09422,1.09134,1.09386,21841,,0.0009146119024930554,5.668714139291963,5.021898413624512,4.304390018049507
2024-07-31 15:00:00,1.09391,1.09452,1.09316,1.09351,12878,,-0.0003200190210042731,5.7047782535390255,5.028013911351919,4.306713444536157
2024-07-31 16:00:00,1.09351,1.09407,1.09296,1.09371,3800,,0.00018288055207753772,5.6794916451844655,5.033138878001558,4.302951555714927
2024-07-31 18:00:00,1.09376,1.09422,1.09346,1.09351,1048,,-0.00018288055207742684,5.682298318133997,4.887281402848121,4.295675226386592
2024-07-31 19:00:00,1.09356,1.09366,1.09326,1.09346,1036,,-4.5725364324662154e-05,5.633495609410236,4.752895955990598,4.2948767997032995
2024-07-31 20:00:00,1.09341,1.09412,1.09341,1.09391,2249,,0.0004114530292984948,5.643022177199032,4.748489600445787,4.299041284809397
2024-07-31 21:00:00,1.09386,1.09447,1.09381,1.09386,4025,,-4.5708643969563164e-05,5.624626671565351,4.7479851003973295,4.2965860678202885
2024-07-31 22:00:00,1.09386,1.09417,1.09351,1.09371,3580,,-0.00013713846892691358,5.629473214065567,4.428561239600933,4.296109361497338
2024-07-31 23:00:00,1.09366,1.09457,1.09361,1.09437,2151,,0.0006032686373591227,5.726543101176392,4.463809023615101,4.297057068049303
2024-08-01 00:00:00,1.09437,1.09462,1.09376,1.09381,1795,,-0.0005118409017776445,5.683061460124453,4.478363411492634,4.273159800824309
2024-08-01 01:00:00,1.09376,1.09407,1.09366,1.09381,2206,,0.0,5.64099360907011,4.4636733002075015,3.992610061102487
2024-08-01 02:00:00,1.09376,1.09386,1.09215,1.09271,9576,,-0.0010061651325396096,5.886821686363893,4.5708780414557175,4.01875453127698
2024-08-01 03:00:00,1.09271,1.09306,1.09099,1.09114,12154,,-0.001437827937338405,6.207549699832765,4.78383118672709,4.034851473044954
2024-08-01 04:00:00,1.09114,1.09124,1.08913,1.08943,32964,,-0.0015683975754337222,6.663960350605831,5.006516801299862,4.09690415594993
2024-08-01 05:00:00,1.08948,1.08963,1.08872,1.08877,14883,,-0.0006060049767681821,6.135710015961673,5.029476161358044,4.089078485514007
2024-08-01 06:00:00,1.08882,1.09003,1.08877,1.08948,10145,,0.0006518994836626798,6.315851688085315,5.075710800782681,4.102133330352982
2024-08-01 07:00:00,1.08948,1.09064,1.08908,1.09029,12921,,0.0007431977110273877,5.769415820488634,5.135068945132707,4.114126339671994
2024-08-01 08:00:00,1.09024,1.0919,1.08978,1.09069,24258,,0.00036680758602536905,5.824621721467039,5.1501332983408,4.119268089976271
2024-08-01 09:00:00,1.09069,1.0917,1.08978,1.09139,16921,,0.0006415896979142735,5.561583631247068,5.187469503984085,4.131991048472247
2024-08-01 10:00:00,1.09144,1.09291,1.08978,1.09024,37299,,-0.001054257694031388,5.663836312947521,5.288169094532378,4.160370314653037
2024-08-01 11:00:00,1.09029,1.09054,1.08943,1.08993,16516,,-0.0002843814951029287,5.341238791698042,5.293542749523249,4.1529373598257795
2024-08-01 12:00:00,1.08993,1.09069,1.08908,1.08963,11707,,-0.0002752849216305691,5.338070475206391,5.297586001588019,4.154286513865707
2024-08-01 13:00:00,1.08968,1.09024,1.08953,1.09024,6848,,0.0005596664167335001,5.457958096866675,5.312942691613519,4.159119008321604
2024-08-01 14:00:00,1.09024,1.09029,1.08938,1.08948,9990,,-0.0006973373009356702,5.537891367868718,5.346797302628753,4.17057289815315
2024-08-01 15:00:00,1.08948,1.09059,1.08933,1.08998,6289,,0.00045882925933204174,5.646609036582272,5.365799497213313,4.178059383444477
2024-08-01 16:00:00,1.08998,1.09024,1.08968,1.09013,1849,,0.00013760773560677765,5.578152216199578,5.365814855413462,4.177834889647027
2024-08-01 18:00:00,1.09008,1.09034,1.08978,1.08988,1483,,-0.00022935674707545445,5.573944818405893,5.361931101249106,4.1782530511211435
2024-08-01 19:00:00,1.08988,1.09018,1.08963,1.08963,2118,,-0.0002294093636609432,5.573876885701637,5.271519596723731,4.179019407897061
2024-08-01 20:00:00,1.08963,1.09024,1.08918,1.09008,3835,,0.0004128989694896668,5.49727969704977,5.282615456779713,4.184968509960206
2024-08-01 21:00:00,1.09008,1.09039,1.08978,1.09008,2949,,0.0,5.475801307180992,5.278980281816505,4.184763642858254
2024-08-01 22:00:00,1.09008,1.09018,1.08948,1.09003,3135,,-4.586924513773268e-05,5.471826641924986,5.2212820997369525,4.180730899722765
2024-08-01 23:00:00,1.09003,1.09054,1.09003,1.09029,1512,,0.00023849710247338942,5.293807981508533,4.826929231778906,4.176335982502079
2024-08-02 00:00:00,1.09034,1.09084,1.09024,1.09079,2216,,0.00045848846329224734,4.783181915114819,4.783271170053462,4.183852838441341
2024-08-02 01:00:00,1.09079,1.09144,1.09054,1.09144,3667,,0.0005957209086328511,3.9565037747664995,4.792446611538557,4.195963874750394
2024-08-02 02:00:00,1.09144,1.09195,1.09029,1.09064,15052,,-0.0007332453767443869,4.0334148667524845,4.835717406474622,4.209345356401891
2024-08-02 03:00:00,1.09064,1.09144,1.08963,1.09139,18185,,0.0006874332887589855,4.049730330792518,4.86450498930513,4.222702977014632
2024-08-02 04:00:00,1.09139,1.09255,1.09134,1.0925,14244,,0.0010165348031119911,4.215106418813078,4.973191070835865,4.249111908603104
2024-08-02 05:00:00,1.0925,1.09356,1.0925,1.09301,16268,,0.0004667102957728057,4.238655840379239,4.986851871763307,4.25603670318538
2024-08-02 06:00:00,1.09311,1.09346,1.0926,1.09336,8244,,0.0003201653910269955,4.145255983568579,4.996233891879216,4.19019134283531
2024-08-02 07:00:00,1.09336,1.09482,1.09336,1.09417,17036,,0.000740561306148125,3.7212778721763247,5.029042763017846,4.203991174586252
2024-08-02 08:00:00,1.09422,1.10082,1.09397,1.10027,74941,,0.005559519250184844,9.992369826540173,7.494523827967546,5.022447566622059
2024-08-02 09:00:00,1.10022,1.10178,1.09956,1.10168,54181,,0.0012806832059923422,9.988251680390004,7.585267157767643,5.059167826226564
2024-08-02 10:00:00,1.10168,1.10379,1.10107,1.10334,45648,,0.0015056555619463057,10.125715964821321,7.706221783804212,5.097674086232608
2024-08-02 11:00:00,1.10334,1.10364,1.10233,1.10248,27212,,-0.0007797554139274184,10.160212140280587,7.762885701040541,5.100842465379463
2024-08-02 12:00:00,1.10243,1.10259,1.10148,1.10233,21165,,-0.00013606614649907037,10.23760547586026,7.762554302831871,5.100493344965746
2024-08-02 13:00:00,1.10233,1.10264,1.10183,1.10223,9244,,-9.072105097486093e-05,10.275459470597738,7.749502136976341,5.100645548578921
2024-08-02 14:00:00,1.10223,1.10279,1.10213,1.10238,11160,,0.0001360784902830445,10.206432978533499,7.748163252894037,5.101069373541657
2024-08-02 15:00:00,1.10238,1.10279,1.10208,1.10238,8574,,0.0,10.15689955106302,7.747231337766586,5.099334389039789
2024-08-02 16:00:00,1.10238,1.10259,1.10188,1.10223,3296,,-0.00013607849028294194,10.230532716912768,7.751446056180744,5.086794739204933
2024-08-04 18:00:00,1.10294,1.10344,1.10132,1.10173,4184,,-0.0004537287505924386,10.33862884107553,7.734731337251295,5.086784278923067
2024-08-04 19:00:00,1.10173,1.10218,1.10148,1.10208,4863,,0.00031763174043358274,10.293231896434538,7.731819960724949,5.085220509573008
2024-08-04 20:00:00,1.10208,1.10329,1.10173,1.10274,9573,,0.0005986883461811434,10.27761273116163,7.74486932844783,5.091114212376461
2024-08-04 21:00:00,1.10274,1.10324,1.10228,1.10294,7788,,0.00018134996966751282,10.298266643386803,7.727305408586273,5.091597114536473
2024-08-04 22:00:00,1.10299,1.10344,1.10238,1.10319,5268,,0.00022664122338206556,10.3134794111561,7.704732736414009,5.092016115772382
2024-08-04 23:00:00,1.10324,1.1042,1.10314,1.1041,6846,,0.0008245405466040948,10.056070375488536,7.654662677604218,5.104433062550169
2024-08-05 00:00:00,1.10415,1.10506,1.10385,1.1043,10933,,0.0001811266079938748,10.082696237929866,7.654819561134346,5.104015217105602
2024-08-05 01:00:00,1.1043,1.1049,1.10228,1.10228,16015,,-0.0018308881293937712,10.881639518590077,7.626091116947722,5.167642776509943
2024-08-05 02:00:00,1.10233,1.10289,1.10032,1.10168,42613,,-0.0005444745048209087,11.016634752901092,7.656450500893645,5.174097729481963
2024-08-05 03:00:00,1.10158,1.10788,1.10143,1.10601,44521,,0.003922657213854814,12.605323742830448,8.420082767283635,5.518959486667627
2024-08-05 04:00:00,1.10601,1.10868,1.10581,1.10621,22831,,0.0001808138436004911,12.619519996577221,8.405554416056917,5.505498657888278
2024-08-05 05:00:00,1.10626,1.10722,1.10561,1.10626,15384,,4.5198352979862024e-05,8.674254027205096,8.375304377109385,5.501472900328423
2024-08-05 06:00:00,1.10621,1.10626,1.1044,1.10591,15670,,-0.0003164313799757657,8.526123925368946,8.375082131984152,5.492801049780127
2024-08-05 07:00:00,1.10596,1.10758,1.10546,1.10742,12468,,0.001364460097925317,8.460135281143417,8.457958809421068,5.521275281635899
2024-08-05 08:00:00,1.10742,1.11206,1.10722,1.11025,35814,,0.0025522296249565865,9.2027913724802,8.768581112753825,5.658944044043463
2024-08-05 09:00:00,1.11025,1.11151,1.10873,1.10914,32271,,-0.0010002749336987667,9.467335959622822,8.853896261481518,5.680373602231332
2024-08-05 10:00:00,1.10904,1.10914,1.10677,1.10904,40408,,-9.016400839221765e-05,9.467261342758967,8.858104309607558,5.680087195209982
2024-08-05 11:00:00,1.10904,1.10979,1.10672,1.10677,21488,,-0.0020489128527535635,10.317811430997049,9.145430252392462,5.766541340028178
2024-08-05 12:00:00,1.10672,1.10732,1.10591,1.10712,14270,,0.0003161855403076557,10.31307629616333,9.139849087954584,5.768297223950861
2024-08-05 13:00:00,1.10707,1.10758,1.10586,1.10647,7502,,-0.0005872813110667532,10.391453176772666,9.16454392341029,5.77212714570876
2024-08-05 14:00:00,1.10647,1.10687,1.10601,1.10626,9427,,-0.00018981077730269565,10.349301337440457,9.14518878668019,5.72908140974838
2024-08-05 15:00:00,1.10621,1.10697,1.10606,1.10697,6605,,0.0006415962411097068,10.375807233768716,9.154304637524717,5.737083491805619
2024-08-05 16:00:00,1.10697,1.10712,1.10601,1.10626,2844,,-0.0006415962411097253,10.456090632363196,9.11231307477776,5.740430076991959
2024-08-05 18:00:00,1.10632,1.10727,1.10626,1.10652,2302,,0.00023499850974471285,10.456866138045768,8.956528376657204,5.732294075661859
2024-08-05 19:00:00,1.10652,1.10682,1.10601,1.10616,3643,,-0.0003253972586875376,10.490020600764598,8.785526711271768,5.729956469674429
2024-08-05 20:00:00,1.10611,1.10737,1.10546,1.10737,7096,,0.0010932764593399623,10.556495890560349,8.780663019326138,5.754010396805036
2024-08-05 21:00:00,1.10732,1.10737,1.10606,1.10652,4641,,-0.0007678792006523393,10.675303458019151,8.83494054178943,5.764044613662633
2024-08-05 22:00:00,1.10652,1.10682,1.10621,1.10626,1966,,-0.00023499850974474946,10.101579001691967,8.83453263198911,5.764127792203956
2024-08-05 23:00:00,1.10626,1.10667,1.10621,1.10647,1074,,0.00018981077730277437,10.014224258276542,8.833763887586445,5.761418081977846
2024-08-06 00:00:00,1.10647,1.10667,1.10606,1.10626,2398,,-0.00018981077730269565,7.376107553196157,8.834399289112794,5.7553337979690875
2024-08-06 01:00:00,1.10626,1.10657,1.10556,1.10576,5866,,-0.0004520754862211495,7.411830025050417,8.76539326414107,5.759922222531549
2024-08-06 02:00:00,1.10576,1.10596,1.1045,1.10495,18974,,-0.0007327962837702432,7.512719213964209,8.804136598928684,5.7698370818032165
2024-08-06 03:00:00,1.10495,1.10511,1.10324,1.10374,16863,,-0.0010956722048366104,7.71706246734928,8.89032719647201,5.794431908278929
2024-08-06 04:00:00,1.10374,1.1045,1.10289,1.10379,15252,,4.5299497636504976e-05,7.247870212061047,8.884849443365853,5.792176712317545
2024-08-06 05:00:00,1.10379,1.10379,1.10178,1.10218,12050,,-0.0014596755947385133,5.641321699782561,8.996554498776698,5.825716263836799
2024-08-06 06:00:00,1.10213,1.10243,1.10143,1.10183,11459,,-0.0003176029173569329,5.52012672191375,9.00681760654227,5.82693308610391
2024-08-06 07:00:00,1.10188,1.10279,1.10138,1.10269,11748,,0.0007802152338158467,5.8390994945221655,9.026786478763658,5.836578513104451
2024-08-06 08:00:00,1.10269,1.10279,1.10148,1.10148,15989,,-0.0010979190548342766,5.11501745107883,9.109978663981266,5.85819707159306
2024-08-06 09:00:00,1.10153,1.10349,1.10153,1.10289,23444,,0.0012792772468274078,5.689969178873288,9.166826067847426,5.884389458006919
2024-08-06 10:00:00,1.10289,1.10455,1.10259,1.1044,26979,,0.001368193790171922,6.245862826584629,9.239287173119003,5.919736583794598
2024-08-06 11:00:00,1.10445,1.10445,1.10324,1.10354,18317,,-0.0007790067153012032,6.357780330760507,9.291045781035292,5.932331523526744
2024-08-06 12:00:00,1.10359,1.10425,1.10309,1.10379,10717,,0.00022651801141558662,6.238724426602026,9.287544576748957,5.932521229933013
2024-08-06 13:00:00,1.10379,1.10415,1.10329,1.10359,8120,,-0.000181210304113736,6.172822388416732,9.295737240216653,5.931876236034438
2024-08-06 14:00:00,1.10359,1.1044,1.10354,1.1039,7487,,0.00028086197630608023,6.181746537139967,9.292424844897445,5.933368993206001
2024-08-06 15:00:00,1.1039,1.1041,1.10329,1.10395,8500,,4.529293204563061e-05,6.175866605433568,9.284772532574356,5.932945108345311
2024-08-06 16:00:00,1.104,1.10425,1.10379,1.1042,2878,,0.00022643389359249734,5.816221279234559,9.236826851627708,5.933861445394214
2024-08-06 18:00:00,1.1041,1.10425,1.10374,1.1039,1878,,-0.0002717268256381965,5.709651648619099,9.235772335149903,5.935294294986761
2024-08-06 19:00:00,1.10395,1.104,1.10339,1.10354,1666,,-0.00032616968360788754,5.717766995645588,9.210938117359593,5.9362135507174925
2024-08-06 20:00:00,1.10354,1.104,1.10329,1.10395,2139,,0.0003714626156534421,5.757994128876076,9.208263274801517,5.937923634734435
2024-08-06 21:00:00,1.10395,1.104,1.10203,1.10279,6524,,-0.0010513246751716711,5.984537963946992,9.287337201682199,5.958684928449166
2024-08-06 22:00:00,1.10279,1.10294,1.10223,1.10259,4488,,-0.00018137463888153723,5.96052906954693,9.272657567656845,5.95935144831443
2024-08-06 23:00:00,1.10264,1.10274,1.10218,1.10259,2781,,0.0,5.865389056329637,7.431473168970724,5.954103996689896
2024-08-07 00:00:00,1.10259,1.10269,1.10213,1.10213,3399,,-0.0004172865549138546,5.614637660448432,7.334640294519848,5.943523279152805
2024-08-07 01:00:00,1.10213,1.10228,1.10163,1.10198,4216,,-0.00013610935954350516,5.611333486997857,7.174185145050209,5.943629508028988
2024-08-07 02:00:00,1.10203,1.10248,1.10148,1.10248,7419,,0.00045362583904808425,5.077081998652927,7.147208550682747,5.928107839276636
2024-08-07 03:00:00,1.10248,1.10374,1.10223,1.10319,13081,,0.0006437953315980277,5.152146076310164,7.17482336706622,5.929643156571808
2024-08-07 04:00:00,1.10319,1.10379,1.10279,1.10289,8618,,-0.00027197563265991484,5.007925145246432,7.17981535650287,5.928217799360132
2024-08-07 05:00:00,1.10284,1.10294,1.10178,1.10228,7256,,-0.0005532453421360469,4.705092304287561,7.200729576459134,5.9346756638825795
2024-08-07 06:00:00,1.10233,1.10329,1.10193,1.10274,6654,,0.0004172297817463968,4.190891696657079,7.21299335077118,5.929026951464015
2024-08-07 07:00:00,1.10274,1.10359,1.10274,1.10329,7769,,0.0004986333018099788,3.498328021406749,7.228360758580245,5.930393144345733
2024-08-07 08:00:00,1.10334,1.10349,1.10233,1.10314,10024,,-0.00013596624432339092,3.241212848216214,7.2142188749556375,5.917603220455173
2024-08-07 09:00:00,1.10314,1.10359,1.10223,1.10284,12799,,-0.0002719879616763278,3.23736520496352,7.213681073993028,5.919278799497743
2024-08-07 10:00:00,1.10284,1.1044,1.10284,1.10415,18509,,0.0011871373715765846,3.865107267366688,7.286607282865602,5.946985332968237
2024-08-07 11:00:00,1.1041,1.10465,1.10339,1.10344,14182,,-0.0006432354055601954,4.0022875546946075,7.315015396600478,5.955816236648172
2024-08-07 12:00:00,1.10339,1.10369,1.10309,1.10319,7197,,-0.0002265898687770758,4.015889980787568,7.315253646639223,5.9562276723605825
2024-08-07 13:00:00,1.10314,1.10369,1.10274,1.10319,9158,,0.0,3.9882786010415465,7.266663550159349,5.955382165607791
2024-08-07 14:00:00,1.10314,1.10334,1.10269,1.10324,12292,,4.532208137902987e-05,3.9691599131347526,7.264209089967776,5.9545324839332485
2024-08-07 15:00:00,1.10324,1.10364,1.10309,1.10329,5834,,4.532002738122395e-05,3.933303872934271,7.023960832214701,5.953673941271274
2024-08-07 16:00:00,1.10329,1.10334,1.10294,1.10324,1544,,-4.5320027381171115e-05,3.870463191149199,7.001025974570798,5.9523750477637005
2024-08-07 18:00:00,1.10324,1.10349,1.10304,1.10344,1254,,0.00018126778739794718,3.4025579848731793,5.763381640810404,5.9525746056598745
2024-08-07 19:00:00,1.10354,1.1042,1.10344,1.10354,2492,,9.062157343382293e-05,3.3817206499017907,5.760569763923897,5.946765166963496
2024-08-07 20:00:00,1.10354,1.1041,1.10339,1.10359,3556,,4.5307707301885794e-05,3.380801871397135,5.760571428254082,5.94628059684468
2024-08-07 21:00:00,1.10364,1.1039,1.10314,1.10359,2447,,0.0,3.2752732716637403,5.753777838334461,5.945800228003857
2024-08-07 22:00:00,1.10359,1.1043,1.10349,1.1042,2560,,0.0005525888019441171,3.3577867032689954,5.607227677820868,5.946665290904251
2024-08-07 23:00:00,1.1042,1.10435,1.10385,1.1043,1491,,9.055920314092852e-05,3.2950607951839754,4.942031185888482,5.9316779230820735
2024-08-08 00:00:00,1.10435,1.1046,1.1039,1.104,1919,,-0.0002717022160444988,3.18125256200166,4.857818795704666,5.897819134724365
2024-08-08 01:00:00,1.104,1.1044,1.10379,1.1044,2548,,0.0003622532189587246,3.1765433417983413,4.877796486682802,5.895520737910884
2024-08-08 02:00:00,1.10445,1.10531,1.1042,1.10511,8868,,0.0006426764526412759,3.11165508054896,4.49163230430276,5.898460309826956
2024-08-08 03:00:00,1.10516,1.10536,1.1042,1.10485,9899,,-0.00023529837752679435,3.125593025897494,4.4828064069308695,5.899489661465207
2024-08-08 04:00:00,1.1048,1.10526,1.10435,1.1045,5515,,-0.0003168352709421478,3.1125217630212187,4.4567501867053405,5.900277703648062
2024-08-08 05:00:00,1.1045,1.10475,1.10339,1.10344,5404,,-0.0009601710929074371,3.569740342681983,4.55123041501062,5.896406113784777
2024-08-08 06:00:00,1.10354,1.10369,1.10294,1.10334,5477,,-9.062978644756537e-05,3.537340483578978,4.497457741490692,5.894269861937083
2024-08-08 07:00:00,1.10334,1.10415,1.10314,1.1039,5356,,0.0005074210434892083,2.9784047136579432,4.4917136389163135,5.898987212874385
2024-08-08 08:00:00,1.1039,1.1041,1.09991,1.10052,27227,,-0.003066568665453007,6.031454073375567,5.41585323226057,6.09159959490107
2024-08-08 09:00:00,1.10057,1.10143,1.09891,1.10001,34693,,-0.00046352470462234055,6.057238812874935,5.423761016947625,6.0953588711035325
2024-08-08 10:00:00,1.10006,1.10158,1.09991,1.10143,16707,,0.0012900648638512222,6.550443432794307,5.471269514977219,6.123900730637425
2024-08-08 11:00:00,1.10143,1.10228,1.10132,1.10213,13424,,0.0006353355693027961,6.665667135966924,5.474338411056053,6.117273915276625
2024-08-08 12:00:00,1.10213,1.10223,1.10132,1.10168,6943,,-0.0004083836685142689,6.691585565825147,5.482578510613338,6.120886124779033
2024-08-08 13:00:00,1.10173,1.10248,1.10153,1.10208,6551,,0.00036301594038613176,6.734503285971856,5.493711145848665,6.123166750530792
2024-08-08 14:00:00,1.10208,1.10279,1.10188,1.10264,6379,,0.0005080010269270112,6.794323068371906,5.522222379428006,6.127523023632285
2024-08-08 15:00:00,1.10264,1.10269,1.10213,1.10243,4067,,-0.00019047014438079715,6.795196602071324,5.5091523397161755,6.127589452642155
2024-08-08 16:00:00,1.10238,1.10274,1.10238,1.10269,1586,,0.0002358148320315225,6.811785696596879,5.471845696490938,6.1279752691211336
2024-08-08 18:00:00,1.10259,1.10269,1.10233,1.10259,1552,,-9.069143153570885e-05,6.811882567878214,5.363950760953482,6.127380578056874
2024-08-08 19:00:00,1.10264,1.10269,1.10218,1.10223,1574,,-0.0003265572728831869,6.7373954957780136,5.372482749429265,6.129353219754335
2024-08-08 20:00:00,1.10223,1.10233,1.10193,1.10198,2787,,-0.0002268386415741618,6.7330333375846205,5.173570264617225,6.12935833628701
2024-08-08 21:00:00,1.10208,1.10269,1.10193,1.10259,2223,,0.0005533959144573349,6.820380446249234,5.193148980084442,6.133139382914064
2024-08-08 22:00:00,1.10259,1.10319,1.10233,1.10289,3086,,0.00027204962352892447,6.8042244497702296,5.1408383531415165,6.129847848565853
2024-08-08 23:00:00,1.10289,1.10319,1.10284,1.10309,1209,,0.00018132530716325311,6.697206666534579,5.019001151310082,6.11066940762773
2024-08-09 00:00:00,1.10304,1.10314,1.10274,1.10279,1650,,-0.0002720002918106362,6.700019046336818,4.860547017341287,6.075532699049044
2024-08-09 01:00:00,1.10279,1.10294,1.10259,1.10274,2598,,-4.534057574226004e-05,6.687810601315572,4.655061400497491,6.073751402406003
2024-08-09 02:00:00,1.10269,1.10359,1.10248,1.10344,6047,,0.0006345810618265721,6.593843962613234,4.636683455567129,6.077310527753359
2024-08-09 03:00:00,1.10349,1.10369,1.10279,1.10299,7898,,-0.0004078987379970548,6.630703578863639,4.6484352367005135,6.0810240740280515
2024-08-09 04:00:00,1.10294,1.10304,1.10208,1.10253,7453,,-0.00041713519412203156,6.593261451317132,4.663245653940976,6.079201299247468
2024-08-09 05:00:00,1.10248,1.10339,1.10248,1.10274,5646,,0.00019045287029241382,3.640293674920251,4.658226239488129,6.07789926712561
2024-08-09 06:00:00,1.10269,1.10309,1.10243,1.10248,3726,,-0.00023580413854842417,3.548307503718805,4.662887394004384,6.059576532631229
2024-08-09 07:00:00,1.10248,1.10284,1.10188,1.10233,5243,,-0.00013606614649907037,2.836597384875754,4.6572727218353105,6.020650754265154
2024-08-09 08:00:00,1.10238,1.10274,1.10163,1.10193,11756,,-0.00036293359620972874,2.6984487129851646,4.66305716196734,6.018862296462978
2024-08-09 09:00:00,1.10193,1.10319,1.10173,1.10304,14197,,0.0010068165043201427,3.1209683828821984,4.76709060517073,6.037961772258685
2024-08-09 10:00:00,1.10304,1.1039,1.10289,1.10309,18642,,4.5328244490144185e-05,3.071840181242809,4.751730818622029,6.027726037936397
2024-08-09 11:00:00,1.10304,1.10354,1.10289,1.10314,8304,,4.532618993371202e-05,2.953323408111132,4.6321375665063735,6.019847176091751
2024-08-09 12:00:00,1.10319,1.10319,1.10253,1.10259,8392,,-0.0004987011206257756,3.0704491248286443,4.656139848648616,6.02450151404293
2024-08-09 13:00:00,1.10264,1.10309,1.10223,1.10284,8822,,0.00022671315894941165,3.0683325611799663,4.661700155250862,6.025058014722968
2024-08-09 14:00:00,1.10279,1.10294,1.10248,1.10269,6837,,-0.00013602172741373515,3.0739247876917855,4.644177849407795,6.02532198852717
2024-08-09 15:00:00,1.10274,1.10289,1.10248,1.10264,3320,,-4.5344687650774496e-05,3.0158586324322556,4.642175024877083,6.022933300682077
2024-08-09 16:00:00,1.10269,1.10274,1.10223,1.10228,2227,,-0.0003265424624920859,3.046514825011874,4.631815830286462,6.024082371720884
2024-08-11 18:00:00,1.10243,1.10294,1.10173,1.10203,1578,,-0.00022682835088687353,2.9053248599150545,4.589470893150012,6.02288303380908
2024-08-11 19:00:00,1.10203,1.10223,1.10193,1.10198,1248,,-4.537184496316161e-05,2.8538587300762694,4.582226064080773,6.021252088186917
2024-08-11 20:00:00,1.10198,1.10274,1.10188,1.10253,1659,,0.0004989771073040918,2.983251934023368,4.57701030035909,6.024593831515112
2024-08-11 21:00:00,1.10253,1.10304,1.10253,1.10279,1695,,0.00023579344603475124,2.980320012997768,4.563815570514946,6.025522214625142
2024-08-11 22:00:00,1.10284,1.10289,1.10248,1.10248,1726,,-0.0002811447142907332,3.0196884073281085,4.543719312209975,6.027097983571265
2024-08-11 23:00:00,1.10248,1.10259,1.10193,1.10208,1352,,-0.0003628842076327524,2.832425509527166,4.555748956288221,6.0245760886569935
2024-08-12 00:00:00,1.10213,1.10289,1.10203,1.10259,2074,,0.00046265428304194053,2.897498957499393,4.573111129578118,6.026639715542815
2024-08-12 01:00:00,1.10264,1.10284,1.10248,1.10259,1123,,0.0,2.803942418698917,4.408562650071082,6.025719670286407
2024-08-12 02:00:00,1.10264,1.10309,1.10228,1.10284,5046,,0.00022671315894941165,2.8123666087765296,4.369562902594654,6.025709395570237
2024-08-12 03:00:00,1.10284,1.10359,1.10269,1.10299,8143,,0.00013600322801936453,2.7854183250208426,4.366222907418585,6.025115504682122
2024-08-12 04:00:00,1.10294,1.10324,1.10233,1.10279,6789,,-0.00018134174808731492,2.7947520371398644,4.369888663493132,6.0228714022455945
2024-08-12 05:00:00,1.10279,1.10349,1.10248,1.10339,3981,,0.0005439266195803966,2.842847451536086,4.404433003367858,6.0283109638860255
2024-08-12 06:00:00,1.10344,1.10369,1.10289,1.10334,5948,,-4.5315919943717756e-05,2.2647023274273996,4.404464825337529,6.024422388808792
2024-08-12 07:00:00,1.10334,1.10364,1.10269,1.10329,5526,,-4.531797356912385e-05,2.2661448455271493,4.404464803314035,6.008314298663887
2024-08-12 08:00:00,1.10329,1.10359,1.10243,1.10269,6285,,-0.00054397593341345,2.4595804850553877,4.434083611478548,6.014245426745062
2024-08-12 09:00:00,1.10274,1.1041,1.10269,1.10324,17159,,0.0004986559060322812,2.4536926415083657,4.4625339968710875,6.00973583866308
2024-08-12 10:00:00,1.10329,1.10405,1.10223,1.1039,17499,,0.0005980590444395791,2.6275312030532865,4.503184146228135,6.012548377687675
2024-08-12 11:00:00,1.10385,1.10465,1.10349,1.10354,12405,,-0.00032616968360788754,2.6899934359698547,4.515421955038472,6.0119774318261054
2024-08-12 12:00:00,1.10349,1.10369,1.10289,1.10299,5666,,-0.0004985203114307986,2.8458871194969038,4.506692237570272,6.017440814309311
2024-08-12 13:00:00,1.10299,1.1041,1.10294,1.10405,4820,,0.0009605626372911916,3.2098280232919496,4.611654398443742,6.03386645681753
2024-08-12 14:00:00,1.10405,1.1042,1.10354,1.10374,5714,,-0.0002808238120811179,3.2275938806572433,4.6122067001494536,6.035662051762715
2024-08-12 15:00:00,1.10379,1.10405,1.10369,1.10385,3831,,9.965618624024489e-05,3.2198598494116006,4.598349747375747,6.033388180244999
2024-08-12 16:00:00,1.10385,1.10395,1.10344,1.10385,1775,,0.0,3.1312354028615097,4.550102311032721,6.015512436258247
2024-08-12 18:00:00,1.1039,1.10405,1.10374,1.1039,632,,4.529498358845619e-05,3.114637551800745,4.545148251587543,6.015004814686351
2024-08-12 19:00:00,1.1039,1.10435,1.10379,1.1043,946,,0.00036228602877903235,3.0976143349731244,4.549955537481789,6.017074603902157
2024-08-12 20:00:00,1.10425,1.10425,1.10359,1.10369,1889,,-0.0005525387483814803,3.2002670370030044,4.479919803986275,6.02239251831747
2024-08-12 21:00:00,1.10369,1.10425,1.10359,1.1042,1615,,0.00046197954524049035,3.200005726096374,4.50228226460064,6.024487995397475
2024-08-12 22:00:00,1.1042,1.10445,1.1041,1.1042,1105,,0.0,3.200005726096374,4.473893265628369,6.024492103747121
2024-08-12 23:00:00,1.10425,1.1045,1.1042,1.10435,1286,,0.00013583572953346096,3.189992864671882,3.192170792246841,6.024207428605464
2024-08-13 00:00:00,1.10435,1.10465,1.10425,1.1046,1129,,0.00022635188760946343,3.1999400373716824,3.1515399605599965,5.992432089588216
2024-08-13 01:00:00,1.10465,1.1048,1.1044,1.10465,1710,,4.5264229949811944e-05,3.1667136302545376,2.8946379307742593,5.963919889006798
2024-08-13 02:00:00,1.1047,1.1048,1.10395,1.10405,5578,,-0.0005433060304785938,3.2281595581654767,2.891638090103662,5.9670946346962666
2024-08-13 03:00:00,1.104,1.1042,1.10329,1.10369,7530,,-0.00032612536185476346,3.285411936379407,2.8800395683037774,5.96939684910723
2024-08-13 04:00:00,1.10364,1.10364,1.10274,1.10304,5396,,-0.0005891069762032333,3.4496284608859633,2.925595537069918,5.915878073621029
2024-08-13 05:00:00,1.10299,1.10334,1.10198,1.10264,9837,,-0.00036269994231707714,3.374107860619082,2.905576392977688,5.918155136625523
2024-08-13 06:00:00,1.10264,1.10319,1.10243,1.10299,5156,,0.0003173696430838597,3.3024019313852437,2.916166865830157,5.916285563258173
2024-08-13 07:00:00,1.10304,1.1039,1.10294,1.10369,5261,,0.0006344372754364027,3.3243032962354992,2.974895166145599,5.921243679728256
2024-08-13 08:00:00,1.10369,1.10621,1.10319,1.1048,20237,,0.0010052117903785493,3.7050344953395147,3.1341513992118832,5.9391753845570046
2024-08-13 09:00:00,1.1048,1.10692,1.1045,1.10657,24410,,0.001600817934571058,4.430508545938996,3.484989865168319,5.98778716373438
2024-08-13 10:00:00,1.10662,1.10692,1.10576,1.10632,16717,,-0.00022594887325049973,4.225481076028774,3.484913469389941,5.987225292648645
2024-08-13 11:00:00,1.10626,1.10662,1.10551,1.10606,19036,,-0.0002350409976558062,4.212985237787278,3.4615885726993314,5.986111654197054
2024-08-13 12:00:00,1.10606,1.10813,1.10601,1.10798,12827,,0.0017343864440527474,5.076901799601117,3.8466531052343313,6.043120770495157
2024-08-13 13:00:00,1.10798,1.10858,1.10768,1.10843,7914,,0.0004060620608853258,5.078468864591989,3.8595125714511394,6.043466750267823
2024-08-13 14:00:00,1.10843,1.1107,1.10843,1.11065,13363,,0.0020008298399463425,5.944870826881598,4.296560955531401,6.118796479432579
2024-08-13 15:00:00,1.1107,1.11075,1.11015,1.11035,9338,,-0.0002701485833629083,6.026571790975671,4.311244775180918,6.1180873650863115
2024-08-13 16:00:00,1.1104,1.1107,1.11,1.11015,5527,,-0.00018013960868342685,5.8975683887207095,4.288054911337279,6.1184638809724765
2024-08-13 18:00:00,1.1101,1.11045,1.10994,1.1104,2296,,0.00022516944095495704,5.890189649477161,4.258032726907604,6.11890986864457
2024-08-13 19:00:00,1.1104,1.11055,1.11015,1.11035,3324,,-4.502983227160591e-05,5.897518410651681,4.226944098722971,6.119135434728781
2024-08-13 20:00:00,1.1103,1.11045,1.10989,1.10989,3201,,-0.00041436962362792593,6.016071756722103,4.2597768817109305,6.121184471711228
2024-08-13 21:00:00,1.10989,1.1104,1.10974,1.10989,3335,,0.0,6.0317840846859205,4.246843178694941,6.120949831889687
2024-08-13 22:00:00,1.10984,1.1101,1.10974,1.10984,4816,,-4.505052417060256e-05,6.0430464096044565,4.242381967253685,6.11830996441877
2024-08-13 23:00:00,1.10984,1.10989,1.10959,1.10974,2817,,-9.010713744729984e-05,5.907263515626987,4.219778997306848,6.118633429784079
2024-08-14 00:00:00,1.10969,1.11005,1.10969,1.11005,2056,,0.00027930570190447853,5.810036305501911,4.124793272941715,6.116716667340346
2024-08-14 01:00:00,1.11005,1.11025,1.10969,1.10984,3194,,-0.0001891985644572798,5.657637716271592,4.135013260715656,6.103090556157679
2024-08-14 02:00:00,1.10979,1.11085,1.10934,1.1107,12572,,0.0007745864006042166,5.5739754751194885,4.189291286095088,6.1123743368364165
2024-08-14 03:00:00,1.1107,1.11156,1.1103,1.11131,12164,,0.0005490524483005463,5.582339263112613,4.164249096877196,6.117011550547753
2024-08-14 04:00:00,1.11126,1.11272,1.11095,1.11262,13331,,0.0011780947705307542,5.740354264482368,4.2941187883536776,6.12567658708015
2024-08-14 05:00:00,1.11262,1.11357,1.11226,1.11332,9703,,0.000628947791113319,5.651288309860258,4.311057280422751,6.044096678214473
2024-08-14 06:00:00,1.11327,1.11327,1.11252,1.11292,8570,,-0.00035935029853439234,5.326603522698545,4.337825646298186,6.038028496118215
2024-08-14 07:00:00,1.11297,1.11327,1.11272,1.11297,6884,,4.492584989231721e-05,5.264177620710611,4.311536791186701,6.030179780272097
2024-08-14 08:00:00,1.11302,1.11468,1.11115,1.11241,37154,,-0.0005032848428767659,5.370498679086368,4.3458165917918565,6.035709769169864
2024-08-14 09:00:00,1.11236,1.11504,1.11236,1.11453,31458,,0.0019039584725471514,5.522007039244456,4.680880601786457,6.099638070749809
2024-08-14 10:00:00,1.11453,1.11549,1.11347,1.11428,22335,,-0.00022433495995490368,5.5899393020197055,4.688064670458292,6.101458373447528
2024-08-14 11:00:00,1.11428,1.11433,1.11287,1.11307,18352,,-0.0010864930244733604,5.090955992009323,4.855937952129597,6.125751429570601
2024-08-14 12:00:00,1.11307,1.11312,1.11226,1.11252,9365,,-0.0004942509727275666,5.158525991212061,4.880195562899003,6.1318672607795905
2024-08-14 13:00:00,1.11257,1.11262,1.11206,1.11221,6663,,-0.000278685505213128,5.178225331247561,4.871830400797608,6.131207263593
2024-08-14 14:00:00,1.11211,1.11241,1.11181,1.11236,8386,,0.00013485752323129762,5.173249936895506,4.861543266372553,6.130431562696305
2024-08-14 15:00:00,1.11231,1.11236,1.11186,1.11201,4981,,-0.0003146958490615348,5.216426847097539,4.881525461326397,6.13336116281417
2024-08-14 16:00:00,1.11201,1.11216,1.11181,1.11191,3010,,-8.993129255317438e-05,5.149685770033959,4.886228079455425,6.132110609151491
2024-08-14 18:00:00,1.11201,1.11211,1.11161,1.11186,837,,-4.4968679322369394e-05,5.152805726094998,4.889624282382756,6.132096228266562
2024-08-14 19:00:00,1.11191,1.11196,1.11156,1.11171,1597,,-0.00013491817233330289,5.162589813115439,4.88678147486196,6.130528304145465
2024-08-14 20:00:00,1.11176,1.11201,1.11151,1.11156,1877,,-0.0001349363777026038,5.167992893488113,4.875963250944629,6.127642054587842
2024-08-14 21:00:00,1.11156,1.11156,1.11085,1.11126,4031,,-0.0002699273911713423,5.1894347651282136,4.889106045552039,6.128987746870839
2024-08-14 22:00:00,1.11131,1.11171,1.11115,1.11141,1517,,0.00013497280318526428,5.171569777493154,4.886236693710819,6.128850080075334
2024-08-14 23:00:00,1.11146,1.11161,1.11131,1.11136,1059,,-4.4988910241312585e-05,5.010350865969852,4.8419800827416735,6.129078952621325
2024-08-15 00:00:00,1.11141,1.11176,1.11136,1.11176,987,,0.00035985462261746724,4.958458280669496,4.833159946330561,6.1209084239493325
2024-08-15 01:00:00,1.11176,1.11186,1.11146,1.11151,1928,,-0.0002248939634446619,4.494095523448145,4.821762232044747,6.1202321168737095
2024-08-15 02:00:00,1.11151,1.11206,1.11136,1.11201,5594,,0.0004497373609660893,4.418088044742104,4.811989754238991,6.122295119653753
2024-08-15 03:00:00,1.11201,1.11211,1.11131,1.11191,7718,,-8.993129255317438e-05,4.384474212550038,4.7748486062297,6.11599126891732
2024-08-15 04:00:00,1.11186,1.11191,1.11105,1.11115,5725,,-0.0006837422558170995,4.517768085916459,4.768536324360388,6.121689976814664
2024-08-15 05:00:00,1.11115,1.11186,1.1109,1.11176,7162,,0.0005488301508488239,4.575444114553651,4.772146785147112,6.098674741241374
2024-08-15 06:00:00,1.11176,1.11196,1.11136,1.11156,4705,,-0.00017991112438999743,2.9016783448651426,4.781653459994985,6.099687052853902
2024-08-15 07:00:00,1.11156,1.11191,1.11151,1.11191,4270,,0.00031482322935836703,2.9977858454510926,4.784270195786449,6.020833527577371
2024-08-15 08:00:00,1.11191,1.11196,1.10566,1.10611,47134,,-0.005229901642063722,9.31417242534931,7.194515505459681,6.560329128592715
2024-08-15 09:00:00,1.10611,1.10753,1.10541,1.10737,29205,,0.0011384788984712187,9.640422804752511,7.272676264012919,6.548937459171936
2024-08-15 10:00:00,1.10742,1.10914,1.10702,1.10884,21522,,0.0013265892813229627,10.012649271015912,7.358278530057582,6.571230844679608
2024-08-15 11:00:00,1.10884,1.10949,1.10873,1.10909,13782,,0.00022543542948471227,10.022136273448284,7.349438830754686,6.558141096203843
2024-08-15 12:00:00,1.10914,1.10949,1.10828,1.10833,6684,,-0.0006854813519849843,10.062521453146669,7.388598900256449,6.565680472839716
2024-08-15 13:00:00,1.10833,1.10853,1.10768,1.10793,4943,,-0.0003609684823470508,10.067058908111385,7.400351619278163,6.5685328175401185
2024-08-15 14:00:00,1.10798,1.10843,1.10793,1.10838,5987,,0.0004060803824227451,10.116649981477448,7.406841000546334,6.5698122027256725
2024-08-15 15:00:00,1.10838,1.10853,1.10778,1.10798,6713,,-0.0003609521958010565,10.12273211980787,7.418715966726067,6.5728035694339155
2024-08-15 16:00:00,1.10798,1.10798,1.10758,1.10768,2081,,-0.0002707996730845611,10.124074808771047,7.401394233786577,6.572326416407266
2024-08-15 18:00:00,1.10783,1.10793,1.10753,1.10758,1013,,-9.028285624972795e-05,10.123523440011923,7.392737222916092,6.572520704306928
2024-08-15 19:00:00,1.10763,1.10798,1.10758,1.10768,964,,9.028285624980272e-05,10.119593787441037,7.363124636858596,6.5719009143846705
2024-08-15 20:00:00,1.10768,1.10818,1.10768,1.10803,2169,,0.000315925823245053,10.152976179059914,7.353764999613493,6.567551639560978
2024-08-15 21:00:00,1.10803,1.10858,1.10793,1.10853,2061,,0.0004511495366518482,10.16879970261874,7.3593922690942755,6.56463446102884
2024-08-15 22:00:00,1.10858,1.10873,1.10828,1.10858,1336,,4.510376121009851e-05,10.172926004512016,7.337921296580753,6.564582710899241
2024-08-15 23:00:00,1.10858,1.10863,1.10813,1.10818,1145,,-0.0003608870643111741,10.122918721898538,7.2881597247921786,6.546927681340578
2024-08-16 00:00:00,1.10818,1.10868,1.10803,1.10868,1082,,0.0004510884841429967,10.18052230690581,7.127157837445738,6.508031826114297
2024-08-16 01:00:00,1.10868,1.10909,1.10858,1.10909,2043,,0.0003697407798560071,10.168036918965507,7.130171504270827,6.4596048120579495
2024-08-16 02:00:00,1.10899,1.10919,1.10853,1.10863,5056,,-0.0004148404727348189,10.112414660367856,7.139603354915207,6.4554174971956755
2024-08-16 03:00:00,1.10863,1.10909,1.10813,1.10899,5908,,0.000324672399385102,10.144247162422584,6.933706134375282,6.450285746659445
2024-08-16 04:00:00,1.10894,1.10949,1.10848,1.10858,8322,,-0.00036977412633806394,10.121584900355774,6.932625186523341,6.445340942208285
2024-08-16 05:00:00,1.10853,1.10954,1.10838,1.10949,5484,,0.0008205332122582155,4.180246150918396,6.680521682341234,6.454332249691812
2024-08-16 06:00:00,1.10949,1.11,1.10904,1.10989,6124,,0.0003604610335598759,3.7975692821695843,6.68606560032412,6.449747274787018
2024-08-16 07:00:00,1.10989,1.11,1.10939,1.10974,8893,,-0.0001351576616178582,3.0976471814510473,6.6850233417071845,6.426731109247667
2024-08-16 08:00:00,1.10974,1.11,1.10904,1.10989,15854,,0.0001351576616177743,3.084446937500705,6.682440816981034,6.424409958640968
2024-08-16 09:00:00,1.10989,1.11095,1.10964,1.11075,14519,,0.0007745515193772012,3.0419371437812415,6.7282468109973115,6.431350048032634
2024-08-16 10:00:00,1.1108,1.1108,1.10873,1.10954,18907,,-0.0010899478174369302,3.6113297393524326,6.8052626220987085,6.452412468251673
2024-08-16 11:00:00,1.10954,1.11025,1.10949,1.1101,8254,,0.000504586340020744,3.644197381784575,6.824491298368181,6.444762947659051
2024-08-16 12:00:00,1.1101,1.1109,1.1101,1.1109,5708,,0.0007203962490751095,3.71450883532093,6.862115684844514,6.449828863963904
2024-08-16 13:00:00,1.1109,1.11181,1.11085,1.11181,7326,,0.0008188203147003352,3.8205375616587656,6.908243672227334,6.460102790216647
2024-08-16 14:00:00,1.11176,1.11267,1.11146,1.11257,8477,,0.0006833365068681013,3.8788168948505577,6.934984334052944,6.465124544412381
2024-08-16 15:00:00,1.11262,1.11302,1.11231,1.11292,5355,,0.0003145374752395194,3.8736685665614243,6.936523856835971,6.46428776492039
2024-08-16 16:00:00,1.11297,1.11347,1.11272,1.11337,4324,,0.0004042600075717342,3.882507813604742,6.906560602194489,6.464182592257749
2024-08-18 18:00:00,1.11337,1.11403,1.11287,1.11292,2880,,-0.0004042600075718515,4.017318228517023,6.900852738768247,6.46852371468878
2024-08-18 19:00:00,1.11302,1.11307,1.11272,1.11287,1325,,-4.492786831487442e-05,4.031224932335031,6.799710224179548,6.468519177891458
2024-08-18 20:00:00,1.11292,1.11408,1.11277,1.11352,4088,,0.0005839049029755418,3.951941684355545,6.795613988445042,6.4727662602059155
2024-08-18 21:00:00,1.11347,1.11383,1.11322,1.11357,3173,,4.4901642958644526e-05,3.946116123788055,6.7856312259013025,6.470155402490038
2024-08-18 22:00:00,1.11357,1.11367,1.11332,1.11352,1982,,-4.4901642958499995e-05,3.96189247801233,6.785752956172416,6.465487810797329
2024-08-18 23:00:00,1.11352,1.11453,1.11347,1.11438,2970,,0.0007720275081601862,3.913542980948375,6.8079699751073575,6.461882787160936
2024-08-19 00:00:00,1.11438,1.11463,1.11413,1.11443,2529,,4.486699181037708e-05,3.9287375856645297,6.533595944660239,6.455084940022831
2024-08-19 01:00:00,1.11443,1.11539,1.11443,1.11524,4665,,0.0007265649496410787,3.844621510943142,6.569999494961603,6.446475178823709
2024-08-19 02:00:00,1.11524,1.11554,1.11458,1.11468,7859,,-0.000502260181327101,3.9603721058047734,6.495412598839799,6.450060865486283
2024-08-19 03:00:00,1.11468,1.11519,1.11448,1.11473,9224,,4.48549167793227e-05,3.9661509793646714,6.473827634657847,6.448977037999709
2024-08-19 04:00:00,1.11473,1.11554,1.11408,1.11423,7917,,-0.00044863973188082263,4.0904112303815605,6.484457423908705,6.4458001200312
2024-08-19 05:00:00,1.11423,1.11463,1.11393,1.11403,5866,,-0.0001795122656575953,4.143015690857868,6.486939307037871,5.849735932792854
2024-08-19 06:00:00,1.11398,1.11428,1.11357,1.11408,5335,,4.488108756588622e-05,4.0051644330602585,6.477676094819064,5.8180651682726
2024-08-19 07:00:00,1.11413,1.11483,1.11373,1.11473,5037,,0.0005832709099723476,3.361958373711026,6.500016389045681,5.779369735900923
2024-08-19 08:00:00,1.11473,1.11494,1.11393,1.11438,7326,,-0.00031402667690363814,3.451896789386334,6.509322298689328,5.76783140571415
2024-08-19 09:00:00,1.11438,1.11494,1.11347,1.11494,12828,,0.0005023953598216903,3.3654903945065566,6.5234277871026505,5.77156590791989
2024-08-19 10:00:00,1.11494,1.11786,1.11478,1.11705,32727,,0.0018906900376372787,4.376044630386952,6.777161395160017,5.842057246259714
2024-08-19 11:00:00,1.1171,1.11771,1.1165,1.11741,15063,,0.00032222550693666825,4.302746068500838,6.771704624746938,5.843414225941152
2024-08-19 12:00:00,1.11746,1.11796,1.11725,1.11786,5283,,0.0004026359286166432,4.311818087007605,6.778775028912626,5.845862973058162
2024-08-19 13:00:00,1.11786,1.11821,1.11756,1.11821,5359,,0.0003130492362565391,4.3024153908022145,6.780648213163039,5.846456518899217
2024-08-19 14:00:00,1.11821,1.11907,1.11816,1.11872,13696,,0.0004559820904870753,4.164952699366887,6.785074858738607,5.844253925089165
2024-08-19 15:00:00,1.11867,1.11917,1.11841,1.11887,4397,,0.00013407281961824112,4.134773332716806,6.7768039330488765,5.842994988796834
2024-08-19 16:00:00,1.11887,1.11917,1.11867,1.11907,3237,,0.00017873580215066223,4.096353352813333,6.768333713540582,5.837247448973047
2024-08-19 18:00:00,1.11907,1.11937,1.11882,1.11902,1815,,-4.46809556438536e-05,4.113458965262976,6.767146870445277,5.837153521320731
2024-08-19 19:00:00,1.11902,1.11917,1.11882,1.11902,1669,,0.0,4.104147264045913,6.719980751409057,5.836626520748318
2024-08-19 20:00:00,1.11907,1.11922,1.11846,1.11867,3148,,-0.0003128226008554191,4.095415097675452,6.718987732158157,5.827098288996382
2024-08-19 21:00:00,1.11867,1.11917,1.11862,1.11897,2677,,0.00026813964873482967,4.0882603366811585,6.7146874919693,5.827722165038638
2024-08-19 22:00:00,1.11902,1.11922,1.11796,1.11811,3333,,-0.0007688594438870532,4.300529304100525,6.768852544342349,5.7674422853969585
2024-08-19 23:00:00,1.11811,1.11841,1.11801,1.11801,2335,,-8.94406383080272e-05,4.165592302037717,4.0446805521314815,5.76025337126115
2024-08-20 00:00:00,1.11806,1.11841,1.11796,1.11816,1815,,0.0001341579577805235,4.161367815213319,3.9241861479052704,5.435239954726671
2024-08-20 01:00:00,1.11816,1.11826,1.11776,1.11816,3782,,0.0,4.025605903668561,3.742288637099511,5.434859632465973
2024-08-20 02:00:00,1.11816,1.11872,1.11791,1.11862,7054,,0.0004113055432226616,3.99045229227791,3.7513057713333344,5.437878223723178
2024-08-20 03:00:00,1.11856,1.11917,1.11761,1.11912,12562,,0.0004468794483012865,4.000139156667828,3.6663851220361323,5.438534643404857
2024-08-20 04:00:00,1.11912,1.11937,1.11826,1.11846,8960,,-0.0005899230589658098,4.1824060959176705,3.7068113592295395,5.408453233967308
2024-08-20 05:00:00,1.11846,1.11867,1.11796,1.11801,5069,,-0.0004024198903386696,4.217446549204186,3.7399963535698766,5.268491760059196
2024-08-20 06:00:00,1.11801,1.11872,1.11796,1.11867,3976,,0.0005901604334602327,4.242640954984049,3.7302071512988824,5.251151694647262
2024-08-20 07:00:00,1.11867,1.11912,1.11816,1.11856,6451,,-9.833588865573567e-05,2.8525194931330105,3.7137707939949283,5.251200249366697
2024-08-20 08:00:00,1.11851,1.12038,1.11851,1.12028,14674,,0.0015365102806725657,3.81635234769722,3.9516177227755764,5.201617987172162
2024-08-20 09:00:00,1.12028,1.12103,1.11972,1.12063,21447,,0.0003123731009689451,3.7988831966169876,3.952162537671158,5.201570676227229
2024-08-20 10:00:00,1.12073,1.12219,1.11982,1.12174,22483,,0.0009900240287405832,4.078390709811478,4.030697294277713,5.2125850132748175
2024-08-20 11:00:00,1.12164,1.12169,1.12048,1.12103,14530,,-0.0006331456401845005,4.260444464893343,4.109055584401077,5.222190804209666
2024-08-20 12:00:00,1.12103,1.12245,1.12088,1.12199,11000,,0.0008559888530798136,4.457528983905135,4.16070047388512,5.229119654883171
2024-08-20 13:00:00,1.12199,1.12219,1.12139,1.12209,5294,,8.912338246954125e-05,4.457724954600179,4.122828654090793,5.217852175454831
2024-08-20 14:00:00,1.12209,1.1228,1.12209,1.1226,5179,,0.00045440573867718605,4.478217634875485,4.123030573913841,5.220787007029466
2024-08-20 15:00:00,1.1226,1.12325,1.12245,1.12295,7084,,0.00031172764163269503,4.475638726476292,4.121108017797904,5.218835666647239
2024-08-20 16:00:00,1.123,1.12361,1.1229,1.12356,3843,,0.0005430645890663206,4.425707506177224,4.085004870964324,5.199362852019827
2024-08-20 18:00:00,1.12325,1.12345,1.12305,1.12335,1789,,-0.00018692337531213966,4.479742976372596,4.104192973054042,5.184778659615897
2024-08-20 19:00:00,1.1233,1.12366,1.12315,1.1232,2387,,-0.0001335380919392081,4.169994515078707,4.076482731663559,5.183614715101277
2024-08-20 20:00:00,1.1232,1.12376,1.123,1.12325,3417,,4.4514678722675414e-05,4.144052459799622,4.033199837149566,5.183228905178142
2024-08-20 21:00:00,1.1232,1.1233,1.1224,1.12265,5276,,-0.000534306972059588,4.3529832307062755,4.097477662013358,5.190030134212681
2024-08-20 22:00:00,1.1226,1.123,1.1225,1.12265,2275,,0.0,4.3529832307062755,4.08870316848185,5.1839805823818885
2024-08-20 23:00:00,1.12265,1.1227,1.12219,1.12255,3279,,-8.907892398549602e-05,4.362760841023179,4.098129290785788,5.169698985827743
2024-08-21 00:00:00,1.12255,1.12265,1.12214,1.1224,2347,,-0.0001336332659730702,4.364547493989223,4.066431522665324,5.138880609765639
2024-08-21 01:00:00,1.12235,1.12255,1.12209,1.12224,3022,,-0.00014256183643805852,4.190178482559455,3.871152129311059,5.139904428515346
2024-08-21 02:00:00,1.12229,1.12245,1.12179,1.12224,7108,,0.0,4.072363416319663,3.8622147523527515,5.084487375049084
2024-08-21 03:00:00,1.12224,1.12335,1.12149,1.12189,12255,,-0.00031192489101581754,4.091461441945135,3.853557332162104,5.084382423121405
2024-08-21 04:00:00,1.12184,1.1227,1.12154,1.12229,6925,,0.00035647764817070614,4.082246270923217,3.8006250410141313,5.074311264474204
2024-08-21 05:00:00,1.12229,1.12295,1.12179,1.12219,7355,,-8.910749934614515e-05,3.2368325425943194,3.769835626328018,5.042048179571255
2024-08-21 06:00:00,1.12219,1.12305,1.12204,1.12295,4447,,0.0006770179401095606,3.377366399568186,3.8041051788091877,5.0157275061819115
2024-08-21 07:00:00,1.1229,1.1229,1.12149,1.12194,7461,,-0.0008998214328077652,3.397006875326879,3.937564431390216,4.997393798317437
2024-08-21 08:00:00,1.12194,1.12345,1.12179,1.123,15632,,0.0009443460215193974,3.5520046125004763,3.983293882851295,4.9987500798790645
2024-08-21 09:00:00,1.12295,1.12325,1.12159,1.12189,16803,,-0.000988912677645861,3.72648939043193,4.140368046334012,5.025179003915243
2024-08-21 10:00:00,1.12194,1.12345,1.12038,1.12295,43306,,0.0009443880889341994,4.075321321710228,4.195919197927026,5.042248498589331
2024-08-21 11:00:00,1.1229,1.12522,1.1229,1.12471,24016,,0.0015660734806090813,4.825986598486573,4.431694889635932,5.0946822458128835
2024-08-21 12:00:00,1.12466,1.12532,1.12461,1.12512,8538,,0.00036447198636213737,4.834429271038687,4.430792499848716,5.0966530878813465
2024-08-21 13:00:00,1.12512,1.12633,1.12502,1.12608,6840,,0.0008528785165176059,4.954059173628905,4.442730087255922,5.110439860780765
2024-08-21 14:00:00,1.12603,1.12789,1.12597,1.12663,17129,,0.0004883007674563889,4.963503931837469,4.451807968332665,5.11146135178033
2024-08-21 15:00:00,1.12668,1.12668,1.12557,1.12567,5332,,-0.000852461979430305,5.241921080640675,4.535110236359937,5.128184679532686
2024-08-21 16:00:00,1.12567,1.12572,1.12517,1.12542,3295,,-0.0002221146209415487,5.272911024165049,4.502083458374965,5.128284757484662
2024-08-21 18:00:00,1.12532,1.12592,1.12522,1.12592,1644,,0.0004441799179338735,5.17391031428701,4.50947615678323,5.1010406201602585
2024-08-21 19:00:00,1.12597,1.12613,1.12562,1.12582,1787,,-8.882020132499302e-05,5.18415243782052,4.473490745047424,5.100078414930705
2024-08-21 20:00:00,1.12587,1.12603,1.12487,1.12507,4662,,-0.0006664030918932525,5.359937331324267,4.538989790831372,5.113240979407742
2024-08-21 21:00:00,1.12512,1.12522,1.12456,1.12466,2583,,-0.00036448818706168683,5.4084442928554095,4.568547057171086,5.1120577283900435
2024-08-21 22:00:00,1.12466,1.12476,1.12436,1.12461,2986,,-4.4458868884675086e-05,5.397084441380519,4.55202276752907,5.111311238534166
2024-08-21 23:00:00,1.12466,1.12487,1.12461,1.12482,1861,,0.00018671396808076898,5.395234958479501,4.527725370727788,5.1082739361834895
2024-08-22 00:00:00,1.12482,1.12492,1.12441,1.12461,1432,,-0.00018671396808076692,5.368035051916493,4.526450622414755,5.102348703837713
2024-08-22 01:00:00,1.12461,1.12482,1.12436,1.12466,2762,,4.4458868884765264e-05,5.3518783962241425,4.160883283748577,5.099466051294033
2024-08-22 02:00:00,1.12466,1.12527,1.12441,1.12522,5391,,0.0004978043376220424,5.3811903973115225,4.173641274065614,5.09405596811259
2024-08-22 03:00:00,1.12527,1.12809,1.12305,1.12401,25253,,-0.0010759238643678992,5.674379586343354,4.330621961013273,5.123074661105933
2024-08-22 04:00:00,1.12401,1.12547,1.12391,1.12456,11169,,0.0004891998122973398,5.445988437872981,4.343454250997101,5.122887921692767
2024-08-22 05:00:00,1.12456,1.12456,1.12361,1.12431,8226,,-0.00022233388415507434,5.256142267757987,4.338953606381326,5.1239334942108865
2024-08-22 06:00:00,1.12431,1.12492,1.12356,1.12487,6105,,0.0004979592665520647,4.939607760435548,4.358673983357446,5.125225740232916
2024-08-22 07:00:00,1.12487,1.12487,1.1235,1.12396,6684,,-0.0008093097741220823,4.963568892235361,4.449784965490672,5.114448095075353
2024-08-22 08:00:00,1.12401,1.12461,1.12285,1.12436,13572,,0.00035582123916548584,4.164886593267232,4.457119604495942,5.1041496926560415
2024-08-22 09:00:00,1.12436,1.12446,1.12149,1.12219,22825,,-0.0019318516613288142,5.266533853618912,4.893064165556597,5.1967071201018085
2024-08-22 10:00:00,1.12224,1.12224,1.12008,1.12174,27292,,-0.00040108203556491373,4.964063141092733,4.900516743614201,5.201729537444171
2024-08-22 11:00:00,1.12174,1.12179,1.12078,1.12159,9479,,-0.00013372976799976694,4.807670225625218,4.898425016253358,5.20265369918242
2024-08-22 12:00:00,1.12159,1.12204,1.12103,1.12134,7966,,-0.00022292269579112856,4.668414863495435,4.836405285311226,5.204585031375963
2024-08-22 13:00:00,1.12134,1.12139,1.12013,1.12053,8691,,-0.0007226110659817212,4.758710041385725,4.896268077554176,5.218711289043957
2024-08-22 14:00:00,1.12058,1.12139,1.12058,1.12134,5586,,0.0007226110659818056,4.904389299725719,4.943588753535868,5.228494447300732
2024-08-22 15:00:00,1.12129,1.12164,1.12078,1.12114,3780,,-0.0001783739436072816,4.900176636552725,4.948580679048949,5.229840192414939
2024-08-22 16:00:00,1.12109,1.12164,1.12103,1.12154,2707,,0.000356716075625042,4.918658215218484,4.944733238752827,5.2318226428034285
2024-08-22 18:00:00,1.12149,1.12189,1.12119,1.12159,1895,,4.458056377332179e-05,4.915200972025765,4.9275535990110795,5.2317350200816435
2024-08-22 19:00:00,1.12164,1.12204,1.12159,1.12184,1533,,0.00022287301233808233,4.953004605951444,4.889012935735863,5.226777990914422
2024-08-22 20:00:00,1.12184,1.1225,1.12154,1.12219,3917,,0.0003119387912265473,4.982652795632787,4.873788851845306,5.228191423247962
2024-08-22 21:00:00,1.12219,1.1231,1.12204,1.123,3828,,0.0007215425288212089,5.188310954771326,4.890135686519534,5.235507164047598
2024-08-22 22:00:00,1.12305,1.12315,1.12255,1.12275,1967,,-0.00022264277059578304,5.190077661539337,4.8959649413030455,5.235433353066191
2024-08-22 23:00:00,1.12275,1.12295,1.12255,1.12275,1213,,0.0,5.083238281863706,4.659007486134002,5.22777368713522
2024-08-23 00:00:00,1.12275,1.12305,1.1227,1.123,1303,,0.00022264277059576385,4.790847083836028,4.65443384105303,5.226271581439607
2024-08-23 01:00:00,1.123,1.12315,1.1227,1.12285,2112,,-0.00013357971389281614,4.691192773183324,4.553773468292718,5.223794724950679
2024-08-23 02:00:00,1.1228,1.1233,1.12224,1.12305,5392,,0.00017810232025369338,4.703122296604215,4.507746621567178,5.199433006816047
2024-08-23 03:00:00,1.1231,1.12345,1.12149,1.12219,14145,,-0.0007660651351821113,4.7426406210691425,4.497231304950781,5.2151056971064405
2024-08-23 04:00:00,1.12214,1.12265,1.12199,1.1225,6487,,0.0002762074067873535,4.6138111526609995,4.504821202733041,5.211609915311421
2024-08-23 05:00:00,1.12255,1.123,1.12189,1.12199,5546,,-0.0004544462294571954,4.593678679974307,4.504518253160996,4.983521549410995
2024-08-23 06:00:00,1.12199,1.12255,1.12179,1.12224,5242,,0.00022279356486094122,3.176241603839327,4.498907452267821,4.97685970585714
2024-08-23 07:00:00,1.12219,1.12235,1.12134,1.12214,8677,,-8.91114695962169e-05,3.095449666425971,4.463798988532657,4.941517487289427
2024-08-23 08:00:00,1.12214,1.12255,1.12134,1.12169,10088,,-0.00040109991045034806,3.1711130121267126,4.477115441283246,4.939240893294718
2024-08-23 09:00:00,1.12164,1.12174,1.12078,1.12164,14737,,-4.4576589274275624e-05,3.1454687424066394,4.475788187119566,4.933914245192244
2024-08-23 10:00:00,1.12164,1.1288,1.12154,1.12779,73644,,0.005468065530920806,9.837715766198043,7.101791202479267,5.600933837607829
2024-08-23 11:00:00,1.12774,1.12996,1.12764,1.12784,26870,,4.433351215237433e-05,9.820687790801513,7.075262099022107,5.597215687758279
2024-08-23 12:00:00,1.12784,1.12819,1.12673,1.12769,11692,,-0.00013300643327380902,9.81412988451294,7.078003106942152,5.596586653234079
2024-08-23 13:00:00,1.12764,1.13011,1.12759,1.12955,14428,,0.0016480307109396882,10.094440388902271,7.249599954305349,5.648350715329623
2024-08-23 14:00:00,1.12955,1.13041,1.12885,1.12905,10177,,-0.000442752154580601,10.17750259851552,7.266592649333024,5.653832819050925
2024-08-23 15:00:00,1.12905,1.12986,1.12885,1.12945,4476,,0.00035421740463340603,10.17560449749778,7.266819185600082,5.6514226937868655
2024-08-23 16:00:00,1.1294,1.1297,1.12905,1.12955,3425,,8.85347499470884e-05,10.184839757913716,7.266029767417556,5.649153719538732
2024-08-25 18:00:00,1.1294,1.1297,1.1289,1.12935,3186,,-0.00017707733899032513,10.193868404750274,7.259295221828969,5.646301915230011
2024-08-25 19:00:00,1.1294,1.1295,1.12885,1.12915,2245,,-0.00017710870092785846,10.186999341919252,7.260525321216734,5.647220638414852
2024-08-25 20:00:00,1.12915,1.13041,1.1289,1.1296,4596,,0.0003984504756644598,10.175171831560165,7.263900517755031,5.649044469944357
2024-08-25 21:00:00,1.1296,1.13026,1.129,1.12915,4436,,-0.0003984504756644201,10.248065581471446,7.258046635798089,5.651381695831013
2024-08-25 22:00:00,1.12915,1.1297,1.12885,1.12895,2326,,-0.00017714007397645764,10.253846047489274,7.19281111690549,5.652545453248811
2024-08-25 23:00:00,1.12895,1.1291,1.12844,1.1286,2210,,-0.00031007065429694363,10.302931814764934,7.152693318509741,5.649695808681445
2024-08-26 00:00:00,1.1286,1.12885,1.1285,1.1286,1927,,0.0,10.148242669824365,7.06921146296589,5.644521146132821
2024-08-26 01:00:00,1.12855,1.12875,1.12799,1.12814,3693,,-0.00040766770329846895,10.21951439004892,7.033785047502936,5.644315718088806
2024-08-26 02:00:00,1.12819,1.1292,1.12819,1.12844,7982,,0.0002658890903646961,10.137767818105157,6.870841904731926,5.644757739214105
2024-08-26 03:00:00,1.12834,1.1287,1.12779,1.12834,8278,,-8.862184179734467e-05,10.158451077356785,6.8649908602179845,5.6431446980159885
2024-08-26 04:00:00,1.12829,1.12875,1.12789,1.12829,6067,,-4.4313866259067585e-05,10.153693059191205,6.816034254286148,5.642421496136772
2024-08-26 05:00:00,1.12824,1.12855,1.12739,1.12769,6077,,-0.0005319196217580061,10.183854213436916,6.8230862560335686,5.646349742512569
2024-08-26 06:00:00,1.12769,1.12794,1.12713,1.12739,6632,,-0.0002660659504496595,10.212649818938361,6.771811786351573,5.630970318343608
2024-08-26 07:00:00,1.12744,1.12759,1.12653,1.12678,6955,,-0.0005412191759183877,3.7534814372455574,6.7913206743934085,5.639417278006049
2024-08-26 08:00:00,1.12673,1.12708,1.12608,1.12638,14113,,-0.0003550569015979079,3.787394846406738,6.787568625792503,5.643538261801341
2024-08-26 09:00:00,1.12633,1.12648,1.12517,1.12618,21177,,-0.00017757573651798022,3.7907425335965055,6.789435121461565,5.637700429636493
2024-08-26 10:00:00,1.12623,1.12814,1.12557,1.12789,18016,,0.0015172557445371918,3.6046625595973834,6.920670933983194,5.68116443754036
2024-08-26 11:00:00,1.12784,1.12794,1.12653,1.12663,8828,,-0.001117754671668029,3.99475195705564,7.006779387852951,5.711086345168738
2024-08-26 12:00:00,1.12658,1.12744,1.12618,1.12729,6185,,0.0005856463573364183,4.098775527766663,7.028517112016525,5.715994568597161
2024-08-26 13:00:00,1.12734,1.12774,1.12698,1.12718,5660,,-9.758391115173741e-05,4.084898889558159,7.02821591400958,5.71306573544313
2024-08-26 14:00:00,1.12718,1.12734,1.12618,1.12658,7907,,-0.0005324435735614847,4.1510610200262335,7.047936413277204,5.7191482482928295
2024-08-26 15:00:00,1.12658,1.12678,1.12608,1.12618,4311,,-0.00035511994549232195,4.169975173597909,7.058457573777871,5.722932425251072
2024-08-26 16:00:00,1.12613,1.12638,1.12608,1.12628,1571,,8.87918099018338e-05,4.0784252523402005,7.042151468446102,5.719313453759525
2024-08-26 18:00:00,1.12613,1.12658,1.12613,1.12648,813,,0.0001775599713466132,4.0884497964748165,6.954882591994506,5.719012858999147
2024-08-26 19:00:00,1.12648,1.12688,1.12643,1.12658,976,,8.87681642438803e-05,4.102408064129977,6.939772652442492,5.716153681400619
2024-08-26 20:00:00,1.12663,1.12678,1.12613,1.12623,2247,,-0.0003107230550431561,4.102511991202825,6.943632303870266,5.715215152734069
2024-08-26 21:00:00,1.12628,1.12723,1.12618,1.12713,2228,,0.0007988071571847892,4.392575389959327,6.971001288310676,5.722972330633706
2024-08-26 22:00:00,1.12708,1.12723,1.12658,1.12698,1097,,-0.0001330902220577419,4.350172378350302,6.920073351699833,5.723844001593897
2024-08-26 23:00:00,1.12698,1.12708,1.12668,1.12688,739,,-8.873665628350712e-05,4.311366203649174,6.913977601727368,5.7240835944967134
2024-08-27 00:00:00,1.12688,1.12713,1.12688,1.12703,1137,,0.00013310203177713736,4.32539998551305,6.615494285886939,5.724077648154766
2024-08-27 01:00:00,1.12703,1.12739,1.12663,1.12688,1633,,-0.00013310203177703604,4.327255580406479,6.601317151472823,5.723579059889379
2024-08-27 02:00:00,1.12688,1.12729,1.12628,1.12638,5168,,-0.0004438014327746197,4.299452952549569,6.618742388024798,5.725020780830619
2024-08-27 03:00:00,1.12638,1.12744,1.12638,1.12658,11557,,0.0001775442089743353,4.300361293938899,6.612720117130822,5.72486175892009
2024-08-27 04:00:00,1.12653,1.12759,1.12638,1.12688,7682,,0.0002662572238003889,4.226976380230229,6.5643917282688005,5.725211641689274
2024-08-27 05:00:00,1.12683,1.12809,1.12678,1.12698,7227,,8.873665628351916e-05,4.176987530354275,6.532960728985246,5.7167899816347285
2024-08-27 06:00:00,1.12698,1.12718,1.12638,1.12678,5803,,-0.00017748118746020155,4.17697282014669,6.532924089971074,5.714641226760494
2024-08-27 07:00:00,1.12683,1.12718,1.12623,1.12623,7722,,-0.00048823574766670497,3.2523741329125944,6.551770148542846,5.715904634571908
2024-08-27 08:00:00,1.12628,1.12668,1.12507,1.12603,14513,,-0.00017759938952488884,2.64603066897236,6.556433855297337,5.713806405421176
2024-08-27 09:00:00,1.12597,1.12718,1.12542,1.12698,14571,,0.0008433163246519297,2.8647242366620693,6.601105439589143,5.7188816163551595
2024-08-27 10:00:00,1.12703,1.12734,1.12648,1.12683,16186,,-0.00013310793742287794,2.86869663234838,6.599934873817837,5.703539548567241
2024-08-27 11:00:00,1.12678,1.12713,1.12608,1.12613,10288,,-0.0006214047497736018,2.9233731091637556,6.601501287671818,5.711252294089926
2024-08-27 12:00:00,1.12618,1.12693,1.12613,1.12678,5176,,0.0005770314997362936,3.030645863881431,6.616898532172007,5.716468747111021
2024-08-27 13:00:00,1.12673,1.12844,1.12663,1.12829,8227,,0.0013392047481260885,3.795756083679333,6.739970814499753,5.749642501614149
2024-08-27 14:00:00,1.12829,1.12925,1.12819,1.1288,7163,,0.0004519093245545582,3.845749052043379,6.748798428781716,5.752393511680765
2024-08-27 15:00:00,1.1288,1.1288,1.12829,1.12865,4394,,-0.00013289330901751676,3.86759176949903,6.748775585625226,5.751840164595008
2024-08-27 16:00:00,1.1286,1.1288,1.1285,1.1287,2426,,4.429973199395705e-05,3.798640190533508,6.748238064019235,5.743200046186237
2024-08-27 18:00:00,1.1285,1.1287,1.12844,1.12855,652,,-0.00013290508381521806,3.6008765785703516,6.696254731377453,5.7412852035787205
2024-08-27 19:00:00,1.12855,1.12855,1.12759,1.12784,2085,,-0.0006293238522000437,3.7855381159087598,6.732641606102346,5.751942411904346
2024-08-27 20:00:00,1.12784,1.12814,1.12759,1.12814,3583,,0.0002659598061759613,3.7979263316158947,6.712941029341614,5.752579255116159
2024-08-27 21:00:00,1.12809,1.12814,1.12734,1.12754,2588,,-0.0005319903657882564,3.9287290718021186,6.7404789002721595,5.760148685482938
2024-08-27 22:00:00,1.12749,1.12789,1.12678,1.12683,3665,,-0.0006298877499921025,4.083347512947747,6.7760380385173775,5.770763204790519
2024-08-27 23:00:00,1.12683,1.12703,1.12638,1.12673,3026,,-8.874846914717906e-05,4.007093143966868,6.761040392098115,5.763173088077157
2024-08-28 00:00:00,1.12673,1.12693,1.12592,1.12603,2068,,-0.0006214599180817703,4.142854220232124,6.796191296756242,5.770071319009633
2024-08-28 01:00:00,1.12608,1.12623,1.12406,1.12451,8788,,-0.0013507871276399429,4.6987364458748075,4.186240286405312,5.803594534852903
2024-08-28 02:00:00,1.12451,1.12522,1.12361,1.12492,9772,,0.00036453679780242384,4.759074160575067,4.205820830910869,5.801230813318088
2024-08-28 03:00:00,1.12492,1.12603,1.12492,1.12572,9747,,0.0007109089269656774,4.954697468175713,4.272171585980156,5.808366501551689
2024-08-28 04:00:00,1.12572,1.12608,1.12401,1.12421,7838,,-0.0013422641830729718,5.399380600116606,4.12101448719102,5.843930108287265
2024-08-28 05:00:00,1.12421,1.12466,1.1234,1.12366,8264,,-0.0004893521520153095,5.442568196129374,4.125494325561889,5.832287844775026
2024-08-28 06:00:00,1.12371,1.12386,1.12224,1.12265,9861,,-0.0008992526125619422,5.317878068495872,4.181892397600821,5.80221650796359
2024-08-28 07:00:00,1.12265,1.1232,1.12179,1.12214,10745,,-0.00045438549599277536,5.335778557293846,4.192227361752945,5.8060156818074224
2024-08-28 08:00:00,1.12219,1.1224,1.12053,1.12129,21102,,-0.0007577682750729522,5.374493982224564,4.242038257390687,5.818077637306146
2024-08-28 09:00:00,1.12124,1.12229,1.12109,1.12119,20586,,-8.918697162632041e-05,5.183297262807142,4.241730036926388,5.759040394842794
2024-08-28 10:00:00,1.12124,1.12386,1.12119,1.1231,29494,,0.0017020977334725725,5.561767412945172,4.591888242709203,5.813665535143608
2024-08-28 11:00:00,1.12315,1.1232,1.12219,1.12265,17138,,-0.00040075699078059336,5.4246971781468885,4.592044463119325,5.737690961500113
2024-08-28 12:00:00,1.12275,1.12275,1.12109,1.12149,9728,,-0.0010338036872141586,5.57469749425971,4.687081925970453,5.760064380529819
2024-08-28 13:00:00,1.12154,1.12179,1.12058,1.12073,5234,,-0.0006778996076252837,5.566667464161789,4.717586045279194,5.769878242025916
2024-08-28 14:00:00,1.12073,1.12174,1.12063,1.12164,5312,,0.0008116412991220474,5.917524228929715,4.807672898705938,5.781699085312071
2024-08-28 15:00:00,1.12169,1.12189,1.12139,1.12144,3757,,-0.00017832623047770143,5.891261698199213,4.798284365240592,5.782548505803693
2024-08-28 16:00:00,1.12139,1.12209,1.12134,1.12204,3570,,0.0005348833190443773,5.989001380972471,4.8267849936605085,5.783290295680707
2024-08-28 18:00:00,1.12184,1.12235,1.12159,1.12224,1802,,0.00017823088075416462,6.0177925711188145,4.834564162745063,5.783628695892904
2024-08-28 19:00:00,1.12229,1.1225,1.12214,1.12229,1505,,4.455275715480332e-05,5.991352972389818,4.836254543120589,5.783460519805774
2024-08-28 20:00:00,1.12229,1.1231,1.12229,1.123,2706,,0.0006324350294752022,6.16347491619452,4.868090168420429,5.790287081003085
2024-08-28 21:00:00,1.12305,1.12325,1.12275,1.1228,2079,,-0.00017811025071573573,6.107103173022066,4.8652489395451095,5.790210312890085
2024-08-28 22:00:00,1.1228,1.1231,1.1226,1.12305,1422,,0.00022263285707644964,5.717614992965823,4.849505386203601,5.789695669841237
2024-08-28 23:00:00,1.123,1.1235,1.1229,1.12345,1694,,0.0003561095074357441,5.715618353418224,4.856995358491921,5.780579409852973
2024-08-29 00:00:00,1.1234,1.12361,1.1232,1.12345,1650,,0.0,5.539242776233861,4.855238938808162,5.775271501502562
2024-08-29 01:00:00,1.1234,1.12366,1.12305,1.12345,2723,,0.0,5.052117572548492,4.587850775076256,5.74805820724175
2024-08-29 02:00:00,1.12345,1.12386,1.1224,1.1227,5873,,-0.0006678093875057956,5.112508408674508,4.503553946562887,5.751103196707931
2024-08-29 03:00:00,1.1227,1.123,1.12149,1.1229,9356,,0.00017812611375912993,4.8757607930160765,4.462223888834149,5.7482594235283315
2024-08-29 04:00:00,1.12285,1.12285,1.117,1.11826,35879,,-0.004140718761365922,8.70581982882773,6.05466650429964,6.104268489233075
2024-08-29 05:00:00,1.11826,1.11972,1.11816,1.11922,11051,,0.000858108281556033,8.813251765410495,6.1210838956437055,6.112698186072533
2024-08-29 06:00:00,1.11922,1.11988,1.11856,1.11962,6006,,0.0003573279057512566,8.847904981793837,6.1335284149631635,6.044138830403126
2024-08-29 07:00:00,1.11962,1.11982,1.11897,1.11947,7345,,-0.00013398300222366394,8.23194915425704,6.130674740502549,6.043421443728449
2024-08-29 08:00:00,1.11952,1.11998,1.1171,1.11821,20121,,-0.0011261665056365696,8.394016132824799,6.209163154505171,6.045214753947101
2024-08-29 09:00:00,1.11826,1.11877,1.1171,1.11811,16495,,-8.943263939566976e-05,8.254227060987345,6.205515183522762,6.040152833320419
2024-08-29 10:00:00,1.11811,1.11816,1.11539,1.1168,25857,,-0.0011723068490704753,8.398222595000847,6.291531446212624,6.066820898192047
2024-08-29 11:00:00,1.1168,1.11836,1.1165,1.11831,11608,,0.0013511641303801108,8.648784382562626,6.3995463151776315,6.101980096196686
2024-08-29 12:00:00,1.11836,1.11862,1.11766,1.11796,8466,,-0.00031302123881077413,8.653425363606,6.402157690982498,6.101957752178986
2024-08-29 13:00:00,1.11801,1.11841,1.11771,1.11821,5147,,0.00022359659689695098,8.591090029835408,6.412089791745028,6.102517585116804
2024-08-29 14:00:00,1.11826,1.11826,1.11735,1.11776,8946,,-0.0004025098781069454,8.575294075030286,6.412219472333777,6.106012011141771
2024-08-29 15:00:00,1.11776,1.11796,1.1173,1.11741,6516,,-0.0003131752867663389,8.5653780051273,6.414636721810742,6.107748041815764
2024-08-29 16:00:00,1.11735,1.11776,1.1173,1.11756,2393,,0.00013422998986594453,8.450993479730778,6.412886170248308,6.107519524588873
2024-08-29 18:00:00,1.11756,1.11786,1.11751,1.11786,995,,0.0002684059387506542,8.497416570106155,6.418014561830097,6.10701915995755
2024-08-29 19:00:00,1.11786,1.11816,1.11771,1.11781,1250,,-4.4729320524460555e-05,8.465697782430116,6.40594009890684,6.106863387458306
2024-08-29 20:00:00,1.11786,1.11816,1.11771,1.11791,1543,,8.945664042614384e-05,8.419118830178647,6.405965881077537,6.106858025301028
2024-08-29 21:00:00,1.11791,1.11806,1.11695,1.11695,3745,,-0.0008591142702863019,8.471223508061337,6.44705799931448,6.119968107412698
2024-08-29 22:00:00,1.117,1.11715,1.1168,1.11705,1571,,8.952551483147165e-05,8.482406620615553,6.441715506962923,6.118883070827711
2024-08-29 23:00:00,1.117,1.11746,1.11695,1.1172,963,,0.00013427324625724855,8.482054800670022,6.44727880583587,6.115466625087907
2024-08-30 00:00:00,1.1172,1.11756,1.117,1.11725,976,,4.475374253933072e-05,8.46400071538271,6.372968218456871,6.115244710111583
2024-08-30 01:00:00,1.1172,1.11761,1.11715,1.11756,1278,,0.0002774285080059757,4.614617464998896,6.387035095232991,6.106677820553877
2024-08-30 02:00:00,1.11756,1.11841,1.1173,1.11836,6363,,0.0007155891392696395,4.533114792443343,6.424184204776341,6.110714978605779
2024-08-30 03:00:00,1.11836,1.11872,1.11735,1.11821,10006,,-0.00013413396426221775,4.476747618572708,6.385168886754633,6.110386009278308
2024-08-30 04:00:00,1.11821,1.11937,1.1172,1.1173,11890,,-0.0008141319432819463,4.6634221905685616,6.242626347735074,6.1225469467266285
2024-08-30 05:00:00,1.11735,1.11841,1.11725,1.11811,7795,,0.0007246993038862802,4.4699151123382475,6.276094890719087,5.556905986989758
2024-08-30 06:00:00,1.11816,1.11826,1.11725,1.11776,5386,,-0.0003130772387112721,4.500262109320867,6.277945582665488,5.533225064375205
2024-08-30 07:00:00,1.11776,1.11867,1.11766,1.11796,6290,,0.00017891328121004985,3.9779010249765365,6.283923038424125,5.496949264236686
2024-08-30 08:00:00,1.11796,1.11867,1.11559,1.1166,17536,,-0.0012172420234171752,3.8115124703911256,6.372918887155022,5.530364779887694
2024-08-30 09:00:00,1.11665,1.11741,1.11524,1.1171,21863,,0.00044768770054258103,3.8900079362991757,6.386352799707809,5.522986319267098
2024-08-30 10:00:00,1.1171,1.11786,1.11599,1.1167,36523,,-0.00035813412505624,3.8967843324232274,6.374462589766364,5.522937570390241
2024-08-30 11:00:00,1.11665,1.117,1.11509,1.11579,17593,,-0.0008152332600810403,4.071868966648874,6.397258945760356,5.535474269144231
2024-08-30 12:00:00,1.11574,1.11579,1.11413,1.11473,11329,,-0.0009504510874563513,4.32677367220521,6.428664611701191,5.553066057332113
2024-08-30 13:00:00,1.11473,1.11544,1.11458,1.11504,7255,,0.0002780555859998324,4.360775849064023,6.444526686696128,5.552543533052861
2024-08-30 14:00:00,1.11504,1.11544,1.11473,1.11499,6035,,-4.484244607331138e-05,4.307288448925778,6.429454973581407,5.552356395362742
2024-08-30 15:00:00,1.11499,1.11529,1.11453,1.11509,6050,,8.968288139174942e-05,4.321930240496396,6.318642477897541,5.552354733652722
2024-08-30 16:00:00,1.11504,1.11534,1.11448,1.11458,2699,,-0.00045746680799779564,4.341429790789656,6.305214088932966,5.555598102864388
2024-09-01 18:00:00,1.11443,1.11473,1.11418,1.11433,1717,,-0.00022432489517140115,4.146980024874618,6.243332568502356,5.552904520539335
2024-09-01 19:00:00,1.11438,1.11448,1.11418,1.11423,894,,-8.974405002966754e-05,4.130186624725062,6.127725633736294,5.553157701783246
2024-09-01 20:00:00,1.11418,1.11534,1.11393,1.11509,2670,,0.0007715357531988601,4.398180587649087,6.186336957847762,5.562200964266381
2024-09-01 21:00:00,1.11514,1.11534,1.11478,1.11488,2155,,-0.00018834334149846297,4.393360738859449,6.1364102438955355,5.559190425286911
2024-09-01 22:00:00,1.11488,1.11509,1.11438,1.11494,1216,,5.381600309840169e-05,4.348187055205612,6.128869779414852,5.556565738560431
2024-09-01 23:00:00,1.11494,1.11529,1.11463,1.11463,1554,,-0.00027808052853032887,4.077172373613127,6.095512445899999,5.554366687328762
2024-09-02 00:00:00,1.11463,1.11463,1.11413,1.11458,1125,,-4.485894106740244e-05,4.08241823065359,6.095750214624582,5.552442465945472
2024-09-02 01:00:00,1.11453,1.11539,1.11428,1.11529,2466,,0.0006368084453295101,4.12478374028303,5.862545067299349,5.557345226277671
2024-09-02 02:00:00,1.11529,1.11675,1.11524,1.11635,5755,,0.0009499740815871856,4.282028218678189,5.951536830813893,5.562213299653114
2024-09-02 03:00:00,1.11635,1.11665,1.11534,1.11645,8180,,8.957362958335926e-05,4.269122451351142,5.876045383233064,5.5598362776554735
2024-09-02 04:00:00,1.1164,1.11756,1.1162,1.11655,7927,,8.956560686695561e-05,4.25610463994627,5.845777146521615,5.559376626865447
2024-09-02 05:00:00,1.11655,1.11705,1.11609,1.1167,4776,,0.00013433337085017472,3.7023866582009743,5.7811768222948885,5.559372655430315
2024-09-02 06:00:00,1.1167,1.11685,1.11589,1.1164,4347,,-0.0002686847895792851,3.6384371390619874,5.783566564611266,5.548854271991761
2024-09-02 07:00:00,1.1164,1.11665,1.11574,1.11574,3200,,-0.0005913607741754559,3.7266519842173564,5.7723333810171775,5.5300104725095425
2024-09-02 08:00:00,1.11574,1.1169,1.11559,1.11655,4993,,0.0007257121929044576,3.673249759810307,5.8247189086252416,5.53576127188223
2024-09-02 09:00:00,1.1166,1.11695,1.1164,1.11655,5326,,0.0,3.204287227502547,5.823877012677249,5.525052477155112
2024-09-02 10:00:00,1.11655,1.11695,1.11579,1.11665,6679,,8.955758558743158e-05,3.184197043149332,5.780623264443669,5.511077427765037
2024-09-02 11:00:00,1.1167,1.1169,1.11615,1.11655,3674,,-8.9557585587358e-05,3.1903697835918674,5.7799941182742405,5.501495063614574
2024-09-02 12:00:00,1.11655,1.1166,1.11604,1.11635,1945,,-0.00017913923645015544,3.219183896609336,5.771570824770437,5.500309179192448
2024-09-02 13:00:00,1.1164,1.11665,1.1164,1.1166,804,,0.00022391903181414943,3.088324897205487,5.762387151937234,5.497902463630902
2024-09-02 14:00:00,1.1166,1.11695,1.1166,1.11685,528,,0.00022386890330562245,3.0408553397316735,5.770823842478313,5.495042367949229
2024-09-02 15:00:00,1.1169,1.11705,1.1168,1.11695,644,,8.953353036702924e-05,3.0187178624601714,5.773085305923089,5.495089521842834
2024-09-02 16:00:00,1.11695,1.11705,1.1168,1.117,892,,4.47637592678502e-05,2.775642841043472,5.745086482264428,5.487917115559151
2024-09-02 18:00:00,1.11695,1.117,1.1164,1.1164,743,,-0.0005372974070335706,2.9463426872282197,5.756409616753416,5.49454868630832
2024-09-02 19:00:00,1.11635,1.1165,1.1162,1.11645,967,,4.4785811862277505e-05,2.9465241011465406,4.011687235903841,5.494507493153232
2024-09-02 20:00:00,1.1164,1.11655,1.11559,1.11574,1651,,-0.0006361465860376998,3.1397255903856633,3.9538325660911027,5.490755927370559
2024-09-02 21:00:00,1.11579,1.1165,1.11574,1.1164,1481,,0.0005913607741754845,3.2708783555016043,3.9855179293787764,5.498296770978797
2024-09-02 22:00:00,1.11645,1.11675,1.11604,1.11604,1311,,-0.00032251706932386824,3.1765790924414214,3.9941728287411133,5.48915673889002
2024-09-02 23:00:00,1.11604,1.11604,1.11549,1.11554,1618,,-0.0004481130036716886,2.8009427034238263,3.8629569330022644,5.488010951330987
2024-09-03 00:00:00,1.11549,1.11554,1.11509,1.11509,1396,,-0.0004034734636445774,2.861000081599003,3.879919368435764,5.491611112580559
2024-09-03 01:00:00,1.11509,1.11569,1.11509,1.11569,1736,,0.0005379284505586217,3.0369150088752543,3.7482935868970286,5.493416436274324
2024-09-03 02:00:00,1.11569,1.11589,1.11483,1.11584,5122,,0.0001344369112005621,3.036933773985674,3.4828373607477654,5.493022146355817
2024-09-03 03:00:00,1.11589,1.1165,1.11524,1.11534,9306,,-0.0004481933401785893,3.0957136406231203,3.4964420902737205,5.497537051546583
2024-09-03 04:00:00,1.11529,1.11564,1.11448,1.11453,9297,,-0.000726499783060529,3.1790841013772746,3.552929237214412,5.501789655606551
2024-09-03 05:00:00,1.11453,1.11478,1.11312,1.11367,11666,,-0.0007719235640461666,3.074511631555923,3.6088918117308904,5.512722074761289
2024-09-03 06:00:00,1.11367,1.11388,1.11297,1.11327,7446,,-0.00035923734299229824,3.0899091537342382,3.6124844390414594,5.509841715475178
2024-09-03 07:00:00,1.11322,1.11403,1.11302,1.11332,7585,,4.4911726010091744e-05,3.079984070637789,3.608625365323458,5.429723090920681
2024-09-03 08:00:00,1.11332,1.11499,1.11307,1.11453,13403,,0.0010862491810283207,3.756923334310156,3.7752697784321243,5.454142358483832
2024-09-03 09:00:00,1.11453,1.11604,1.11453,1.11589,21776,,0.00121950141098762,4.3864674467931355,3.9845538417051434,5.483882267679439
2024-09-03 10:00:00,1.11594,1.11741,1.11342,1.11393,27492,,-0.0017579898868843808,5.2947104176420465,4.3439252567847175,5.548743927615622
2024-09-03 11:00:00,1.11388,1.11418,1.11327,1.11393,10657,,0.0,5.262684498173647,4.2667532541024995,5.543866646286435
2024-09-03 12:00:00,1.11393,1.11443,1.11347,1.11362,5299,,-0.0002783326991549323,5.252507699514787,4.2708355779386284,5.544844822816995
2024-09-03 13:00:00,1.11362,1.11367,1.11231,1.11247,5056,,-0.0010332018043319056,5.456283776010143,4.378341256481691,5.5663569537016215
2024-09-03 14:00:00,1.11247,1.11362,1.11231,1.11347,9605,,0.0008984968752748519,5.7402979153504425,4.484047751850427,5.584792477240227
2024-09-03 15:00:00,1.11347,1.11393,1.11342,1.11388,4754,,0.000368150496896098,5.799131223158574,4.491891225693277,5.588045491234896
2024-09-03 16:00:00,1.11383,1.11413,1.11362,1.11403,2399,,0.00013465534983618012,5.7332679864299765,4.427134803146314,5.586653402256047
2024-09-03 18:00:00,1.11408,1.11433,1.11352,1.11418,1539,,0.00013463722021402446,5.617713348141011,4.431032978789546,5.5853862896603905
2024-09-03 19:00:00,1.11418,1.11473,1.11413,1.11448,1785,,0.00026922007108478533,5.637154926920624,4.375215817177168,5.574779536138315
2024-09-03 20:00:00,1.11443,1.11478,1.11423,1.11443,2810,,-4.48649788535288e-05,5.594496842236389,4.304607171079206,5.574674203410282
2024-09-03 21:00:00,1.11443,1.11524,1.11438,1.11494,2600,,0.00045752836801123386,5.621512342426331,4.326708973957217,5.579012416341641
2024-09-03 22:00:00,1.11494,1.11524,1.11458,1.11488,1501,,-5.381600309839293e-05,5.532490243824369,4.320827812986324,5.579048181246147
2024-09-03 23:00:00,1.11488,1.11514,1.11468,1.11504,923,,0.0001435029061800092,5.533403297415942,4.155533227689363,5.575669609471938
2024-09-04 00:00:00,1.11504,1.11539,1.11499,1.11529,1026,,0.00022418207265017807,5.49733156127312,4.135576401227094,5.572284781928286
2024-09-04 01:00:00,1.11529,1.11564,1.11514,1.11544,2457,,0.0001344851239067048,5.337832169897879,4.124706535694859,5.565477333279553
2024-09-04 02:00:00,1.11544,1.11549,1.11443,1.11499,5561,,-0.000403509642630141,5.195833355387541,4.063473654173547,5.56549598360591
2024-09-04 03:00:00,1.11499,1.11594,1.11433,1.11524,9730,,0.0002241921246214113,5.145067310722604,3.955064822376903,5.558804152776046
2024-09-04 04:00:00,1.11519,1.11554,1.11463,1.11483,6281,,-0.00036770146642885464,5.205841758305113,3.9629342297273276,5.561395242463828
2024-09-04 05:00:00,1.11483,1.11549,1.11463,1.11499,4534,,0.0001435093418074609,4.865768361513512,3.965413481296102,5.509061529319672
2024-09-04 06:00:00,1.11499,1.11524,1.11463,1.11494,4192,,-4.484445700831061e-05,4.3427884032222615,3.9645947560557557,5.506644838140874
2024-09-04 07:00:00,1.11499,1.11504,1.11388,1.11468,5633,,-0.00023322359969737183,3.039517142140309,3.944542487315714,5.4849545162959705
2024-09-04 08:00:00,1.11463,1.11494,1.11362,1.11494,7789,,0.00023322359969735323,3.058297256369287,3.944440368400236,5.478181138167023
2024-09-04 09:00:00,1.11488,1.11559,1.11463,1.11544,11481,,0.00044835409963844017,3.074537769412519,3.9675444020755872,5.465971828532925
2024-09-04 10:00:00,1.11544,1.11922,1.11539,1.11867,42921,,0.002891533765565201,5.308233277808765,4.852473689332706,5.650661899431939
2024-09-04 11:00:00,1.11867,1.11887,1.11725,1.11781,16175,,-0.0007690657125377246,5.4770266930263425,4.916734576731099,5.658160157156678
2024-09-04 12:00:00,1.11771,1.11831,1.11725,1.11811,8211,,0.00026834591738544785,5.469699506810626,4.921900047317913,5.657587985725393
2024-09-04 13:00:00,1.11811,1.11831,1.11625,1.1163,6848,,-0.0016201148364919271,6.3120562454735,5.189977788065893,5.705392296952253
2024-09-04 14:00:00,1.11625,1.11735,1.1162,1.11725,6967,,0.000850663792874336,6.44532581368258,5.255099870054653,5.721083978161806
2024-09-04 15:00:00,1.1173,1.11791,1.11715,1.11751,4920,,0.0002326871799862043,6.443263458903342,5.2236125194946155,5.722181924044339
2024-09-04 16:00:00,1.11751,1.11801,1.1172,1.11786,2450,,0.0003131472667703685,6.441395008411212,5.147611313355356,5.72444616119903
2024-09-04 18:00:00,1.11791,1.11816,1.11776,1.11801,954,,0.00013417595855285997,6.417336257758972,5.148401526845906,5.719276963699625
2024-09-04 19:00:00,1.11801,1.11806,1.11741,1.11751,1470,,-0.00044732322532325394,6.490740622691016,5.169489673567463,5.723192881756554
2024-09-04 20:00:00,1.11751,1.11766,1.11705,1.11741,2092,,-8.948866184627118e-05,6.500443304126392,5.169047431310981,5.723194115123665
2024-09-04 21:00:00,1.11746,1.11806,1.1173,1.11735,2909,,-5.3697041305838264e-05,6.5023442260676925,5.161641777861949,5.722938087159264
2024-09-04 22:00:00,1.11741,1.11786,1.1173,1.11746,1587,,9.844237325644207e-05,6.501901384222012,5.125019219492008,5.722892017350184
2024-09-04 23:00:00,1.11746,1.11746,1.1171,1.1172,1197,,-0.00023269759262992273,6.4672855405526395,5.080965587610143,5.723867795650869
2024-09-05 00:00:00,1.1172,1.1173,1.11695,1.1172,998,,0.0,6.465222301804586,5.080965587610143,5.722033165342828
2024-09-05 01:00:00,1.1172,1.11756,1.11715,1.11751,1722,,0.0002774409225254917,6.417702313554168,5.087490003119754,5.720912911691977
2024-09-05 02:00:00,1.11756,1.11836,1.11746,1.11791,6982,,0.0003578745866719782,6.4310087749440985,5.098080945044325,5.7237694877349306
2024-09-05 03:00:00,1.11786,1.11856,1.11751,1.11821,7052,,0.00026832191635503625,6.426843577641248,5.09993171729346,5.7152862953953765
2024-09-05 04:00:00,1.11821,1.11957,1.11791,1.11942,8957,,0.001081501515388597,6.584346958277375,5.205338052567658,5.724019704149066
2024-09-05 05:00:00,1.11942,1.11957,1.11882,1.11902,6026,,-0.0003573917587765153,6.65802521804492,5.2172241212188695,5.707143205084605
2024-09-05 06:00:00,1.11897,1.11947,1.11877,1.11942,4569,,0.00035739175877639483,6.64834148720944,5.227155194439785,5.689683592855317
2024-09-05 07:00:00,1.11937,1.12038,1.11887,1.11902,7179,,-0.0003573917587765153,4.471717345979101,5.242100837406992,5.6727131533709265
2024-09-05 08:00:00,1.11902,1.12154,1.11826,1.11872,25717,,-0.0002681276661249767,4.272301881191339,5.219150442473157,5.6201121236481795
2024-09-05 09:00:00,1.11877,1.12164,1.11856,1.12003,16246,,0.001170296057634046,4.692532799800529,5.342278944044941,5.647458529984044
2024-09-05 10:00:00,1.12023,1.12023,1.1171,1.11751,26574,,-0.0022524746511479736,5.486047355550876,5.784306637504781,5.736961208074907
2024-09-05 11:00:00,1.11746,1.11912,1.11735,1.11902,13498,,0.00135030625963901,5.777992310561787,5.909131945997432,5.7714603403975815
2024-09-05 12:00:00,1.11907,1.12008,1.11902,1.11967,7698,,0.0005806967630762215,5.838801429139462,5.922043557629672,5.764722990824831
2024-09-05 13:00:00,1.11962,1.12028,1.11947,1.12023,5740,,0.0005000223328433122,5.869829124805337,5.9161211536774605,5.769555365484616
2024-09-05 14:00:00,1.12018,1.12093,1.11977,1.11998,6130,,-0.0002231933622632497,5.89718172702207,5.904090153341021,5.765892859871155
2024-09-05 15:00:00,1.11993,1.12028,1.11982,1.11988,4254,,-8.929129505098265e-05,5.82616043838907,5.887009917452595,5.765894207277576
2024-09-05 16:00:00,1.11993,1.12068,1.11988,1.12063,2144,,0.0006694904535248876,5.894225079062379,5.918141361057948,5.767021424934475
2024-09-05 18:00:00,1.12058,1.12058,1.12033,1.12043,655,,-0.0001784869664631845,5.911509359202215,5.900035503228624,5.765015269646173
2024-09-05 19:00:00,1.12048,1.12073,1.12033,1.12058,955,,0.00013386821140820934,5.911082681060582,5.843050814285309,5.765461698115869
2024-09-05 20:00:00,1.12063,1.12093,1.12043,1.12083,1184,,0.00022307386960601953,5.872765225659269,5.777583447957449,5.765797428701074
2024-09-05 21:00:00,1.12083,1.12088,1.12048,1.12053,1070,,-0.0002676946155828996,5.914599911968543,5.770740912684411,5.766523427774124
2024-09-05 22:00:00,1.12058,1.12078,1.12043,1.12058,693,,4.4620745977037774e-05,5.912339091969918,5.770744198362203,5.766523830589803
2024-09-05 23:00:00,1.12063,1.12114,1.12058,1.12098,926,,0.00035689430953965656,5.912222854833161,5.689940317501454,5.763898844630896
2024-09-06 00:00:00,1.12103,1.12124,1.12083,1.12109,1151,,9.812360906487709e-05,5.907606656998398,5.573188096494011,5.740293347804351
2024-09-06 01:00:00,1.12109,1.12139,1.12088,1.12119,1656,,8.91949266516917e-05,5.64426606413976,5.248694267807894,5.735206610419371
2024-09-06 02:00:00,1.12119,1.12159,1.12093,1.12159,4202,,0.00035670017053948444,5.604987093879758,5.253367069715812,5.737119793585532
2024-09-06 03:00:00,1.12154,1.12154,1.12058,1.12109,7035,,-0.00044589509719127014,5.6679855987880225,5.268872787425973,5.735616765302519
2024-09-06 04:00:00,1.12103,1.12159,1.12078,1.12119,4797,,8.91949266516917e-05,5.612588139017528,5.137798163032733,5.722345223071913
2024-09-06 05:00:00,1.12119,1.12119,1.12023,1.12083,5322,,-0.00032113897565039804,5.624306549611903,5.0965785649018445,5.721524360834307
2024-09-06 06:00:00,1.12083,1.12083,1.12018,1.12023,5401,,-0.0005354609107617923,5.361520138085196,5.13025891649436,5.648507462837689
2024-09-06 07:00:00,1.12018,1.12048,1.11972,1.12018,8064,,-4.463468740843204e-05,3.420632706018254,5.131986750107162,5.6451868537577745
2024-09-06 08:00:00,1.12023,1.12507,1.1173,1.12164,47098,,0.0013025133207952534,3.3664654046334404,5.273974614095853,5.681350723688734
2024-09-06 09:00:00,1.12159,1.12204,1.11599,1.11776,44927,,-0.003465217364025121,6.992046367627351,6.376732193632817,5.930625568557494
2024-09-06 10:00:00,1.11781,1.12083,1.1167,1.11972,38560,,0.0017519714154636996,7.635062542885748,6.600867999386476,5.983347610577301
2024-09-06 11:00:00,1.11967,1.12305,1.11776,1.11806,36649,,-0.0014836134959528623,8.044037629103354,6.772217062749335,6.016678523118222
2024-09-06 12:00:00,1.11806,1.11806,1.1164,1.1171,11908,,-0.000858998961175431,8.155689423837748,6.832433702143508,6.030554921273716
2024-09-06 13:00:00,1.1171,1.11841,1.11645,1.11796,6082,,0.0007695543228747183,8.188480162516603,6.871598048015946,6.040137389109111
2024-09-06 14:00:00,1.11796,1.11816,1.1173,1.11806,4979,,8.944463830068833e-05,8.195565043645447,6.86929930830754,6.040281196062417
2024-09-06 15:00:00,1.11806,1.11841,1.11766,1.11831,3956,,0.00022357660051007208,8.205397157420439,6.87111973632935,6.04028786838854
2024-09-06 16:00:00,1.11836,1.11836,1.11796,1.11801,2283,,-0.0002682979196175115,8.188020538520208,6.863452997055462,6.03945747497134
2024-09-08 18:00:00,1.11801,1.11851,1.11771,1.11816,2261,,0.0001341579577805235,8.195694307349045,6.861639514929268,6.028960820761747
2024-09-08 19:00:00,1.11816,1.11856,1.11811,1.11811,1305,,-4.471731947249748e-05,8.191944267509358,6.849445994514037,6.028123814046667
2024-09-08 20:00:00,1.11806,1.11856,1.11771,1.11776,1910,,-0.0003130772387112721,8.153065076913975,6.85831957594686,6.029881402708815
2024-09-08 21:00:00,1.11776,1.11856,1.11756,1.11766,2420,,-8.94686457727754e-05,8.141862672886651,6.85904080141704,6.028812305261964
2024-09-08 22:00:00,1.11761,1.11776,1.11746,1.11746,907,,-0.00017896130904287847,8.129793973965715,6.85703620295271,6.029062992882314
2024-09-08 23:00:00,1.11746,1.11761,1.1173,1.11741,888,,-4.474533195062194e-05,8.07734070721528,6.8547486203997545,6.028287515052553
2024-09-09 00:00:00,1.11741,1.11746,1.11685,1.117,1192,,-0.0003669872625002017,8.070442972882299,6.853456536346575,6.0194825413783075
2024-09-09 01:00:00,1.117,1.11705,1.1163,1.11635,2042,,-0.0005820852247547477,8.082855742833829,6.221432655629875,6.024075875451337
2024-09-09 02:00:00,1.11635,1.11665,1.11544,1.11589,5496,,-0.000412142069411236,8.088160107968678,6.188472370577421,6.023374100322899
2024-09-09 03:00:00,1.11589,1.11599,1.11488,1.11534,7943,,-0.0004930016279270491,8.083238577929558,6.198217163736778,6.026602172678555
2024-09-09 04:00:00,1.11529,1.11569,1.11398,1.11413,8822,,-0.0010854598795265718,8.213468174702463,6.08074768368083,6.049072710378675
2024-09-09 05:00:00,1.11413,1.11529,1.11398,1.11504,7389,,0.000816447422627746,7.956572178086181,6.075748845995401,6.060496705282316
2024-09-09 06:00:00,1.11504,1.11509,1.11302,1.11342,8272,,-0.0014539191059061735,5.911674091743321,6.234053209865702,6.101177576128728
2024-09-09 07:00:00,1.11342,1.11388,1.11297,1.11383,5987,,0.00036816702627120995,4.857010521548586,6.23768282619149,5.467790685549426
2024-09-09 08:00:00,1.11383,1.11428,1.11317,1.11332,7649,,-0.0004579844275547851,4.336609821192042,6.247093393717235,5.4712705559088555
2024-09-09 09:00:00,1.11332,1.11458,1.11332,1.11408,11443,,0.000682410011217783,4.432396514417551,6.280039337396922,5.483019261808309
2024-09-09 10:00:00,1.11413,1.11413,1.11282,1.11357,15351,,-0.00045788163213287744,4.138951001740187,6.293217431653324,5.422244277246578
2024-09-09 11:00:00,1.11352,1.11388,1.11297,1.11352,10043,,-4.4901642958499995e-05,4.115912533281634,6.293228894782775,5.418899335326872
2024-09-09 12:00:00,1.11357,1.11448,1.11352,1.11428,5977,,0.0006822874849470654,4.33867022417126,6.335192642196786,5.427318786110089
2024-09-09 13:00:00,1.11433,1.11478,1.11367,1.11367,5160,,-0.0005475886040912566,4.38360996099278,6.35249379830097,5.432274793672502
2024-09-09 14:00:00,1.11378,1.11403,1.11357,1.11367,5539,,0.0,4.357726774678121,6.35249379830097,5.432019373713161
2024-09-09 15:00:00,1.11367,1.11373,1.11312,1.11322,4675,,-0.0004041510861560105,4.361471243831149,6.353036049044556,5.434396997726184
2024-09-09 16:00:00,1.11317,1.11332,1.11272,1.11282,1800,,-0.0003593825845944947,4.365387041210647,6.345007533297206,5.431758331975948
2024-09-09 18:00:00,1.11292,1.11332,1.11282,1.11312,1103,,0.00026954904608085365,4.4438809194471025,6.345075926818579,5.431581442670439
2024-09-09 19:00:00,1.11312,1.11317,1.11282,1.11282,593,,-0.00026954904608087116,4.445079497289427,6.236479685868739,5.432267236998432
2024-09-09 20:00:00,1.11287,1.11287,1.11196,1.11236,3081,,-0.00041344970434085987,4.448202952538175,6.239118051196688,5.433672210339164
2024-09-09 21:00:00,1.11236,1.11287,1.11236,1.11282,1549,,0.0004134497043408097,4.57496090214057,6.24357833003485,5.43854686351709
2024-09-09 22:00:00,1.11282,1.11292,1.11257,1.11282,503,,0.0,4.526862953805348,6.238699268326711,5.435845622023042
2024-09-09 23:00:00,1.11282,1.11327,1.11282,1.11317,777,,0.00031446682409556995,4.573299372041151,6.249307664812269,5.436593938482428
2024-09-10 00:00:00,1.11317,1.11332,1.11292,1.11327,61,,8.982950366247693e-05,4.534952111710731,6.120017359588312,5.437030380915705
2024-09-10 01:00:00,1.11327,1.11357,1.11312,1.11327,241,,0.0,4.1556773113262135,5.712526311733407,5.437092815075484
2024-09-10 02:00:00,1.11322,1.11417,1.11266,1.11417,1038,,0.0008081026191298079,4.150233608749978,5.599808320226951,5.448396216573046
2024-09-10 03:00:00,1.11422,1.11422,1.11302,1.11302,1172,,-0.0010326915101108137,3.7372082458489935,5.641051499875823,5.468850001978924
2024-09-10 04:00:00,1.11302,1.11327,1.11261,1.11312,1196,,8.984160930341969e-05,3.676518450729466,5.611334664964051,5.4639250488422855
2024-09-10 05:00:00,1.11307,1.11352,1.11256,1.11317,757,,4.4917778014719134e-05,3.5940737446227584,5.612056905358424,5.462020779557871
2024-09-10 06:00:00,1.11327,1.11347,1.11271,1.11332,549,,0.00013474122967285532,3.3795836179945833,5.617067867068508,5.462370017944181
2024-09-10 07:00:00,1.11337,1.11367,1.11201,1.11241,1048,,-0.0008177092915187483,3.5754528010979953,5.607234230827272,5.420639972460629
2024-09-10 08:00:00,1.11241,1.11297,1.11196,1.11226,1234,,-0.00013485146131980727,3.578295807914754,5.606960369631891,5.395345017501466
2024-09-10 09:00:00,1.11221,1.11282,1.11106,1.11121,2359,,-0.000944469750481937,3.626896987076279,5.6607866729967755,5.4039489099372116
2024-09-10 10:00:00,1.11121,1.11161,1.11076,1.11111,6321,,-8.999604023494882e-05,3.5488338179390193,5.648920089443525,5.403936517064011
2024-09-10 11:00:00,1.11116,1.11201,1.11101,1.11176,1479,,0.0005848295388631339,3.7492569483271585,5.694624863790404,5.40802254308518
2024-09-10 12:00:00,1.11181,1.11211,1.11156,1.11186,1141,,8.994342564584981e-05,3.714009174108271,5.696238889993478,5.4064129758852575
2024-09-10 13:00:00,1.11181,1.11206,1.11151,1.11151,858,,-0.00031483738909059643,3.703414784618376,5.677249275648621,5.407519509725816
2024-09-10 14:00:00,1.11151,1.11191,1.11131,1.11176,798,,0.00022489396344456267,3.6916037948831546,5.684154320550774,5.40805937903007
2024-09-10 15:00:00,1.11176,1.11201,1.11146,1.11196,512,,0.00017987876219965993,3.693562640828585,5.688618284225371,5.408823533041375
2024-09-10 16:00:00,1.11191,1.11191,1.11111,1.11126,480,,-0.0006297172777609894,3.7815168264487093,5.686932080916498,5.4147984992907405
2024-09-10 18:00:00,1.11106,1.11141,1.11106,1.11121,150,,-4.499498306688454e-05,3.6856956365369737,5.680093861605059,5.398417843887981
2024-09-10 19:00:00,1.11121,1.11161,1.11116,1.11126,211,,4.4994983066911834e-05,3.689337496258619,5.678378639713831,5.39851797231917
2024-09-10 20:00:00,1.11126,1.11146,1.11096,1.11121,209,,-4.499498306688454e-05,3.6224018302103818,5.676528898268918,5.398496785620354
2024-09-10 21:00:00,1.11121,1.11322,1.11106,1.11297,699,,0.0015826060546785881,4.642360374274447,5.919776150291901,5.45758378261433
2024-09-10 22:00:00,1.11292,1.11367,1.11251,1.11251,555,,-0.00041339397033524,4.693914134891255,5.927279272214647,5.460358306911565
2024-09-10 23:00:00,1.11251,1.11347,1.11236,1.11307,369,,0.000503239615577373,4.547439324971084,5.783994002265092,5.463692106442535
2024-09-11 00:00:00,1.11307,1.11392,1.11302,1.11387,488,,0.0007184747091646437,4.35777701142431,4.740486581439023,5.4755700345012555
2024-09-11 01:00:00,1.11387,1.11432,1.11352,1.11357,780,,-0.00026936752667992326,4.388877510479829,4.369164627837979,5.474503105474628
2024-09-11 02:00:00,1.11357,1.11407,1.11327,1.11377,2129,,0.00017958641297471603,4.397530166325373,4.139091200838958,5.475234673656794
2024-09-11 03:00:00,1.11372,1.11437,1.11327,1.11332,2591,,-0.000404114792059542,4.454944701707006,4.074225235295933,5.477679046317603
2024-09-11 04:00:00,1.11332,1.11402,1.11287,1.11362,2555,,0.00026942800597654727,4.214390239970829,4.000557155775118,5.475567129561693
2024-09-11 05:00:00,1.11357,1.11412,1.11342,1.11342,1817,,-0.00017961060469294683,4.221499542858817,3.9990411041389993,5.475579045371206
2024-09-11 06:00:00,1.11347,1.11412,1.11317,1.11412,1881,,0.0006284960297387543,3.9144946063625765,4.0497830953864185,5.468127998809128
2024-09-11 07:00:00,1.11417,1.11472,1.11352,1.11362,2465,,-0.000448885425045753,4.027054081308678,4.063223626917845,5.471555867157634
2024-09-11 08:00:00,1.11357,1.11412,1.1097,1.11096,11057,,-0.0023914637978707074,5.836191766766419,4.680319096327251,5.584769459665794
2024-09-11 09:00:00,1.11101,1.11191,1.1103,1.11061,6653,,-0.0003150924822496453,5.8508545243465475,4.6844616448528855,5.577508987885112
2024-09-11 10:00:00,1.11061,1.11081,1.10945,1.11035,10964,,-0.00023413298860658046,5.841175551787464,4.681660676895635,5.535314550806623
2024-09-11 11:00:00,1.11035,1.11101,1.1101,1.11056,7692,,0.00018911167100507813,5.836101382602138,4.691310056458319,5.530871376063922
2024-09-11 12:00:00,1.11051,1.11111,1.1103,1.11091,2744,,0.0003151066662130861,5.858047712136958,4.709645240562986,5.53392738144339
2024-09-11 13:00:00,1.11096,1.11141,1.11081,1.11116,1928,,0.00022501541450518865,5.775499197844714,4.720545794975412,5.535495026043797
2024-09-11 14:00:00,1.11121,1.11161,1.11111,1.11116,2059,,0.0,5.77502495443872,4.713123067220836,5.535471289100098
2024-09-11 15:00:00,1.11121,1.11201,1.11096,1.11111,2118,,-4.499903252833934e-05,5.774801846765268,4.686102329528966,5.528384730207516
2024-09-11 16:00:00,1.11116,1.11121,1.11051,1.11056,614,,-0.0004951230481897952,5.837006361680607,4.692895828733636,5.530166054503723
2024-09-11 18:00:00,1.11056,1.11071,1.11035,1.11046,371,,-9.004871641642478e-05,5.0365623057038285,4.6739260845501995,5.52532914514251
2024-09-11 19:00:00,1.11046,1.11051,1.11025,1.11025,331,,-0.00018912870264553195,5.008992633960404,4.56015854200021,5.518556431986322
2024-09-11 20:00:00,1.1102,1.11035,1.1098,1.10985,564,,-0.00036034413254201053,4.900969929122347,4.481172316167254,5.520525013812615
2024-09-11 21:00:00,1.10985,1.11051,1.10985,1.1103,473,,0.0004053780205503978,4.753430030298995,4.280162303692365,5.518278470251648
2024-09-11 22:00:00,1.1103,1.11041,1.10995,1.1102,444,,-9.006980415911248e-05,4.750584578111138,4.259299652964145,5.481158642734525
2024-09-11 23:00:00,1.1102,1.11056,1.1102,1.11056,328,,0.0003242133352125126,4.789174504593093,4.255721737186749,5.48045155228073
2024-09-12 00:00:00,1.11051,1.11091,1.11051,1.11081,412,,0.00022508632155427707,4.805485477950104,4.200401972327373,5.469235970211173
2024-09-12 01:00:00,1.11081,1.11141,1.11071,1.11136,687,,0.0004950116428812589,4.8780717427595,4.214242640999931,5.438636740676651
2024-09-12 02:00:00,1.11141,1.11156,1.10995,1.11,2440,,-0.0012244752493292474,5.2551029405439165,4.3807399970436816,5.465147379403206
2024-09-12 03:00:00,1.11005,1.11076,1.1098,1.11,3297,,0.0,5.067584615351355,4.316471043566743,5.44903726061006
2024-09-12 04:00:00,1.10995,1.11141,1.1097,1.11071,3173,,0.0006394351573972197,5.2378896276878715,4.344617483184004,5.455647895357687
2024-09-12 05:00:00,1.11081,1.11121,1.11051,1.11066,3240,,-4.5017264128444085e-05,3.2117218321162158,4.344381429413479,5.444152889061795
2024-09-12 06:00:00,1.11066,1.11156,1.11066,1.11141,2760,,0.0006750462663015833,3.3732379636453556,4.38785098919238,5.455376163229952
2024-09-12 07:00:00,1.11136,1.11151,1.11051,1.11061,2836,,-0.0007200655570752451,3.5956204578858966,4.430582815707928,5.397818246428442
2024-09-12 08:00:00,1.11056,1.11241,1.10995,1.11171,9204,,0.000989956522763945,3.9714510783568713,4.538749821280108,5.418838534485615
2024-09-12 09:00:00,1.11171,1.11327,1.11166,1.11287,10437,,0.0010428935845304816,4.312119946394037,4.654900022734772,5.422519902916875
2024-09-12 10:00:00,1.11282,1.11387,1.11211,1.11312,7908,,0.0002246191591616522,4.312079963160074,4.640759595081858,5.414526449921317
2024-09-12 11:00:00,1.11312,1.11342,1.11216,1.11317,6584,,4.4917778014719134e-05,4.3098650141061885,4.622744800780334,5.398782925262174
2024-09-12 12:00:00,1.11317,1.11392,1.11282,1.11372,4360,,0.0004939624419556779,4.357624098982385,4.648700105106047,5.4044297985650305
2024-09-12 13:00:00,1.11372,1.11467,1.11332,1.11467,5007,,0.0008526335673314839,4.384858106115306,4.715341835201169,5.41471286530079
2024-09-12 14:00:00,1.11467,1.11528,1.11417,1.11507,4888,,0.00035878623004555904,4.364756514210182,4.726999289137133,5.41709764556515
2024-09-12 15:00:00,1.11507,1.11618,1.11502,1.11603,2954,,0.0008605621077007155,4.442403947585075,4.8003654734497845,5.434506265679388
2024-09-12 16:00:00,1.11608,1.11653,1.11588,1.11643,1367,,0.000358349089596547,4.296542578560378,4.7476657148709185,5.4281531590671435
2024-09-12 18:00:00,1.11648,1.11668,1.11593,1.11608,2270,,-0.0003135484301235368,4.418215275167186,4.635652719890901,5.42949893569268
2024-09-12 19:00:00,1.11613,1.11683,1.11608,1.11673,1982,,0.000582226000745127,4.403493142099614,4.666707490554443,5.436343043937668
2024-09-12 20:00:00,1.11673,1.11764,1.11663,1.11759,4289,,0.0007698091969550214,4.480968521177943,4.7216930076585495,5.447139892798262
2024-09-12 21:00:00,1.11764,1.11784,1.11693,1.11708,3535,,-0.0004564432411537381,4.677179150959329,4.750096817004043,5.451338948289524
2024-09-12 22:00:00,1.11713,1.11794,1.11683,1.11764,3798,,0.0005011813665441981,4.678088172693311,4.685490352399651,5.457416972043391
2024-09-12 23:00:00,1.11759,1.11794,1.11728,1.11764,1464,,0.0,3.8310515936894642,4.681159602750131,5.448061377856661
2024-09-13 00:00:00,1.11764,1.11774,1.11733,1.11733,1174,,-0.0002774086470852957,3.9389555504165017,4.578226196773153,5.448684051192266
2024-09-13 01:00:00,1.11733,1.11754,1.11708,1.11718,1605,,-0.00013425762267810167,3.9745357816981213,4.5802405098360115,5.054813920529514
2024-09-13 02:00:00,1.11718,1.11733,1.11633,1.11683,5646,,-0.00031333790167783235,4.072791697763316,4.569689482987934,5.0391075732455475
2024-09-13 03:00:00,1.11678,1.11839,1.11623,1.11814,8763,,0.0011722753773159432,4.312228819440173,4.700445389774174,5.069331378456704
2024-09-13 04:00:00,1.11814,1.11834,1.11754,1.11819,5504,,4.471611972157432e-05,3.922812224093887,4.682224011987416,5.068991450081715
2024-09-13 05:00:00,1.11824,1.11899,1.11779,1.11809,7395,,-8.94342390636841e-05,3.8007877473933243,4.684254682422306,5.038832212305538
2024-09-13 06:00:00,1.11809,1.11864,1.11764,1.11789,3558,,-0.0001788924771539537,3.6157631593482975,4.691405022999407,5.039408108079342
2024-09-13 07:00:00,1.11799,1.11824,1.11708,1.11738,6399,,-0.0004563207208522599,3.804959267558837,4.667356358221778,5.011205450702118
2024-09-13 08:00:00,1.11743,1.11829,1.11688,1.11824,9937,,0.0007693615573492468,3.9231469463456845,4.714313277954223,4.981242436953524
2024-09-13 09:00:00,1.11829,1.11914,1.11774,1.11834,15792,,8.942224294836757e-05,3.898585394323685,4.713943562616462,4.97903715392599
2024-09-13 10:00:00,1.11839,1.11849,1.11743,1.11784,15775,,-0.00044719119957465324,3.8685060134380507,4.744333592521037,4.982694728977841
2024-09-13 11:00:00,1.11789,1.11814,1.11713,1.11738,13244,,-0.000411592600722868,3.961915544099681,4.522421649933872,4.982874355868762
2024-09-13 12:00:00,1.11743,1.11743,1.11658,1.11728,8222,,-8.949907374434179e-05,3.7211720380039255,4.498863040516365,4.980688617184436
2024-09-13 13:00:00,1.11728,1.11754,1.11693,1.11708,5118,,-0.00017902218132635723,3.6994454096109886,4.4838384558583035,4.981014055157433
2024-09-13 14:00:00,1.11703,1.11733,1.11653,1.11668,6601,,-0.0003581405381739239,3.713379004889529,4.451923807456444,4.982293915996911
2024-09-13 15:00:00,1.11673,1.11703,1.11653,1.11663,4039,,-4.477658722542742e-05,3.572284033377595,4.441520524410112,4.982294009386079
2024-09-13 16:00:00,1.11673,1.11673,1.11618,1.11653,2405,,-8.955918972828418e-05,3.279992169541467,4.4414260638415675,4.982254461701163
2024-09-15 18:00:00,1.11678,1.11754,1.11648,1.11748,2507,,0.000850488634575227,3.5384401088676243,4.490806428231729,4.982021823534055
2024-09-15 19:00:00,1.11748,1.11774,1.11723,1.11748,1147,,0.0,3.4260971102305735,4.48620389255279,4.981833945158325
2024-09-15 20:00:00,1.11754,1.11809,1.11748,1.11784,1797,,0.00032210153634584224,3.473695253841827,4.487280788501501,4.9839056372981325
2024-09-15 21:00:00,1.11774,1.11809,1.11754,1.11759,1406,,-0.0002236706146398033,3.460827272360482,4.45926142935914,4.985098708402668
2024-09-15 22:00:00,1.11759,1.11789,1.11748,1.11774,815,,0.0001342083721194948,3.4562883068202237,4.430480395714344,4.983668757497813
2024-09-15 23:00:00,1.11779,1.11934,1.11764,1.11924,4273,,0.0013410939971002377,4.08152748352464,3.8602122962137955,5.01486290678229
2024-09-16 00:00:00,1.11924,1.11934,1.11849,1.11854,2221,,-0.0006256200545465193,3.774854766975275,3.908685697068934,5.023949068880117
2024-09-16 01:00:00,1.11849,1.11879,1.11839,1.11864,1423,,8.93982603694333e-05,3.7766650221889706,3.8922205496239184,5.007963966040166
2024-09-16 02:00:00,1.11869,1.12035,1.11859,1.12025,5360,,0.0014382129336571196,4.5005420864843,4.109614141397067,5.0450364996955255
2024-09-16 03:00:00,1.1202,1.12085,1.11974,1.12035,8073,,8.926180493301384e-05,4.472380484053054,4.106273603731666,5.042704513647591
2024-09-16 04:00:00,1.1203,1.12145,1.12025,1.1211,5957,,0.0006692096883625714,4.44699296815785,4.139668549082562,5.052467936632267
2024-09-16 05:00:00,1.1211,1.12175,1.12065,1.1209,8221,,-0.00017841213249824927,4.341965369945906,4.1500883634056285,5.016828328036007
2024-09-16 06:00:00,1.1209,1.12165,1.12085,1.12105,5860,,0.00013381208343085473,4.341695638472978,4.145556990822996,5.0126323158343995
2024-09-16 07:00:00,1.121,1.1214,1.1204,1.1212,5149,,0.00013379418015269714,4.215377631515818,4.093231707297206,5.0095976214698075
2024-09-16 08:00:00,1.12115,1.1221,1.12045,1.12125,15620,,4.459408237275236e-05,4.094818880241123,4.087064264173837,4.992763450972576
2024-09-16 09:00:00,1.1213,1.12256,1.12105,1.12175,15791,,0.0004458314830867926,4.09145053436191,4.080991616358105,4.9740736993980015
2024-09-16 10:00:00,1.1218,1.1219,1.1206,1.12125,14149,,-0.00044583148308684217,4.195048357522074,4.093301248036519,4.977874019719486
2024-09-16 11:00:00,1.12115,1.12125,1.12045,1.12105,8554,,-0.0001783882625253724,4.131961179527235,4.100890587373041,4.978744280184376
2024-09-16 12:00:00,1.12105,1.12185,1.12075,1.12175,7082,,0.0006242197456122816,4.171818557315035,4.118801110841764,4.987451878911949
2024-09-16 13:00:00,1.1217,1.1218,1.1204,1.12115,7641,,-0.0005350216365529844,4.348197005334752,4.176296513502345,4.9894151668836555
2024-09-16 14:00:00,1.12115,1.1213,1.12075,1.1209,8084,,-0.00022301019249004928,4.241492752686936,4.193134923989123,4.989399347003124
2024-09-16 15:00:00,1.12085,1.12175,1.12065,1.12165,4890,,0.0006688814322646607,4.323491845807891,4.211363738528438,4.999159429191147
2024-09-16 16:00:00,1.1217,1.12215,1.1216,1.122,1862,,0.0003119916233272626,4.3225161594588934,3.971677556600258,4.987622069112999
2024-09-16 18:00:00,1.1221,1.1221,1.12135,1.1214,1440,,-0.0005349023930696534,4.448398390015351,4.0322654438275585,4.994126296242646
2024-09-16 19:00:00,1.12145,1.12165,1.12105,1.1216,1256,,0.00017833259075342953,4.447924790568937,4.003746730539129,4.994686441954129
2024-09-16 20:00:00,1.1216,1.12185,1.1209,1.121,1773,,-0.0005350932081657026,4.058210621892162,4.059642594447906,5.000056613637188
2024-09-16 21:00:00,1.121,1.12165,1.121,1.1215,1203,,0.00044593088810306134,3.8906910149737497,4.03597228319829,5.004269054526341
2024-09-16 22:00:00,1.1215,1.1217,1.1212,1.12145,935,,-4.458414142822853e-05,3.9023351152006747,3.9424888563016722,4.995241425610165
2024-09-16 23:00:00,1.1214,1.12155,1.12095,1.1211,1273,,-0.0003121446592868902,3.1407578333454915,3.878361557274407,4.976832907025614
2024-09-17 00:00:00,1.1211,1.1212,1.12085,1.1211,622,,0.0,3.1399490576742872,3.769339861109388,4.976710578270999
2024-09-17 01:00:00,1.12115,1.1216,1.1209,1.1214,1178,,0.00026755853002427923,2.9532165291086696,3.7707750997298053,4.9781140417769025
2024-09-17 02:00:00,1.1214,1.12205,1.12085,1.12085,4938,,-0.0004905786696671495,3.0655055990445863,3.8202207004124578,4.984032114985201
2024-09-17 03:00:00,1.1208,1.12251,1.1203,1.12231,8344,,0.0013017352361543299,3.812311765167229,3.9849802210272576,5.022042334659212
2024-09-17 04:00:00,1.12236,1.12331,1.122,1.12316,6709,,0.000757079845733394,4.002065950335464,3.9682899354176175,5.025891513718012
2024-09-17 05:00:00,1.12316,1.12316,1.1222,1.12256,6173,,-0.0005343497980838848,4.145795189999506,4.01571848397574,5.02152406634868
2024-09-17 06:00:00,1.12256,1.12271,1.1219,1.12215,4335,,-0.00036530331718522734,4.144449985078294,3.9696837646571566,5.025116701721289
2024-09-17 07:00:00,1.12215,1.12301,1.12175,1.12261,4535,,0.0004098433742930697,4.1066778959518775,3.973571600479174,5.028661387870711
2024-09-17 08:00:00,1.12261,1.12311,1.1205,1.12125,24904,,-0.0012121969878107206,4.6550739767894544,4.165391145420103,5.0648578526723105
2024-09-17 09:00:00,1.1212,1.12155,1.11989,1.1201,16459,,-0.0010261673553121173,4.841645074097123,4.276940868132893,5.089889645471809
2024-09-17 10:00:00,1.1201,1.12155,1.1201,1.12125,13867,,0.0010261673553119532,5.121120508272584,4.328587357488963,5.113190255310986
2024-09-17 11:00:00,1.1212,1.1214,1.1203,1.12045,9106,,-0.0007137440638463721,5.259730735991132,4.367256089036302,5.124743431193146
2024-09-17 12:00:00,1.12045,1.1209,1.1202,1.12065,4779,,0.0001784837807602018,5.1226030304711925,4.34505845062968,5.125253349705728
2024-09-17 13:00:00,1.12065,1.1208,1.11964,1.12035,4505,,-0.0002677376187345763,5.093261225363436,4.35619043653007,5.12709077364614
2024-09-17 14:00:00,1.1203,1.121,1.1203,1.121,3255,,0.0005800076009745595,5.140606431001858,4.377081618804611,5.1274687967189685
2024-09-17 15:00:00,1.12095,1.1211,1.12025,1.1203,2901,,-0.0006246375074822444,5.23189975713293,4.42619070336151,5.137132651702908
2024-09-17 16:00:00,1.12035,1.12045,1.12,1.1201,1388,,-0.00017853954698377852,5.16470884599595,4.417017180282843,5.127993363162459
2024-09-17 18:00:00,1.1203,1.1206,1.1201,1.1205,801,,0.00035704722328794427,5.140335449104354,4.278096092913884,5.122895838962119
2024-09-17 19:00:00,1.12055,1.12105,1.1205,1.1209,1174,,0.0003569197860680045,5.187541032775807,4.290278104764436,5.122933829501106
2024-09-17 20:00:00,1.1209,1.12155,1.1208,1.12135,2069,,0.0004013825452483385,5.209957132310712,4.303338751819793,5.1212239906235615
2024-09-17 21:00:00,1.1214,1.12175,1.1212,1.1215,1837,,0.0001337583879648912,5.214236581604093,4.297846655039868,5.1172294299375265
2024-09-17 22:00:00,1.1215,1.12155,1.1212,1.12145,884,,-4.458414142822853e-05,5.194867969649099,4.267530427113657,5.111007078878203
2024-09-17 23:00:00,1.1215,1.12155,1.12125,1.1213,839,,-0.00013376435199977395,5.123690000876123,4.209709830917413,5.111258484568259
2024-09-18 00:00:00,1.1213,1.1213,1.12065,1.12065,903,,-0.0005798523769151337,4.6481713787760714,4.2559327782463665,5.114593920110087
2024-09-18 01:00:00,1.12065,1.12085,1.1205,1.1208,1330,,0.00013384193287742193,4.413905167361181,4.228427138838591,5.101623674081157
2024-09-18 02:00:00,1.1207,1.1213,1.1202,1.12055,5865,,-0.00022307984120000586,4.350295683131931,4.211806005151879,5.0879902888266635
2024-09-18 03:00:00,1.1206,1.1218,1.12045,1.1218,6944,,0.0011149018926391854,4.790894980789375,4.343260875848363,5.112578862696958
2024-09-18 04:00:00,1.12175,1.12205,1.1215,1.1217,6361,,-8.914642305883736e-05,4.728013706735968,4.338971279173615,5.112912461214592
2024-09-18 05:00:00,1.12165,1.12271,1.12135,1.12251,6048,,0.0007218576115183437,4.3862619530370885,4.365444260153371,5.0977468758881495
2024-09-18 06:00:00,1.12251,1.12256,1.12165,1.1217,4571,,-0.0007218576115183204,4.17402810135409,4.438675255605226,5.076969186170177
2024-09-18 07:00:00,1.1217,1.1217,1.12095,1.12115,5845,,-0.0004904474316379326,3.8934920982254915,4.472079800857316,5.006897846217203
2024-09-18 08:00:00,1.1212,1.12155,1.12045,1.12095,7643,,-0.00017840417513103826,3.6889811867071174,4.406555863214981,5.007890329196701
2024-09-18 09:00:00,1.12095,1.12271,1.12095,1.1222,11168,,0.0011145042724629286,4.145921774110958,4.533400724086061,5.034179364855872
2024-09-18 10:00:00,1.12225,1.12236,1.11949,1.1205,17558,,-0.0015160300758899458,4.957589275395408,4.796704629292641,5.064474018559155
2024-09-18 11:00:00,1.12045,1.1209,1.11989,1.1203,9675,,-0.00017850767630408243,4.852734693817011,4.794377275987367,5.047224582243522
2024-09-18 12:00:00,1.1203,1.12135,1.1203,1.12115,5436,,0.00075843765486218,4.9100552263804875,4.847569586622731,5.057320240029265
2024-09-18 13:00:00,1.1211,1.1218,1.1204,1.12125,5532,,8.919015346615919e-05,4.8945328813414175,4.665508041662678,5.057132466234425
2024-09-18 14:00:00,1.12115,1.12743,1.12115,1.12336,48338,,0.0018800598959327849,5.825398034976978,4.972740873797478,5.138467354021108
2024-09-18 15:00:00,1.12341,1.12341,1.11809,1.11894,23773,,-0.003942385697528593,9.14059359152812,6.4005390302436265,5.496478801850195
2024-09-18 16:00:00,1.11899,1.1205,1.11879,1.1203,3770,,0.001214697993267736,9.385209245607184,6.352972113498567,5.527916269395631
2024-09-18 18:00:00,1.12045,1.12105,1.11984,1.12045,2377,,0.00013388374448195062,9.385216926632548,6.35376735230558,5.523999374654682
2024-09-18 19:00:00,1.12055,1.12055,1.11939,1.11969,1920,,-0.0006785290465405088,9.449260252922834,6.352661823475275,5.53455494450643
2024-09-18 20:00:00,1.11974,1.11995,1.11618,1.11643,9197,,-0.002915766872643044,10.661665800229539,6.985192423078986,5.719072107105193
2024-09-18 21:00:00,1.11638,1.11683,1.11507,1.11658,9290,,0.00013434780876531377,10.656765515025892,6.985208199613822,5.718406445708744
2024-09-18 22:00:00,1.11658,1.11864,1.11658,1.11849,4480,,0.0017091191461028415,11.14618336630885,7.207066516628357,5.779216298817634
2024-09-18 23:00:00,1.11849,1.12015,1.11824,1.1201,3952,,0.0014384056728497816,11.459353285944331,7.358175286363827,5.818012497112006
2024-09-19 00:00:00,1.12015,1.12045,1.11974,1.1203,1915,,0.00017853954698384469,11.27839942120219,7.3458202391133725,5.817663386223595
2024-09-19 01:00:00,1.1203,1.1214,1.1203,1.1214,4194,,0.0009813981248944306,11.424376914475157,7.400871802246574,5.833752735211661
2024-09-19 02:00:00,1.12135,1.12286,1.1212,1.12276,9491,,0.0012120349409043317,11.555836540709175,7.497117895481786,5.862693393278755
2024-09-19 03:00:00,1.12286,1.12366,1.12231,1.12291,12839,,0.00013359042087501745,11.478605388702999,7.473090798110647,5.862813433207848
2024-09-19 04:00:00,1.12286,1.12522,1.12281,1.12456,12280,,0.0014683179721590959,11.686427429680826,7.591072303207888,5.90395375881603
2024-09-19 05:00:00,1.12456,1.12622,1.12456,1.12612,10345,,0.0013862479337967408,11.86111770232749,7.702730001365507,5.940467681420018
2024-09-19 06:00:00,1.12612,1.12617,1.12517,1.12537,8373,,-0.0006662255019929017,11.842666321601076,7.714267197454948,5.9471456116048245
2024-09-19 07:00:00,1.12537,1.12597,1.12346,1.12411,15755,,-0.0011202590214387464,11.685343218900131,7.798948199518764,5.804826452269129
2024-09-19 08:00:00,1.12411,1.12411,1.12085,1.12085,26186,,-0.0029042854139706554,12.841484917821685,8.320634075464616,5.96798178459745
2024-09-19 09:00:00,1.12085,1.12231,1.12,1.1205,20663,,-0.0003123117789231849,12.781548780695163,8.32394131995159,5.968730531806345
2024-09-19 10:00:00,1.1205,1.1216,1.11989,1.1212,18815,,0.0006245260496515038,12.831111207132501,8.331279258180354,5.921886226689853
2024-09-19 11:00:00,1.12115,1.12311,1.1208,1.12296,13657,,0.0015685159354372374,12.69636223467715,8.467582606702903,5.956839356811007
2024-09-19 12:00:00,1.12296,1.12421,1.12281,1.12381,9253,,0.000756641792931616,10.514961890942697,8.499305866785862,5.966940961113474
2024-09-19 13:00:00,1.12381,1.12441,1.12346,1.12431,4380,,0.00044481612035323026,10.366652445644231,8.501587122432877,5.968849964330672
2024-09-19 14:00:00,1.12436,1.12512,1.12436,1.12487,5342,,0.0004979592665520647,10.38097086601144,8.5134177598085,5.973175854338413
2024-09-19 15:00:00,1.12482,1.12497,1.12421,1.12446,4647,,-0.00036455300426419906,10.310814087804237,8.520963275775232,5.971726481889396
2024-09-19 16:00:00,1.12446,1.12472,1.12431,1.12451,1274,,4.446479944868245e-05,8.593981514769318,8.503377404909465,5.971467245422199
2024-09-19 18:00:00,1.12441,1.12461,1.12431,1.12436,973,,-0.0001334003301412448,8.62895753182008,8.409121628472658,5.971852134014854
2024-09-19 19:00:00,1.12436,1.12436,1.12406,1.12416,791,,-0.00017789479348848393,8.298516636743912,8.378638677891153,5.9725735494307015
2024-09-19 20:00:00,1.12421,1.12441,1.12396,1.12426,2100,,8.895135256391201e-05,8.011665908277664,8.36010844684248,5.971312067484705
2024-09-19 21:00:00,1.12431,1.12461,1.12406,1.12416,2176,,-8.895135256392614e-05,8.025881015453287,8.351475078286457,5.971563513137701
2024-09-19 22:00:00,1.12416,1.12456,1.12396,1.12441,1564,,0.0002223635475257287,7.889592888209955,8.344848745765576,5.971059052868875
2024-09-19 23:00:00,1.12441,1.12517,1.12441,1.12482,2421,,0.0003645692121670317,7.655155387849515,8.254554485592006,5.971150713099932
2024-09-20 00:00:00,1.12482,1.12502,1.12461,1.12472,817,,-8.890706550307468e-05,7.661051185504615,8.182268876856616,5.970194872854543
2024-09-20 01:00:00,1.12477,1.12487,1.12436,1.12461,2147,,-9.780690257766132e-05,7.229933684449788,8.125047432175071,5.947554488668898
2024-09-20 02:00:00,1.12466,1.12612,1.12466,1.12592,8999,,0.0011641703491646457,7.103824568693996,8.162795207379306,5.971234702498886
2024-09-20 03:00:00,1.12587,1.12642,1.12416,1.12446,12471,,-0.0012975588165956124,7.3696457588458735,8.278457976974112,6.004221280454206
2024-09-20 04:00:00,1.12446,1.12512,1.12346,1.12466,11504,,0.00017784733631568352,7.1051833979200145,8.272650126919197,6.001864799237562
2024-09-20 05:00:00,1.12466,1.12482,1.12391,1.12431,5404,,-0.0003112535986035129,4.740103108455066,8.264052411367842,6.002405312491507
2024-09-20 06:00:00,1.12431,1.12451,1.12371,1.12411,4945,,-0.00017790270547985777,4.703625859742753,8.238848860195432,5.976218370024547
2024-09-20 07:00:00,1.12416,1.12446,1.12366,1.12441,6117,,0.0002668421911123659,4.631963320314825,8.23795412477211,5.871641120164181
2024-09-20 08:00:00,1.12436,1.12597,1.12436,1.12567,13532,,0.0011199602962586196,4.24176782629995,8.30113989828387,5.860090772432702
2024-09-20 09:00:00,1.12567,1.12587,1.12361,1.12371,15921,,-0.0017427028746102757,5.173096433027154,8.493908260065307,5.917594855402521
2024-09-20 10:00:00,1.12376,1.12376,1.12195,1.12256,21506,,-0.0010239197429274098,5.392905163035292,8.552383887663789,5.934665955529222
2024-09-20 11:00:00,1.12256,1.12416,1.1218,1.12406,19057,,0.0013353395081423442,5.854376097520586,8.653545213851258,5.969306121243425
2024-09-20 12:00:00,1.12411,1.12582,1.12406,1.12562,14584,,0.0013868641318239509,6.3155779650926505,8.758248564215346,6.0071047445645505
2024-09-20 13:00:00,1.12557,1.12562,1.12401,1.12411,4872,,-0.0013423835097998347,6.765006950608507,8.869278032837284,6.0357420396042345
2024-09-20 14:00:00,1.12411,1.12477,1.12386,1.12472,5069,,0.0005425043377762953,6.830032593646637,8.860226609807844,6.04061923701941
2024-09-20 15:00:00,1.12466,1.12477,1.12436,1.12436,2549,,-0.00032013090070113516,6.847342962255691,8.868090038707189,6.042581525644412
2024-09-20 16:00:00,1.12436,1.12456,1.12376,1.12446,2967,,8.893553069253896e-05,6.847342373479272,8.86366980857553,6.041811497065481
2024-09-22 18:00:00,1.12446,1.12461,1.12411,1.12436,1508,,-8.893553069246506e-05,6.847341653863574,8.798698043064087,6.040434373948793
2024-09-22 19:00:00,1.12436,1.12456,1.12406,1.12406,871,,-0.0002668540590995299,6.85164081043039,8.8031380707399,6.0419890208875
2024-09-22 20:00:00,1.12401,1.12421,1.12371,1.12401,1848,,-4.448260063820443e-05,6.81623335047177,8.775427067216059,6.039655271379931
2024-09-22 21:00:00,1.12401,1.12431,1.12371,1.12401,1562,,0.0,6.815790845093517,8.742547105748926,6.0395034978283
2024-09-22 22:00:00,1.12401,1.12451,1.12376,1.12436,1524,,0.0003113366597376884,6.840226374226413,8.730267725080862,6.041195491019734
2024-09-22 23:00:00,1.12436,1.12461,1.12426,1.12426,810,,-8.89434409245534e-05,6.4931626838592535,8.728355008526577,6.038982701925832
2024-09-23 00:00:00,1.12426,1.12466,1.12416,1.12451,702,,0.00022234377106574525,6.107809211488125,8.662439925791258,6.035686066290035
2024-09-23 01:00:00,1.12446,1.12487,1.12431,1.12446,1966,,-4.446479944871487e-05,6.099690578682477,8.517246984892825,6.0356298652565155
2024-09-23 02:00:00,1.12451,1.12456,1.12366,1.12401,4783,,-0.0004002721904301498,6.115680057570397,8.526485882835392,6.036815028868746
2024-09-23 03:00:00,1.12401,1.12406,1.11789,1.11824,37328,,-0.005146627482394317,10.828857670592482,9.966687850758555,6.543078666304868
2024-09-23 04:00:00,1.11824,1.11834,1.11648,1.11738,22709,,-0.0007693615573492554,10.817757177752425,9.992229055285842,6.5537891392419345
2024-09-23 05:00:00,1.11738,1.11939,1.11733,1.11879,10766,,0.0012610849683739843,10.87989253645466,9.887967843766699,6.5518052844332
2024-09-23 06:00:00,1.11879,1.1201,1.11869,1.11949,8235,,0.0006254802998923653,10.662034566966936,9.084076412085196,6.333132408541177
2024-09-23 07:00:00,1.11949,1.12075,1.11944,1.1202,9076,,0.0006340163359962531,10.638112284318446,9.023524287751608,6.281943638066867
2024-09-23 08:00:00,1.12015,1.12055,1.11904,1.1204,13874,,0.0001785236102214582,10.325063666714192,9.024322042977873,6.239539871031138
2024-09-23 09:00:00,1.1204,1.12251,1.12015,1.12115,20736,,0.0006691798335861421,10.05399745046762,9.022000661988457,6.233211304899746
2024-09-23 10:00:00,1.12115,1.12256,1.11974,1.1215,20797,,0.00031213074072310886,9.864931492321762,8.512324609853755,6.22380563610405
2024-09-23 11:00:00,1.1214,1.12195,1.1206,1.12125,11241,,-0.00022294058725697908,9.791762543479395,8.5173500778447,6.224765853111425
2024-09-23 12:00:00,1.1212,1.1212,1.1203,1.1207,8680,,-0.0004906443150236346,9.805423821843236,8.368315375372694,6.2287638261015275
2024-09-23 13:00:00,1.1207,1.12105,1.1202,1.12025,5799,,-0.000401615391729982,9.802405820062669,8.25465894235852,6.23054792971082
2024-09-23 14:00:00,1.12025,1.1206,1.11974,1.11984,9880,,-0.00036605672502284603,9.80537646957913,8.260841473110093,6.2329451387463
2024-09-23 15:00:00,1.11989,1.12,1.11939,1.11964,3302,,-0.00017861289275335348,9.804702371036347,8.200465479972033,6.233557689408587
2024-09-23 16:00:00,1.11969,1.11969,1.11914,1.11929,1863,,-0.00031264934843976795,9.802513868225994,8.106812612714535,6.233552381884415
2024-09-23 18:00:00,1.11929,1.11964,1.11919,1.11924,971,,-4.467217326391422e-05,9.799769097384294,8.10461380892816,6.233425602091615
2024-09-23 19:00:00,1.11929,1.11929,1.11889,1.11924,1365,,0.0,9.761661673976953,7.954473417200285,6.232759681402355
2024-09-23 20:00:00,1.11924,1.11954,1.11859,1.11874,2006,,-0.00044683152514231756,9.765247903968922,7.8201025075934725,6.2366969432581065
2024-09-23 21:00:00,1.11874,1.11924,1.11864,1.11889,2595,,0.00013407042292478238,9.752967565106012,7.802967092140816,6.234311515358961
2024-09-23 22:00:00,1.11889,1.11899,1.11849,1.11869,1831,,-0.0001787645586147915,9.746730130803789,7.7332544545171675,6.228211767694491
2024-09-23 23:00:00,1.11874,1.11949,1.11874,1.11939,1860,,0.0006255361942608643,9.861373389019391,7.206105377255718,6.232105434672289
2024-09-24 00:00:00,1.11939,1.11995,1.11909,1.11984,1664,,0.00040192388102854205,3.9775293211161724,7.21225757006764,6.230017395381645
2024-09-24 01:00:00,1.11989,1.1201,1.11954,1.11979,2478,,-4.465023241177895e-05,3.6782459381018318,7.183158326061193,6.206305234495522
2024-09-24 02:00:00,1.11979,1.1201,1.11859,1.11969,7377,,-8.930644619865465e-05,3.0213368753726346,6.9975527293302715,6.19405966344474
2024-09-24 03:00:00,1.11969,1.1214,1.11944,1.12095,9836,,0.0011246787817895752,3.4266731887673707,7.050522476001342,6.175180439877168
2024-09-24 04:00:00,1.1209,1.12271,1.1208,1.12225,10738,,0.0011590586176328426,3.8048843237672165,7.137060428937163,6.19800522749604
2024-09-24 05:00:00,1.1222,1.12286,1.12135,1.1218,7732,,-0.00040106058780499854,3.895068190201113,7.125881548249886,6.196979522635101
2024-09-24 06:00:00,1.1218,1.12236,1.12095,1.12105,8098,,-0.0006687919637559199,3.9264276991600995,7.146360314045349,6.198083152067689
2024-09-24 07:00:00,1.121,1.12125,1.12045,1.12115,5157,,8.91981090592631e-05,3.888161497916889,7.147111520451206,6.1935710946249625
2024-09-24 08:00:00,1.12115,1.12301,1.12115,1.12231,11004,,0.0010341170365195354,4.270485664326118,7.228781043036464,6.213229932903936
2024-09-24 09:00:00,1.12236,1.12271,1.1215,1.1222,11115,,-9.80169391875188e-05,4.166378558112848,7.227555270901721,6.205225233929293
2024-09-24 10:00:00,1.12225,1.12466,1.12215,1.12336,30873,,0.0010331499520669339,4.393685808819421,7.305113785738176,6.218284979785761
2024-09-24 11:00:00,1.12331,1.12391,1.12291,1.12326,10938,,-8.902262070670794e-05,4.31815656701572,7.305114542176702,6.218559633741483
2024-09-24 12:00:00,1.12326,1.12446,1.12321,1.12411,6505,,0.0007564397856435914,4.395402202116736,7.342364068207361,6.22488136580346
2024-09-24 13:00:00,1.12406,1.12466,1.12371,1.12451,3260,,0.00035577376721647794,4.300284343610291,7.341916229800155,6.22370437978981
2024-09-24 14:00:00,1.12456,1.12497,1.12421,1.12487,4915,,0.00032008820481533884,4.2720974824584745,7.348581626653436,6.224203209939169
2024-09-24 15:00:00,1.12492,1.12592,1.12477,1.12592,6772,,0.000933005812331527,4.403752036400815,7.406843517390625,6.237672080042266
2024-09-24 16:00:00,1.12592,1.12637,1.12577,1.12612,3428,,0.00017761673906844556,4.196788947526436,7.316214597458695,6.233852330499912
2024-09-24 18:00:00,1.12617,1.12713,1.12607,1.12713,2433,,0.0008964829181342826,4.2925363244187436,7.247715922499665,6.245225081504575
2024-09-24 19:00:00,1.12708,1.12733,1.12652,1.12733,2595,,0.0001774260803248535,4.191924254421653,7.247707693668051,6.245482115114912
2024-09-24 20:00:00,1.12733,1.12763,1.12692,1.12758,3680,,0.0002217383407980059,4.176857222029456,7.241016539234403,6.244701416888462
2024-09-24 21:00:00,1.12758,1.12763,1.12677,1.12702,2950,,-0.0004967621853243372,4.435569001758456,7.25828805238431,6.250488050863224
2024-09-24 22:00:00,1.12702,1.12788,1.12702,1.12768,2524,,0.000585443756465273,4.406118341664043,7.27538431039003,6.256001376448479
2024-09-24 23:00:00,1.12768,1.12808,1.12743,1.12803,1969,,0.000310323581319361,4.333180059096344,7.198145377850889,6.246161003991253
2024-09-25 00:00:00,1.12808,1.12813,1.12758,1.12783,1597,,-0.00017731596865402932,4.201892107141247,6.969823718551783,6.224296937194772
2024-09-25 01:00:00,1.12778,1.12783,1.12743,1.12783,2489,,0.0,3.9272533345446314,6.881698775590891,6.224324188769719
2024-09-25 02:00:00,1.12783,1.12783,1.12692,1.12728,7944,,-0.000487781093521124,3.9754743033130335,6.782978550901987,6.229994105504927
2024-09-25 03:00:00,1.12733,1.12788,1.12677,1.12743,9662,,0.00013305480547052005,3.618125219685511,6.644621765319271,6.229988614246987
2024-09-25 04:00:00,1.12738,1.12778,1.12642,1.12672,9020,,-0.0006299492256322069,3.942774709351973,6.531677299505994,6.224315869211142
2024-09-25 05:00:00,1.12672,1.12697,1.12602,1.12652,7354,,-0.00017752214635392003,3.73087740696842,6.514723303467691,6.224660924948338
2024-09-25 06:00:00,1.12652,1.12713,1.12632,1.12692,5845,,0.000355012784188797,3.703707850096722,6.513146906219417,6.206975370419905
2024-09-25 07:00:00,1.12692,1.12798,1.12657,1.12783,7829,,0.0008071848758481599,3.561951997261533,6.558676455693509,6.217521613834218
2024-09-25 08:00:00,1.12783,1.12903,1.12738,1.12798,20805,,0.00013298992399271787,3.525632021040691,6.557646299740455,6.212222701341548
2024-09-25 09:00:00,1.12798,1.12969,1.12773,1.12773,28650,,-0.00022165970007104795,3.452297113551771,6.555539203880199,6.213723160202377
2024-09-25 10:00:00,1.12778,1.12778,1.12472,1.12547,25340,,-0.0020060365328312224,5.084722712272006,6.873931554832395,6.2934501329583625
2024-09-25 11:00:00,1.12542,1.12572,1.12231,1.12251,22911,,-0.002633476908764983,6.856965055319754,7.372816574256244,6.42970582249064
2024-09-25 12:00:00,1.12251,1.12296,1.1214,1.1216,10692,,-0.0008110119823703977,6.685109763715201,7.406792031004093,6.442871392526263
2024-09-25 13:00:00,1.1216,1.12195,1.1203,1.12185,13125,,0.00022287102546064274,6.69353676175875,7.411336003452318,6.435163757407427
2024-09-25 14:00:00,1.12185,1.12205,1.12145,1.12155,5943,,-0.00026745119175202684,6.391380367460128,7.410164364055186,6.436790089698453
2024-09-25 15:00:00,1.12155,1.12175,1.1207,1.12075,4983,,-0.0007135530784854958,6.390334350546131,7.440600225297578,6.447366756133323
2024-09-25 16:00:00,1.12075,1.1215,1.1207,1.1215,1564,,0.0006689709247141184,6.550261940207005,7.467144927854427,6.454800781852743
2024-09-25 18:00:00,1.1212,1.1213,1.12105,1.1212,1168,,-0.0002675346696298082,6.537154806367332,5.352140176160597,6.411185048784018
2024-09-25 19:00:00,1.1212,1.1213,1.12095,1.121,1319,,-0.0001783962184733386,6.355546570171894,5.292628409063963,6.408283475405565
2024-09-25 20:00:00,1.121,1.1217,1.12095,1.12165,2221,,0.0005796713871545682,6.453981557553877,5.1762450030922835,6.409763348310395
2024-09-25 21:00:00,1.1217,1.12215,1.12115,1.12195,3342,,0.0002674273504974016,6.523261112126915,5.1473128461587425,6.401842509865794
2024-09-25 22:00:00,1.122,1.1222,1.12175,1.1221,1993,,0.00013368686100892976,6.544419161966893,5.1121755700546965,6.400350460843995
2024-09-25 23:00:00,1.1221,1.12256,1.1218,1.12205,1713,,-4.4560301235083366e-05,6.539550414496613,5.1103592963603965,6.4000319945374
2024-09-26 00:00:00,1.12205,1.12241,1.1218,1.1222,949,,0.0001336749472860504,6.539660852028469,5.069229008187527,6.39664462449991
2024-09-26 01:00:00,1.12215,1.12321,1.12205,1.12301,2972,,0.0007215361014260401,6.698563020194966,5.110276722301768,6.404584729137089
2024-09-26 02:00:00,1.12296,1.12366,1.12271,1.12341,5305,,0.00035612218928557805,6.759368177474546,5.114844273016161,6.405673610171972
2024-09-26 03:00:00,1.12336,1.12386,1.1214,1.1215,16054,,-0.0017016276473203217,7.212613195660543,5.37936924745965,6.4556316594974
2024-09-26 04:00:00,1.1215,1.12241,1.1206,1.1222,12186,,0.000623969356608753,7.134466978005653,5.397073273851165,6.4580122991451505
2024-09-26 05:00:00,1.1222,1.12326,1.1222,1.12241,9148,,0.0001871149113765065,7.1443350244888375,5.384127633135206,6.346683378882259
2024-09-26 06:00:00,1.12241,1.12356,1.122,1.12346,7329,,0.0009350497370755013,7.43491417833595,5.453802087829922,6.359419219077979
2024-09-26 07:00:00,1.12346,1.12421,1.12286,1.12346,8958,,0.0,6.652085793372967,5.441111924122068,6.357956510097609
2024-09-26 08:00:00,1.12351,1.12461,1.1218,1.12316,17772,,-0.0002670678635310477,4.780863321041619,5.450154246834922,6.359437964052199
2024-09-26 09:00:00,1.12321,1.12401,1.12155,1.12205,20601,,-0.0009887717322070858,4.88904547444557,5.550477111359213,6.378301767632976
2024-09-26 10:00:00,1.1221,1.12557,1.12065,1.12456,35996,,0.002234478653924819,6.223899727392658,5.947159563963527,6.468406617319957
2024-09-26 11:00:00,1.12451,1.12697,1.12451,1.12637,19582,,0.0016082245028618452,6.688918062109549,6.140281205031308,6.513718012289002
2024-09-26 12:00:00,1.12642,1.12642,1.12466,1.12497,11031,,-0.0012437039100802185,6.980226471398372,6.283229580687342,6.544769389017212
2024-09-26 13:00:00,1.12497,1.12607,1.12492,1.12602,6024,,0.0009329229149441979,7.052844520321886,6.317406814700664,6.553585325337543
2024-09-26 14:00:00,1.12607,1.12637,1.12542,1.12607,4425,,4.4403198813724633e-05,7.007580617718856,6.3099931232163025,6.553194681434758
2024-09-26 15:00:00,1.12602,1.12652,1.12567,1.12587,5086,,-0.00017762462634507195,7.007442264117531,6.314365931543929,6.553092671379017
2024-09-26 16:00:00,1.12587,1.12597,1.12552,1.12582,1550,,-4.441108679087934e-05,6.988568630845333,6.31321804264445,6.5500603040644325
2024-09-26 18:00:00,1.12577,1.12582,1.12552,1.12562,546,,-0.00017766407323854615,7.014779823465678,6.229480878098059,6.54880887470685
2024-09-26 19:00:00,1.12567,1.12572,1.12537,1.12567,1140,,4.441897757114182e-05,7.017695904903562,6.129311181143748,6.548420242505445
2024-09-26 20:00:00,1.12567,1.12577,1.12482,1.12492,2171,,-0.0006664919223521407,7.157025857179006,6.155105124959866,6.556665122218785
2024-09-26 21:00:00,1.12492,1.12522,1.12426,1.12441,2695,,-0.00045346837390639787,7.227950881502649,6.13321950943421,6.560791931106403
2024-09-26 22:00:00,1.12446,1.12502,1.12426,1.12492,1997,,0.0004534683739063574,7.169175870765175,6.146503107861618,6.560137252297051
2024-09-26 23:00:00,1.12492,1.12532,1.12492,1.12492,1217,,0.0,7.15302986878559,6.064950626191107,6.530000926217529
2024-09-27 00:00:00,1.12492,1.12502,1.12441,1.12446,1069,,-0.0004090015972511878,6.4546690398678175,6.080155194130339,6.533910956223286
2024-09-27 01:00:00,1.12451,1.12487,1.12386,1.12441,4324,,-4.4466776655210925e-05,6.396831156295744,5.994195572448454,6.527626318924164
2024-09-27 02:00:00,1.12436,1.12562,1.12205,1.12311,19195,,-0.0011568307690056293,6.754411257939406,6.108084115294446,6.554368615698525
2024-09-27 03:00:00,1.12301,1.12301,1.1205,1.12135,25555,,-0.0015683062836843035,7.082910969368367,6.256235088811808,6.594708499564692
2024-09-27 04:00:00,1.1213,1.12256,1.1207,1.12251,8762,,0.001033932690397896,7.349764578682959,6.336849960882845,6.602314889286181
2024-09-27 05:00:00,1.12251,1.12406,1.12175,1.12401,8196,,0.001335398948517118,7.713060940345809,6.474782647760091,6.616524847787191
2024-09-27 06:00:00,1.12401,1.12517,1.12361,1.12441,7963,,0.0003558054137748797,7.4947106429440495,6.414005850230884,6.599939919313923
2024-09-27 07:00:00,1.12441,1.12487,1.12396,1.12431,6888,,-8.893948563262643e-05,6.40292419152424,6.411068821419496,6.599626009047366
2024-09-27 08:00:00,1.12431,1.12823,1.12346,1.12808,25858,,0.003347558389619226,8.250884685855961,7.197033617744408,6.797180531213372
2024-09-27 09:00:00,1.12803,1.12838,1.12602,1.12657,22892,,-0.0013394542175169109,8.301156052537259,7.32178413221886,6.828053451410064
2024-09-27 10:00:00,1.12662,1.12728,1.12502,1.12592,22885,,-0.0005771390932189737,8.217010284967326,7.339635832801064,6.823234255660209
2024-09-27 11:00:00,1.12587,1.12597,1.12346,1.12391,12319,,-0.0017868021448473248,8.780105571131374,7.536356300985456,6.880270629845133
2024-09-27 12:00:00,1.12391,1.12406,1.12271,1.12316,9394,,-0.0006675359715988336,8.835758728223473,7.533722641477696,6.876602234726267
2024-09-27 13:00:00,1.12321,1.12466,1.12306,1.12441,7784,,0.0011123125231952858,9.092693266240266,7.617454114718676,6.8954405394885825
2024-09-27 14:00:00,1.12441,1.12487,1.12401,1.12482,4081,,0.0003645692121670317,9.119713902309238,7.627851678370265,6.8953369833150004
2024-09-27 15:00:00,1.12482,1.12487,1.12431,1.12446,2949,,-0.00032010243551169627,9.131561795072102,7.632704396603737,6.892104823336433
2024-09-27 16:00:00,1.12441,1.12482,1.12391,1.12436,2270,,-8.893553069246506e-05,9.063180277227714,7.619740856692206,6.882578380227526
2024-09-29 18:00:00,1.12431,1.12527,1.12391,1.12512,2139,,0.0006757117457519366,9.105827895431034,7.652019621264036,6.8859022956538976
2024-09-29 19:00:00,1.12512,1.12517,1.12477,1.12492,1030,,-0.00017777461780836524,9.078852172312759,7.62936474524086,6.88268335207146
2024-09-29 20:00:00,1.12492,1.12542,1.12487,1.12507,2389,,0.00013333392612625969,9.081812442719647,7.629446719246878,6.882873587679275
2024-09-29 21:00:00,1.12512,1.12527,1.12406,1.12406,3377,,-0.0008981251131692807,9.192232597432927,7.669690035519003,6.896288691544069
2024-09-29 22:00:00,1.12406,1.12426,1.12366,1.12401,2308,,-4.448260063820443e-05,9.192232743656417,7.620494793178917,6.8959295798647045
2024-09-29 23:00:00,1.12406,1.12416,1.12361,1.12386,1235,,-0.0001334596753571129,8.957855553900343,7.618396605180261,6.894357256291111
2024-09-30 00:00:00,1.12386,1.12421,1.12386,1.12421,1194,,0.00031137820693098327,8.47117417292622,7.6256661023451935,6.872532274773567
2024-09-30 01:00:00,1.12421,1.12497,1.12411,1.12466,3274,,0.00040020099517189874,8.325724479560222,7.372106144558348,6.875045702511849
2024-09-30 02:00:00,1.12466,1.12492,1.12361,1.12482,5237,,0.00014225509919593723,8.012850996376994,6.8699473684962635,6.875069188239241
2024-09-30 03:00:00,1.12482,1.12552,1.12396,1.12522,8126,,0.00035554923842592395,8.012818464852193,6.822486987414543,6.876263429673611
2024-09-30 04:00:00,1.12527,1.12893,1.12527,1.12858,18350,,0.002981633232085907,9.501280436119433,7.427972246482419,7.024002932307806
2024-09-30 05:00:00,1.12863,1.12863,1.12687,1.12697,11253,,-0.0014275899655812093,7.951317916789308,7.576588112506015,7.05164867838079
2024-09-30 06:00:00,1.12702,1.12713,1.12632,1.12702,7371,,4.436576915434796e-05,7.592599255148504,7.533266828692693,7.051592997542147
2024-09-30 07:00:00,1.12702,1.12838,1.12692,1.12778,7661,,0.0006741174638823919,7.591151075080433,7.533671962437953,7.054693556257206
2024-09-30 08:00:00,1.12783,1.12818,1.12672,1.12702,8725,,-0.0006741174638823579,6.937412417240124,7.564616961452968,7.059913640865167
2024-09-30 09:00:00,1.12708,1.12718,1.12472,1.12492,24934,,-0.0018650591123457387,7.65550825187051,7.810652522816939,7.121228477001116
2024-09-30 10:00:00,1.12497,1.12497,1.12215,1.12391,30462,,-0.0008982449255029299,7.589170423325251,7.850343579725977,7.135061846820838
2024-09-30 11:00:00,1.12386,1.12451,1.12155,1.12251,15777,,-0.0012464278106954984,7.840700311162483,7.9506039374680535,7.159962279206261
2024-09-30 12:00:00,1.12251,1.12306,1.122,1.12291,11924,,0.0003562807886555116,7.869197923223198,7.9573400525901565,7.161786803251825
2024-09-30 13:00:00,1.12291,1.12472,1.12286,1.12336,7636,,0.00040066421758719426,7.91118952422967,7.9666441869435625,7.163983393000193
2024-09-30 14:00:00,1.12336,1.12351,1.11944,1.1213,27987,,-0.0018354678021036423,8.375112056849153,8.180147696395503,7.210414324531437
2024-09-30 15:00:00,1.1213,1.1217,1.1202,1.12135,5810,,4.459010546299095e-05,8.383381743595052,8.14596790713406,7.210427175597438
2024-09-30 16:00:00,1.1214,1.1217,1.1211,1.12155,2939,,0.0001783405417363121,8.388739848550701,8.139402060515021,7.209280901705793
2024-09-30 18:00:00,1.12135,1.12225,1.12135,1.1222,1908,,0.0005793872028373594,8.366493534945691,7.97910178049879,7.213689680280185
2024-09-30 19:00:00,1.12225,1.12236,1.1216,1.1217,1345,,-0.0004456526656940864,8.389697020399979,7.967045118005549,7.217028141581578
2024-09-30 20:00:00,1.1217,1.1218,1.1208,1.12125,2513,,-0.0004012572781717031,8.405715199461596,7.974214060957233,7.190047157886431
2024-09-30 21:00:00,1.1213,1.12241,1.1212,1.12236,2533,,0.0009894768614539006,8.596081401100074,7.9810611005677226,7.199399378676449
2024-09-30 22:00:00,1.12236,1.12236,1.12165,1.1219,1115,,-0.0004099346835409898,8.56671132386284,7.99080757042179,7.2023116442440065
2024-09-30 23:00:00,1.12195,1.12205,1.12155,1.1218,1367,,-8.913847668249704e-05,8.553357080450837,7.987236275868244,7.167927338909647
2024-10-01 00:00:00,1.1218,1.12215,1.1215,1.1221,1038,,0.0002673915965841008,8.538643145364135,7.930453149204858,7.16896812469333
2024-10-01 01:00:00,1.12215,1.12241,1.1217,1.1218,2651,,-0.0002673915965842542,6.347090972005217,7.598954431418127,7.162728643517796
2024-10-01 02:00:00,1.12175,1.12215,1.1211,1.12145,6560,,-0.0003120472554016706,6.004150497120278,7.41406939041886,7.163849949531421
2024-10-01 03:00:00,1.12145,1.12175,1.11914,1.11954,18260,,-0.0017046041816221734,6.486319917588747,7.502587376713897,7.212532824864887
2024-10-01 04:00:00,1.11954,1.12,1.11779,1.11829,15255,,-0.0011171537873773342,6.3475084539399695,7.501015857741322,7.232884740550803
2024-10-01 05:00:00,1.11829,1.11944,1.11718,1.11754,9445,,-0.0006708918192626925,6.34710393242208,7.519807025972712,7.240121040803982
2024-10-01 06:00:00,1.11754,1.11779,1.11638,1.11673,8873,,-0.0007250690699748793,5.8090607425575955,7.543653721359419,7.24499107122815
2024-10-01 07:00:00,1.11673,1.11799,1.11588,1.11648,16719,,-0.00022389296218840532,5.7299732483364645,7.543575708813697,7.242629301595191
2024-10-01 08:00:00,1.11643,1.11683,1.11497,1.11512,23253,,-0.0012188565767783787,5.716145733477256,7.6210990103055725,7.266300377638866
2024-10-01 09:00:00,1.11512,1.11633,1.11382,1.11523,31493,,9.863922710727498e-05,5.634622201903632,7.622756350191286,7.259556235874872
2024-10-01 10:00:00,1.11533,1.11673,1.11367,1.11568,31359,,0.0004034228239625969,5.635783285293275,7.624891984927189,7.258163287185718
2024-10-01 11:00:00,1.11573,1.11583,1.11402,1.11467,14821,,-0.0009056875100672756,5.053907440953685,7.65755129375158,7.2705674053553215
2024-10-01 12:00:00,1.11467,1.11518,1.11277,1.11347,13878,,-0.0010771317026949056,5.18758477146232,7.689055847014751,7.28096247763442
2024-10-01 13:00:00,1.11342,1.11452,1.11256,1.11427,12684,,0.000718216698886971,5.44217722445663,7.7390318057819165,7.288324993705883
2024-10-01 14:00:00,1.11427,1.11528,1.11427,1.11518,6968,,0.0008163448837487645,5.58142604277998,7.795954024687646,7.295781693858026
2024-10-01 15:00:00,1.11523,1.11573,1.11467,1.11482,5231,,-0.0003228699579618694,5.576271957836852,7.7975363909379185,7.296599564896973
2024-10-01 16:00:00,1.11482,1.11533,1.11457,1.11477,1796,,-4.4851295537096905e-05,5.591643303968147,7.728915577505408,7.2922459066769365
2024-10-01 18:00:00,1.11507,1.11507,1.11467,1.11472,550,,-4.485330726618105e-05,5.106641086268992,7.587177400746352,7.288586294610615
2024-10-01 19:00:00,1.11472,1.11477,1.11432,1.11442,798,,-0.00026916210001272324,5.106505095070131,7.500042683770788,7.289575383518717
2024-10-01 20:00:00,1.11447,1.11518,1.11432,1.11457,1779,,0.0001345901060358449,5.155308387269699,7.3566137764444655,7.288614957985979
2024-10-01 21:00:00,1.11462,1.11538,1.11462,1.11518,1682,,0.0005471465547419392,5.278814774287238,7.372339390442933,7.2940072780133995
2024-10-01 22:00:00,1.11518,1.11528,1.11437,1.11462,1489,,-0.0005022872112061705,5.28867272142709,7.3812304964663085,7.296433232376264
2024-10-01 23:00:00,1.11467,1.11512,1.11442,1.11502,1601,,0.0003588023217123051,5.419356651020123,6.487733365003488,7.295207983648365
2024-10-02 00:00:00,1.11507,1.11538,1.11407,1.11427,2013,,-0.0006728599942547744,4.824975773079424,6.401037509897302,7.272870516101302
2024-10-02 01:00:00,1.11427,1.11432,1.11342,1.11422,4380,,-4.487343448563799e-05,4.554297135394611,6.38973569041582,7.2625125217641955
2024-10-02 02:00:00,1.11417,1.11502,1.11397,1.11467,6572,,0.0004037884382937809,4.570707977784092,6.1986298138687985,7.261408303676324
2024-10-02 03:00:00,1.11472,1.11533,1.11432,1.11467,8261,,0.0,4.4415902128317075,6.176318813445732,7.259512008272052
2024-10-02 04:00:00,1.11462,1.11628,1.11442,1.11523,10130,,0.0005022646861048514,4.551267171605679,6.080519065252198,7.261004250115658
2024-10-02 05:00:00,1.11523,1.11523,1.11417,1.11512,7375,,-9.86392271071371e-05,4.026883866708439,6.059127333252028,7.237451400620396
2024-10-02 06:00:00,1.11518,1.11568,1.11467,1.11467,5899,,-0.00040362545899753774,4.082064576935944,6.062190293116774,7.222932826983033
2024-10-02 07:00:00,1.11472,1.11573,1.11447,1.11558,4106,,0.0008160520573930728,4.278301011444157,6.138493567754167,7.216281144548856
2024-10-02 08:00:00,1.11553,1.11573,1.11312,1.11337,13338,,-0.001982997127970104,5.290974894750669,6.35696607316868,7.272690391677913
2024-10-02 09:00:00,1.11342,1.11457,1.11271,1.11312,13734,,-0.0002245687167249468,4.966166501808779,6.35716083267125,7.272648401281306
2024-10-02 10:00:00,1.11317,1.11372,1.11151,1.11161,18785,,-0.0013574683057051295,5.290845660126349,6.458256718079888,7.301106409966929
2024-10-02 11:00:00,1.11166,1.11302,1.11126,1.11297,13558,,0.0012227028647508467,5.559985043548845,6.573437768572396,7.3209935572481735
2024-10-02 12:00:00,1.11297,1.11347,1.11241,1.11261,6347,,-0.00032351117743662183,5.560067270634937,6.574152270406415,7.316537192087953
2024-10-02 13:00:00,1.11271,1.11302,1.11246,1.11277,3598,,0.00014379566660575465,5.5755948798827335,6.581616623858161,7.316639223005127
2024-10-02 14:00:00,1.11271,1.11287,1.11176,1.11181,4396,,-0.0008630843211691045,5.733914628475769,6.600026887110502,7.325719484341289
2024-10-02 15:00:00,1.11186,1.11332,1.11166,1.11287,6607,,0.0009529461137927309,6.026355587881646,6.673179390090028,7.339241573031814
2024-10-02 16:00:00,1.11287,1.11327,1.11241,1.11251,2706,,-0.00032354025212791055,6.02960472326807,6.666816754207337,7.33758287783678
2024-10-02 18:00:00,1.11266,1.11282,1.11246,1.11246,800,,-4.494442622465593e-05,5.916516043305161,6.645720389496766,7.337130785763814
2024-10-02 19:00:00,1.11251,1.11261,1.11221,1.11241,697,,-4.494644631683619e-05,5.876285112878824,5.806770314014475,7.337130934384847
2024-10-02 20:00:00,1.11246,1.11251,1.11156,1.11181,2625,,-0.0005395149891231449,5.861016266654201,5.687905589369867,7.341205834790339
2024-10-02 21:00:00,1.11176,1.11191,1.11136,1.11176,1351,,-4.497272405029098e-05,5.78189224837634,5.684263035757318,7.336258110551662
2024-10-02 22:00:00,1.11181,1.11181,1.11141,1.11141,941,,-0.0003148657123762277,5.790857722135613,5.60974519070889,7.337116087684752
2024-10-02 23:00:00,1.11146,1.11156,1.11106,1.11146,1326,,4.498688633021008e-05,5.719491820918498,5.5996358225861,7.3366197390141705
2024-10-03 00:00:00,1.11141,1.11141,1.11106,1.11111,742,,-0.0003149507128171113,5.720439164970272,5.346701475997034,7.315979087514439
2024-10-03 01:00:00,1.11116,1.11131,1.1103,1.11071,5665,,-0.0003600651756861259,5.597916861377466,5.302380259658528,7.317649757682199
2024-10-03 02:00:00,1.11066,1.11206,1.11046,1.11166,10536,,0.0008549431983558945,5.892399928602566,5.295733951805274,7.321304366129244
2024-10-03 03:00:00,1.11161,1.11186,1.11061,1.11116,10564,,-0.00044987899014141614,5.8991478625436145,5.276693254440358,7.316361967920308
2024-10-03 04:00:00,1.11111,1.11241,1.11076,1.11156,10732,,0.00035991938194493146,5.709769116177971,5.272290889157514,7.315537546105679
2024-10-03 05:00:00,1.11156,1.11251,1.11131,1.11146,7470,,-8.996770165602648e-05,4.659950963433824,4.992960869389601,7.315243909854363
2024-10-03 06:00:00,1.11141,1.11221,1.11121,1.11211,5126,,0.0005846454292103814,4.793818804654304,5.0433793101789846,7.2996636562186605
2024-10-03 07:00:00,1.11211,1.11246,1.11161,1.11211,6095,,0.0,4.148975438778474,5.035087576834488,7.26300310084394
2024-10-03 08:00:00,1.11206,1.11261,1.11061,1.11106,12726,,-0.0009445971995601193,3.854611567594061,5.044086343732916,7.276567816967066
2024-10-03 09:00:00,1.11101,1.11221,1.11066,1.11161,10563,,0.0004949002876951751,3.955423702752507,5.078956879799783,7.27075671363599
2024-10-03 10:00:00,1.11151,1.11171,1.1085,1.10955,32492,,-0.0018548871676397688,5.032264024710574,5.354694579492893,7.32541546463404
2024-10-03 11:00:00,1.1095,1.1102,1.10905,1.1093,9724,,-0.00022534195737251974,4.861860217795611,5.221163520343326,7.264178853919296
2024-10-03 12:00:00,1.1093,1.11121,1.1092,1.11081,10112,,0.001360293168214024,5.186887041475631,5.444220523772426,7.038826531009048
2024-10-03 13:00:00,1.11091,1.11146,1.11081,1.11106,5890,,0.00022503566910300442,5.196866928564985,5.457862443359509,7.013131952620257
2024-10-03 14:00:00,1.11111,1.11131,1.11041,1.11041,5161,,-0.0005851981062537825,5.274499924689099,5.456495486736416,7.017889376178885
2024-10-03 15:00:00,1.11041,1.11106,1.11035,1.11071,2594,,0.00027013398810023573,5.311816215894568,5.473780042574379,7.012302474730451
2024-10-03 16:00:00,1.11071,1.11086,1.11046,1.11081,1086,,9.002844905056893e-05,5.249576117226256,5.477635778273907,6.866412292126987
2024-10-03 18:00:00,1.11081,1.11131,1.11076,1.11116,1199,,0.0003150357591636842,5.286778068388242,5.264584824436497,6.867974976112229
2024-10-03 19:00:00,1.11116,1.11151,1.11111,1.11126,1310,,8.99919907734509e-05,5.263430778710757,5.170089772131206,6.81496027380394
2024-10-03 20:00:00,1.11126,1.11171,1.11111,1.11121,1850,,-4.499498306688454e-05,5.262941311004672,5.137965833607326,6.7764887123770725
2024-10-03 21:00:00,1.11126,1.11136,1.11066,1.11076,2065,,-0.00040504597825568456,5.281788895311969,5.1076729137529435,6.778166353356683
2024-10-03 22:00:00,1.11076,1.11121,1.11061,1.11081,1222,,4.501321138518739e-05,5.2445747605818145,5.107546501394018,6.759710025320922
2024-10-03 23:00:00,1.11086,1.11091,1.11035,1.11051,867,,-0.00027010966616600873,5.024135187342977,4.978817009294922,6.732393715306986
2024-10-04 00:00:00,1.11051,1.11081,1.1103,1.11051,1162,,0.0,4.9712874187715315,4.976395905059047,6.731858976196641
2024-10-04 01:00:00,1.11056,1.11131,1.11041,1.11111,1865,,0.0005401463928015128,5.0257793227467245,4.991618523437824,6.696585913549588
2024-10-04 02:00:00,1.11116,1.11126,1.11051,1.11101,4648,,-9.000414025115909e-05,5.025780932252698,4.918002296250275,6.659041754121077
2024-10-04 03:00:00,1.11096,1.11131,1.11035,1.11061,7221,,-0.00036009759033701314,4.931466664266127,4.816860939617458,6.653906252042598
2024-10-04 04:00:00,1.11056,1.11076,1.1099,1.1103,7575,,-0.00027916484865508955,4.943186751191525,4.759056449971564,6.633962900617374
2024-10-04 05:00:00,1.1103,1.11061,1.10975,1.11046,6596,,0.00014409481463717412,4.6943379014805515,4.679429316756992,6.48305022967571
2024-10-04 06:00:00,1.11051,1.11116,1.11041,1.11056,4286,,9.004871641641212e-05,4.602964465763358,4.674980425598281,6.481924288892856
2024-10-04 07:00:00,1.11051,1.11146,1.11051,1.11106,6653,,0.00045012199065736343,3.275361561200634,4.703364627150351,6.478176421760177
2024-10-04 08:00:00,1.11106,1.11111,1.10368,1.10388,49872,,-0.00648326830486464,11.867581798854419,7.9853069649598485,7.167529087314477
2024-10-04 09:00:00,1.10383,1.10574,1.10368,1.10513,31790,,0.0011317288137380152,11.775472123400572,8.089377952573857,7.1803807339352215
2024-10-04 10:00:00,1.10518,1.10599,1.10448,1.10478,26546,,-0.00031675498362041053,11.742618322796249,8.086392006059803,7.176963896946026
2024-10-04 11:00:00,1.10473,1.10523,1.10328,1.10388,18371,,-0.0008149738301176541,11.768185887033251,8.082164186072639,7.180774789794668
2024-10-04 12:00:00,1.10383,1.10403,1.10292,1.10378,11764,,-9.059366031755693e-05,11.729709429172702,8.075366512857407,7.179358910686064
2024-10-04 13:00:00,1.10383,1.10478,1.10358,1.10458,8826,,0.0007245195846648659,11.850367960461467,8.107867335118598,7.1898744366486955
2024-10-04 14:00:00,1.10463,1.10523,1.10433,1.10508,7411,,0.00045255831986277774,11.874781559227436,8.113166790210952,7.194424605745822
2024-10-04 15:00:00,1.10508,1.10564,1.10488,1.10548,4838,,0.00036189925119934545,11.910696317354454,8.128219399930275,7.1973418213186715
2024-10-04 16:00:00,1.10553,1.10564,1.10508,1.10533,3306,,-0.00013569687149079363,11.906510125131524,8.109842896916863,7.197007460489728
2024-10-06 18:00:00,1.10488,1.10503,1.10413,1.10473,2854,,-0.0005429716973664023,11.914077257336956,8.11853524405767,7.200793153473736
2024-10-06 19:00:00,1.10478,1.10503,1.10463,1.10488,2039,,0.0001357705660550445,11.922810640611496,8.096693436270282,7.200065872024207
2024-10-06 20:00:00,1.10493,1.10538,1.10468,1.10483,2921,,-4.525480719974406e-05,11.929072345519518,8.097254440302049,7.196877561993327
2024-10-06 21:00:00,1.10483,1.10558,1.10478,1.10518,3501,,0.0003167406508805865,11.963409256630325,8.10683014984901,7.199407544045985
2024-10-06 22:00:00,1.10518,1.10553,1.10493,1.10493,1198,,-0.00022623308438616437,11.878139762269086,8.04782238717999,7.199804676137492
2024-10-06 23:00:00,1.10493,1.10513,1.10478,1.10503,729,,9.049937561604879e-05,11.891415896501739,7.832694185920662,7.1744014107882546
2024-10-07 00:00:00,1.10498,1.10513,1.10463,1.10468,828,,-0.00031678365299224513,11.890608055541007,7.834438981480471,7.149980453363107
2024-10-07 01:00:00,1.10468,1.10483,1.10428,1.10478,1643,,9.05198555921179e-05,11.90683936730347,7.735544372907241,7.1493712452824765
2024-10-07 02:00:00,1.10468,1.10503,1.10418,1.10493,6525,,0.00013576442178420196,11.90597226317135,7.6207578782212,7.1491085002017245
2024-10-07 03:00:00,1.10498,1.10508,1.10358,1.10478,9820,,-0.00013576442178406462,11.891932979546183,7.617970140252843,7.148983418955379
2024-10-07 04:00:00,1.10473,1.10574,1.10433,1.10483,8472,,4.525685528987378e-05,11.835584919527152,7.615144624223151,7.147282719534097
2024-10-07 05:00:00,1.10483,1.10483,1.10328,1.10373,8721,,-0.0009961242537738307,3.8042171148725767,7.62962161741619,7.137465808958697
2024-10-07 06:00:00,1.10373,1.10483,1.10363,1.10438,7075,,0.0005887388026635251,3.3805263177209595,7.585677964292794,7.097452488815183
2024-10-07 07:00:00,1.10433,1.10589,1.10403,1.10553,7649,,0.001040766459997259,3.815313009264846,7.672729519601843,7.10265813902425
2024-10-07 08:00:00,1.10553,1.10624,1.10498,1.10558,9326,,4.522615338788471e-05,3.4850161571809326,7.673985752670463,7.069314148894823
2024-10-07 09:00:00,1.10553,1.10619,1.10508,1.10579,14117,,0.00018992751157095503,3.4762196638223197,7.679440683493219,7.033977650181369
2024-10-07 10:00:00,1.10584,1.10634,1.10483,1.10533,15345,,-0.00041607873533449925,3.379014987856283,7.673187743102308,7.008021165292197
2024-10-07 11:00:00,1.10528,1.10579,1.10513,1.10548,8815,,0.00013569687149077834,3.2980142279578364,7.676596938843888,7.002275984889682
2024-10-07 12:00:00,1.10548,1.10629,1.10538,1.10624,6160,,0.0006872479607842951,3.450957265913452,7.712942582806713,7.011026014008595
2024-10-07 13:00:00,1.10624,1.10654,1.10599,1.10609,4267,,-0.00013560363980937023,3.4509426451437277,7.7121287382773325,7.0106984842062365
2024-10-07 14:00:00,1.10609,1.10609,1.10468,1.10473,9640,,-0.00123031288983202,3.9829630019369233,7.794939989729434,7.0340480812422115
2024-10-07 15:00:00,1.10473,1.10513,1.10443,1.10508,5415,,0.0003167693176578243,4.014910951085901,7.801051354138649,7.035947093879161
2024-10-07 16:00:00,1.10513,1.10533,1.10488,1.10523,1905,,0.00013572756783453876,4.019451514905402,7.745469734409005,7.0366524079742305
2024-10-07 18:00:00,1.10528,1.10569,1.10503,1.10558,1120,,0.00031662603563770397,4.019424412592978,7.747870366962465,7.039111910492951
2024-10-07 19:00:00,1.10569,1.10569,1.10518,1.10518,615,,-0.00036186651139418527,4.052453040831403,7.739371467859166,7.038131282711197
2024-10-07 20:00:00,1.10528,1.10619,1.10518,1.10599,2148,,0.0007326438367306118,4.241821241554713,7.7839604995683915,7.049153070677623
2024-10-07 21:00:00,1.10594,1.10629,1.10584,1.10614,3750,,0.00013561589981571487,4.19219865213882,7.757536205437978,7.0484218087744965
2024-10-07 22:00:00,1.10614,1.10624,1.10503,1.10594,3970,,-0.00018082528710076264,4.213655302510324,7.757516975061563,7.048640257583708
2024-10-07 23:00:00,1.10599,1.10649,1.10599,1.10609,2083,,0.00013562203065048682,4.213646350153759,7.711594701364007,7.0474034838152875
2024-10-08 00:00:00,1.10614,1.10649,1.10609,1.10634,957,,0.00022599585167805715,4.20916401448793,7.6959436758229245,6.586682063814201
2024-10-08 01:00:00,1.10634,1.10649,1.10594,1.10614,2040,,-0.00018079259522793293,4.2317828547238845,7.480514486061382,6.577267465070712
2024-10-08 02:00:00,1.10604,1.10674,1.10594,1.10619,6469,,4.5201213208305845e-05,3.767038834454121,7.47899342143875,6.545940853007556
2024-10-08 03:00:00,1.10619,1.10734,1.10564,1.10729,9567,,0.0009939101239258231,3.9897994593118824,7.417123762288999,6.557608939693371
2024-10-08 04:00:00,1.10729,1.10754,1.10609,1.10719,7219,,-9.031465632397618e-05,3.6387240611939946,7.411766055692298,6.549095140673679
2024-10-08 05:00:00,1.10719,1.10724,1.10639,1.10654,5452,,-0.0005872441704087296,3.8170587765472295,7.411915482338419,6.553527006953354
2024-10-08 06:00:00,1.10654,1.10699,1.10599,1.10634,4249,,-0.00018075991517352334,3.8261814403387566,7.405262925381706,6.544205482985877
2024-10-08 07:00:00,1.10629,1.10674,1.10564,1.10659,6266,,0.0002259447890926163,3.7528479959177767,7.409449024122883,6.543174094282731
2024-10-08 08:00:00,1.10654,1.10679,1.10488,1.10538,8431,,-0.001094047496748515,4.247420621511072,7.470473735606052,6.56265112051352
2024-10-08 09:00:00,1.10533,1.10619,1.10518,1.10558,9793,,0.00018091688727556797,4.072585107181954,7.4732382665382415,6.560185337104654
2024-10-08 10:00:00,1.10558,1.10584,1.10443,1.10483,11958,,-0.0006786071622746421,4.224121589658311,7.496764004077577,6.565159735279787
2024-10-08 11:00:00,1.10488,1.10498,1.10383,1.10473,8898,,-9.051575885538617e-05,3.641126355548157,7.490119145601066,6.563391865798797
2024-10-08 12:00:00,1.10473,1.10558,1.10463,1.10533,4275,,0.0005429716973663696,3.724070827726248,7.516009998081756,6.569666255354183
2024-10-08 13:00:00,1.10533,1.10533,1.10433,1.10523,5762,,-9.047481187405327e-05,3.7207880274461598,7.5135752168292855,6.568429468989083
2024-10-08 14:00:00,1.10523,1.10543,1.10468,1.10503,3292,,-0.00018097418452654252,3.6864604563708867,7.5138109362661885,6.568741888202554
2024-10-08 15:00:00,1.10498,1.10564,1.10473,1.10558,3816,,0.0004976002201642877,3.7389705268523645,7.510317734908495,6.574239525644993
2024-10-08 16:00:00,1.10558,1.10589,1.10543,1.10584,1101,,0.00023514303135363735,3.530609550058684,7.517105473887438,6.572775740538374
2024-10-08 18:00:00,1.10579,1.10584,1.10553,1.10579,473,,-4.5215519782648157e-05,3.5213855522134176,7.511626865292195,6.572171629662009
2024-10-08 19:00:00,1.10584,1.10589,1.10528,1.10528,657,,-0.0004613151180599835,3.5962077157317514,7.518986815588495,6.575015168279749
2024-10-08 20:00:00,1.10523,1.10558,1.10508,1.10528,1277,,0.0,3.584056730975909,7.516063602438337,6.56663866786132
2024-10-08 21:00:00,1.10523,1.10543,1.10458,1.10513,2215,,-0.0001357214274549641,3.554763993508625,7.514309108214561,6.562960221781193
2024-10-08 22:00:00,1.10508,1.10513,1.10458,1.10478,877,,-0.00031675498362041053,3.5779013996700337,7.4981008547298815,6.5642417326349305
2024-10-08 23:00:00,1.10478,1.10483,1.10438,1.10448,1131,,-0.00027158415201847095,3.590213027532147,3.708619166048911,6.565092188265242
2024-10-09 00:00:00,1.10453,1.10453,1.10393,1.10398,943,,-0.0004528042242494157,3.05814085437474,3.5549426418038417,6.5420684694128095
2024-10-09 01:00:00,1.10408,1.10533,1.10408,1.10503,6973,,0.000950652173668088,3.6086758612653194,3.6713514008617136,6.533425302186144
2024-10-09 02:00:00,1.10508,1.10508,1.10393,1.10403,3833,,-0.0009053625237038554,3.784195554228649,3.6930718860304745,6.544484017416681
2024-10-09 03:00:00,1.10398,1.10443,1.10277,1.10378,9113,,-0.00022646876413150955,3.787613133030301,3.6990886631331534,6.538166493582693
2024-10-09 04:00:00,1.10373,1.10413,1.10307,1.10348,5533,,-0.0002718302346323457,3.743289359650749,3.6337233782672977,6.538548642716689
2024-10-09 05:00:00,1.10353,1.10448,1.10343,1.10438,5273,,0.0008152691292470564,3.667175828783828,3.6993832458012044,6.530506082486186
2024-10-09 06:00:00,1.10438,1.10478,1.10408,1.10433,4404,,-4.527529644765456e-05,3.643790190482389,3.679895778785406,6.530491700272914
2024-10-09 07:00:00,1.10433,1.10443,1.10312,1.10312,5710,,-0.0010962876814298577,3.931772233079106,3.8346870657855305,6.527568609000836
2024-10-09 08:00:00,1.10312,1.10368,1.10297,1.10338,6573,,0.00023566734756694328,3.969059728778838,3.808206154635007,6.529325054930535
2024-10-09 09:00:00,1.10338,1.10358,1.10232,1.10307,11775,,-0.0002809943593009836,3.8259055385278704,3.813672254522459,6.517302968655106
2024-10-09 10:00:00,1.10307,1.10368,1.10172,1.10252,15265,,-0.0004987327757201647,3.887254454239634,3.8429223859076926,6.517118029440057
2024-10-09 11:00:00,1.10247,1.10338,1.10242,1.10282,8873,,0.00027206689385804634,3.9450576520309375,3.83899197089116,6.516446538002323
2024-10-09 12:00:00,1.10282,1.10282,1.10172,1.10187,5560,,-0.0008617992178463952,3.997378820882438,3.9234419948029875,6.508522185778931
2024-10-09 13:00:00,1.10187,1.10197,1.10142,1.10162,5575,,-0.00022691276209334927,3.929194195177548,3.92504561506821,6.507578154444901
2024-10-09 14:00:00,1.10167,1.10202,1.10132,1.10137,5650,,-0.00022696426318167891,3.920405321621454,3.919855420628683,6.489732945935946
2024-10-09 15:00:00,1.10142,1.10187,1.10137,1.10162,4103,,0.00022696426318174012,3.9570481540664506,3.9272566322917464,6.490279085016634
2024-10-09 16:00:00,1.10157,1.10182,1.10137,1.10162,1362,,0.0,3.9570481540664506,3.9231170606777632,6.488589383362048
2024-10-09 18:00:00,1.10162,1.10187,1.10132,1.10167,732,,4.538667175776477e-05,3.9739336156717595,3.923273457863357,6.485877368013863
2024-10-09 19:00:00,1.10167,1.10182,1.10147,1.10172,689,,4.538461190126644e-05,3.9774273830565066,3.923276539000279,6.477630637960449
2024-10-09 20:00:00,1.10167,1.10187,1.10147,1.10162,1522,,-9.077128365906942e-05,3.9706179638405183,3.8021823126326897,6.474565730099771
2024-10-09 21:00:00,1.10157,1.10217,1.10157,1.10187,1592,,0.0002269127620932698,3.9704555537305333,3.7587456421761707,6.476366322897786
2024-10-09 22:00:00,1.10187,1.10207,1.10142,1.10172,1102,,-0.0001361414784343381,3.478068741258661,3.5946676534977726,6.476236895818907
2024-10-09 23:00:00,1.10177,1.10212,1.10172,1.10187,712,,0.00013614147843431446,3.220044514246999,3.5984887947089783,6.474285575932568
2024-10-10 00:00:00,1.10192,1.10197,1.10142,1.10157,838,,-0.00027230149389473535,3.226847983426114,3.596027329153813,6.47394517732896
2024-10-10 01:00:00,1.10167,1.10177,1.10127,1.10147,1644,,-9.078364448092173e-05,3.211519851656604,3.5781403803225613,6.468508936091956
2024-10-10 02:00:00,1.10142,1.10182,1.10117,1.10127,6484,,-0.00018159201771385833,2.7507115390331975,3.574684455472419,6.468522520294623
2024-10-10 03:00:00,1.10122,1.10182,1.10082,1.10127,8501,,0.0,2.756846853762495,3.4923547102950585,6.464937006436933
2024-10-10 04:00:00,1.10127,1.10147,1.10036,1.10082,6524,,-0.00040870264727053734,2.1996153900195226,3.507937682834646,6.451503174491098
2024-10-10 05:00:00,1.10082,1.10092,1.10026,1.10092,4789,,9.083724696727059e-05,2.142013777403496,3.3088101133902565,6.4511715495011845
2024-10-10 06:00:00,1.10087,1.10152,1.10066,1.10147,7497,,0.0004994574180172932,2.364001637131409,3.3349775839174396,6.457537549856612
2024-10-10 07:00:00,1.10147,1.10152,1.10026,1.10066,7059,,-0.000735651425238112,2.530022083483076,3.3981690090186167,6.396123297171647
2024-10-10 08:00:00,1.10066,1.10302,1.09805,1.10192,37605,,0.0011441129379586744,3.2679948766825317,3.5905532918536966,6.300285125899957
2024-10-10 09:00:00,1.10197,1.10252,1.10087,1.10122,15872,,-0.00063545668777761,3.1067200911455597,3.624844461608079,6.2958874936081894
2024-10-10 10:00:00,1.10127,1.10172,1.09886,1.09971,19211,,-0.0013721474439602021,3.8803565743669846,3.7663557551363915,6.326463626376833
2024-10-10 11:00:00,1.09971,1.10046,1.09916,1.09996,7504,,0.0002273068242750143,3.9084201085978494,3.7732272775557867,6.327577952904359
2024-10-10 12:00:00,1.10001,1.10031,1.09775,1.0981,10743,,-0.001692401885257672,4.781218189600649,4.100169003913176,6.3696441139233215
2024-10-10 13:00:00,1.09815,1.09961,1.09755,1.09941,9136,,0.001192258651999952,5.326650713951507,4.299703735977232,6.389790800085089
2024-10-10 14:00:00,1.09946,1.10021,1.09936,1.09971,5735,,0.00027283640898259685,5.361041139370879,4.303610313944024,6.391457342124583
2024-10-10 15:00:00,1.09976,1.10102,1.09961,1.10102,3723,,0.0011905141973115585,5.80397735934498,4.493322927710182,6.421597221478064
2024-10-10 16:00:00,1.10092,1.10137,1.10092,1.10127,2249,,0.0002270364039918958,5.819984934470726,4.502105741604325,6.415245190611548
2024-10-10 18:00:00,1.10122,1.10122,1.10082,1.10087,1261,,-0.000363282992361149,5.83209087066253,4.376461327961681,6.414608033276502
2024-10-10 19:00:00,1.10097,1.10102,1.10076,1.10087,1158,,0.0,5.830152923320185,4.377540130925219,6.413884209457872
2024-10-10 20:00:00,1.10092,1.10132,1.10071,1.10132,1567,,0.0004086840883515529,5.875243067779304,4.37703375612497,6.41830350057748
2024-10-10 21:00:00,1.10132,1.10132,1.10046,1.10071,2205,,-0.0005540342462214208,5.9331383683162215,4.401919248971292,6.421795483918549
2024-10-10 22:00:00,1.10071,1.10132,1.10061,1.10122,1524,,0.000463229992887778,5.995650609598265,4.425486363877367,6.415243935461514
2024-10-10 23:00:00,1.10127,1.10162,1.10117,1.10152,1581,,0.0002723880275064822,6.006582672179188,4.316161444061668,6.413998521683204
2024-10-11 00:00:00,1.10152,1.10157,1.10107,1.10107,952,,-0.00040860986952737886,6.050905039561089,4.323244685544733,6.365881331645768
2024-10-11 01:00:00,1.10112,1.10132,1.10082,1.10107,1586,,0.0,6.006562021580304,4.278469422309937,6.356666536082117
2024-10-11 02:00:00,1.10107,1.10162,1.10076,1.10152,4003,,0.00040860986952733955,6.045241702294699,4.30371196920135,6.35982645435274
2024-10-11 03:00:00,1.10152,1.10212,1.10076,1.10202,7458,,0.0004538152323816489,6.034404209737602,4.29206672446093,6.345648767190087
2024-10-11 04:00:00,1.10197,1.10292,1.10172,1.10252,6240,,0.0004536093775330569,5.9103511207198425,4.321465855589327,6.350906995058756
2024-10-11 05:00:00,1.10247,1.10267,1.10132,1.10142,12146,,-0.0009982123754177855,5.86159238383804,4.425262912875327,6.3664330381637
2024-10-11 06:00:00,1.10142,1.10147,1.10061,1.10102,8488,,-0.0003632335086520969,5.789680856383087,4.399485475888367,6.3521198536688885
2024-10-11 07:00:00,1.10107,1.10117,1.10021,1.10066,10317,,-0.00032702300353227545,5.268224621198318,4.395864982767335,6.249969817307471
2024-10-11 08:00:00,1.10061,1.10262,1.10016,1.10087,19564,,0.00019077641516303666,5.264542101734184,4.404060781504309,6.195291138644818
2024-10-11 09:00:00,1.10087,1.10167,1.10036,1.10147,12001,,0.0005448750100751872,4.261172451969073,4.429215916941982,6.176934251709345
2024-10-11 10:00:00,1.10152,1.10247,1.10092,1.10187,13138,,0.00036308513837555366,3.840804310926832,4.4490087753199985,6.160474583210736
2024-10-11 11:00:00,1.10182,1.10282,1.10167,1.10172,6097,,-0.0001361414784343381,3.852034697439995,4.44901694655667,6.160181196894595
2024-10-11 12:00:00,1.10167,1.10227,1.10157,1.10207,4642,,0.0003176346230292589,3.3217276522517034,4.455831855518818,6.16323572481179
2024-10-11 13:00:00,1.10207,1.10227,1.10182,1.10187,2746,,-0.00018149314459486832,3.32746795062714,4.451967788163377,6.163382746321806
2024-10-11 14:00:00,1.10187,1.10212,1.10137,1.10142,5147,,-0.0004084800514294384,3.3452334959016614,4.447969594860565,6.165261719758644
2024-10-11 15:00:00,1.10147,1.10147,1.10082,1.10082,3462,,-0.0005448997519306668,3.489282914712345,4.3595340261209445,6.169024713048976
2024-10-11 16:00:00,1.10082,1.10137,1.10076,1.10117,2349,,0.00031789427104343215,3.458683391887544,4.289856585357042,6.165652799553153
2024-10-13 18:00:00,1.10097,1.10097,1.10016,1.10016,1710,,-0.0009176271352969172,3.6917404615760563,4.375389945906968,6.176600760852013
2024-10-13 19:00:00,1.10026,1.10031,1.09971,1.09976,1041,,-0.0003636495912650812,3.623047036880441,4.381027236900931,6.17230135251052
2024-10-13 20:00:00,1.09981,1.09991,1.09901,1.09966,3010,,-9.09330642341008e-05,3.5696182660861124,4.289749045794276,6.172139624805086
2024-10-13 21:00:00,1.09961,1.10006,1.09931,1.09981,2866,,0.00013639649573070039,3.537773493241804,4.294757270479671,6.17114044533974
2024-10-13 22:00:00,1.09981,1.10016,1.09936,1.09991,2196,,9.092066269245518e-05,3.545980441143812,4.16697932498096,6.171735201672393
2024-10-13 23:00:00,1.09996,1.10041,1.09986,1.10006,1237,,0.0001363654961045979,3.463893931489106,4.161224567577692,6.150082456091212
2024-10-14 00:00:00,1.10001,1.10006,1.09981,1.09986,475,,-0.00018182479412975452,3.3340014114362293,4.156775715514824,6.106400894531481
2024-10-14 01:00:00,1.09986,1.10011,1.09971,1.10006,836,,0.00018182479412988034,3.222473890559735,4.137336973166864,6.08307173332627
2024-10-14 02:00:00,1.10011,1.10051,1.09996,1.10001,3554,,-4.545309922752555e-05,2.784258906695884,4.12526852288677,6.042769052119939
2024-10-14 03:00:00,1.10001,1.10061,1.09986,1.10031,5813,,0.00027268761076469004,2.7863507353041674,4.0508821482681805,6.041430028953388
2024-10-14 04:00:00,1.10031,1.10066,1.09986,1.10016,5481,,-0.000136334510565616,2.74150759112728,4.047241444061716,6.041479335503309
2024-10-14 05:00:00,1.10021,1.10112,1.10011,1.10036,4142,,0.00018177521726747968,2.7393201074960265,4.046837948559215,5.800199014057209
2024-10-14 06:00:00,1.10036,1.10046,1.09971,1.09976,3331,,-0.0005454248085325924,2.6750259216471504,4.073651532932374,5.772049851853591
2024-10-14 07:00:00,1.09976,1.09991,1.0984,1.09876,5663,,-0.0009097029537720062,2.9125716583845627,4.16848765407517,5.781089005890107
2024-10-14 08:00:00,1.09871,1.09916,1.0982,1.09846,9108,,-0.00027307233855888505,2.9215161568635732,4.173798847520201,5.721296046259036
2024-10-14 09:00:00,1.0984,1.10026,1.09795,1.09946,11528,,0.0009099512894017908,3.36937444244843,4.282604357582116,5.73532061263627
2024-10-14 10:00:00,1.09946,1.09946,1.098,1.09901,13473,,-0.0004093756169377612,3.406028788067671,4.298832062985651,5.706906618357982
2024-10-14 11:00:00,1.09896,1.09916,1.098,1.0982,7089,,-0.0007372986985254833,3.5370977826795054,4.346307287511046,5.711255383550997
2024-10-14 12:00:00,1.0982,1.09835,1.09755,1.0976,4707,,-0.0005464978731516045,3.5376719679980178,4.373543466364121,5.714499626048282
2024-10-14 13:00:00,1.0976,1.0979,1.0972,1.09785,5272,,0.00022774374372501756,3.5033111343330128,4.378770931373975,5.716726578146433
2024-10-14 14:00:00,1.0979,1.098,1.09695,1.09715,7666,,-0.0006378132334672558,3.3383014353679283,4.412109003340045,5.710192235313782
2024-10-14 15:00:00,1.0972,1.0981,1.0963,1.0979,7838,,0.0006833557588082703,3.5983862366004535,4.475830482376581,5.723062639403978
2024-10-14 16:00:00,1.09785,1.09846,1.09775,1.0984,2150,,0.00045531121307450603,3.718708503400128,4.502830654006456,5.728402190981779
2024-10-14 18:00:00,1.0981,1.0984,1.09795,1.0983,816,,-9.104565946105051e-05,3.7019892086503052,4.502857033391627,5.714689193409837
2024-10-14 19:00:00,1.0983,1.09846,1.0981,1.09835,597,,4.5523865894489314e-05,3.6965964722918536,4.488318954748824,5.7150452451882865
2024-10-14 20:00:00,1.09835,1.09846,1.09785,1.0982,1950,,-0.00013657781542239348,3.6782931824962866,4.487463786542777,5.715050895681086
2024-10-14 21:00:00,1.09815,1.0983,1.0979,1.09815,1748,,-4.5530084010955696e-05,3.674461128116454,4.4533808642319475,5.711621360568865
2024-10-14 22:00:00,1.09815,1.09835,1.0975,1.09765,2053,,-0.00045541489082950257,3.698158908571921,4.417919426432095,5.709149547357378
2024-10-14 23:00:00,1.09765,1.09775,1.097,1.0971,1274,,-0.0005011960464866536,3.7574166602339942,4.270067497105411,5.711365043899189
2024-10-15 00:00:00,1.09705,1.0971,1.0966,1.0967,1601,,-0.0003646640572819722,3.7017177854423697,4.2420710910246155,5.70840263648137
2024-10-15 01:00:00,1.0967,1.0967,1.0963,1.0966,2173,,-9.118679621510567e-05,3.7036361231220916,4.028109188181915,5.501461359782716
2024-10-15 02:00:00,1.09655,1.097,1.09589,1.0967,6406,,9.118679621518118e-05,3.680141743389645,4.020912089080739,5.464034533281324
2024-10-15 03:00:00,1.0967,1.0973,1.09589,1.09725,10484,,0.0005013788021801545,3.7858222018207965,3.6918312527204997,5.471766547830176
2024-10-15 04:00:00,1.09725,1.09906,1.0971,1.09846,10087,,0.0011021493024904155,4.047710547915157,3.6626713197519942,5.490627146163747
2024-10-15 05:00:00,1.09846,1.09891,1.098,1.09876,5328,,0.00027307233855881956,4.047710547915141,3.662690294230574,5.486559145530242
2024-10-15 06:00:00,1.09881,1.09891,1.0977,1.0977,5074,,-0.0009651895161219161,4.039435632150616,3.5741194028098797,5.433906450734693
2024-10-15 07:00:00,1.0977,1.09835,1.0972,1.0975,7034,,-0.00018221574394439695,3.9996124100985164,3.5651696001898636,5.41968734087568
2024-10-15 08:00:00,1.09755,1.09866,1.0974,1.09846,9588,,0.0008743329215073916,4.1221165320903825,3.671189324076108,5.4106339803663275
2024-10-15 09:00:00,1.09846,1.09911,1.0983,1.0984,10109,,-5.4623417072433056e-05,3.9968850189742215,3.6710418359625545,5.406236804046579
2024-10-15 10:00:00,1.0984,1.09861,1.0973,1.0977,17408,,-0.0006374937604906001,4.145495912630274,3.690925850873603,5.407545554160411
2024-10-15 11:00:00,1.0977,1.09815,1.09725,1.0973,9412,,-0.00036446469651736196,4.038940427291691,3.6694902728934435,5.3403625041256095
2024-10-15 12:00:00,1.09735,1.0977,1.09635,1.0964,7534,,-0.0008205315681226258,4.083527359081604,3.7109422515722206,5.352141850886429
2024-10-15 13:00:00,1.09635,1.09645,1.09559,1.09589,5463,,-0.00046526692107356826,4.021051867275928,3.714441850807627,5.35366546034008
2024-10-15 14:00:00,1.09594,1.0965,1.09579,1.0961,7042,,0.0001916067141205179,4.056162697490069,3.7097844132921796,5.345234239599294
2024-10-15 15:00:00,1.0961,1.0964,1.09599,1.0961,3291,,0.0,4.051724723831153,3.7097844132921796,5.3426093512925235
2024-10-15 16:00:00,1.09605,1.0966,1.09594,1.09645,2511,,0.00031926296136717365,4.1165554931346655,3.698903615780568,5.344243996241587
2024-10-15 18:00:00,1.09645,1.0966,1.0961,1.09635,1307,,-9.120758853460324e-05,4.116113522473563,3.659004069392159,5.317617483263338
2024-10-15 19:00:00,1.09635,1.09635,1.09569,1.09569,1323,,-0.000602178810554546,4.166101679302922,3.6529394791844894,5.3212330422280525
2024-10-15 20:00:00,1.09564,1.09599,1.09554,1.09594,1593,,0.00022814069992115345,4.129496384145017,3.551140756014587,5.323599295081484
2024-10-15 21:00:00,1.09584,1.09655,1.09579,1.0965,1502,,0.0005108463740657257,4.1991617484720996,3.588701718882434,5.328949649570073
2024-10-15 22:00:00,1.09655,1.09665,1.09625,1.0966,1284,,9.119511200516066e-05,4.199792651090707,3.582384226783354,5.329006840206745
2024-10-15 23:00:00,1.09665,1.0969,1.0964,1.09645,1090,,-0.00013679578690321093,4.202747263950438,3.573814986782474,5.327937230303465
2024-10-16 00:00:00,1.09645,1.09665,1.09615,1.0963,818,,-0.00013681450255051254,4.100164094010054,3.5192834690003054,5.268015803396615
2024-10-16 01:00:00,1.09635,1.0964,1.09599,1.09615,1253,,-0.000136833223320102,3.5239649339129,3.49066967487372,5.243322125570506
2024-10-16 02:00:00,1.0962,1.0963,1.09494,1.09514,8709,,-0.0009218314979053664,3.7226297233779397,3.5897896733365684,5.251637216384483
2024-10-16 03:00:00,1.09509,1.09589,1.09489,1.09559,9230,,0.0004108219692332295,3.545970223811832,3.6020968438626517,5.247516549735227
2024-10-16 04:00:00,1.09554,1.09579,1.09509,1.09564,7498,,4.563646902284107e-05,3.550511478380372,3.603936289667662,5.247351614172617
2024-10-16 05:00:00,1.09564,1.0971,1.09559,1.09685,9514,,0.00110376797417158,3.7638137858846363,3.7841903892041366,5.248768336930161
2024-10-16 06:00:00,1.09685,1.09695,1.0963,1.0964,3573,,-0.0004103499430658799,3.8087494784125973,3.76923737760861,5.250858545679312
2024-10-16 07:00:00,1.09635,1.09695,1.0961,1.0968,5352,,0.0003647638194739244,3.749403943185739,3.7744343504944897,5.250049676353965
2024-10-16 08:00:00,1.09675,1.0975,1.09599,1.09625,9957,,-0.0005015845617119238,3.794370116063744,3.7006299443753825,5.23814244972095
2024-10-16 09:00:00,1.09625,1.0971,1.09584,1.0964,11382,,0.00013682074223790713,3.5298121354786467,3.6925464180963563,5.2152422517741615
2024-10-16 10:00:00,1.0964,1.09645,1.09444,1.09529,16785,,-0.001012917059351517,3.8715233868244674,3.816705371522296,5.221856642213892
2024-10-16 11:00:00,1.09529,1.09534,1.09394,1.09459,14086,,-0.0006393044585471428,3.989747461470874,3.8537398638579914,5.211001629543109
2024-10-16 12:00:00,1.09459,1.09499,1.09404,1.09414,5441,,-0.0004111973668206429,4.0309988701680535,3.8639653196022596,5.212204960078539
2024-10-16 13:00:00,1.09419,1.09419,1.09348,1.09358,4090,,-0.0005119485237880452,4.021848067533624,3.8802236038928664,5.216612402902261
2024-10-16 14:00:00,1.09353,1.09363,1.09283,1.09288,7792,,-0.0006403044408916606,4.116764173144858,3.9174447959241694,5.22394388127569
2024-10-16 15:00:00,1.09288,1.09333,1.09263,1.09308,5797,,0.0001829859654869522,4.073602192622346,3.9175324556016444,5.224682892250432
2024-10-16 16:00:00,1.09308,1.09358,1.09308,1.09343,2712,,0.0003201448911637378,4.1016223371699345,3.9404619566219634,5.227307519928695
2024-10-16 18:00:00,1.09343,1.09358,1.09298,1.09303,1136,,-0.0003658882435191378,3.9568322555789166,3.9306957830140545,5.220130574015035
2024-10-16 19:00:00,1.09308,1.09313,1.09283,1.09308,1225,,4.574335235529557e-05,3.948483524106685,3.933725305626528,5.216326683648796
2024-10-16 20:00:00,1.09313,1.09363,1.09298,1.09353,2960,,0.0004115960380247814,4.072294815543227,3.957749623922794,5.2174651083518055
2024-10-16 21:00:00,1.09353,1.09363,1.09313,1.09343,1816,,-9.145114686113725e-05,4.0729354250379695,3.9319801367815,5.209190415622811
2024-10-16 22:00:00,1.09348,1.09374,1.09313,1.09338,1226,,-4.5728709863719516e-05,4.0756051762161025,3.843429586086719,5.2091892104529425
2024-10-16 23:00:00,1.09338,1.09338,1.09233,1.09253,2456,,-0.0007777081790578285,3.992948388831262,3.902118139901563,5.2151946470722015
2024-10-17 00:00:00,1.09253,1.09278,1.09248,1.09258,929,,4.5764286474241e-05,3.8877477943348606,3.7692558429148293,5.215414263263201
2024-10-17 01:00:00,1.09253,1.09273,1.09248,1.09263,1675,,4.576219219985118e-05,3.8877666580917856,3.7592190743426497,5.207861591927507
2024-10-17 02:00:00,1.09263,1.09303,1.09213,1.09228,4694,,-0.00032037933186613134,3.1612465353041923,3.7094032035540105,5.209176634129023
2024-10-17 03:00:00,1.09223,1.09293,1.09213,1.09263,9391,,0.0003203793318662431,3.266554604596081,3.702162344496656,5.210516949234521
2024-10-17 04:00:00,1.09263,1.09283,1.09208,1.09238,5429,,-0.00022883190565809496,3.1155452228883784,3.6921743316157434,5.19219085563071
2024-10-17 05:00:00,1.09238,1.09363,1.09223,1.09308,10013,,0.0006405974247417876,3.3871130031119607,3.7183422418578167,5.1189699249194875
2024-10-17 06:00:00,1.09308,1.09369,1.09303,1.09363,5629,,0.0005030388223387655,3.5404338827858575,3.6855557954381486,5.1262614116782155
2024-10-17 07:00:00,1.09363,1.09394,1.09353,1.09358,5916,,-4.5720346934015956e-05,3.147273117574376,3.6471842930943708,5.086731341624603
2024-10-17 08:00:00,1.09353,1.09464,1.09057,1.09148,32905,,-0.0019221446061544701,4.411917320923016,4.092472022424685,5.128310768795752
2024-10-17 09:00:00,1.09153,1.09168,1.08831,1.09047,39565,,-0.0009257774670695698,4.598561292906814,4.171560350340464,5.143846223733685
2024-10-17 10:00:00,1.09052,1.09072,1.08861,1.09007,22635,,-0.0003668816022514838,4.5708585014269065,4.178900009873873,5.144572546197057
2024-10-17 11:00:00,1.09002,1.09128,1.08967,1.09087,13942,,0.0007336286517562904,4.733543254766937,4.266174806443087,5.145667084782373
2024-10-17 12:00:00,1.09092,1.09092,1.08947,1.08967,7335,,-0.0011006449055206632,5.014136066487307,4.367572784388866,5.14505510303907
2024-10-17 13:00:00,1.08972,1.09002,1.08927,1.08972,2625,,4.588439885368369e-05,4.953510520082281,4.353347840488289,5.1440906235257255
2024-10-17 14:00:00,1.08977,1.09042,1.08962,1.08967,6776,,-4.588439885364814e-05,4.944464880464619,4.346178041822233,5.144088964513899
2024-10-17 15:00:00,1.08972,1.09007,1.08952,1.08997,2755,,0.0002752748177630034,4.989873711550465,4.363100677864026,5.147071583247038
2024-10-17 16:00:00,1.08997,1.09032,1.08992,1.09032,1254,,0.0003210582106107501,4.960269470997301,4.379556813492462,5.14587607387396
2024-10-17 18:00:00,1.09032,1.09047,1.09007,1.09007,947,,-0.00022931677460945817,4.9611496156287425,4.338426383204473,5.1463868449128025
2024-10-17 19:00:00,1.09012,1.09017,1.08967,1.09007,924,,0.0,4.964958695726116,4.160377808330555,5.14520896762746
2024-10-17 20:00:00,1.09012,1.09037,1.08992,1.09007,1343,,0.0,4.835271423056162,4.142401360207056,5.144996308271612
2024-10-17 21:00:00,1.09007,1.09077,1.08992,1.09062,2339,,0.0005044275084141873,4.947601199838317,4.102096251420577,5.151600153904938
2024-10-17 22:00:00,1.09067,1.09112,1.09047,1.09102,2098,,0.00036669661766588276,5.006710985960163,4.128827377181224,5.154214490420171
2024-10-17 23:00:00,1.09102,1.09112,1.09087,1.09102,1212,,0.0,4.987431379582496,4.00918982105938,5.134001025499367
2024-10-18 00:00:00,1.09102,1.09122,1.09097,1.09117,1085,,0.00013747657191729923,4.953320141022139,4.016702330535464,5.1317104901031145
2024-10-18 01:00:00,1.09122,1.09158,1.09097,1.09148,3270,,0.00028405837132328924,4.980158201503223,3.999182894990135,5.130292875105806
2024-10-18 02:00:00,1.09143,1.09203,1.09097,1.09158,8468,,9.16145227982255e-05,4.830158859782274,3.9938582057597714,5.130923676689528
2024-10-18 03:00:00,1.09158,1.09158,1.09082,1.09128,8309,,-0.0002748687519023095,4.725366802809879,3.928173932193019,5.121605704980611
2024-10-18 04:00:00,1.09128,1.09188,1.09062,1.09097,8236,,-0.00028411043838718237,4.733613735907464,3.9140521054472424,5.1224929633047065
2024-10-18 05:00:00,1.09092,1.09178,1.09062,1.09158,9445,,0.000558979190289579,3.5423856159581932,3.956847603663691,5.113998403134483
2024-10-18 06:00:00,1.09163,1.09203,1.09097,1.09168,4548,,9.160613034631092e-05,3.106868096031355,3.9595500041442957,5.107005762240795
2024-10-18 07:00:00,1.09173,1.09238,1.09138,1.09203,6167,,0.0003205553878465511,3.0386462396411953,3.9596795714486266,5.034148439609716
2024-10-18 08:00:00,1.09198,1.09318,1.09183,1.09313,14055,,0.0010067913497555589,3.252479257457929,4.103722825512671,5.06094359929336
2024-10-18 09:00:00,1.09313,1.09353,1.09233,1.09288,11954,,-0.00022872722548368817,2.4886960677148218,4.069103665842694,5.012845353230841
2024-10-18 10:00:00,1.09288,1.09363,1.09268,1.09293,12344,,4.5749630579570756e-05,2.4887135215397973,4.0607664808919575,5.011100302955681
2024-10-18 11:00:00,1.09288,1.09323,1.09248,1.09258,11771,,-0.0003202913763761872,2.599708052397413,4.029586259855286,5.006122694557144
2024-10-18 12:00:00,1.09253,1.09404,1.09248,1.09384,7595,,0.0011525691673909542,3.1430185923280827,4.207305379276817,5.039166687098539
2024-10-18 13:00:00,1.09384,1.09384,1.09308,1.09333,3267,,-0.0004663560758818915,3.321509672012141,4.227877260497852,5.0425401122671865
2024-10-18 14:00:00,1.09333,1.09399,1.09333,1.09369,3854,,0.00032921509931469714,3.2665340948722768,4.243645396547657,5.042803430044109
2024-10-18 15:00:00,1.09374,1.09379,1.09338,1.09353,3751,,-0.00014630444151532865,3.2999052340616104,4.243878209644767,5.042397036455567
2024-10-18 16:00:00,1.09358,1.09414,1.09343,1.09389,2298,,0.0003291548977794996,3.2992366542181557,4.162454600900341,5.046102336171016
2024-10-20 18:00:00,1.09389,1.09434,1.09369,1.09399,1854,,9.141269180176838e-05,3.2456705417155893,4.140939305061663,5.043832297314551
2024-10-20 19:00:00,1.09409,1.09409,1.09363,1.09399,1831,,0.0,3.2318835867245688,4.140402014157346,5.043651406391046
2024-10-20 20:00:00,1.09399,1.09399,1.09353,1.09363,1953,,-0.000329124805267511,3.3252742169120095,3.987008516237277,5.044329096127124
2024-10-20 21:00:00,1.09363,1.09394,1.09348,1.09363,2012,,0.0,3.33149244832582,3.9701350169965606,5.044329096127124
2024-10-20 22:00:00,1.09363,1.09389,1.09353,1.09353,2046,,-9.144278431384298e-05,3.333967427424015,3.948564876249388,5.035596886836513
2024-10-20 23:00:00,1.09358,1.09394,1.09353,1.09374,901,,0.00019202019014151096,3.3383250548049483,3.928563225956774,5.037150675197003
2024-10-21 00:00:00,1.09374,1.09374,1.09293,1.09293,1976,,-0.0007408525630736954,3.593006657100626,3.9868716828740403,5.046084953821258
2024-10-21 01:00:00,1.09298,1.09348,1.09298,1.09313,1936,,0.00018297759490397728,3.535530057785924,3.8707657419981967,5.0464224244853595
2024-10-21 02:00:00,1.09308,1.09318,1.09213,1.09238,6394,,-0.0006863386847383906,3.679954823976772,3.878599199796469,5.0546942482449495
2024-10-21 03:00:00,1.09238,1.09288,1.09178,1.09193,8695,,-0.00041202943388638646,3.759366111675575,3.8786823074154215,5.056969416450601
2024-10-21 04:00:00,1.09188,1.09293,1.09188,1.09263,6569,,0.0006408613395445607,3.8824481742599297,3.9055672378419537,5.062580239796402
2024-10-21 05:00:00,1.09263,1.09298,1.09178,1.09178,5390,,-0.0007782422190897888,3.685071455857573,3.930599660977175,3.9650006026866005
2024-10-21 06:00:00,1.09178,1.09208,1.09163,1.09193,4506,,0.00013738087954535537,3.687272351264369,3.9284897941020267,3.923322511963754
2024-10-21 07:00:00,1.09188,1.09278,1.09183,1.09273,6169,,0.000732379441889042,3.9257779556133956,3.9861920053056323,3.939771356526959
2024-10-21 08:00:00,1.09273,1.09308,1.09228,1.09288,7832,,0.00013726145125215634,3.8908213414744397,3.972215038192336,3.922303138331127
2024-10-21 09:00:00,1.09288,1.09293,1.09158,1.09188,10798,,-0.0009154324226321257,3.6162878602308517,4.07616167255588,3.9457956224553783
2024-10-21 10:00:00,1.09193,1.09203,1.09047,1.09062,13569,,-0.0011546393035374348,4.020033523484917,4.208012916330326,3.9651749052806466
2024-10-21 11:00:00,1.09057,1.09062,1.08912,1.08917,14217,,-0.001330403583713806,4.438506518764939,4.401606643921074,4.006946964546655
2024-10-21 12:00:00,1.08912,1.08947,1.08881,1.08897,5928,,-0.00018364292521326638,4.437354169339113,4.4031633671612385,4.002042194328329
2024-10-21 13:00:00,1.08897,1.08942,1.08866,1.08871,6885,,-0.00023878623235307163,4.326656570713092,4.346924900206529,4.002835751940222
2024-10-21 14:00:00,1.08871,1.08881,1.08816,1.08826,6806,,-0.0004134186565817898,4.293492714618048,4.3600749177463625,3.999549554296887
2024-10-21 15:00:00,1.08831,1.08866,1.08821,1.08866,8535,,0.0003674916896363375,4.410984043751462,4.380448511524406,4.003927197478236
2024-10-21 16:00:00,1.08861,1.08881,1.08831,1.08861,2416,,-4.592907632829196e-05,4.421107407590067,4.372427560162998,4.003926642582291
2024-10-21 18:00:00,1.08861,1.08886,1.08851,1.08861,2109,,0.0,4.421107407590067,4.355950819592074,3.9997325409551117
2024-10-21 19:00:00,1.08866,1.08876,1.08846,1.08861,1580,,0.0,4.433075815565067,4.352993944319604,3.999002375521836
2024-10-21 20:00:00,1.08861,1.08892,1.08846,1.08866,1587,,4.592907632827432e-05,4.39640899976502,4.29578519397103,3.998656324711078
2024-10-21 21:00:00,1.08871,1.08917,1.08871,1.08897,1934,,0.00028471319929834277,4.3808346117607115,4.271583841946568,4.00020743136724
2024-10-21 22:00:00,1.08897,1.08922,1.08861,1.08861,1297,,-0.0003306422756267346,4.335630051123383,4.279415019285441,4.001790723961824
2024-10-21 23:00:00,1.08861,1.08902,1.08856,1.08902,1001,,0.000376556168719847,4.355647546256011,3.8650910317866694,4.006386805304362
2024-10-22 00:00:00,1.08897,1.08917,1.08886,1.08907,926,,4.5911785104051284e-05,4.342079788946982,3.7578333277395943,4.006526964790392
2024-10-22 01:00:00,1.08912,1.08947,1.08897,1.08902,2645,,-4.591178510409102e-05,4.111523507577875,3.741366452409509,4.006211121219258
2024-10-22 02:00:00,1.08897,1.08997,1.08886,1.08962,6320,,0.000550802349327248,4.130541049787472,3.708168436785976,3.9904140128903887
2024-10-22 03:00:00,1.08962,1.09092,1.08917,1.09077,8980,,0.00105485725639546,4.581228981786474,3.695187122142144,4.015087558673147
2024-10-22 04:00:00,1.09072,1.09077,1.08972,1.08982,6991,,-0.0008713238711575331,4.554670150122597,3.8010193664196015,3.9990760558524574
2024-10-22 05:00:00,1.08977,1.09017,1.08856,1.08866,7221,,-0.0010649628269565206,4.8004894403884055,3.9488780746123386,4.029331745309477
2024-10-22 06:00:00,1.08866,1.09007,1.08851,1.08997,7494,,0.0012025907638098768,5.184120195921306,4.12470061247743,4.075215269313454
2024-10-22 07:00:00,1.08997,1.09002,1.08856,1.08886,6579,,-0.0010188955503906553,5.099867636468773,4.235682429739068,4.098811425402171
2024-10-22 08:00:00,1.08886,1.08927,1.08816,1.08826,7653,,-0.0005511869030557227,4.652479796749967,4.264038143778175,4.104762948448063
2024-10-22 09:00:00,1.08826,1.08897,1.08721,1.08776,21277,,-0.00045955460776977514,4.7037159085927716,4.285884512217424,4.092602195897832
2024-10-22 10:00:00,1.08781,1.08841,1.08711,1.08806,18539,,0.00027575810673779175,4.724981810308105,4.297143893910398,4.095936747016499
2024-10-22 11:00:00,1.08801,1.08861,1.08746,1.08751,12655,,-0.0005056146313078203,4.751450958327706,4.28783721198365,4.0612519910124005
2024-10-22 12:00:00,1.08756,1.08851,1.08736,1.08781,7478,,0.0002758214900812682,4.72938816579765,4.279799761599405,4.060372180766771
2024-10-22 13:00:00,1.08786,1.08796,1.08721,1.08736,7476,,-0.0004137607694293217,4.774134426789411,4.295066404902072,4.062833845607144
2024-10-22 14:00:00,1.08736,1.08751,1.08701,1.08706,5662,,-0.00027593565355694635,4.787660592479911,4.296031209871896,4.059760109633613
2024-10-22 15:00:00,1.08706,1.08726,1.08645,1.08656,8069,,-0.00046006202447436255,4.832502761865419,4.299386711801208,4.061775859076441
2024-10-22 16:00:00,1.08651,1.08696,1.0863,1.08696,3699,,0.00036806655058684625,4.8943196957646675,4.3193013742518716,4.048257146954624
2024-10-22 18:00:00,1.08691,1.08701,1.08671,1.08686,753,,-9.200393783341372e-05,4.849050521131428,4.314339333463196,4.047004807787031
2024-10-22 19:00:00,1.08691,1.08691,1.08661,1.08666,568,,-0.00018403327373517106,4.8332384033568285,4.310360249745544,4.047026388704568
2024-10-22 20:00:00,1.08666,1.08711,1.0862,1.08651,2348,,-0.00013804718474680238,4.757485417853585,4.263316326316264,4.045881703314844
2024-10-22 21:00:00,1.08656,1.08686,1.08635,1.08651,1920,,0.0,4.753198885935379,4.260580748397549,4.043372402007489
2024-10-22 22:00:00,1.08651,1.08751,1.08651,1.08746,2490,,0.0008739771574312201,5.056879690675024,4.349108732892638,4.069697664972175
2024-10-22 23:00:00,1.08746,1.08756,1.08691,1.08721,1332,,-0.00022991994288916606,4.9316656778167465,4.210289290256509,4.070086506167779
2024-10-23 00:00:00,1.08721,1.08726,1.08691,1.08721,1112,,0.0,4.456317187400049,4.208854303971212,4.03624545703762
2024-10-23 01:00:00,1.08726,1.08766,1.08721,1.08766,3097,,0.00041381784329343137,4.365965040114778,4.23685670162498,4.043336577917354
2024-10-23 02:00:00,1.08761,1.08761,1.08625,1.0863,6586,,-0.001251173137882886,4.5068165446318105,4.391121506149497,4.076965920183303
2024-10-23 03:00:00,1.08625,1.08625,1.08505,1.08515,12721,,-0.0010592001727103124,4.111252585909604,4.3070908636645,4.105356928026588
2024-10-23 04:00:00,1.08515,1.0861,1.08495,1.0858,9310,,0.0005988162043558606,4.074912729549933,4.355064303938261,4.116130307015981
2024-10-23 05:00:00,1.08585,1.08595,1.08515,1.08525,6177,,-0.0005066672916478372,4.0613505161941,4.348483298252434,4.0909005350903
2024-10-23 06:00:00,1.0852,1.08535,1.08475,1.08475,4404,,-0.0004608295012427484,4.061671927349593,4.361204926574331,4.093382471279234
2024-10-23 07:00:00,1.08475,1.085,1.08329,1.08334,9658,,-0.0013006841955676787,4.455815194059589,4.488756293761143,4.126921125929414
2024-10-23 08:00:00,1.08334,1.0845,1.08309,1.0844,20483,,0.0009779771416179276,4.877272659324818,4.626116361030915,4.159503843302001
2024-10-23 09:00:00,1.08445,1.08535,1.08394,1.08455,14643,,0.0001383157751345279,4.845426647183268,4.632693557743223,4.149668209386487
2024-10-23 10:00:00,1.0846,1.08525,1.08409,1.08445,14171,,-9.220839102893821e-05,4.821931229529559,4.629116893164522,4.149669774378357
2024-10-23 11:00:00,1.0844,1.08565,1.0844,1.0849,11355,,0.00041487081978889125,4.906103512027692,4.6606559410883674,4.156349468896094
2024-10-23 12:00:00,1.08485,1.0849,1.08409,1.0843,6434,,-0.000553199350268693,4.930507660893687,4.679396442868088,4.153410659786292
2024-10-23 13:00:00,1.0843,1.08445,1.08374,1.08389,5211,,-0.0003781956423440792,4.873471900248149,4.672779215700639,4.153143712537878
2024-10-23 14:00:00,1.08384,1.08525,1.08384,1.085,14030,,0.001023565138767556,5.2787338273771285,4.778956603895711,4.188449272529956
2024-10-23 15:00:00,1.085,1.08565,1.08495,1.08555,5272,,0.000506784005686573,5.373587631019909,4.811045515114554,4.193875607780753
2024-10-23 16:00:00,1.0856,1.08565,1.0852,1.08525,2322,,-0.00027639580054337885,5.386084379199367,4.778722757617444,4.194925538495744
2024-10-23 18:00:00,1.0852,1.0852,1.08485,1.08505,1367,,-0.00018430631762070003,5.389299743375293,4.769387150937775,4.195169607944309
2024-10-23 19:00:00,1.0851,1.0853,1.08475,1.0848,1644,,-0.0002304306759512021,5.110314992625881,4.709493712337107,4.194167800441457
2024-10-23 20:00:00,1.0849,1.08585,1.0848,1.0857,2985,,0.0008293020516755088,5.365017680638969,4.755456812733688,4.216401146278438
2024-10-23 21:00:00,1.08575,1.08575,1.08505,1.08515,2348,,-0.0005067139708116346,5.416242194646015,4.7674133221301584,4.217677495047443
2024-10-23 22:00:00,1.08515,1.0857,1.08495,1.08555,1450,,0.0003685447132514172,5.40326515030266,4.715711223673412,4.193148592066296
2024-10-23 23:00:00,1.08555,1.0857,1.08535,1.08555,1081,,0.0,4.973576910321687,4.710347954589849,4.172995853369787
2024-10-24 00:00:00,1.0855,1.08615,1.0855,1.08615,2593,,0.0005525625226929151,4.698728412183243,4.684236293506296,4.183367193844976
2024-10-24 01:00:00,1.08615,1.08615,1.08565,1.0857,2067,,-0.00041439326513286373,4.649401290112342,4.568937482961471,4.185671161205857
2024-10-24 02:00:00,1.0857,1.0859,1.085,1.08515,7976,,-0.0005067139708116346,4.649417335867269,4.409045267921569,4.168613848057738
2024-10-24 03:00:00,1.08515,1.08676,1.08389,1.08635,27434,,0.0011052269142550377,4.948232222151912,4.559796497026622,4.208506369571341
2024-10-24 04:00:00,1.08635,1.08771,1.08635,1.08716,12775,,0.000745338220204386,4.3865637634886285,4.622468487089916,4.196425666099994
2024-10-24 05:00:00,1.08711,1.08736,1.08635,1.08656,7206,,-0.000552049035973179,4.302239986259764,4.636522226785161,4.200906046770698
2024-10-24 06:00:00,1.08656,1.08726,1.08645,1.08676,5711,,0.00018405020941642414,4.3042882118626276,4.6242026978632005,4.201229868084549
2024-10-24 07:00:00,1.08676,1.08711,1.08605,1.08635,6607,,-0.0003773393936476941,4.373200779509901,4.637390169199786,4.198571249804251
2024-10-24 08:00:00,1.0864,1.08726,1.08565,1.08651,16172,,0.0001472713385025476,4.334023412553494,4.640873606257215,4.196628606383183
2024-10-24 09:00:00,1.08651,1.08796,1.0863,1.08691,17743,,0.00036808348548932214,4.203680199496854,4.658171625114167,4.183102104846694
2024-10-24 10:00:00,1.08691,1.08796,1.08656,1.08666,19192,,-0.00023003630074260536,4.155381731346587,4.662038875342478,4.183133624427234
2024-10-24 11:00:00,1.08661,1.08741,1.08651,1.08736,9952,,0.0006439683390130827,3.9417965495942204,4.70074213431822,4.196334511799509
2024-10-24 12:00:00,1.08736,1.08796,1.08711,1.08796,4408,,0.0005516429906547349,3.95696228550206,4.725268111856996,4.204592727550973
2024-10-24 13:00:00,1.08796,1.08932,1.08791,1.08897,10383,,0.0009279123099678721,4.132091817744276,4.803278641259545,4.2319494087460106
2024-10-24 14:00:00,1.08892,1.08947,1.08866,1.08912,8392,,0.00013773535550608805,4.0815624178865955,4.805077715898225,4.232678535421922
2024-10-24 15:00:00,1.08912,1.08977,1.08897,1.08977,7256,,0.0005966340836678794,4.065552002364036,4.8418437733311634,4.244232211938938
2024-10-24 16:00:00,1.08977,1.08987,1.08957,1.08962,2397,,-0.00013765319675388698,3.957015746796514,4.812481584309126,4.244421344262187
2024-10-24 18:00:00,1.08952,1.08972,1.08922,1.08927,2089,,-0.00032126449982369695,3.8666494739183306,4.70029670324625,4.244492499244442
2024-10-24 19:00:00,1.08922,1.08927,1.08907,1.08917,1862,,-9.180881738328273e-05,3.881627739205236,4.620546728346082,4.244319831854471
2024-10-24 20:00:00,1.08922,1.08927,1.08876,1.08897,3305,,-0.00018364292521326638,3.919646508044842,4.497346262679087,4.243904108284028
2024-10-24 21:00:00,1.08897,1.08932,1.08876,1.08912,2117,,0.00013773535550608805,3.8522829128078064,4.33059515134483,4.243411320362369
2024-10-24 22:00:00,1.08912,1.08957,1.08907,1.08937,1317,,0.00022951677638858873,3.719604305324029,4.213136095994917,4.2455043809947375
2024-10-24 23:00:00,1.08937,1.08937,1.08881,1.08897,1265,,-0.00036725213189475704,3.6461723856005075,4.192114524021403,4.247945294026683
2024-10-25 00:00:00,1.08897,1.08912,1.08886,1.08902,809,,4.591389309297131e-05,3.2278946345201414,4.164596895809625,4.248123264561556
2024-10-25 01:00:00,1.08897,1.08937,1.08892,1.08897,1736,,-4.591389309306668e-05,3.029241895113214,4.156805845497891,4.244319589178668
2024-10-25 02:00:00,1.08897,1.08907,1.08826,1.08836,5398,,-0.0005603193047994786,3.034791356028754,4.164171068500882,4.251399307525888
2024-10-25 03:00:00,1.08841,1.08957,1.08816,1.08927,11230,,0.0008357710473961571,3.3037289122022093,4.2376956672968396,4.265074021200094
2024-10-25 04:00:00,1.08922,1.09052,1.08897,1.08922,11689,,-4.590335508421756e-05,3.194875239188096,4.214921283135411,4.251398006709872
2024-10-25 05:00:00,1.08922,1.08952,1.08907,1.08907,5719,,-0.00013772270931529954,3.2287750293746704,4.206965227025529,4.211107687906802
2024-10-25 06:00:00,1.08907,1.08962,1.08907,1.08927,3770,,0.00018362606439955824,3.199033304693625,4.179526857271382,4.202565228799635
2024-10-25 07:00:00,1.08922,1.08977,1.08897,1.08897,6740,,-0.00027545174259657133,3.2152630706020147,4.1779240381214455,4.1526802163165275
2024-10-25 08:00:00,1.08902,1.09077,1.08892,1.09067,14631,,0.0015598909404414578,4.001335714715575,4.448569350293303,4.224560207462345
2024-10-25 09:00:00,1.09067,1.09072,1.08942,1.09032,14318,,-0.00032095516531906,4.011605623548816,4.458329219892035,4.146927680644213
2024-10-25 10:00:00,1.09027,1.09062,1.08947,1.08992,16472,,-0.00036693208498879664,3.795662214051696,4.474436642094759,4.106159088418507
2024-10-25 11:00:00,1.08992,1.09032,1.08791,1.08806,16866,,-0.00170800508010043,4.858286273103187,4.810829813557248,4.184956846883463
2024-10-25 12:00:00,1.08801,1.08806,1.08711,1.08736,7547,,-0.0006435539106557084,4.812377037660524,4.777050714010454,4.150780688681815
2024-10-25 13:00:00,1.08736,1.08746,1.08701,1.08711,3655,,-0.00022994109010619751,4.816696633032969,4.777051750451775,4.149459507186268
2024-10-25 14:00:00,1.08711,1.08726,1.08671,1.08711,8409,,0.0,4.805355827127277,4.777051750451775,4.146681300160899
2024-10-25 15:00:00,1.08711,1.08711,1.08615,1.08635,7472,,-0.0006993457721563805,4.917197956055298,4.808468227122539,4.158869154647078
2024-10-25 16:00:00,1.08635,1.08656,1.08625,1.0864,2245,,4.602462318170065e-05,4.925379230980325,4.641498043976172,4.152909161332468
2024-10-27 18:00:00,1.08645,1.08661,1.0853,1.08635,3067,,-4.6024623181633e-05,4.9053166277432965,4.513856785852425,4.145579113590115
2024-10-27 19:00:00,1.08635,1.08696,1.08615,1.0864,2077,,4.602462318170065e-05,4.873098743934659,4.4749473957674795,4.1380436830238345
2024-10-27 20:00:00,1.0864,1.08691,1.0862,1.08625,2605,,-0.00013808022482999743,4.854817535185392,4.4466019202868905,4.135099115143745
2024-10-27 21:00:00,1.0862,1.08635,1.0858,1.08585,3063,,-0.00036830717234160085,4.861818543181502,4.437406069886946,4.134311424847768
2024-10-27 22:00:00,1.08585,1.0864,1.08535,1.0856,2491,,-0.00023026088660080713,4.8603364962327,4.2372229623846165,4.135109391332782
2024-10-27 23:00:00,1.08565,1.0858,1.085,1.08505,1947,,-0.0005067606585769812,4.8469922578887745,4.159920478677236,4.134606429245845
2024-10-28 00:00:00,1.08505,1.08565,1.08505,1.08555,1952,,0.0004607021181642381,4.643213129848666,4.18264523565248,4.134815794461628
2024-10-28 01:00:00,1.08555,1.0856,1.085,1.08555,1552,,0.0,4.64783519571487,4.181238630894678,4.127135988870177
2024-10-28 02:00:00,1.0855,1.08645,1.0854,1.0862,4558,,0.0005985956204985325,4.836045871683509,4.203175572755338,4.113868274897583
2024-10-28 03:00:00,1.08615,1.08736,1.0861,1.08716,7317,,0.0008834248007095328,5.125829541464517,4.249582097554236,4.136861773189585
2024-10-28 04:00:00,1.08716,1.08892,1.08691,1.08866,12457,,0.001378790743382357,5.715720215334679,4.43285411721809,4.193872345760802
2024-10-28 05:00:00,1.08866,1.08876,1.08761,1.08806,6350,,-0.0005512881906683746,4.9990715380417585,4.368259995218043,4.19966692724516
2024-10-28 06:00:00,1.08806,1.08871,1.08791,1.08846,6048,,0.00036755922711778025,5.053959106948592,4.355453851864341,4.194501378552275
2024-10-28 07:00:00,1.08841,1.08881,1.08826,1.08871,3916,,0.0002296559304959376,5.054641470829899,4.346845532886814,4.191841346245819
2024-10-28 08:00:00,1.08871,1.08937,1.08811,1.08831,9658,,-0.00036747480914383956,4.108656331641169,4.360965443909161,4.194565358975569
2024-10-28 09:00:00,1.08831,1.08902,1.08816,1.08876,8765,,0.00041339966689971596,3.9814087962947817,4.36642833064476,4.196862252975732
2024-10-28 10:00:00,1.08881,1.08952,1.08831,1.08922,10092,,0.0004224097621097375,3.98953205211897,4.3117793013921935,4.20272474816214
2024-10-28 11:00:00,1.08917,1.08927,1.08811,1.08866,10472,,-0.0005142615868108578,4.12716913112784,4.312791879401136,4.205260920720917
2024-10-28 12:00:00,1.08861,1.08942,1.08821,1.08836,10060,,-0.00027560610550107756,3.936714839033089,4.3130958384768485,4.199592586387411
2024-10-28 13:00:00,1.08836,1.08856,1.08806,1.08811,6031,,-0.00022972979282932397,3.9760696547389616,4.321606982335954,4.196718522398915
2024-10-28 14:00:00,1.08811,1.08826,1.08776,1.08791,8766,,-0.0001838218403903917,3.9969878421336027,4.295107033715645,4.175238735851588
2024-10-28 15:00:00,1.08796,1.08871,1.08791,1.08826,4870,,0.0003216660490843695,4.0200160427019105,4.281121579735041,4.17613273013297
2024-10-28 16:00:00,1.08831,1.08846,1.08791,1.08796,2501,,-0.0002757074210330637,4.051386215314994,4.257137745886868,4.177646716119938
2024-10-28 18:00:00,1.08801,1.08811,1.08781,1.08796,995,,0.0,3.9718926092668942,4.116776702813269,4.176764327746034
2024-10-28 19:00:00,1.08801,1.08851,1.08776,1.08846,939,,0.00045947014711888307,3.972056623976314,4.075274724362091,4.183569757411502
2024-10-28 20:00:00,1.08841,1.08861,1.08796,1.08826,2614,,-0.00018376272608582888,3.8444968041070124,4.038900945833717,4.1832203295291635
2024-10-28 21:00:00,1.08826,1.08841,1.08786,1.08831,1473,,4.594384743774124e-05,3.8044557934357495,4.035741820121315,4.182886286093682
2024-10-28 22:00:00,1.08831,1.08856,1.08786,1.08796,1273,,-0.0003216512684709823,3.879011763765366,4.0304522253767665,4.183666190618869
2024-10-28 23:00:00,1.08796,1.08806,1.08731,1.08751,1587,,-0.0004137037113067577,3.8732982678053682,4.052254511509826,4.187611010290017
2024-10-29 00:00:00,1.08751,1.08761,1.08736,1.08756,736,,4.5975531830114506e-05,3.568555660611744,4.036384767540178,4.184907852289274
2024-10-29 01:00:00,1.08756,1.08806,1.08756,1.08781,1138,,0.00022984595825113605,2.6030374461509282,4.034762006317329,4.186876371157464
2024-10-29 02:00:00,1.08781,1.08816,1.08741,1.08786,3003,,4.5962852830476206e-05,2.430396950663462,3.9839522772423552,4.185621108163097
2024-10-29 03:00:00,1.08781,1.08831,1.08731,1.08771,5235,,-0.00013789489672846905,2.338177425668959,3.9474210155496667,4.178596790435378
2024-10-29 04:00:00,1.08766,1.08881,1.08766,1.08856,12213,,0.000781153113558935,2.7044681385667997,3.9145241601947594,4.176277890360305
2024-10-29 05:00:00,1.08856,1.08937,1.08801,1.08846,8272,,-9.18687013167963e-05,2.628909563366271,3.91265242455981,4.174743935804096
2024-10-29 06:00:00,1.08851,1.08881,1.08706,1.08731,9382,,-0.001057097126157016,3.105568138012554,4.001056797332706,4.178525488822427
2024-10-29 07:00:00,1.08731,1.08736,1.08635,1.08666,10758,,-0.000597984350629718,3.1010084286177655,4.039358849739077,4.183553123805451
2024-10-29 08:00:00,1.08661,1.08671,1.08389,1.0845,25636,,-0.0019897204375703957,4.463728264775202,4.4795397515176365,4.278160462229038
2024-10-29 09:00:00,1.0845,1.08585,1.08359,1.08545,20636,,0.000875596267835306,4.828615955865889,4.5795872138666684,4.2952365013718605
2024-10-29 10:00:00,1.08555,1.08801,1.08555,1.08676,38461,,0.0012061450401333591,5.3548028900101015,4.749610428082398,4.337055007405464
2024-10-29 11:00:00,1.08681,1.08686,1.0852,1.08645,24765,,-0.00028529226545303887,5.3650441673149345,4.752932113857801,4.328722649716309
2024-10-29 12:00:00,1.08645,1.08746,1.0859,1.08656,14046,,0.0001012420560366227,5.327758379310358,4.747191997327595,4.314567231455137
2024-10-29 13:00:00,1.08661,1.08781,1.08651,1.08726,9962,,0.0006440275866399389,5.457690720403883,4.784822534308907,4.320839518328352
2024-10-29 14:00:00,1.08731,1.08836,1.08706,1.08801,7012,,0.0006895695979986313,5.6004993068051006,4.8381075830233025,4.335666905929307
2024-10-29 15:00:00,1.08806,1.08826,1.08776,1.08806,4103,,4.595440404852723e-05,5.538875627641495,4.83839408043757,4.335668917278303
2024-10-29 16:00:00,1.08806,1.08856,1.08796,1.08856,2180,,0.0004594279284345339,5.5904332990788195,4.82865990105507,4.342271093273496
2024-10-29 18:00:00,1.08836,1.08881,1.08816,1.08866,1313,,9.186026223379633e-05,5.591844208083079,4.754344017978231,4.34271801738753
2024-10-29 19:00:00,1.08866,1.08886,1.08846,1.08866,868,,0.0,5.55787774093092,4.754205473336452,4.337776220949677
2024-10-29 20:00:00,1.08861,1.08927,1.08861,1.08886,2439,,0.00018369521341923364,5.502136357303312,4.756206438875251,4.332894400615675
2024-10-29 21:00:00,1.08886,1.08927,1.08861,1.08881,1617,,-4.592063995794952e-05,5.505309649843825,4.752545017789381,4.329752541532354
2024-10-29 22:00:00,1.08881,1.08881,1.08841,1.08846,1366,,-0.0003215035370117931,5.533761421149458,4.755435176420391,4.332038885257943
2024-10-29 23:00:00,1.08846,1.08846,1.08806,1.08806,1109,,-0.0003675592271178275,5.576490697620485,4.4904378934048905,4.334802171057292
2024-10-30 00:00:00,1.08806,1.08846,1.08801,1.08831,723,,0.0002297403484699351,5.582267115595895,4.489147256920792,4.328744054210155
2024-10-30 01:00:00,1.08831,1.08836,1.08806,1.08821,1146,,-9.188980580980982e-05,5.410930021427475,4.476508787591714,4.292395716828846
2024-10-30 02:00:00,1.08821,1.08927,1.08821,1.08902,4202,,0.0007440647403998443,5.566682057192902,4.200597906828449,4.306899822949547
2024-10-30 03:00:00,1.08907,1.08907,1.08821,1.08856,4460,,-0.00042248735462530003,5.275518396152431,4.170845045072124,4.286673437684914
2024-10-30 04:00:00,1.08856,1.09122,1.08856,1.09012,19533,,0.001432060024054456,5.641142837137647,4.3970624790193185,4.346184681478567
2024-10-30 05:00:00,1.09022,1.09263,1.08997,1.09062,25259,,0.0004585599464049765,4.056878743133555,4.416196783634455,4.330022690517863
2024-10-30 06:00:00,1.09067,1.09107,1.08982,1.09007,7618,,-0.0005044275084143398,4.122698983905019,4.386359775976683,4.336325370925433
2024-10-30 07:00:00,1.09012,1.09017,1.08881,1.08907,6476,,-0.000917793322315683,4.147369718194128,4.494236891210197,4.348032055934768
2024-10-30 08:00:00,1.08907,1.08957,1.08716,1.08801,22535,,-0.0009737814722124701,4.511088812999744,4.6077261204861815,4.369637804953858
2024-10-30 09:00:00,1.08806,1.09107,1.08781,1.09102,18888,,0.0027626989206085083,6.501524488089776,5.3651752667365695,4.564076893307644
2024-10-30 10:00:00,1.09107,1.09248,1.09087,1.09158,24189,,0.0005131494660389291,6.477319036301498,5.379016157660592,4.56624562505851
2024-10-30 11:00:00,1.09158,1.09338,1.09082,1.09308,20207,,0.00137321160795154,6.7459060057707925,5.512230501341964,4.615993515803818
2024-10-30 12:00:00,1.09308,1.09323,1.09238,1.09283,10968,,-0.00022873768919128538,6.786867495160992,5.512134158179278,4.617231564454456
2024-10-30 13:00:00,1.09278,1.09353,1.09203,1.09328,9193,,0.0004116901769406045,6.781983992015454,5.483738517293954,4.61906542089593
2024-10-30 14:00:00,1.09328,1.09384,1.09318,1.09363,7290,,0.0003200863345892418,6.780263028283944,5.47675188868862,4.62177237702958
2024-10-30 15:00:00,1.09363,1.09363,1.09228,1.09273,5149,,-0.0008232862390778181,7.015361934370115,5.55757555424443,4.62992655940153
2024-10-30 16:00:00,1.09278,1.09288,1.09223,1.09238,2209,,-0.0003203500080025664,7.070561329303292,5.551316258916188,4.6309101704765085
2024-10-30 18:00:00,1.09243,1.09248,1.09198,1.09238,2171,,0.0,7.066725689375124,5.493179536545024,4.623684656568639
2024-10-30 19:00:00,1.09243,1.09253,1.09228,1.09233,1324,,-4.5772665487534e-05,7.022595425215003,5.331688992111616,4.623410920857824
2024-10-30 20:00:00,1.09233,1.09248,1.09183,1.09188,2246,,-0.00041204829788984125,7.034002992894868,5.317242206927235,4.627144047272917
2024-10-30 21:00:00,1.09183,1.09238,1.09097,1.09102,4088,,-0.0007879426858714415,7.228827863559764,5.374622550412166,4.642307536138562
2024-10-30 22:00:00,1.09102,1.09163,1.09097,1.09143,2804,,0.00037572453419146127,7.230037855518577,5.3819256120466346,4.645999718528484
2024-10-30 23:00:00,1.09143,1.09183,1.09138,1.09148,2143,,4.5810409049321016e-05,7.1482122883820205,5.365696032368587,4.624567489586698
2024-10-31 00:00:00,1.09148,1.09153,1.09097,1.09133,2230,,-0.00013743752340903694,7.09726855804391,5.355784788484385,4.620212127034729
2024-10-31 01:00:00,1.09128,1.09173,1.09122,1.09168,1295,,0.0003206581765534697,6.698732008255062,5.349293983000086,4.6230765991168346
2024-10-31 02:00:00,1.09168,1.09213,1.09128,1.09168,4226,,0.0,6.6617514237665025,5.3197450216567095,4.589986050459504
2024-10-31 03:00:00,1.09173,1.09288,1.09128,1.09243,9357,,0.000686778623310183,6.669046025987145,5.347747153442662,4.598971450351894
2024-10-31 04:00:00,1.09243,1.09258,1.09168,1.09218,9871,,-0.00022887380456136432,6.435200640721823,5.347699320693634,4.596348300174836
2024-10-31 05:00:00,1.09213,1.09328,1.09198,1.09313,10396,,0.0008694419188531035,6.211745828681748,5.402297957046915,4.61067645795064
2024-10-31 06:00:00,1.09313,1.09404,1.09298,1.09323,8229,,9.147624368336522e-05,4.144061596774252,5.396673139715773,4.610376325233808
2024-10-31 07:00:00,1.09318,1.09353,1.09243,1.09333,7911,,9.146787654550036e-05,4.074923472603795,5.384725196336244,4.584040094755816
2024-10-31 08:00:00,1.09338,1.09524,1.09293,1.09454,21344,,0.0011060987383758162,3.8238441817298034,5.481096332969396,4.605912811783576
2024-10-31 09:00:00,1.09449,1.09539,1.09213,1.09248,21550,,-0.0018838424972990725,5.100888295000811,5.818323126466174,4.693944500818741
2024-10-31 10:00:00,1.09248,1.09419,1.09163,1.09308,26599,,0.0005490583786977701,5.14297248515146,5.833164696701187,4.6951799873334705
2024-10-31 11:00:00,1.09308,1.09308,1.09112,1.09203,34787,,-0.000961050089758883,5.3598710512142,5.924961576119825,4.708405879277457
2024-10-31 12:00:00,1.09203,1.09283,1.09183,1.09233,15486,,0.00027467999952947774,5.20871081923826,5.916151671775951,4.7095020318865135
2024-10-31 13:00:00,1.09238,1.09298,1.09208,1.09268,9032,,0.0003203646692633317,5.209609593980468,5.90092031406382,4.709505693090895
2024-10-31 14:00:00,1.09268,1.09389,1.09258,1.09358,9923,,0.0008233238963705901,5.396102601222917,5.947878792276186,4.72353527756691
2024-10-31 15:00:00,1.09358,1.09434,1.09333,1.09424,7686,,0.0006033403296626033,5.475040680445196,5.968536478155809,4.732742061913793
2024-10-31 16:00:00,1.09424,1.09504,1.09414,1.09489,3029,,0.000593843233706282,5.46239322741683,5.988931254858095,4.737398719409207
2024-10-31 18:00:00,1.09469,1.09514,1.09459,1.09509,1345,,0.00018265007037142643,5.192994772068143,5.9841203102762694,4.737961943738943
2024-10-31 19:00:00,1.09509,1.09514,1.09479,1.09484,1605,,-0.00022831780110401214,5.228923230060476,5.954280607798534,4.73929773283904
2024-10-31 20:00:00,1.09489,1.09524,1.09449,1.09514,2153,,0.00027397510650921896,5.2286753057868465,5.953784863918573,4.725300556905359
2024-10-31 21:00:00,1.09509,1.09529,1.09429,1.09444,2116,,-0.0006393920513046843,5.3921283711643095,5.884797313485052,4.736029640471206
2024-10-31 22:00:00,1.09449,1.09459,1.09414,1.09429,1519,,-0.00013706578722359853,5.402668358379544,5.846107609799692,4.73651803635682
2024-10-31 23:00:00,1.09434,1.09439,1.09399,1.09414,1197,,-0.00013708457682905337,5.417550579650676,5.443929344173263,4.73430703788652
2024-11-01 00:00:00,1.09414,1.09439,1.09404,1.09419,671,,4.569694699492469e-05,5.314981982730927,5.393680617121219,4.731815090731452
2024-11-01 01:00:00,1.09424,1.09429,1.09358,1.09363,2536,,-0.0005119251238490318,5.389692140975784,5.318789804553303,4.737268852089178
2024-11-01 02:00:00,1.09369,1.09399,1.09358,1.09379,2245,,0.00014629106461970252,5.189685313522756,5.30395295943625,4.72737783341938
2024-11-01 03:00:00,1.09374,1.09419,1.09328,1.09328,5413,,-0.0004663773992091203,5.258917245019039,5.335678227883684,4.726497526611635
2024-11-01 04:00:00,1.09328,1.09328,1.09223,1.09268,10522,,-0.000548957908715321,5.341618158542634,5.346046972211893,4.73412173803173
2024-11-01 05:00:00,1.09268,1.09333,1.09228,1.09233,6207,,-0.0003203646692633963,4.936724799928569,5.324675221382446,4.641067808517732
2024-11-01 06:00:00,1.09233,1.09258,1.09173,1.09253,5881,,0.00018307809247154926,3.719030860364097,5.325924481691354,4.619156421100797
2024-11-01 07:00:00,1.09253,1.09338,1.09233,1.09328,5901,,0.0006862444855072902,3.790202489880099,5.347821442097535,4.627456963420077
2024-11-01 08:00:00,1.09328,1.09705,1.09198,1.09509,37827,,0.0016541996213954285,4.346845362810499,5.5787888792298,4.684142461340308
2024-11-01 09:00:00,1.09509,1.09544,1.09298,1.09338,26676,,-0.0015627359278448136,5.246703974141559,5.822286891413361,4.716289063161884
2024-11-01 10:00:00,1.09343,1.09439,1.09143,1.09193,24465,,-0.0013270430399281307,5.7340010467423514,5.987819717232187,4.762126618150563
2024-11-01 11:00:00,1.09188,1.09233,1.09117,1.09133,16994,,-0.0005496367955307412,5.575174057491876,6.0171111596516464,4.769953128010903
2024-11-01 12:00:00,1.09128,1.09188,1.09107,1.09168,6642,,0.0003206581765534697,5.482069660123557,6.012262396479759,4.770627391858824
2024-11-01 13:00:00,1.09168,1.09178,1.08982,1.09002,6398,,-0.0015217493884048907,5.831994770560697,6.202931495237995,4.826865647738765
2024-11-01 14:00:00,1.09002,1.09102,1.09002,1.09037,7103,,0.00032104348580421757,5.867485575292799,6.206621596589616,4.828135646297201
2024-11-01 15:00:00,1.09042,1.09067,1.08987,1.09007,3894,,-0.0002751738198647301,5.86836506466416,6.213081793861031,4.830047545247602
2024-11-01 16:00:00,1.09007,1.09017,1.08962,1.08977,2801,,-0.0002752495613386769,5.799015172442688,6.176913284188238,4.831944506102368
2024-11-03 18:00:00,1.09348,1.09439,1.09343,1.09369,6088,,0.003590635240949624,8.782794503120037,7.128660278170407,5.139046620981362
2024-11-03 19:00:00,1.09369,1.09434,1.09338,1.09409,3474,,0.0003656674843513071,8.80754120261612,7.000322313347675,5.139029356341323
2024-11-03 20:00:00,1.09414,1.09559,1.09409,1.09524,6244,,0.0010505498081759786,8.992812857275906,7.059800310704485,5.164386008895922
2024-11-03 21:00:00,1.09524,1.09589,1.09494,1.09589,5086,,0.0005933011907709869,9.042214566114021,7.054193305669392,5.171863339856236
2024-11-03 22:00:00,1.09589,1.097,1.09589,1.0966,7585,,0.0006476654623909377,9.026385537289965,7.0001041757794455,5.179505716890071
2024-11-03 23:00:00,1.0966,1.09675,1.0961,1.0962,2319,,-0.00036483035793203857,9.068123300603927,6.929368985350931,5.18280988788067
2024-11-04 00:00:00,1.0962,1.0964,1.09584,1.09635,2575,,0.00013682698249432797,9.006530040598488,6.384861155704417,5.181136087134145
2024-11-04 01:00:00,1.0964,1.0967,1.09559,1.09559,3126,,-0.0006934496660083498,9.045146026593754,6.416035568832641,5.1908466676148475
2024-11-04 02:00:00,1.09559,1.09599,1.09514,1.09554,8026,,-4.5638551805530216e-05,9.013878265023422,6.275190403007416,5.184024618035445
2024-11-04 03:00:00,1.09559,1.0965,1.09539,1.09574,9892,,0.00018254171128772348,9.013871426071827,6.2708896605760485,5.184546130218322
2024-11-04 04:00:00,1.09569,1.0967,1.09554,1.09605,6753,,0.0002828738173521625,8.96416991787056,6.26448426399364,5.184039553616173
2024-11-04 05:00:00,1.0961,1.09675,1.09584,1.0966,5765,,0.0005016760646115499,8.553600765286582,6.275385687788078,5.166483668135795
2024-11-04 06:00:00,1.0966,1.09785,1.09645,1.0978,6225,,0.0010936931458408051,8.179832877253784,6.298524022364132,5.19235414087396
2024-11-04 07:00:00,1.0978,1.09795,1.0966,1.09695,8104,,-0.0007745757307189783,7.902893235876873,6.344252881081161,5.206944044412381
2024-11-04 08:00:00,1.0969,1.0974,1.09574,1.09695,14664,,0.0,7.7873938625205295,6.344252881081161,5.204321686112893
2024-11-04 09:00:00,1.097,1.09745,1.09605,1.09645,13384,,-0.0004559132020250598,7.883626875938081,6.365225899982704,5.17906868060487
2024-11-04 10:00:00,1.0965,1.09725,1.09605,1.09635,18904,,-9.120758853460324e-05,7.245391567690415,6.348823117245379,5.1739803766498795
2024-11-04 11:00:00,1.09635,1.09655,1.09449,1.09489,15869,,-0.001332579011018131,7.7738590298336,6.446890872336453,5.213567930553586
2024-11-04 12:00:00,1.09489,1.09584,1.09444,1.09529,8760,,0.0003652667857870605,7.72709055594624,6.446372766447894,5.216047707206558
2024-11-04 13:00:00,1.09529,1.09534,1.09429,1.09499,5354,,-0.0002739375804703156,7.726813026744759,6.455022848608399,5.215419094996285
2024-11-04 14:00:00,1.09499,1.09499,1.09419,1.09429,7574,,-0.0006394796680683887,4.85308273163987,6.489832084689259,5.224825525085272
2024-11-04 15:00:00,1.09434,1.09459,1.09394,1.09399,4710,,-0.0002741879484155899,4.838660435350867,6.491424600683851,5.226579680976514
2024-11-04 16:00:00,1.09399,1.09424,1.09384,1.09419,2090,,0.00018280031858158385,4.456546144681234,6.493001895789069,5.224814467835885
2024-11-04 18:00:00,1.09429,1.09429,1.09369,1.09374,1413,,-0.0004113477180214143,4.337228375546185,6.4741485360937725,5.2287694490028755
2024-11-04 19:00:00,1.09374,1.09399,1.09363,1.09394,2054,,0.00018284209807401905,4.154247541901804,6.471121695374143,5.229339576926961
2024-11-04 20:00:00,1.09394,1.09419,1.09363,1.09414,1429,,0.0001828086729524233,4.161261712666884,6.415957006665998,5.22926002375789
2024-11-04 21:00:00,1.09414,1.09439,1.09394,1.09414,1676,,0.0,4.1438630043116405,6.415502334142895,5.2163959474871415
2024-11-04 22:00:00,1.09409,1.09434,1.09394,1.09399,1087,,-0.00013710337158655828,4.001102625056001,6.416772449802971,5.216110510021461
2024-11-04 23:00:00,1.09394,1.09419,1.09379,1.09394,1022,,-4.570530136591473e-05,4.001101169841044,6.318548163291693,5.205047727522551
2024-11-05 00:00:00,1.09389,1.09439,1.09384,1.09424,864,,0.00027420047882700723,4.0228568052732525,6.026948220411689,5.202613591403937
2024-11-05 01:00:00,1.09419,1.09464,1.09409,1.09449,2353,,0.00022844297934141632,4.008812649092121,6.00703350334541,5.194385017545057
2024-11-05 02:00:00,1.09449,1.09549,1.09449,1.09524,5194,,0.0006850159876588158,4.10376716067574,5.958178063928472,5.19052844712242
2024-11-05 03:00:00,1.09529,1.09579,1.09479,1.09559,7951,,0.0003195136117158096,3.599594601539087,5.960089185053629,5.1923641870411625
2024-11-05 04:00:00,1.09554,1.09615,1.09539,1.09559,5530,,0.0,3.3835859745761114,5.953849405620424,5.1802128068815865
2024-11-05 05:00:00,1.09559,1.09584,1.09549,1.09579,4106,,0.00018253338129869368,3.4090306804409796,5.902442676981225,5.180529829120411
2024-11-05 06:00:00,1.09579,1.09655,1.09569,1.09635,5736,,0.0005109162847094773,3.459423386217463,5.894021705387404,5.1660815702356615
2024-11-05 07:00:00,1.0964,1.09655,1.09579,1.09599,4824,,-0.0003284162157655197,3.5026581686057163,5.876626131695683,5.136492283552696
2024-11-05 08:00:00,1.09599,1.09625,1.09534,1.09564,9053,,-0.0003193969812198942,2.62361061008314,5.883708872842105,5.095858857289659
2024-11-05 09:00:00,1.09569,1.09755,1.09564,1.0971,15632,,0.0013316674259201565,3.4269755063133776,6.0261159904330315,5.135235619647998
2024-11-05 10:00:00,1.09695,1.09765,1.09529,1.09665,18718,,-0.00041025641601062385,3.479905186813576,6.0373731029423245,5.138105325500735
2024-11-05 11:00:00,1.0966,1.09846,1.09655,1.0984,11491,,0.0015944970463267981,4.126674173291931,6.200529180199213,5.190749120624317
2024-11-05 12:00:00,1.09846,1.09946,1.09825,1.09941,9188,,0.0009190968019062912,4.222378754284651,6.25650317982553,5.206343962619144
2024-11-05 13:00:00,1.09946,1.10011,1.09931,1.09951,8204,,9.095374098996539e-05,4.2298455009166815,6.252662465201294,5.206234979420088
2024-11-05 14:00:00,1.09946,1.09986,1.09911,1.09956,6911,,4.547376846464491e-05,4.076892844109378,6.25266378283799,5.206198476305521
2024-11-05 15:00:00,1.09956,1.09956,1.09881,1.09896,5037,,-0.0005458217481726033,4.313863328742016,6.2560537545540775,5.214133745280146
2024-11-05 16:00:00,1.09891,1.09946,1.09886,1.09936,2098,,0.00036391426581610135,4.319193827683117,6.262193241065485,5.216598534067368
2024-11-05 18:00:00,1.09921,1.10006,1.09755,1.09976,5617,,0.0003637818803989532,4.301683615133379,6.24274765058146,5.217647545842594
2024-11-05 19:00:00,1.09971,1.09976,1.08947,1.09002,33525,,-0.00889592948445603,16.505333454426047,10.967262993221686,6.819967706337758
2024-11-05 20:00:00,1.09002,1.09208,1.08841,1.09002,18289,,0.0,16.506724162183044,10.963602371743683,6.8175016066915894
2024-11-05 21:00:00,1.08992,1.09027,1.08244,1.08254,34291,,-0.006885912983598814,20.169858220896604,12.938560555166893,7.61317228961989
2024-11-05 22:00:00,1.08259,1.0843,1.07812,1.08093,21585,,-0.001488350009202031,20.183275414250815,12.978097098147808,7.647159766136475
2024-11-05 23:00:00,1.08093,1.08535,1.08023,1.08404,15028,,0.002873021001885544,20.977757988134986,13.211171040884492,7.774230364037008
2024-11-06 00:00:00,1.08404,1.08575,1.08128,1.08219,12499,,-0.0017080369580000278,21.017604297878034,13.227679134905571,7.800129204161188
2024-11-06 01:00:00,1.08224,1.08244,1.07651,1.07887,17383,,-0.0030725686578998647,21.406825873046017,13.497338964841965,7.931720247197912
2024-11-06 02:00:00,1.07887,1.08153,1.07882,1.07968,16123,,0.000750503845655519,21.50972167493829,13.525957822209792,7.9250200897341365
2024-11-06 03:00:00,1.07963,1.0844,1.07927,1.08359,21504,,0.003614901753207863,22.727374840653006,14.045074253405554,8.103198659406576
2024-11-06 04:00:00,1.08354,1.08364,1.08128,1.08179,11363,,-0.0016625261289926225,22.797667660128724,14.060139018024737,8.128547049746844
2024-11-06 05:00:00,1.08174,1.08239,1.08043,1.08088,7082,,-0.000841552390060332,22.79149683218132,14.070666701813273,8.134355903977074
2024-11-06 06:00:00,1.08083,1.08088,1.07626,1.07702,19299,,-0.003577556065601766,23.011253261448243,14.486313544708937,8.31712233897264
2024-11-06 07:00:00,1.07702,1.07812,1.0744,1.07506,17720,,-0.0018214941283912433,23.041877297743792,14.577362702634739,8.361651705064254
2024-11-06 08:00:00,1.07511,1.07812,1.07445,1.07717,19570,,0.0019607576104817516,23.181239545077624,14.22751529607072,8.416687797724082
2024-11-06 09:00:00,1.07717,1.07822,1.07606,1.07777,15482,,0.0005568600661777662,23.09538179844687,14.237338369675198,8.42036900999426
2024-11-06 10:00:00,1.07782,1.08023,1.07762,1.08008,26059,,0.002141020814620209,23.669932737988763,14.38085861512732,8.486113887293254
2024-11-06 11:00:00,1.08003,1.08078,1.07882,1.07938,11886,,-0.0006483102484119028,23.61319362685191,14.36180454497874,8.490743691635886
2024-11-06 12:00:00,1.07932,1.08073,1.07882,1.07892,9573,,-0.00042626141589682305,23.620237972612117,14.333211454572542,8.490342536094824
2024-11-06 13:00:00,1.07897,1.08209,1.07887,1.08153,13298,,0.0024161644747459554,24.23693561194908,14.584279343645463,8.572921448623465
2024-11-06 14:00:00,1.08158,1.08158,1.07922,1.07978,15176,,-0.0016193885952837197,24.17451413608246,14.64612653360453,8.608876787321364
2024-11-06 15:00:00,1.07978,1.08013,1.07953,1.07973,5602,,-4.63068010880709e-05,19.279270988657462,14.64062451179568,8.608529762306107
2024-11-06 16:00:00,1.07973,1.07983,1.07907,1.07917,2628,,-0.0005187827250542457,19.259746311802658,14.641791695894208,8.61177406794187
2024-11-06 18:00:00,1.07927,1.07958,1.07892,1.07922,2183,,4.633082993253123e-05,15.311402560391901,14.638296333196774,8.611839648822574
2024-11-06 19:00:00,1.07922,1.07983,1.07812,1.07822,4463,,-0.0009270246881625046,15.186242601331749,14.643277674813792,8.611636111158505
2024-11-06 20:00:00,1.07817,1.07897,1.07737,1.07787,5002,,-0.0003246617748556213,14.15981549013379,14.621931242571657,8.612285347027475
2024-11-06 21:00:00,1.07787,1.07978,1.07782,1.07973,4241,,0.0017241383581397326,14.31912833685616,14.696470697939578,8.655605617700255
2024-11-06 22:00:00,1.07973,1.08018,1.07922,1.08008,2127,,0.0003241025859344545,13.264424180551366,14.6997063517613,8.654606702873357
2024-11-06 23:00:00,1.08003,1.08063,1.07953,1.07988,2709,,-0.000185188615133189,13.2081677628423,14.697546212169046,8.633869252879327
2024-11-07 00:00:00,1.07983,1.08088,1.07983,1.08073,1727,,0.0007868148752911613,11.563915445189947,14.733600974257136,8.627833861105712
2024-11-07 01:00:00,1.08068,1.08113,1.08008,1.08113,3660,,0.0003700517189499809,11.243407255386053,14.745670968089431,8.624605317147058
2024-11-07 02:00:00,1.08103,1.08309,1.08058,1.08128,12099,,0.0001387340978267411,11.14713493605869,14.707143216832403,8.621550876677851
2024-11-07 03:00:00,1.08128,1.08329,1.08098,1.08294,11581,,0.001534040278286854,9.286978111490454,14.800398885396357,8.652253440116068
2024-11-07 04:00:00,1.08294,1.08299,1.08068,1.08068,9231,,-0.002089092189889399,9.488654059958272,14.92276987880619,8.689502950122282
2024-11-07 05:00:00,1.08073,1.08274,1.08068,1.08168,7137,,0.0009249154361798246,9.059149327524635,14.960219465987072,8.68807690876325
2024-11-07 06:00:00,1.08168,1.08229,1.08128,1.08204,4733,,0.00033276024931298094,9.040112497359749,14.969258119262669,8.689409701300104
2024-11-07 07:00:00,1.08199,1.08389,1.08179,1.08364,10508,,0.001477596220222162,8.651407589184332,15.057881117332117,8.720020189479353
2024-11-07 08:00:00,1.08364,1.08555,1.08344,1.08535,27686,,0.001576771081733473,8.848969954497262,15.156040142143262,8.752211161567844
2024-11-07 09:00:00,1.08535,1.08776,1.0842,1.08706,27733,,0.0015742887881843959,9.025827354404454,15.249422287087938,8.781955090822192
2024-11-07 10:00:00,1.08706,1.08856,1.08661,1.08726,21337,,0.00018396556216575944,8.218155911041054,15.24944472520201,8.780269370384937
2024-11-07 11:00:00,1.08721,1.08761,1.08455,1.08525,20428,,-0.0018503947724182756,8.394616059108358,15.349204775609227,8.813604190067466
2024-11-07 12:00:00,1.0852,1.08671,1.08485,1.08656,8338,,0.0012063671857783132,8.534086733881198,15.408255001393877,8.830058531691549
2024-11-07 13:00:00,1.08661,1.08681,1.0854,1.0859,6681,,-0.0006076061426264404,8.563068511719626,15.416043237390479,8.834112404322276
2024-11-07 14:00:00,1.08595,1.08651,1.08279,1.0843,33887,,-0.001474518744718576,9.103938159454469,15.469745844814497,8.863479634375663
2024-11-07 15:00:00,1.08435,1.08706,1.08409,1.08635,9353,,0.0018888357031137195,9.275317326677056,15.600877066090987,8.911420887789104
2024-11-07 16:00:00,1.0863,1.08645,1.086,1.08635,2511,,0.0,9.214276677427607,15.579589168859117,8.902135035515842
2024-11-07 18:00:00,1.08635,1.08656,1.08555,1.08565,2476,,-0.0006445672414691638,9.043158960620852,15.580772687927224,8.90430788186451
2024-11-07 19:00:00,1.08565,1.0858,1.0849,1.0851,3289,,-0.0005067373136190726,9.14319186054567,15.584014357569318,8.905959665380525
2024-11-07 20:00:00,1.08515,1.08525,1.08399,1.0848,3363,,-0.0002765104400308044,9.157818355427997,15.580475562220588,8.906985545699836
2024-11-07 21:00:00,1.0848,1.0851,1.08409,1.0842,3031,,-0.0005532503598932167,9.193615234328606,15.569570485312015,8.906845858170689
2024-11-07 22:00:00,1.08415,1.085,1.08379,1.08389,1750,,-0.0002859659904456351,9.216717621670092,15.569230037346843,8.905643638091814
2024-11-07 23:00:00,1.08389,1.0845,1.08374,1.0844,1628,,0.00047041678871828337,9.236034054836168,15.582430552648216,8.905285751803797
2024-11-08 00:00:00,1.0844,1.08475,1.08409,1.08425,1805,,-0.00013833490903495177,8.886117763589711,15.506742496525364,8.888694549085924
2024-11-08 01:00:00,1.0843,1.08445,1.08339,1.08379,3785,,-0.00042434642064039223,8.035065815293365,15.506948173725469,8.883240839057171
2024-11-08 02:00:00,1.08384,1.0845,1.08359,1.08404,5604,,0.00023064539295807135,7.909923307457059,15.405592572189963,8.880033354617847
2024-11-08 03:00:00,1.08404,1.0844,1.08219,1.08394,15095,,-9.22517736057748e-05,7.90617522832177,15.36238382809244,8.879612089171532
2024-11-08 04:00:00,1.08394,1.085,1.08329,1.08399,6907,,4.612695060176364e-05,7.485846615300586,15.361471202054899,8.877804192190744
2024-11-08 05:00:00,1.08394,1.08404,1.08279,1.08389,5906,,-9.225602899690883e-05,6.919480560852385,15.359497903796044,8.877563774723992
2024-11-08 06:00:00,1.08394,1.0858,1.08394,1.0844,6970,,0.00047041678871828337,6.326736726155234,15.372586063596403,8.878763999176362
2024-11-08 07:00:00,1.0844,1.0845,1.08274,1.08329,12367,,-0.0010241317688582507,6.487223598984905,15.381492344137998,8.89214107228837
2024-11-08 08:00:00,1.08329,1.08329,1.08048,1.08133,21748,,-0.0018109419072664897,6.455226882090494,15.448022073430812,8.930024664892818
2024-11-08 09:00:00,1.08138,1.08264,1.08103,1.08118,17620,,-0.00013872768240649132,5.938128734919789,12.699812483362201,8.92570320577158
2024-11-08 10:00:00,1.08123,1.08148,1.08003,1.08093,24580,,-0.0002312555800715444,5.901570218817625,12.699401520392309,8.913845772061931
2024-11-08 11:00:00,1.08088,1.08113,1.07697,1.07702,21287,,-0.003623813599805789,8.113896509592369,11.264220081379932,9.08701187928685
2024-11-08 12:00:00,1.07702,1.07737,1.07471,1.07691,27517,,-0.00010213888111095486,7.043554677160293,11.172820084454159,9.081531382463433
2024-11-08 13:00:00,1.07697,1.07792,1.07601,1.07666,8862,,-0.0002321726260330904,7.009255338116885,10.764097276878184,9.081878317794661
2024-11-08 14:00:00,1.07666,1.07757,1.07656,1.07742,6685,,0.0007056377029035518,7.2768693566837985,10.670027753777433,9.088412271427606
2024-11-08 15:00:00,1.07742,1.07802,1.07707,1.07782,7034,,0.00037118836379486603,7.387686548726561,10.228901620461018,9.090670425335167
2024-11-08 16:00:00,1.07782,1.07822,1.07777,1.07797,2135,,0.00013916012249991602,7.433665016010423,10.200302399175557,9.090834424764454
2024-11-10 18:00:00,1.07697,1.07772,1.07681,1.07732,4217,,-0.0006031671094901376,7.439245179423019,9.512695141889825,9.09460715690389
2024-11-10 19:00:00,1.07732,1.07792,1.07686,1.07777,5121,,0.00041761597570394345,7.548784265236617,9.39017386702211,9.096449449574488
2024-11-10 20:00:00,1.07772,1.07882,1.07762,1.07802,4536,,0.00023193353816534812,7.484121352569319,9.360630585058406,9.096032883821776
2024-11-10 21:00:00,1.07802,1.07857,1.07797,1.07832,3369,,0.0002782492574783501,7.546685689220997,8.641520465490697,9.097286277326814
2024-11-10 22:00:00,1.07827,1.07877,1.07752,1.07772,2153,,-0.0005565759591554912,7.558553058238594,8.456528895969473,9.100840435806228
2024-11-10 23:00:00,1.07767,1.07767,1.07681,1.07742,3637,,-0.000278404188997197,7.500519081165917,8.231326703825156,9.097993001793816
2024-11-11 00:00:00,1.07742,1.07792,1.07717,1.07777,2227,,0.0003247973525088161,7.573110175353329,8.2186329291603,9.089507830717778
2024-11-11 01:00:00,1.07782,1.07812,1.07727,1.07807,2754,,0.00027831379131718146,7.616108749532607,7.9288771215142635,9.090876705685542
2024-11-11 02:00:00,1.07807,1.07822,1.07455,1.07496,15016,,-0.0028889538585333227,8.855778547894362,8.41209072633319,9.198057239938633
2024-11-11 03:00:00,1.07501,1.07546,1.0738,1.07471,15870,,-0.0002325938410331905,8.715654601509272,8.405889834985445,9.197743866260508
2024-11-11 04:00:00,1.07471,1.07496,1.0728,1.07415,15404,,-0.0005212066050626035,8.653636094602572,8.025792436936573,9.19997616208454
2024-11-11 05:00:00,1.0741,1.07486,1.0731,1.0732,8857,,-0.0008848115695894047,8.32464085980412,7.917721588889741,9.174301141966737
2024-11-11 06:00:00,1.07315,1.07315,1.07154,1.07225,15146,,-0.0008855951544792705,8.357743936070362,7.956427635506534,9.1823335379572
2024-11-11 07:00:00,1.07225,1.07245,1.07114,1.07119,11003,,-0.0009890643884707096,8.408538538369122,7.994757847207838,9.192365084266543
2024-11-11 08:00:00,1.07124,1.07149,1.06963,1.07074,22279,,-0.00042018180484031933,6.087795097779977,7.998306371548569,9.15836457794376
2024-11-11 09:00:00,1.07079,1.07169,1.06883,1.07024,24008,,-0.00046707583358078183,6.084566663967806,7.964670059818843,9.156063941422998
2024-11-11 10:00:00,1.07024,1.07104,1.06958,1.07069,24720,,0.00042037806619259655,6.215757482546619,7.980520148366402,9.158778895979015
2024-11-11 11:00:00,1.07069,1.07139,1.07044,1.07119,12655,,0.00046687957222859883,6.108425302220529,7.781439043141393,9.16241076426072
2024-11-11 12:00:00,1.07114,1.07159,1.07044,1.07089,7885,,-0.0002801015853391075,5.98784289231757,7.768742684119727,9.157613250104086
2024-11-11 13:00:00,1.07084,1.07114,1.07054,1.07099,4270,,9.337591281760292e-05,5.977125757093736,7.772203995369588,9.157772674016115
2024-11-11 14:00:00,1.07099,1.07169,1.07089,1.07104,7163,,4.668468696422955e-05,5.987610457011257,7.717277056539161,9.157913541775688
2024-11-11 15:00:00,1.07104,1.07159,1.07104,1.07154,4500,,0.0004667270385015669,6.006724372836643,7.724563580986385,9.161397644605431
2024-11-11 16:00:00,1.07149,1.07174,1.07144,1.07154,1224,,0.0,5.955916869050865,7.720530193141995,9.16134556581239
2024-11-11 18:00:00,1.07159,1.07225,1.07129,1.07225,1764,,0.0006623783355264367,6.110386156558156,7.573740025579621,9.166795859796297
2024-11-11 19:00:00,1.0722,1.07225,1.07134,1.07174,2104,,-0.00047574849660610906,6.100443837274836,7.322716561323935,9.168760695492834
2024-11-11 20:00:00,1.07174,1.07189,1.07069,1.07079,3803,,-0.0008868021098963123,6.1915663850352605,7.278809672804064,9.17524831830504
2024-11-11 21:00:00,1.07074,1.07114,1.07014,1.07029,5956,,-0.00046705401861595074,6.085918989682609,7.266616078068573,9.173981006692888
2024-11-11 22:00:00,1.07029,1.07084,1.06973,1.06978,2410,,-0.00047661993267003453,5.979183663929488,7.071364197350731,9.176261342226987
2024-11-11 23:00:00,1.06973,1.07049,1.06973,1.07034,2748,,0.0005233351520300351,4.072729515436204,6.874158179915161,9.175026845661469
2024-11-12 00:00:00,1.07034,1.07049,1.06989,1.06994,3087,,-0.0003737828738831757,4.082021865901958,6.6230573199194,9.164497921588927
2024-11-12 01:00:00,1.06989,1.06989,1.06888,1.06933,5486,,-0.0005702880108938284,4.094331476763237,6.613981036588218,9.140082327667411
2024-11-12 02:00:00,1.06933,1.06963,1.06808,1.06913,12346,,-0.0001870504948263106,3.9120670327011338,6.416274817404738,9.13719512816747
2024-11-12 03:00:00,1.06913,1.06933,1.06763,1.06908,13342,,-4.676809107520905e-05,3.7036872512640477,6.245908674288098,9.134645830981544
2024-11-12 04:00:00,1.06908,1.06913,1.06758,1.06853,11291,,-0.0005145934123970182,3.443492688332909,6.241456167433716,9.136013566666307
2024-11-12 05:00:00,1.06848,1.06848,1.06702,1.06768,11007,,-0.0007958019528593671,3.604415316626694,6.143477393130968,9.141773217636194
2024-11-12 06:00:00,1.06773,1.06888,1.06763,1.06778,9300,,9.365663610934631e-05,3.575762410826386,5.752526030996775,9.13896319624071
2024-11-12 07:00:00,1.06783,1.06803,1.06652,1.06788,11145,,9.364786536531072e-05,3.463401481360482,5.758087149274392,9.13602233800564
2024-11-12 08:00:00,1.06788,1.06863,1.06732,1.06818,14452,,0.00028089098805514606,3.3751088182137123,5.773923202430648,9.135195096633465
2024-11-12 09:00:00,1.06818,1.06858,1.06727,1.06763,13260,,-0.0005150270971268028,3.43026979860772,5.774277051744804,9.137224767640182
2024-11-12 10:00:00,1.06768,1.06773,1.06602,1.06677,18573,,-0.000805847120070916,3.578368408846925,5.799243107361204,9.143956373664778
2024-11-12 11:00:00,1.06672,1.06748,1.06547,1.06567,18605,,-0.0010316821083520976,3.8269487541993454,5.842141785657508,9.155813804945288
2024-11-12 12:00:00,1.06572,1.06672,1.06537,1.06652,10953,,0.0007973023464402689,4.060439177642889,5.942765895655177,9.163900286220304
2024-11-12 13:00:00,1.06657,1.06763,1.06652,1.06753,8209,,0.0009465570866765344,4.539984645602855,6.022211861502297,9.177292797492546
2024-11-12 14:00:00,1.06748,1.06773,1.06712,1.06717,6449,,-0.000337283930681578,4.269060246603479,6.021359441724521,9.178115272873171
2024-11-12 15:00:00,1.06717,1.06828,1.06682,1.06813,8984,,0.0008991711372460613,4.674994280913068,6.13099670604769,9.18690368829687
2024-11-12 16:00:00,1.06813,1.06858,1.06808,1.06823,3253,,9.361718069335682e-05,4.503351076102515,6.121691294482929,9.187122154585692
2024-11-12 18:00:00,1.06803,1.06808,1.06727,1.06753,2448,,-0.000655504387257915,4.561175203788885,6.133405820882533,9.191369280082862
2024-11-12 19:00:00,1.06753,1.06753,1.06697,1.06717,2770,,-0.000337283930681578,4.533735977885572,6.126233234233249,9.191473516297727
2024-11-12 20:00:00,1.06712,1.06878,1.06707,1.06868,6293,,0.0014139572082080022,5.158801744013671,6.351183311152393,9.21913753061635
2024-11-12 21:00:00,1.06868,1.06878,1.06803,1.06848,3216,,-0.00018716427462974513,5.134848647123927,6.310441272427999,9.219139142031265
2024-11-12 22:00:00,1.06848,1.06863,1.06768,1.06778,1928,,-0.0006553509638839641,5.1633720075040035,6.274616688445676,9.222407900306077
2024-11-12 23:00:00,1.06773,1.06813,1.06763,1.06768,1136,,-9.365663610936607e-05,5.159330847633656,6.067441891629627,9.22222120299674
2024-11-13 00:00:00,1.06763,1.06768,1.06682,1.06717,2420,,-0.0004777853335849382,5.2079372109418625,6.072807119864809,9.22430016465683
2024-11-13 01:00:00,1.06717,1.06753,1.06662,1.06717,4077,,0.0,5.150772095845956,6.076702586188807,9.214660646306456
2024-11-13 02:00:00,1.06717,1.06732,1.06612,1.06612,6982,,-0.0009843950750159805,5.245667453266149,5.049221132923516,9.225405092734263
2024-11-13 03:00:00,1.06612,1.06722,1.06522,1.06702,13761,,0.0008438265218442051,5.478616632715772,5.150470853830023,9.224029390445482
2024-11-13 04:00:00,1.06702,1.06888,1.06667,1.06853,14407,,0.0014141558396159903,6.031158721941799,5.384681704933278,9.249395857621714
2024-11-13 05:00:00,1.06853,1.06868,1.06702,1.06732,9225,,-0.0011330384900131861,6.337654914462247,5.409841991273605,9.215684020596813
2024-11-13 06:00:00,1.06732,1.06968,1.06682,1.06958,11861,,0.002115214415862381,7.289489764705018,5.849856570995289,9.26640781926394
2024-11-13 07:00:00,1.06963,1.07019,1.06833,1.06903,13646,,-0.0005143527918841175,7.192276506558841,5.856065021648319,9.24797825559758
2024-11-13 08:00:00,1.06903,1.07139,1.06823,1.06958,41720,,0.0005143527918841883,6.910933982968519,5.872684494070372,9.251731145537288
2024-11-13 09:00:00,1.06953,1.06973,1.06346,1.06441,41980,,-0.0048453930103038905,11.044532948415577,7.523728911718321,9.545701222029502
2024-11-13 10:00:00,1.06441,1.06522,1.0614,1.06471,46670,,0.0002818065698367273,10.903811624111745,7.526883496392854,9.54066730572534
2024-11-13 11:00:00,1.06471,1.06507,1.0621,1.06245,19125,,-0.0021248997257963522,11.440710006420252,7.751403234402303,9.585573810661348
2024-11-13 12:00:00,1.0625,1.06361,1.06195,1.06271,12050,,0.0002446874600475225,11.292261113765948,7.760350940202669,9.58678238862447
2024-11-13 13:00:00,1.06276,1.06281,1.0615,1.06175,10974,,-0.0009037591344082755,11.327567763700605,7.789382830542153,9.591103583888943
2024-11-13 14:00:00,1.0617,1.06346,1.0615,1.06235,10105,,0.0005649451682670831,11.405643509278548,7.811065848195995,9.596220448431252
2024-11-13 15:00:00,1.0624,1.06271,1.0617,1.062,7524,,-0.0003295125597634828,11.405447471283251,7.793525624651562,9.596772902774319
2024-11-13 16:00:00,1.06205,1.0625,1.06195,1.0621,2803,,9.415752560987138e-05,11.019573088121012,7.319257833491862,9.596232903653364
2024-11-13 18:00:00,1.06215,1.0623,1.06185,1.0622,1817,,9.414866080478163e-05,11.040296935185806,7.325142388140719,9.596670267143082
2024-11-13 19:00:00,1.0623,1.0626,1.06195,1.06225,2297,,4.707100662197046e-05,11.03483593678327,7.3214308356163995,9.596306622389195
2024-11-13 20:00:00,1.0622,1.0622,1.0608,1.0613,5247,,-0.0008947282271442032,11.084302107648837,7.322408257114994,9.603410433961637
2024-11-13 21:00:00,1.0613,1.0615,1.06045,1.06065,4398,,-0.0006126440494171517,11.093676918829502,7.300765683798188,9.605331174327063
2024-11-13 22:00:00,1.06065,1.06125,1.06024,1.0605,2978,,-0.0001414327136224775,11.083963958243038,7.25407908178685,9.605348194530281
2024-11-13 23:00:00,1.0605,1.06075,1.06024,1.06055,1890,,4.71464604883289e-05,11.030236252996284,7.252543472443181,9.596529552179815
2024-11-14 00:00:00,1.06055,1.06055,1.05904,1.0604,5811,,-0.00014144605035491055,10.847390766677362,7.245746913721495,9.5952735073283
2024-11-14 01:00:00,1.0604,1.06115,1.05994,1.06019,5301,,-0.00019805808825517935,10.383515746559224,7.222062527195418,9.565306018276814
2024-11-14 02:00:00,1.06024,1.06115,1.05979,1.0608,7493,,0.0005752031049826665,10.420193682026397,7.232577540310949,9.567165941321594
2024-11-14 03:00:00,1.0608,1.0615,1.05889,1.05929,13220,,-0.0014244680700625473,9.586413584052515,7.342088470366689,9.58703969551213
2024-11-14 04:00:00,1.05929,1.05989,1.05748,1.05773,14092,,-0.0014737699996785387,9.740234649978738,7.449740903801752,9.602241784424498
2024-11-14 05:00:00,1.05763,1.05778,1.05583,1.05683,15171,,-0.0008512409714984794,9.56140738475462,7.472829142723278,9.599774230672365
2024-11-14 06:00:00,1.05683,1.05909,1.05527,1.05859,21118,,0.0016639725502182127,6.603393551374102,7.679846529408504,9.534729314125519
2024-11-14 07:00:00,1.05859,1.06019,1.05799,1.05929,13649,,0.0006610384209589332,6.736611770134703,7.7262636867979975,9.537394361521494
2024-11-14 08:00:00,1.05924,1.06004,1.05708,1.05874,32562,,-0.0005193505402307009,5.836604232424801,7.683342615652899,9.510808413234823
2024-11-14 09:00:00,1.05869,1.06255,1.05864,1.061,34747,,0.0021323377926783923,7.062825418693927,8.029721486136888,9.57539512884827
2024-11-14 10:00:00,1.061,1.06351,1.061,1.06321,23536,,0.002080774308916616,7.821614323862996,8.305379221037631,9.632850724470218
2024-11-14 11:00:00,1.06316,1.06401,1.06175,1.0619,13891,,-0.0012328775130998374,8.079110504847824,8.373643797868983,9.64622288940292
2024-11-14 12:00:00,1.06185,1.06205,1.0612,1.0616,10956,,-0.0002825523918021314,8.07381671337528,8.367701430523793,9.640281499552719
2024-11-14 13:00:00,1.06165,1.0618,1.0603,1.0604,6847,,-0.001131008603127363,8.29724721924609,8.400493325580147,9.652701056021883
2024-11-14 14:00:00,1.0604,1.06085,1.06004,1.06045,6826,,4.715090648477106e-05,8.294507632996135,8.39991179489842,9.652869925473025
2024-11-14 15:00:00,1.0605,1.06075,1.05683,1.05773,27652,,-0.0025682439594983744,9.344849601934046,8.735561794734178,9.727686505834315
2024-11-14 16:00:00,1.05768,1.05869,1.05758,1.05869,2643,,0.0009071923964428276,9.451285149697412,8.803702451100733,9.7399880145931
2024-11-14 18:00:00,1.05874,1.05879,1.05824,1.05854,1635,,-0.00014169457286254404,9.409026432174892,8.802927502590917,9.73446457087173
2024-11-14 19:00:00,1.05854,1.05899,1.05794,1.05869,2919,,0.0001416945728625349,9.417893729942419,8.800880076997146,9.732244934025408
2024-11-14 20:00:00,1.05869,1.05979,1.05844,1.05879,3401,,9.445189571971065e-05,9.420372089958736,8.779711620862251,9.732477842293264
2024-11-14 21:00:00,1.05884,1.05994,1.05884,1.05974,2405,,0.0008968483464257475,9.571698403101175,8.838399744865255,9.745356666346522
2024-11-14 22:00:00,1.05974,1.06024,1.05954,1.05969,2300,,-4.718249718948544e-05,9.56691742153071,8.835943233308049,9.743018843054054
2024-11-14 23:00:00,1.05964,1.0603,1.05954,1.05989,1046,,0.00018871663310035931,9.513374327908135,8.832051166250958,9.744020633920211
2024-11-15 00:00:00,1.05984,1.05994,1.05954,1.05969,1397,,-0.00018871663310052097,9.178955221679775,8.823535536791287,9.735964525233705
2024-11-15 01:00:00,1.05964,1.0618,1.05904,1.06105,7805,,0.0012825713538030378,9.001956962018069,8.906937179155259,9.760275709931992
2024-11-15 02:00:00,1.061,1.06205,1.06075,1.06125,6441,,0.000188474768498319,8.810931718885282,8.858758085630134,9.749322431175292
2024-11-15 03:00:00,1.0613,1.06281,1.06085,1.06266,12131,,0.0013277400710388005,8.652123636227287,8.92768711375151,9.77471548278534
2024-11-15 04:00:00,1.0626,1.06366,1.06175,1.06185,11927,,-0.0007625288082879438,8.759878940573943,8.894916577092053,9.779390966100868
2024-11-15 05:00:00,1.06185,1.06341,1.06155,1.06311,7934,,0.0011859048148378664,8.864567278906899,8.982349378737913,9.781893514686422
2024-11-15 06:00:00,1.06306,1.06366,1.06271,1.06336,8089,,0.00023513146308370026,8.136204321919777,8.93400600189426,9.744356448617399
2024-11-15 07:00:00,1.06336,1.06356,1.06205,1.06326,6297,,-9.404595092085349e-05,7.295851719083718,8.932370567343959,9.738955013072738
2024-11-15 08:00:00,1.06326,1.06501,1.0611,1.0615,33515,,-0.0016566580719978047,7.556790454790107,9.054473279326787,9.759696155523091
2024-11-15 09:00:00,1.06145,1.062,1.05799,1.05879,29302,,-0.002556255489291408,8.749607546135813,9.383582093438234,9.831415880465878
2024-11-15 10:00:00,1.05884,1.05984,1.05814,1.05914,21234,,0.0003305113985696275,8.586303683619306,9.262950650757494,9.831528727363068
2024-11-15 11:00:00,1.05909,1.0608,1.05894,1.06075,15867,,0.0015189470298453817,9.015207338062238,9.412993067555279,9.85374953058978
2024-11-15 12:00:00,1.06075,1.06165,1.06035,1.0605,9753,,-0.00023571007769712383,7.705786711862047,9.397991139520975,9.847389421018287
2024-11-15 13:00:00,1.06055,1.0611,1.05949,1.0608,5006,,0.0002828454268609553,7.581016704035245,9.40642567823794,9.843060182436442
2024-11-15 14:00:00,1.06085,1.06085,1.05924,1.05934,6922,,-0.0013772677566438146,7.999127236248698,9.485714127571807,9.861045740777401
2024-11-15 15:00:00,1.05934,1.05939,1.05728,1.05844,10023,,-0.0008499466934059695,8.142704140037008,9.512785496554264,9.867246935764593
2024-11-15 16:00:00,1.05839,1.05984,1.05794,1.05974,5480,,0.0012274690188968148,8.423306640709129,9.5698196771103,9.887975150678807
2024-11-17 18:00:00,1.05939,1.05939,1.05884,1.05914,2343,,-0.0005663369478562695,8.3360476320283,9.531900919853536,9.88712884734608
2024-11-17 19:00:00,1.05919,1.06055,1.05889,1.0605,3590,,0.001283236952148251,8.641899596214516,9.511134796074238,9.911571285299623
2024-11-17 20:00:00,1.06045,1.06065,1.05944,1.05984,3391,,-0.0006225416879516958,8.711790184591232,9.469430579610115,9.914585187437872
2024-11-17 21:00:00,1.05979,1.06024,1.05939,1.05974,1850,,-9.4358316340246e-05,8.706909007122606,9.191217775797899,9.914230565870717
2024-11-17 22:00:00,1.05974,1.06004,1.05859,1.05899,1736,,-0.0007079713142555257,8.459831432599914,9.201048762779745,9.91654338349325
2024-11-17 23:00:00,1.05904,1.05984,1.05899,1.05969,1334,,0.0006607888170660759,8.549984962509347,9.213172442329263,9.923235981267407
2024-11-18 00:00:00,1.05964,1.05999,1.05914,1.05939,2409,,-0.0002831417426469452,8.159568187098373,7.873405430006077,9.92212166268756
2024-11-18 01:00:00,1.05939,1.06035,1.05924,1.05989,3253,,0.0004718583757474314,8.148919681494412,7.884632133788115,9.924254649974744
2024-11-18 02:00:00,1.05989,1.06045,1.05939,1.0603,6490,,0.0003867577953963279,7.863377891957719,7.614060785303957,9.92691353012922
2024-11-18 03:00:00,1.06035,1.0612,1.05974,1.0603,8293,,0.0,7.838994308331835,7.608849358674856,9.925968524688834
2024-11-18 04:00:00,1.06024,1.06276,1.05994,1.06225,11348,,0.0018374130631683425,8.564247410939615,7.784752491954319,9.964747000299942
2024-11-18 05:00:00,1.06225,1.0623,1.06014,1.06045,7585,,-0.0016959536735655833,8.587989223024675,7.948122522702534,9.956496265142452
2024-11-18 06:00:00,1.06045,1.06045,1.05889,1.05984,7169,,-0.0005753930045699117,7.34893050954471,7.961448298744561,9.933769600435525
2024-11-18 07:00:00,1.05984,1.06045,1.05909,1.0603,8149,,0.00043393361496715815,7.363702070454578,7.974350001222823,9.919746399173631
2024-11-18 08:00:00,1.06035,1.0625,1.06014,1.0624,12484,,0.0019786127904169127,7.690767479463583,8.224526317211902,9.97081179617097
2024-11-18 09:00:00,1.0624,1.06311,1.06165,1.06255,12419,,0.00014117979270026576,7.669773137615637,8.225584287838375,9.969330647819481
2024-11-18 10:00:00,1.06255,1.06321,1.0617,1.06296,12956,,0.00038578976818264373,7.67981474227673,8.182408841301942,9.947760994292244
2024-11-18 11:00:00,1.06296,1.06421,1.06215,1.06421,11102,,0.0011752705650056768,7.392466318883583,8.236071974312809,9.965411623452432
2024-11-18 12:00:00,1.06421,1.06486,1.06361,1.06476,9459,,0.000516681787188601,7.1348613808459875,8.246410275916706,9.96958554382573
2024-11-18 13:00:00,1.06471,1.06542,1.06431,1.06532,8679,,0.0005258018599319196,6.945617727281224,8.25923269190092,9.973832228090965
2024-11-18 14:00:00,1.06537,1.06637,1.06451,1.06471,12571,,-0.0005727619016409867,6.948067064194643,8.282128962655543,9.809438167589004
2024-11-18 15:00:00,1.06471,1.06527,1.06451,1.06491,5709,,0.00018782693681308516,6.692099149592595,8.278501383088175,9.807744773476843
2024-11-18 16:00:00,1.06481,1.06567,1.06466,1.06547,4604,,0.0005257278165379674,6.534804545749119,8.275579603593,9.796075046354428
2024-11-18 18:00:00,1.06562,1.06562,1.06486,1.06501,2246,,-0.0004318275760844134,6.619660900201104,8.150493019620393,9.791167738980711
2024-11-18 19:00:00,1.06501,1.06507,1.06426,1.06451,3562,,-0.0004695893996657395,6.522339383933602,8.014242913485212,9.785467589988967
2024-11-18 20:00:00,1.06451,1.06517,1.06446,1.06486,2863,,0.0003287357323075677,6.48282170852692,7.957051735585731,9.787178056573186
2024-11-18 21:00:00,1.06486,1.06522,1.06446,1.06476,2671,,-9.391346819944293e-05,6.442127414913497,7.803033242893766,9.78638811042023
2024-11-18 22:00:00,1.06476,1.06567,1.06471,1.06527,2060,,0.00047886650398900986,6.442897431505799,7.791666611916133,9.786600859432957
2024-11-18 23:00:00,1.06527,1.06567,1.06421,1.06421,2208,,-0.0009955482911775757,6.7906841467260355,7.844570121464646,9.796178116725745
2024-11-19 00:00:00,1.06426,1.06441,1.06381,1.06396,2468,,-0.0002349436381022511,6.823165595446476,7.5666397099030895,9.795239280693911
2024-11-19 01:00:00,1.06396,1.06517,1.06391,1.06486,3547,,0.0008455388934903052,6.246288348322853,7.323946774273195,9.80473357253908
2024-11-19 02:00:00,1.06486,1.06507,1.06301,1.06331,9163,,-0.001456650807097038,6.034783281708884,7.366691222995321,9.822090514257715
2024-11-19 03:00:00,1.06336,1.06436,1.0618,1.06271,15952,,-0.0005644349685602554,6.030707831606325,7.384057335186291,9.806034293996255
2024-11-19 04:00:00,1.06271,1.06341,1.05789,1.06055,34208,,-0.0020346078625633683,7.078294771539186,7.581215062559988,9.845657983805777
2024-11-19 05:00:00,1.0605,1.0625,1.05994,1.0617,10835,,0.0010837555543020785,6.427977286973341,7.65853531581016,9.863680218524463
2024-11-19 06:00:00,1.0617,1.06205,1.0605,1.06175,7010,,4.709317385303773e-05,6.421943405270687,7.188321639491936,9.862754074557303
2024-11-19 07:00:00,1.0618,1.06281,1.06155,1.06281,7882,,0.0009978537560290728,6.635075295529324,7.199800189708608,9.878291861369824
2024-11-19 08:00:00,1.06281,1.06532,1.06271,1.06331,20009,,0.00047034034693940025,6.341992903857478,7.208029171547414,9.86451996105386
2024-11-19 09:00:00,1.06326,1.06517,1.06255,1.06286,19205,,-0.0004232963560950831,6.2886947764788745,7.22496527826459,9.862779475075142
2024-11-19 10:00:00,1.06286,1.06572,1.0621,1.06426,19350,,0.001316334012328941,6.673318739665238,7.33331738697149,9.887743791895721
2024-11-19 11:00:00,1.06426,1.06491,1.06271,1.06336,12593,,-0.0008460157863534255,6.757867762406124,7.344501691440265,9.890931860032
2024-11-19 12:00:00,1.06331,1.06451,1.06326,1.06361,7084,,0.00023507618927495587,6.763956615317385,7.345870925975323,9.892108776560454
2024-11-19 13:00:00,1.06356,1.06461,1.06271,1.06456,4244,,0.0008927858799823556,6.894184758853061,7.3922306610165,9.903416777513291
2024-11-19 14:00:00,1.06461,1.06512,1.06396,1.06491,5467,,0.0003287202948636368,6.884399861297517,7.3916864549857175,9.904633130109918
2024-11-19 15:00:00,1.06496,1.06542,1.06471,1.06491,3713,,0.0,6.831688615369272,7.289583026347203,9.903742430387004
2024-11-19 16:00:00,1.06491,1.06532,1.06486,1.06512,1572,,0.0001971803220428061,6.816503045509833,7.2897449049098615,9.903847305993418
2024-11-19 18:00:00,1.06527,1.06632,1.06512,1.06627,2486,,0.0010791081046597466,7.059262658323895,7.249608142208527,9.920900509757152
2024-11-19 19:00:00,1.06627,1.06652,1.06547,1.06547,2539,,-0.0007505606101647125,7.1561502143665425,7.248231898963872,9.925996654392852
2024-11-19 20:00:00,1.06552,1.06592,1.06512,1.06557,2239,,9.385088977528656e-05,6.915898854282321,7.156176814242545,9.926438732993129
2024-11-19 21:00:00,1.06557,1.06592,1.06512,1.06517,2518,,-0.0003754564186140302,6.939499514196794,7.165231936194519,9.925552058154071
2024-11-19 22:00:00,1.06517,1.06542,1.06436,1.06451,1613,,-0.0006198114469113407,6.876930727070878,7.193824838446004,9.927342996769651
2024-11-19 23:00:00,1.06456,1.06501,1.06431,1.06486,1160,,0.0003287357323075677,6.368794210905785,6.99295932824609,9.921948411242425
2024-11-20 00:00:00,1.06481,1.06501,1.06421,1.06426,1804,,-0.0005636131508632031,6.368532608918709,6.499671908444708,9.922116234646017
2024-11-20 01:00:00,1.06426,1.06512,1.06386,1.06431,3480,,4.697989731074845e-05,5.072749051427397,6.494964868421082,9.922276608210744
2024-11-20 02:00:00,1.06426,1.06507,1.06321,1.06341,11524,,-0.0008459760247361454,5.084626236426632,6.3914833547401,9.927658032815486
2024-11-20 03:00:00,1.06346,1.06346,1.0616,1.06195,9181,,-0.0013738851109018839,5.679905802436663,6.542498489010742,9.941838766283684
2024-11-20 04:00:00,1.06195,1.0624,1.06085,1.0611,8349,,-0.0008007348347110447,5.543081943627854,6.588631696601363,9.94686993954815
2024-11-20 05:00:00,1.0611,1.06165,1.06009,1.06045,9085,,-0.0006127595581892721,5.520408118211298,6.467854318822179,9.949277214084812
2024-11-20 06:00:00,1.0604,1.0612,1.05979,1.061,6837,,0.0005185132926277619,5.605945863871269,6.425515114438481,9.928266056097277
2024-11-20 07:00:00,1.061,1.06235,1.0607,1.0614,9773,,0.00037693177981142913,5.069428756459706,6.320305284584185,9.930492010468656
2024-11-20 08:00:00,1.0614,1.06185,1.06065,1.0612,10024,,-0.00018844813020995924,4.901862825238106,6.295333932329061,9.893911591865939
2024-11-20 09:00:00,1.0612,1.06125,1.05778,1.05799,21234,,-0.0030294616858495492,7.018338168063611,6.878928325863934,9.981682079024367
2024-11-20 10:00:00,1.05804,1.05929,1.05698,1.05768,19065,,-0.00029305137589374745,6.691011629112778,6.858223667362038,9.9811837329591
2024-11-20 11:00:00,1.05768,1.05799,1.05618,1.05753,19380,,-0.00014182988946845454,6.5941874305575965,6.858817508130112,9.980694445627579
2024-11-20 12:00:00,1.05748,1.05914,1.05708,1.05874,7407,,0.0011435215089321074,7.068874246949823,6.924126536328953,9.999233892848936
2024-11-20 13:00:00,1.05874,1.05919,1.05809,1.05909,6557,,0.000330527004704239,7.101886472333126,6.899521293466037,9.998831277669336
2024-11-20 14:00:00,1.05914,1.05979,1.05909,1.05949,3917,,0.00037761142345613715,6.770369182829157,6.904542639471539,9.99900594905729
2024-11-20 15:00:00,1.05949,1.05949,1.05914,1.05944,2769,,-4.7193630756444234e-05,6.738044126908995,6.887948017833574,9.01799097710794
2024-11-20 16:00:00,1.05939,1.05999,1.05929,1.05989,1483,,0.000424662517647225,6.8211053984178776,6.890274417666728,9.021711009610419
2024-11-20 18:00:00,1.05979,1.06004,1.05969,1.06004,1067,,0.00014151410683410593,6.854159089777752,6.891874792604471,8.379380898241303
2024-11-20 19:00:00,1.05999,1.06019,1.05964,1.06004,2170,,0.0,6.82993338868661,6.6305419296039645,8.350722452472255
2024-11-20 20:00:00,1.05999,1.0604,1.05989,1.05999,1530,,-4.716914384172484e-05,6.766467220250023,6.41005820581349,8.22260288163818
2024-11-20 21:00:00,1.05999,1.06045,1.05999,1.06035,1356,,0.0003395681857241538,6.806538855201875,6.392724380803616,8.186317068692734
2024-11-20 22:00:00,1.0604,1.06075,1.06014,1.0607,874,,0.00033002522635184565,6.8547439594987765,6.3864759960266815,8.054360921636224
2024-11-20 23:00:00,1.06075,1.0609,1.0603,1.0606,1210,,-9.428180839493423e-05,6.742458283057946,6.061054275163591,8.044221765801248
2024-11-21 00:00:00,1.0605,1.0606,1.06004,1.06009,1372,,-0.00048097554082101327,6.388574060185875,6.075395121078684,7.837952546511598
2024-11-21 01:00:00,1.06009,1.0609,1.05959,1.05994,3370,,-0.00014150743173459222,6.255825062707497,6.060682543535449,7.799331260290199
2024-11-21 02:00:00,1.05989,1.06019,1.05839,1.05899,10672,,-0.0008966790442842713,6.3551423986163895,5.988772054911845,7.800682918743222
2024-11-21 03:00:00,1.05909,1.05974,1.05783,1.05949,9011,,0.00047203656327565627,6.3419684652634745,5.984363521492077,7.611904621967165
2024-11-21 04:00:00,1.05944,1.05949,1.05678,1.05708,12441,,-0.002277270339760696,7.345170891560701,6.343167895826863,7.640687603969154
2024-11-21 05:00:00,1.05708,1.05829,1.05678,1.05748,9477,,0.00037832930233338966,7.414767848687758,6.346897396223397,7.578044951516091
2024-11-21 06:00:00,1.05748,1.05854,1.05703,1.05738,8549,,-9.456890770500835e-05,5.263373074716414,6.339479457580824,7.571648028667337
2024-11-21 07:00:00,1.05743,1.05899,1.05713,1.05809,8530,,0.0006712456585616991,5.375220871606331,6.35629390597183,7.501282449160178
2024-11-21 08:00:00,1.05814,1.05939,1.05693,1.05869,17095,,0.0005668987954048419,5.448355145624824,6.384427205636816,7.502822497479259
2024-11-21 09:00:00,1.05869,1.05899,1.05748,1.05889,14869,,0.00018889487112157258,5.08171380785879,6.379494603891944,7.501976164560885
2024-11-21 10:00:00,1.05894,1.05989,1.05633,1.05643,19100,,-0.0023258902757048554,6.457002755816714,6.747747341876273,7.482055048987962
2024-11-21 11:00:00,1.05643,1.05688,1.05251,1.05276,42150,,-0.003480012425423701,8.621609436378758,7.538026417241824,7.6287259850944364
2024-11-21 12:00:00,1.05281,1.05417,1.05156,1.05407,18417,,0.001243574629964424,9.033316216296358,7.645797169067064,7.65731459410348
2024-11-21 13:00:00,1.05407,1.05432,1.05317,1.05397,5335,,-9.487486013071223e-05,8.953885692242126,7.600189712670915,7.654470573311188
2024-11-21 14:00:00,1.05397,1.05412,1.05271,1.05387,8215,,-9.488386222387199e-05,8.927855520732608,7.600096485791148,7.6541545700961375
2024-11-21 15:00:00,1.05377,1.05407,1.05312,1.05322,7387,,-0.0006169646485136641,8.928115347504102,7.543611210253366,7.647485224059302
2024-11-21 16:00:00,1.05327,1.05347,1.05251,1.05281,2511,,-0.0003893581812031532,8.91431654595453,7.434230986026524,7.648025711189316
2024-11-21 18:00:00,1.05281,1.05306,1.05211,1.05221,1922,,-0.0005700658580428703,8.833615686763313,7.434542951864865,7.598632498861018
2024-11-21 19:00:00,1.05221,1.05286,1.05196,1.05286,2856,,0.0006175566804501787,8.921447059067125,7.224927188310189,7.604010352521849
2024-11-21 20:00:00,1.05291,1.05306,1.05226,1.05246,2392,,-0.0003799897448492794,8.907067339714791,7.123412985817453,7.605130933974978
2024-11-21 21:00:00,1.05246,1.05266,1.05201,1.05261,1906,,0.00014251307581601586,8.951610376542922,7.1267035174910855,7.593416722586084
2024-11-21 22:00:00,1.05261,1.05322,1.05256,1.05281,1468,,0.00018998584662580214,8.995119710716533,7.0396309448581915,7.591194070687972
2024-11-21 23:00:00,1.05281,1.05291,1.05226,1.05276,860,,-4.749307789292312e-05,8.948166341920295,7.011425894349167,7.590287299858176
2024-11-22 00:00:00,1.05276,1.05276,1.05146,1.05181,2628,,-0.0009027973073114511,8.892233546636998,7.045892715881082,7.556884077468222
2024-11-22 01:00:00,1.05176,1.05236,1.05171,1.05226,3114,,0.0004277424295399942,8.26112517211949,6.908339100970426,7.498491355377411
2024-11-22 02:00:00,1.05231,1.05427,1.05156,1.05397,10241,,0.001623754647605015,8.817490639887103,7.109634656218648,7.5296549862023054
2024-11-22 03:00:00,1.05397,1.05527,1.04945,1.0497,31595,,-0.004059577656374261,11.112167347856165,8.109693000112317,7.773767871210543
2024-11-22 04:00:00,1.0497,1.05005,1.0384,1.04553,80956,,-0.003980475180149266,12.57945083848907,8.865317795355713,7.962337634291209
2024-11-22 05:00:00,1.04553,1.0491,1.04378,1.04829,27925,,0.002636331297394821,13.657523649773792,9.32410681540931,8.03465727948705
2024-11-22 06:00:00,1.04829,1.04835,1.04609,1.04694,13815,,-0.0012886415208040068,13.664179868945986,9.376578358519899,8.00973454239924
2024-11-22 07:00:00,1.04699,1.04724,1.04508,1.04604,14423,,-0.0008600178267084852,13.296535788037609,9.381080664342933,8.015605561764485
2024-11-22 08:00:00,1.04609,1.04875,1.04593,1.04824,14850,,0.0021009614848448623,12.84134044244483,9.589006977369644,8.04810496660789
2024-11-22 09:00:00,1.04824,1.0488,1.04538,1.04568,23346,,-0.002445175819033621,13.106915481740069,9.821603001564789,8.100097424206234
2024-11-22 10:00:00,1.04583,1.04734,1.04478,1.04634,25593,,0.0006309691321276078,13.22090859834181,9.859114114612565,8.106134241107414
2024-11-22 11:00:00,1.04634,1.04649,1.04453,1.04513,15368,,-0.0011570810339134917,13.281163789670863,9.89612160980598,8.095017056576872
2024-11-22 12:00:00,1.04513,1.04734,1.04513,1.04719,9023,,0.0019691067003299316,13.903629811683457,10.152818550817445,8.10001559765747
2024-11-22 13:00:00,1.04714,1.04779,1.04674,1.04694,6152,,-0.0002387626376469033,13.902569996687339,10.134287624996498,8.09981549336079
2024-11-22 14:00:00,1.04694,1.04714,1.04614,1.04639,6057,,-0.0005254785558473413,13.899820200712613,10.133276949845522,8.09825313070363
2024-11-22 15:00:00,1.04639,1.04709,1.04604,1.04679,5283,,0.0003821936048205816,13.857547634345629,10.150015477346782,8.100473252464713
2024-11-22 16:00:00,1.04674,1.04729,1.04659,1.04719,2482,,0.0003820475886735987,13.904916744910098,10.15428611008852,8.104327432478485
2024-11-24 18:00:00,1.0504,1.05568,1.0495,1.05332,13562,,0.0058366943290435675,17.483163714253486,11.7896087476379,8.618515756654789
2024-11-24 19:00:00,1.05317,1.05382,1.05261,1.05342,6976,,9.493340428832796e-05,17.481240516837804,11.772122692361394,8.618722967704413
2024-11-24 20:00:00,1.05337,1.05432,1.05271,1.05312,5201,,-0.0002848272541970801,17.489414607518672,11.762682527058931,8.614286993971001
2024-11-24 21:00:00,1.05306,1.05427,1.05276,1.05402,4772,,0.0008542384983714739,17.462115206881947,11.786041374128184,8.627515935004022
2024-11-24 22:00:00,1.05402,1.05417,1.05286,1.05306,2795,,-0.0009112136856926963,17.538395733935793,11.80243192126665,8.635102047963002
2024-11-24 23:00:00,1.05306,1.05342,1.05276,1.05327,1307,,0.000199398955240204,17.30176038377433,11.806935536592926,8.634811878631567
2024-11-25 00:00:00,1.05322,1.05357,1.05276,1.05322,1692,,-4.747233550533532e-05,15.658404237037276,11.428496431951725,8.634868849814655
2024-11-25 01:00:00,1.05322,1.05427,1.05281,1.05362,5333,,0.00037971559758320973,13.694447180115581,11.43531558870538,8.63793913014877
2024-11-25 02:00:00,1.05362,1.05367,1.05025,1.05035,11780,,-0.003108411843282754,14.318276355726544,11.836815924181108,8.762614581813644
2024-11-25 03:00:00,1.05035,1.05196,1.05015,1.05186,12909,,0.0014365836521485122,14.262234971122087,11.872323356828629,8.791418676798802
2024-11-25 04:00:00,1.05176,1.05502,1.05156,1.05427,17064,,0.0022885586852327815,14.541390876253175,12.107007933703683,8.859564560473515
2024-11-25 05:00:00,1.05422,1.05497,1.05367,1.05392,8786,,-0.00033203838668784737,14.243585132033324,12.100713901478496,8.820317760390816
2024-11-25 06:00:00,1.05392,1.05432,1.05281,1.05327,5903,,-0.0006169353694886687,13.467837819847908,12.112266007012447,8.823927555366218
2024-11-25 07:00:00,1.05327,1.05462,1.05271,1.05412,7027,,0.0008066850901771234,13.482482930317099,12.135194299234438,8.835070364431404
2024-11-25 08:00:00,1.05422,1.05839,1.05412,1.05819,32447,,0.0038536058028584234,14.455964459799613,12.764097454453713,8.876171122699303
2024-11-25 09:00:00,1.05819,1.05834,1.05578,1.05613,21204,,-0.0019486176660460462,14.891725369595008,12.90865476068482,8.924100457035111
2024-11-25 10:00:00,1.05613,1.05728,1.05392,1.05417,30442,,-0.0018575563318809197,15.379495794117727,13.033939065493,8.966631013671508
2024-11-25 11:00:00,1.05412,1.05477,1.05196,1.05306,22183,,-0.0010535158503488734,15.501460927103233,13.06169478642764,8.970727301278494
2024-11-25 12:00:00,1.05306,1.05397,1.05216,1.05392,11523,,0.0008163343247288249,15.525575417436194,13.087778156764983,8.978971800975858
2024-11-25 13:00:00,1.05387,1.05613,1.05387,1.05603,9135,,0.0020000480612025594,15.792380828253988,13.257651290898437,9.036955420524148
2024-11-25 14:00:00,1.05608,1.05638,1.05542,1.05588,8233,,-0.00014205150811574466,12.301699809490101,13.251298348134915,9.033344677579363
2024-11-25 15:00:00,1.05583,1.05623,1.05442,1.05452,10401,,-0.0012888553717432757,12.544134616610592,13.30791884664009,9.049472286131207
2024-11-25 16:00:00,1.05452,1.05502,1.05442,1.05487,2254,,0.00033184949507877957,12.537233343282693,13.288295926869157,9.050461610568972
2024-11-25 18:00:00,1.05472,1.05527,1.04945,1.0496,8324,,-0.005008397378980318,15.242507231144161,14.17111706826134,9.366674708865338
2024-11-25 19:00:00,1.0496,1.05096,1.04769,1.04865,14776,,-0.0009055165637206914,15.241676292111253,14.026848603643833,9.37230453720022
2024-11-25 20:00:00,1.0486,1.05171,1.04819,1.0506,7259,,0.0018578068937571382,15.650759308288356,14.160196093731189,9.421712335125818
2024-11-25 21:00:00,1.0506,1.05166,1.05035,1.05126,5754,,0.0006280152071901827,15.705657420688068,14.17951067294418,9.426218755807822
2024-11-25 22:00:00,1.05121,1.05317,1.05101,1.05296,4375,,0.0016158009807577295,15.969003454229167,14.263416775119387,9.462130704114436
2024-11-25 23:00:00,1.05296,1.05422,1.05286,1.05317,2523,,0.00019941789034491614,14.943145105418603,14.251071995461414,9.361973768306104
2024-11-26 00:00:00,1.05317,1.05332,1.05261,1.05271,2591,,-0.0004368720034532508,14.777554935120463,14.252496392074201,9.363311414128205
2024-11-26 01:00:00,1.05271,1.05357,1.05261,1.05281,3398,,9.498841148516549e-05,14.196170314749704,14.070589924128384,9.361207459993325
2024-11-26 02:00:00,1.05286,1.05377,1.05241,1.05241,10715,,-0.00038000779473264994,14.199241186323036,13.635052654081184,9.353959502243208
2024-11-26 03:00:00,1.05241,1.05487,1.05216,1.05432,10305,,0.0018132371241807218,14.527276334419351,13.700387636762462,9.391494032034316
2024-11-26 04:00:00,1.05432,1.05713,1.05427,1.05593,17266,,0.0015258858546465682,14.699365580736343,13.784778373566372,9.412988182582298
2024-11-26 05:00:00,1.05593,1.05728,1.05578,1.05693,9484,,0.0009465843214112303,13.1108837637145,13.814656599620335,9.424191788185537
2024-11-26 06:00:00,1.05688,1.05733,1.05573,1.05658,6773,,-0.000331202599655881,12.663123108324115,13.803524346420698,9.422974856511136
2024-11-26 07:00:00,1.05653,1.05969,1.05618,1.05763,21063,,0.0009932788950272064,12.281350579138048,13.82787380709207,9.434148112958598
2024-11-26 08:00:00,1.05763,1.05789,1.05517,1.05558,22270,,-0.001940176928053195,12.652297762790395,13.961284078974698,9.476364692070687
2024-11-26 09:00:00,1.05558,1.05588,1.05422,1.05542,17809,,-0.00015158692591788056,12.594436562700315,13.950770471530848,9.47584626162194
2024-11-26 10:00:00,1.05553,1.05623,1.05306,1.05317,26276,,-0.0021341283549381057,12.630744173596398,14.11515943461023,9.53037206026235
2024-11-26 11:00:00,1.05322,1.05382,1.05156,1.05317,23552,,0.0,12.63292844205843,14.114525971457157,9.53026432146066
2024-11-26 12:00:00,1.05317,1.05327,1.05166,1.05226,7310,,-0.000864431547632394,12.529975888558125,14.140332299760988,9.534636020883594
2024-11-26 13:00:00,1.05226,1.05266,1.05091,1.05171,7348,,-0.00052282115479617,12.522775376516027,14.149718615519127,9.537136122401128
2024-11-26 14:00:00,1.05176,1.05327,1.05096,1.05246,12555,,0.0007128701880185344,8.879476194734876,14.138969973792435,9.53811625719074
2024-11-26 15:00:00,1.05251,1.05342,1.05231,1.05327,6301,,0.0007693294391504192,8.7305134859853,14.153459970221688,9.545051599590282
2024-11-26 16:00:00,1.05322,1.05422,1.05322,1.05412,3297,,0.0008066850901771234,8.282619062380734,14.081908801065998,9.54617585640743
2024-11-26 18:00:00,1.05412,1.05442,1.05377,1.05432,1485,,0.00018971372256255917,8.239963082956868,13.457872229415656,9.544885333462167
2024-11-26 19:00:00,1.05442,1.05487,1.05407,1.05417,3274,,-0.00014228191763098096,7.796502822688842,12.808817457287972,9.542758223396877
2024-11-26 20:00:00,1.05412,1.05447,1.05367,1.05382,3503,,-0.00033206988953101617,7.820436087879483,12.559396900895242,9.539358030358922
2024-11-26 21:00:00,1.05387,1.05402,1.05337,1.05377,1408,,-4.744755859465527e-05,7.775489647975522,12.481548172479789,9.538119476476796
2024-11-26 22:00:00,1.05377,1.05382,1.05296,1.05347,1879,,-0.0002847326379785931,7.796555889097891,12.449116038133697,9.535449142269918
2024-11-26 23:00:00,1.05347,1.05362,1.05296,1.05306,981,,-0.0003892657642444891,7.798127153922415,12.292573489254202,9.536623390585556
2024-11-27 00:00:00,1.05306,1.05327,1.05266,1.05291,1465,,-0.00014245217192435165,7.084161302540842,12.022800814865011,9.53670585545317
2024-11-27 01:00:00,1.05291,1.05382,1.05276,1.05322,3359,,0.00029437879165924606,6.502597208082775,12.012733854427477,9.535659898358478
2024-11-27 02:00:00,1.05322,1.05573,1.05317,1.05502,9529,,0.0017075858890614089,7.017372994426864,12.047432609937134,9.568037140967643
2024-11-27 03:00:00,1.05502,1.05929,1.05482,1.05663,24738,,0.001524874209239029,7.537658857918206,11.987040940320636,9.599019160196104
2024-11-27 04:00:00,1.05663,1.05708,1.05613,1.05683,14350,,0.00018926310466905118,7.32796255302262,11.98052796383027,9.59946251682717
2024-11-27 05:00:00,1.05683,1.05824,1.05648,1.05799,8205,,0.001097020187376585,6.694094342677319,11.996557935917282,9.614503277145946
2024-11-27 06:00:00,1.05794,1.05824,1.05623,1.05783,7093,,-0.0001512415992900134,6.694050753633504,11.99946676552876,9.611786964472943
2024-11-27 07:00:00,1.05783,1.05904,1.05718,1.05804,10308,,0.00019849990849110354,5.280006955327109,11.997632873378237,9.60496249412479
2024-11-27 08:00:00,1.05809,1.0626,1.05794,1.0625,32992,,0.004206481911635903,8.672324636989872,11.299945028350262,9.815885165841252
2024-11-27 09:00:00,1.0625,1.06316,1.06009,1.0609,29668,,-0.0015070173333461064,9.044239089893237,11.420977921223356,9.835157897542869
2024-11-27 10:00:00,1.06095,1.06326,1.05854,1.0623,32074,,0.0013187643207418782,9.007259772619314,11.476354277030667,9.845751171287088
2024-11-27 11:00:00,1.0623,1.06376,1.0607,1.06266,23834,,0.00033882991062813374,9.00273086224784,11.455334018630513,9.846069170473037
2024-11-27 12:00:00,1.06271,1.06406,1.0624,1.06286,10288,,0.0001881892436583181,9.000461697869035,11.405372059086826,9.836206493306655
2024-11-27 13:00:00,1.06291,1.06311,1.0618,1.0619,5396,,-0.0009036315304541073,9.273890780421862,11.454568076250142,9.845639231561213
2024-11-27 14:00:00,1.06185,1.06235,1.0613,1.0615,6242,,-0.0003767542664889927,9.360405259083041,11.464740932678584,9.842249001847659
2024-11-27 15:00:00,1.0615,1.0619,1.06115,1.0618,6258,,0.0002825790062601953,9.319888557674322,11.462991237651645,9.842158228664088
2024-11-27 16:00:00,1.0618,1.06205,1.0615,1.0619,2094,,9.41752602286697e-05,9.248249618478656,10.976480419135447,9.816822106387075
2024-11-27 18:00:00,1.06185,1.06205,1.06115,1.0613,1485,,-0.0005651846420232057,9.367811299762643,10.925868601789423,9.820094784758554
2024-11-27 19:00:00,1.0613,1.0613,1.06019,1.06035,3852,,-0.0008955294827040767,9.559060427565939,10.752984111575588,9.824537294553839
2024-11-27 20:00:00,1.06024,1.06135,1.05984,1.06075,3874,,0.0003771627973616427,9.469134235088116,10.747628957391935,9.826501265046872
2024-11-27 21:00:00,1.06085,1.0612,1.06019,1.0608,2308,,4.713534916380878e-05,9.442571856046014,10.722384943713092,9.824031457908626
2024-11-27 22:00:00,1.0608,1.06085,1.06009,1.0603,1337,,-0.0004714534998455345,9.556171677660306,10.715107332724157,9.826488723767174
2024-11-27 23:00:00,1.06035,1.06085,1.05999,1.06055,1534,,0.0002357545334730142,9.22007736431181,10.007333291796302,9.815899161947577
2024-11-28 00:00:00,1.0606,1.0609,1.06004,1.06014,1490,,-0.00038666660861160905,8.982406265524112,9.81055769967697,9.808223400535491
2024-11-28 01:00:00,1.06009,1.0603,1.05939,1.05994,2773,,-0.00018867212613982135,9.003285359105769,9.616796286541204,9.78271465896344
2024-11-28 02:00:00,1.05999,1.0606,1.05829,1.05929,6895,,-0.0006134303689385233,8.919664373572214,9.57315923008921,9.771846002185535
2024-11-28 03:00:00,1.05924,1.06009,1.05789,1.05949,12053,,0.00018878788792974605,8.913458130276924,9.545603738353218,9.714886893362907
2024-11-28 04:00:00,1.05949,1.06075,1.05824,1.05834,11160,,-0.0010860173980244334,9.135489244738723,9.413828010652045,9.725759429436545
2024-11-28 05:00:00,1.05829,1.06019,1.05809,1.06014,4561,,0.0016993320051728838,5.962442895681215,9.558463772994255,9.759575768400412
2024-11-28 06:00:00,1.06014,1.06075,1.05969,1.06009,4464,,-4.7164694405209804e-05,5.387267918181079,9.458674216995583,9.466127916640565
2024-11-28 07:00:00,1.06009,1.0605,1.05949,1.05959,2586,,-0.0004717693324214327,4.821781185349842,9.471821685983642,9.467620672076189
2024-11-28 08:00:00,1.05959,1.05984,1.05814,1.05849,7991,,-0.0010386766306226811,4.989613538170901,8.014563825566789,9.423916852377316
2024-11-28 09:00:00,1.05854,1.06009,1.05824,1.06004,6525,,0.0014632790440256896,5.739018479215812,8.050407734408873,9.451092094074204
2024-11-28 10:00:00,1.05999,1.06085,1.05929,1.0604,6772,,0.0003395521716801794,5.613331534522524,7.868308867319182,9.442316063116833
2024-11-28 11:00:00,1.06035,1.06055,1.05984,1.0605,3460,,9.429958986660273e-05,5.591297381963887,7.853633618493334,9.438251520266691
2024-11-28 12:00:00,1.06045,1.0607,1.06014,1.0604,1566,,-9.429958986667428e-05,5.558872077991907,7.711923312672909,9.437008090605811
2024-11-28 13:00:00,1.06045,1.06085,1.06035,1.0607,831,,0.00028287209655410617,5.585795829786404,7.713288732634441,9.437951152401993
2024-11-28 14:00:00,1.0606,1.0608,1.0605,1.06075,357,,4.713757100969986e-05,5.509273114699093,7.692829627872931,9.437859186655578
2024-11-28 15:00:00,1.0608,1.06085,1.06045,1.0606,423,,-0.00014141937940467795,5.281748379438828,7.69749212998038,9.438059689997885
2024-11-28 16:00:00,1.06055,1.0608,1.0605,1.0606,357,,0.0,5.239247866382012,7.681482054814463,9.427855084887844
2024-11-28 18:00:00,1.0606,1.0613,1.06035,1.0611,1953,,0.00047132017651505643,5.30473550354174,7.4958163907690265,9.425894709043659
2024-11-28 19:00:00,1.0611,1.06225,1.0609,1.06135,2989,,0.00023557681090834404,5.240816409090415,7.356058079435594,9.42632819453958
2024-11-28 20:00:00,1.0613,1.06255,1.0607,1.06105,4316,,-0.0002826988333941608,5.259676501249945,7.311925159572608,9.42735077840976
2024-11-28 21:00:00,1.061,1.06245,1.061,1.06215,2508,,0.0010361719088337765,5.4836299307768375,7.364690732862822,9.440785895860735
2024-11-28 22:00:00,1.06215,1.06266,1.06165,1.06245,1781,,0.0002824061018487033,5.467302611308756,7.309456399697417,9.441213801362773
2024-11-28 23:00:00,1.06245,1.06276,1.0619,1.06205,971,,-0.00037655919484728994,5.381233796842325,7.030653305027848,9.438943510459337
2024-11-29 00:00:00,1.06205,1.0625,1.0617,1.06185,1484,,-0.0001883327845860028,5.408036996574558,7.032107736273835,9.413028361948724
2024-11-29 01:00:00,1.06185,1.06311,1.06155,1.06311,2885,,0.0011859048148378664,5.247725466634544,6.733949268056582,9.402116300575072
2024-11-29 02:00:00,1.06311,1.06476,1.06245,1.06306,11910,,-4.703292776152107e-05,4.513091170645979,6.735235661054771,9.39232504190313
2024-11-29 03:00:00,1.06301,1.06326,1.06145,1.0621,8018,,-0.000903461447890326,4.857176964261864,6.741407140246284,9.368267048750772
2024-11-29 04:00:00,1.0621,1.06321,1.06019,1.06085,12407,,-0.0011776067683684534,5.25778306061311,6.84023695951719,9.381026842061384
2024-11-29 05:00:00,1.0608,1.0624,1.0607,1.06155,8124,,0.0006596306307778193,4.949106223344138,6.8359074236403545,9.382916075060283
2024-11-29 06:00:00,1.0615,1.0618,1.06055,1.0613,5361,,-0.00023553242212667034,4.353873433789315,6.815996753841684,9.324963364372305
2024-11-29 07:00:00,1.06135,1.06165,1.05989,1.0615,8241,,0.0001884303755342413,4.3307898348756675,6.780933595364775,9.268737652066482
2024-11-29 08:00:00,1.06155,1.0619,1.06055,1.06135,8581,,-0.00014131945285789357,4.342802325025403,6.785402082972681,9.24918444827808
2024-11-29 09:00:00,1.06135,1.06155,1.05959,1.06035,9407,,-0.0009426404053803409,4.66496489952661,6.863132722294137,9.259738660461213
2024-11-29 10:00:00,1.0604,1.0618,1.05964,1.0612,14840,,0.0008013009785118085,4.849334916676668,6.88472427539681,9.251422082703217
2024-11-29 11:00:00,1.0612,1.06135,1.05914,1.05974,15437,,-0.0013767482631393527,5.425252658627799,7.044635977240101,9.276247769137886
2024-11-29 12:00:00,1.05969,1.0619,1.05944,1.0618,9702,,0.0019419861491260448,6.427697590603676,7.272905409880612,9.238442245567718
2024-11-29 13:00:00,1.06175,1.06291,1.06175,1.0626,4740,,0.0007531538672716953,6.539077501369474,7.279529215113708,9.23514051343269
2024-11-29 14:00:00,1.0626,1.06311,1.06225,1.06281,1082,,0.00019760893256687352,6.506069294136613,7.273513895628005,9.235252354978964
2024-12-01 18:00:00,1.06195,1.06195,1.05839,1.05939,8518,,-0.003223073188800943,8.66535972502438,8.023551670217053,9.371421297238353
2024-12-01 19:00:00,1.05944,1.05964,1.05809,1.05859,4308,,-0.0007554368200320768,8.737100638954963,7.896919371591697,9.37871923940208
2024-12-01 20:00:00,1.05859,1.05894,1.05778,1.05804,3864,,-0.0005196940536405515,8.499658511173472,7.772979179650864,9.37166682085219
2024-12-01 21:00:00,1.05799,1.05819,1.05698,1.05753,4024,,-0.00048213957456332663,8.467213823865034,7.787404441134957,9.374567712650817
2024-12-01 22:00:00,1.05753,1.05773,1.05698,1.05738,1857,,-0.00014185000803973848,8.464302029312766,7.709245112444334,9.374291439682832
2024-12-01 23:00:00,1.05738,1.05789,1.05693,1.05733,2155,,-4.7287807793169056e-05,8.469551945533686,7.707993810059153,9.373892731920549
2024-12-02 00:00:00,1.05738,1.05783,1.05648,1.05718,2231,,-0.0001418768416812011,8.076950510729539,7.706226957664134,9.35238245524293
2024-12-02 01:00:00,1.05718,1.05859,1.05713,1.05824,3785,,0.001002165138569375,8.373766623115394,6.481717229344551,9.36522866825064
2024-12-02 02:00:00,1.05834,1.05874,1.05517,1.05527,13895,,-0.0028104924556492995,9.45133024257483,6.897364255418899,9.442372956072182
2024-12-02 03:00:00,1.05527,1.05623,1.05462,1.05522,17551,,-4.738236145091876e-05,9.3294280968795,6.7463248528402815,9.435407975586594
2024-12-02 04:00:00,1.05517,1.05688,1.05517,1.05638,9552,,0.0010986930447896355,9.49782511920511,6.840787988491597,9.432786450031314
2024-12-02 05:00:00,1.05633,1.05738,1.05558,1.05713,11688,,0.0007097198797082995,9.641692289585592,6.883123793167916,9.438856613983251
2024-12-02 06:00:00,1.05713,1.05789,1.05698,1.05728,6815,,0.0001418835516780004,9.63610984486016,6.836332196066531,9.439141659151865
2024-12-02 07:00:00,1.05728,1.05884,1.05442,1.05502,17129,,-0.0021398483760535327,10.207681349833281,7.139185065101537,9.462422615210718
2024-12-02 08:00:00,1.05507,1.05643,1.05462,1.05553,19173,,0.00048328635656723785,10.222687712787163,7.153100007966907,9.382654282744388
2024-12-02 09:00:00,1.05558,1.05648,1.05216,1.05231,25571,,-0.0030552627379612034,11.145084898278334,7.740782709167088,9.499660310168618
2024-12-02 10:00:00,1.05231,1.05306,1.05116,1.05191,30901,,-0.0003801883879235887,11.006822201337107,7.732864988573127,9.470526726624435
2024-12-02 11:00:00,1.05186,1.05472,1.05106,1.05332,26055,,0.0013395212977512,10.647867508228206,7.8363127731238515,9.494019738678489
2024-12-02 12:00:00,1.05332,1.05487,1.05296,1.05367,8099,,0.00033222749345677863,10.527118724244845,7.833573486153542,9.494442468192336
2024-12-02 13:00:00,1.05377,1.05427,1.05342,1.05392,4854,,0.0002372377940418329,10.53476584829599,7.839845235078036,9.471853046528787
2024-12-02 14:00:00,1.05397,1.05442,1.05372,1.05402,9151,,9.487936096369316e-05,9.222907742455709,7.833581084070823,9.46315325988511
2024-12-02 15:00:00,1.05402,1.05658,1.05382,1.05497,17288,,0.00090090523355166,9.384652430589089,7.8909735283855476,9.454083181721535
2024-12-02 16:00:00,1.05497,1.05522,1.05467,1.05487,2679,,-9.479391809321948e-05,9.363501729079553,7.885085223801693,9.450284888219214
2024-12-02 18:00:00,1.05477,1.05517,1.05457,1.05507,1770,,0.00018957885115126994,9.360522808392407,7.889035767671619,9.429045456007245
2024-12-02 19:00:00,1.05502,1.05517,1.05382,1.05407,4428,,-0.0009482538616991256,9.47186804811407,7.919487883291923,9.435455270080443
2024-12-02 20:00:00,1.05412,1.05467,1.05342,1.05377,3907,,-0.0002846515883802083,9.472128983891356,7.917137585501003,9.436274713433193
2024-12-02 21:00:00,1.05377,1.05417,1.05322,1.05387,4769,,9.489286602556658e-05,9.483200037956365,7.8534000071914525,9.430371778035823
2024-12-02 22:00:00,1.05387,1.05442,1.05362,1.05397,2261,,9.488386222383129e-05,9.258840240298575,7.645190087556351,9.424563728487318
2024-12-02 23:00:00,1.05397,1.05407,1.05342,1.05352,1710,,-0.00042704829616172033,7.9578041527912005,7.65214767135875,9.425799257318863
2024-12-03 00:00:00,1.05352,1.05422,1.05301,1.05412,1689,,0.0005693572111066654,8.038449571266703,7.672167802665723,9.427162498120852
2024-12-03 01:00:00,1.05412,1.05442,1.05332,1.05372,2857,,-0.0003795354531667938,7.771368568571941,7.6166301996968055,9.42662981855659
2024-12-03 02:00:00,1.05377,1.05613,1.05357,1.05477,9467,,0.0009959735040685454,7.884482835441718,7.533867210333901,9.439987977710864
2024-12-03 03:00:00,1.05472,1.05778,1.05472,1.05753,15461,,0.002613266648399696,9.199206128875748,7.996269229897643,9.484692645435548
2024-12-03 04:00:00,1.05748,1.05804,1.05663,1.05698,11025,,-0.0005202150970235621,8.388796745731378,8.00907354017484,9.451737343348668
2024-12-03 05:00:00,1.05703,1.05794,1.05618,1.05643,7707,,-0.0005204858616327015,8.421606185476753,8.022613360217882,9.450982509715065
2024-12-03 06:00:00,1.05643,1.05773,1.05638,1.05723,5799,,0.0007569808182973998,6.299725178269028,8.057581507640704,9.456026521162354
2024-12-03 07:00:00,1.05723,1.05743,1.05563,1.05573,9071,,-0.0014198094161575942,6.8567363896920295,8.17237753010957,9.429995000319357
2024-12-03 08:00:00,1.05578,1.05763,1.05558,1.05733,9676,,0.0015143917406834967,6.9567803314342935,8.327047211791788,9.460020128397934
2024-12-03 09:00:00,1.05738,1.05789,1.05668,1.05688,11680,,-0.0004256909264410793,7.03189724150327,8.335314145690175,9.459991549686942
2024-12-03 10:00:00,1.05688,1.05688,1.05417,1.05663,30192,,-0.00023657328440939798,7.061842867651706,8.319469195027693,9.442026467109024
2024-12-03 11:00:00,1.05663,1.05688,1.05527,1.05668,9753,,4.731913444731377e-05,7.063045744379624,8.314518226930266,9.438264243523182
2024-12-03 12:00:00,1.05673,1.05799,1.05583,1.05778,12183,,0.0010404548671843383,7.115751683038092,8.38620610808446,9.449020167284088
2024-12-03 13:00:00,1.05778,1.05849,1.05748,1.05773,9346,,-4.726992546399463e-05,7.111387452637244,8.312390487395618,9.44520127904938
2024-12-03 14:00:00,1.05773,1.05789,1.05537,1.05542,7664,,-0.0021863104087651228,8.174474777395984,8.570767231399778,9.504128008855123
2024-12-03 15:00:00,1.05542,1.05623,1.05522,1.05583,5120,,0.0003883955051785199,8.000905853628952,8.580842614935008,9.50239705813188
2024-12-03 16:00:00,1.05583,1.05618,1.05563,1.05593,1768,,9.470773200996943e-05,7.972500255546125,8.582489999708848,9.50060339868195
2024-12-03 18:00:00,1.05593,1.05603,1.05547,1.05588,1277,,-4.7352744810821684e-05,7.9767619645243855,8.482818270775812,9.498173527062399
2024-12-03 19:00:00,1.05583,1.05608,1.05462,1.05482,2252,,-0.0010044062056315704,8.202790143833253,8.529430391726413,9.50848437802672
2024-12-03 20:00:00,1.05487,1.05618,1.05457,1.05553,3485,,0.0006728741931794747,8.226278212945322,8.529669155373433,9.514864579796203
2024-12-03 21:00:00,1.05558,1.05573,1.05472,1.05492,2230,,-0.0005780757819299277,8.257731834648233,8.473325207110689,9.515206293385962
2024-12-03 22:00:00,1.05497,1.05497,1.05372,1.05427,3605,,-0.0006163503720169702,8.305968629718457,8.45389936391098,9.507772755802439
2024-12-03 23:00:00,1.05422,1.05623,1.05402,1.05593,3585,,0.0015733109112097698,8.576822502252934,8.620810580600937,9.540197212951833
2024-12-04 00:00:00,1.05598,1.05698,1.05588,1.05643,2228,,0.00047340416343601534,7.249611991796018,8.634796984212203,9.533652657377532
2024-12-04 01:00:00,1.05643,1.05778,1.05598,1.05718,4142,,0.0007096863011420454,7.311998915555348,8.670777441223333,9.514535668382834
2024-12-04 02:00:00,1.05718,1.05758,1.05568,1.05583,8107,,-0.0012777981965881413,7.599650064162562,8.711959817487934,9.530849059243083
2024-12-04 03:00:00,1.05583,1.05643,1.05397,1.05407,14929,,-0.0016683259000131814,7.963392039631118,8.810703657759227,9.51378673480609
2024-12-04 04:00:00,1.05407,1.05553,1.05317,1.05517,14252,,0.0010430298114249847,7.864041384295232,8.789657797206207,9.51265543303621
2024-12-04 05:00:00,1.05522,1.05583,1.05452,1.05487,8263,,-0.00028435480087711924,7.347216090721781,8.547608480463328,9.513444915743662
2024-12-04 06:00:00,1.05482,1.05618,1.05467,1.05542,7101,,0.000521255384286835,7.404663949279752,8.526773086550875,9.503869648207045
2024-12-04 07:00:00,1.05537,1.05542,1.05367,1.05402,7745,,-0.0013273666997453064,7.71945294640383,8.606910675633772,9.522092380574396
2024-12-04 08:00:00,1.05402,1.05462,1.05281,1.05322,18810,,-0.0007592870659577389,7.789699577122859,8.03844237662115,9.526852276511008
2024-12-04 09:00:00,1.05322,1.05477,1.05211,1.05412,13302,,0.0008541574256824874,7.704275965634778,8.065756965646193,9.513614847582023
2024-12-04 10:00:00,1.05442,1.05934,1.05442,1.05789,47301,,0.0035700626456904644,10.09096825702126,8.840260984219487,9.669227453257204
2024-12-04 11:00:00,1.05789,1.05859,1.05693,1.05763,14020,,-0.00024580245169890705,9.279648001399767,8.830291595414666,9.669031421685615
2024-12-04 12:00:00,1.05763,1.05914,1.05738,1.05859,8180,,0.0009072781335136994,9.373556799214166,8.87552992212014,9.669367275703635
2024-12-04 13:00:00,1.05864,1.05879,1.05633,1.05653,9302,,-0.0019478806416130233,10.047191416814261,9.09256370295421,9.714015264400523
2024-12-04 14:00:00,1.05648,1.05789,1.05568,1.05633,21741,,-0.00018931685071166618,10.053629571061283,9.093379748511373,9.71431196235077
2024-12-04 15:00:00,1.05628,1.05663,1.05537,1.05618,7895,,-0.0001420111623160547,9.883979631589677,9.034759917610081,9.713797819252086
2024-12-04 16:00:00,1.05623,1.05648,1.05573,1.05603,2527,,-0.00014203133235046977,9.825711158056615,8.579427029457236,9.698375011842268
2024-12-04 18:00:00,1.05588,1.05633,1.05558,1.05603,1239,,0.0,9.764248476113758,8.579222738287852,9.692015973079988
2024-12-04 19:00:00,1.05603,1.05633,1.05563,1.05618,2553,,0.0001420313323504176,9.68762637805379,8.508571058414718,9.692201245358872
2024-12-04 20:00:00,1.05623,1.05643,1.05573,1.05598,3396,,-0.00018937959302109197,9.306237577779507,8.4791851171,9.691047574697743
2024-12-04 21:00:00,1.05603,1.05703,1.05588,1.05673,2099,,0.0007099886226743544,9.353329872771281,8.509305947484908,9.693616589254335
2024-12-04 22:00:00,1.05678,1.05708,1.05638,1.05703,1506,,0.0002838543656937233,9.281576996435733,8.230419213882772,9.693239028838704
2024-12-04 23:00:00,1.05708,1.05733,1.05653,1.05663,1448,,-0.00037849039559359395,9.01766133677309,8.227428731018332,9.691188932528672
2024-12-05 00:00:00,1.05658,1.05768,1.05648,1.05743,2276,,0.0007568375904061528,8.530008707923223,7.637081642095181,9.698823170618681
2024-12-05 01:00:00,1.05743,1.05778,1.05708,1.05738,2520,,-4.728557176243636e-05,8.379768894593981,7.623780839644281,9.690372932411263
2024-12-05 02:00:00,1.05738,1.05864,1.05728,1.05834,8431,,0.0009074925471077216,8.459595590752144,7.563086984361359,9.67806998717327
2024-12-05 03:00:00,1.05829,1.05944,1.05773,1.05783,10027,,-0.00048200287299588217,8.504586749508833,7.579330411574787,9.673042067944468
2024-12-05 04:00:00,1.05783,1.05829,1.05693,1.05763,8023,,-0.00018908417138198955,8.111765728960615,7.581523596156638,9.668898279101084
2024-12-05 05:00:00,1.05763,1.05829,1.05728,1.05743,6508,,-0.00018911993096748484,7.96286125315194,7.585489966511978,9.6657555577401
2024-12-05 06:00:00,1.05733,1.05859,1.05708,1.05844,5618,,0.00095469010545283,7.991041265337636,7.591836337765878,9.675596107014442
2024-12-05 07:00:00,1.05844,1.05869,1.05718,1.05844,9392,,0.0,5.089742442033776,7.590518938232145,9.675201414219167
2024-12-05 08:00:00,1.05844,1.06165,1.05814,1.06155,27020,,0.0029339782083551385,7.139969388539461,8.12144047787247,9.667825149227927
2024-12-05 09:00:00,1.06155,1.06381,1.06135,1.06235,29397,,0.0007533311717441262,7.095274611242281,8.075414924675465,9.673465393520758
2024-12-05 10:00:00,1.0624,1.06281,1.05989,1.062,21266,,-0.0003295125597634828,6.030547708222704,8.077903754294496,9.674657206179091
2024-12-05 11:00:00,1.06205,1.06271,1.06125,1.06185,12406,,-0.00014125291357631678,6.01976380149675,8.08242371092967,9.65894142868132
2024-12-05 12:00:00,1.06185,1.06225,1.0606,1.06155,6911,,-0.0002825656984044394,6.054548779196404,8.092777507971089,9.658733689602371
2024-12-05 13:00:00,1.06155,1.06175,1.0605,1.0616,5595,,4.7099828094323945e-05,6.02406800028288,8.07393552158236,9.65704018763503
2024-12-05 14:00:00,1.06165,1.06376,1.06165,1.06356,12098,,0.0018445675203090542,6.594660587255667,8.245193744001497,9.699150228105422
2024-12-05 15:00:00,1.06361,1.06361,1.06291,1.06326,8073,,-0.00028211132299830045,6.67902083759616,8.239375058920434,9.698138406583169
2024-12-05 16:00:00,1.06321,1.06371,1.06301,1.06341,4444,,0.00014106560984891185,6.621055044565082,8.194000838185413,9.698136962142526
2024-12-05 18:00:00,1.06346,1.06356,1.06316,1.06341,1587,,0.0,6.61348328419323,7.794418806994291,9.698136962142526
2024-12-05 19:00:00,1.06341,1.06341,1.0624,1.0625,2158,,-0.0008561040265856255,6.920580915402446,7.828701135936704,9.70750700455462
2024-12-05 20:00:00,1.0625,1.0626,1.06135,1.06165,3792,,-0.0008003201707691552,7.081103986067309,7.855947287685567,9.71428003518095
2024-12-05 21:00:00,1.06165,1.0626,1.06165,1.06245,2226,,0.0007532602399385431,7.0802706840698715,7.855620551882058,9.719949428424874
2024-12-05 22:00:00,1.0625,1.06281,1.06205,1.06235,1947,,-9.41265060935574e-05,7.086718931940997,7.707159003941361,9.719949037241703
2024-12-05 23:00:00,1.0624,1.0625,1.06205,1.0623,865,,-4.706657567988351e-05,6.991923435386582,7.572550410760403,9.717004912222551
2024-12-06 00:00:00,1.0623,1.0623,1.06165,1.062,1364,,-0.00028244598408360425,6.939583812382824,7.564141346975868,9.717780024572853
2024-12-06 01:00:00,1.06195,1.06255,1.06165,1.06225,2346,,0.0002353771930366693,6.903631247766846,7.558698023964297,9.708135573601083
2024-12-06 02:00:00,1.06225,1.06321,1.0615,1.06316,7349,,0.0008563054239941751,6.946648460397734,7.597727019832353,9.714393417285155
2024-12-06 03:00:00,1.06311,1.06426,1.06245,1.06296,8479,,-0.00018813613586261913,6.8720750840381495,7.542075545512372,9.648841012150294
2024-12-06 04:00:00,1.06301,1.06311,1.0619,1.0625,7431,,-0.00043284748448050024,6.9555100868928506,7.558736064566139,9.649817543749183
2024-12-06 05:00:00,1.06255,1.06331,1.0619,1.06306,5885,,0.0005269199768123776,4.885981960032085,7.209460630787621,9.652882958921854
2024-12-06 06:00:00,1.06306,1.06371,1.06245,1.06351,6349,,0.0004232167356039937,4.771636713296768,7.210873056410115,9.64959774923725
2024-12-06 07:00:00,1.06351,1.06361,1.06286,1.06291,7135,,-0.000564328792922687,4.848651462583201,7.243599834903275,9.650078668177137
2024-12-06 08:00:00,1.06291,1.06783,1.06271,1.06522,50478,,0.0021709208621960743,6.080011023537126,7.530942617151655,9.707777128486297
2024-12-06 09:00:00,1.06527,1.06552,1.06155,1.06271,37295,,-0.002359101252472981,7.4723480777440106,7.858894927140482,9.709743178705834
2024-12-06 10:00:00,1.06266,1.06266,1.05919,1.06115,34789,,-0.0014690236461385932,7.9283987476308395,7.998581023474028,9.583039999186546
2024-12-06 11:00:00,1.0611,1.06235,1.06019,1.061,14940,,-0.00014136606766715416,7.155202493875418,7.973251011422246,9.564694541858987
2024-12-06 12:00:00,1.061,1.061,1.05949,1.05984,8709,,-0.0010939062971977176,7.350171797171888,8.03117947573819,9.580375684398284
2024-12-06 13:00:00,1.05984,1.0609,1.05939,1.05974,5159,,-9.4358316340246e-05,7.330741447976228,7.888239525020538,9.580374127627369
2024-12-06 14:00:00,1.05974,1.0603,1.05899,1.06019,6123,,0.000424542326170158,7.399459167301341,7.885766889726393,9.577191432015074
2024-12-06 15:00:00,1.06024,1.0612,1.06014,1.0611,6251,,0.0008579685529292899,7.479918851193326,7.899698031860776,9.583687697620693
2024-12-06 16:00:00,1.06115,1.0617,1.0609,1.06155,2207,,0.00042399831035893574,7.399855815120991,7.787880947880316,9.581006819883948
2024-12-08 18:00:00,1.061,1.06165,1.0607,1.0613,3528,,-0.00023553242212667034,7.2761987049603665,7.5865168904323,9.577602805987059
2024-12-08 19:00:00,1.06135,1.06135,1.0603,1.0607,2852,,-0.0005655042563521596,7.330413347024371,7.556411804517415,9.579975162916766
2024-12-08 20:00:00,1.0608,1.0608,1.05984,1.05999,2495,,-0.000669593412075999,7.401716045711025,7.585667245086032,9.586008485751346
2024-12-08 21:00:00,1.05999,1.0604,1.05979,1.06019,1434,,0.00018866322726675928,7.411874841331434,7.5732059061753745,9.58600307745377
2024-12-08 22:00:00,1.06024,1.0604,1.05844,1.05849,3093,,-0.0016047731274508065,7.837028475739281,7.630771555204325,9.619522157759306
2024-12-08 23:00:00,1.05844,1.05874,1.05794,1.05829,2728,,-0.00018896626063655297,7.605582139829124,7.588561957455599,9.609260561043289
2024-12-09 00:00:00,1.05824,1.05859,1.05809,1.05844,2245,,0.00014172804302039433,7.632883725920092,7.5476624569256785,9.607375349910306
2024-12-09 01:00:00,1.05844,1.05924,1.05839,1.05919,3005,,0.0007083390690150282,7.7847512307112146,6.684046787792086,9.580852251700149
2024-12-09 02:00:00,1.05914,1.06135,1.05884,1.06115,13333,,0.001848760631087124,8.463633138182963,6.924980184060922,9.409005386707904
2024-12-09 03:00:00,1.0612,1.0618,1.0604,1.0615,10569,,0.00032977646166076636,8.447143978553319,6.876256032217823,9.197742440475913
2024-12-09 04:00:00,1.0615,1.06225,1.0609,1.06135,9104,,-0.00014131945285789357,8.404185204686595,6.571813795200231,9.109856432908447
2024-12-09 05:00:00,1.0614,1.06331,1.0614,1.06281,11504,,0.0013746612589568064,7.821153566191458,6.693583269038678,9.10901546105652
2024-12-09 06:00:00,1.06276,1.06326,1.0615,1.0616,8271,,-0.0011391399314117834,6.944661330917714,6.804774684221526,9.116895442468806
2024-12-09 07:00:00,1.0616,1.06185,1.06055,1.0613,10589,,-0.00028263225022113494,6.464045387088202,6.811051138083461,9.062445640294971
2024-12-09 08:00:00,1.06135,1.0625,1.06055,1.06235,10418,,0.0009888635938708373,6.676732790860274,6.8707998732657245,8.989946174745157
2024-12-09 09:00:00,1.06235,1.06326,1.0619,1.0626,15058,,0.00023529965519512324,6.334565702313241,6.872030427922201,8.985982836105341
2024-12-09 10:00:00,1.0626,1.06406,1.06195,1.06386,25111,,0.0011850682801092954,6.576400001282569,6.950594967747145,8.982666625009736
2024-12-09 11:00:00,1.06381,1.06421,1.0616,1.06175,14497,,-0.0019853131035716927,7.567947313803771,7.238436777788336,8.990281398079071
2024-12-09 12:00:00,1.0618,1.0622,1.06135,1.06145,5589,,-0.00028259231536964215,7.450614269510403,7.244341346742396,8.990655371807486
2024-12-09 13:00:00,1.0614,1.0615,1.06075,1.0611,5251,,-0.0003297919984663133,7.434669401941115,7.24141837162988,8.988101105348509
2024-12-09 14:00:00,1.0611,1.06115,1.05989,1.06024,8746,,-0.0008108083071211797,7.553810134856833,7.260097189979267,8.996729397700568
2024-12-09 15:00:00,1.0603,1.0605,1.05944,1.05969,6227,,-0.0005188850691676055,7.54411102839655,7.281598738051352,8.999591407245672
2024-12-09 16:00:00,1.05974,1.06024,1.05974,1.06004,2167,,0.0003302307399345105,7.48182104037393,7.2337140101415605,8.534755486188404
2024-12-09 18:00:00,1.06035,1.0604,1.05994,1.06014,1437,,9.433161342352935e-05,7.476140089266857,7.215282611568903,8.534754301116816
2024-12-09 19:00:00,1.06014,1.06014,1.05959,1.05999,2266,,-0.00014150075726523942,6.887671084953996,7.21391661273634,8.533779840473235
2024-12-09 20:00:00,1.05999,1.06004,1.05919,1.05999,2227,,0.0,6.8728076058203245,7.210333885095199,8.523980224417889
2024-12-09 21:00:00,1.06004,1.06085,1.05984,1.06004,2961,,4.716914384161327e-05,6.872082373629765,7.149672057944723,8.511503589227955
2024-12-09 22:00:00,1.06004,1.06045,1.05959,1.06035,2418,,0.0002923990418823441,6.787709018944815,7.154641845982155,8.51208554245327
2024-12-09 23:00:00,1.06035,1.0607,1.0603,1.06045,1305,,9.430403628262226e-05,5.944991134550339,6.5123746207567335,8.512070713668843
2024-12-10 00:00:00,1.06045,1.0609,1.0601,1.0609,135,,0.00042425814387048183,5.965577984805036,6.48076245462395,8.512546739087814
2024-12-10 01:00:00,1.06085,1.06145,1.06085,1.06135,391,,0.00042407822522706496,6.012311913285016,6.488358877420302,8.372626426291955
2024-12-10 02:00:00,1.0613,1.0613,1.0594,1.05955,565,,-0.0016973930238779937,6.1483151698903535,6.705060593700081,8.387687847527276
2024-12-10 03:00:00,1.0596,1.0598,1.0585,1.0585,627,,-0.0009914780916550393,6.077931292028025,6.769236889327929,8.328019326840632
2024-12-10 04:00:00,1.0584,1.0585,1.05695,1.05785,1869,,-0.0006142651455934084,6.128771057007199,6.792244494162195,8.332040208446461
2024-12-10 05:00:00,1.0577,1.0585,1.0573,1.05755,1763,,-0.0002836343027429296,5.7557510517395185,6.511110708958842,8.327512775300592
2024-12-10 06:00:00,1.05745,1.05795,1.0571,1.05775,1604,,0.0001890984735934002,5.744503200977191,6.514375126928902,8.318809466657969
2024-12-10 07:00:00,1.05785,1.0581,1.0567,1.05775,2858,,0.0,5.155551184170688,6.510860225549145,8.09980848829651
2024-12-10 08:00:00,1.05785,1.05785,1.0563,1.057,2339,,-0.000709303729939272,4.2089444830223,6.539808406873014,8.05023740422592
2024-12-10 09:00:00,1.05705,1.05775,1.05665,1.05665,1398,,-0.0003311806620764219,4.211937627385609,6.498766256995439,7.99938471602461
2024-12-10 10:00:00,1.0567,1.0572,1.05455,1.05505,3923,,-0.0015153670560954537,4.771754812915487,6.617226964084283,8.017495498437448
2024-12-10 11:00:00,1.0551,1.0559,1.0547,1.0558,2078,,0.0007106142374500441,4.968416733805972,6.611700232858232,8.01507337898919
2024-12-10 12:00:00,1.0559,1.0563,1.05515,1.0556,1267,,-0.00018944776034680454,4.936108447929493,6.612237362484626,7.954962643998466
2024-12-10 13:00:00,1.05555,1.05735,1.05555,1.0572,1113,,0.0015145781009648738,5.705669235789586,6.809505356450616,7.989515280358371
2024-12-10 14:00:00,1.05725,1.0578,1.0571,1.05735,871,,0.00014187415786022162,5.712324162565569,6.809913246067202,7.9641887467537575
2024-12-10 15:00:00,1.05735,1.05775,1.05705,1.0573,1184,,-4.728914951351216e-05,5.714161830806294,6.8026958142078096,7.962658611295863
2024-12-10 16:00:00,1.0573,1.05755,1.05705,1.0574,502,,9.45760628690214e-05,5.723215048956975,6.738152729848339,7.567383057377702
2024-12-10 18:00:00,1.05745,1.0578,1.05745,1.0577,481,,0.00028367453265755005,5.760167741247453,6.747791244654869,7.554282763043959
2024-12-10 19:00:00,1.05775,1.0578,1.0574,1.05745,410,,-0.00023638985524835593,5.715660785527893,6.7402190702437705,7.501542553067431
2024-12-10 20:00:00,1.0575,1.0582,1.05745,1.0581,462,,0.0006144974313571308,5.8525953935123605,6.748862794370539,7.501281996795478
2024-12-10 21:00:00,1.05805,1.05855,1.0579,1.05825,455,,0.0001417534909169277,5.790654596480844,6.733335751476746,7.4603239047996555
2024-12-10 22:00:00,1.0583,1.05835,1.0574,1.05745,296,,-0.0007562509222740938,5.7981294771685095,6.750146086455508,7.469545215319083
2024-12-10 23:00:00,1.0574,1.0576,1.05665,1.05705,412,,-0.00037834003761770394,5.115818152909994,6.349838412551854,7.468738267949059
2024-12-11 00:00:00,1.057,1.0573,1.0567,1.057,262,,-4.730257090366924e-05,4.85980160393756,5.927449974612528,7.46870277233541
2024-12-11 01:00:00,1.057,1.0574,1.0569,1.05725,367,,0.000236490482360321,4.781575405601603,5.765769802437825,7.466920591108471
2024-12-11 02:00:00,1.05715,1.0574,1.0534,1.0536,4339,,-0.003458325923526588,7.648566736850497,6.699131360817001,7.6079764961166365
2024-12-11 03:00:00,1.0536,1.0558,1.0536,1.05515,2521,,0.001470065469250602,8.156623924364814,6.809396457000812,7.605301389904573
2024-12-11 04:00:00,1.05515,1.05555,1.0543,1.0547,2746,,-0.00042657061575342804,8.169858847186092,6.81858126654543,7.5936398770534055
2024-12-11 05:00:00,1.0546,1.05475,1.0533,1.054,3365,,-0.0006639161812608394,8.160244372057884,6.823678674589456,7.598836252474893
2024-12-11 06:00:00,1.0541,1.0551,1.0536,1.055,1981,,0.0009483168088590382,8.366608234580779,6.837237529376228,7.59742672455664
2024-12-11 07:00:00,1.05495,1.0564,1.0546,1.0549,4001,,-9.479122240382417e-05,7.943841102838308,6.816593323773083,7.537531505648684
2024-12-11 08:00:00,1.0549,1.0583,1.05485,1.057,5283,,0.0019887311824744805,8.595615571049054,7.1313689065294925,7.600505109012571
2024-12-11 09:00:00,1.0571,1.05745,1.05395,1.05465,7355,,-0.002225748556957451,9.466569266400299,7.438375044669035,7.6069021152929
2024-12-11 10:00:00,1.05465,1.05535,1.05255,1.0536,6660,,-0.0009960868842087951,9.151471563719198,7.4713628996915995,7.622841217485819
2024-12-11 11:00:00,1.0536,1.0557,1.0531,1.05535,3946,,0.0016595940175552866,9.68162601955489,7.673008651684762,7.654214688860124
2024-12-11 12:00:00,1.05535,1.0557,1.05315,1.05325,1940,,-0.001991843587500832,10.226534370973422,7.761381958047811,7.713011174933487
2024-12-11 13:00:00,1.05335,1.05455,1.05285,1.05295,2862,,-0.000284873233338465,10.213979815328303,7.763324923025686,7.706405694698793
2024-12-11 14:00:00,1.05295,1.05395,1.0527,1.0537,2061,,0.0007120309796945232,10.306740152835655,7.801368463363242,7.7050711099908815
2024-12-11 15:00:00,1.05365,1.05405,1.0534,1.05375,833,,4.745071058321808e-05,10.314441221707925,7.761475929449624,7.69484570080492
2024-12-11 16:00:00,1.05385,1.05425,1.05375,1.05405,505,,0.0002846569902512172,10.249795839242575,7.516842555125736,7.695560135101854
2024-12-11 18:00:00,1.05415,1.05505,1.05405,1.05495,399,,0.0008534851158205597,10.397176983546155,7.566610822837501,7.706697868785158
2024-12-11 19:00:00,1.05495,1.05525,1.05465,1.0549,527,,-4.739673437398105e-05,10.339859458583442,7.566712866231347,7.704963728451669
2024-12-11 20:00:00,1.055,1.05525,1.05475,1.055,530,,9.47912224038604e-05,10.335068632049358,7.418402239757493,7.705050223548258
2024-12-11 21:00:00,1.05505,1.0551,1.0546,1.05475,322,,-0.00023699490571873626,10.337425456873667,7.34666796580718,7.704650481589821
2024-12-11 22:00:00,1.05475,1.05525,1.05445,1.05495,296,,0.00018960041768893062,10.332793013011333,7.350451721105992,7.7027186330535224
2024-12-11 23:00:00,1.0549,1.0553,1.05485,1.05525,237,,0.0002843332404711426,8.325771509728938,7.277134309178845,7.703565282459403
2024-12-12 00:00:00,1.05535,1.05535,1.0548,1.05505,419,,-0.00018954651054234334,7.933601828800374,7.268860214840418,7.7028862051826605
2024-12-12 01:00:00,1.0551,1.0558,1.05485,1.05575,900,,0.0006632556619871766,7.975397389307556,7.1913743961112635,7.66391113113525
2024-12-12 02:00:00,1.05575,1.05755,1.05565,1.0561,3427,,0.0003314629383758978,7.879126599306901,6.949980970212866,7.6287389856108
2024-12-12 03:00:00,1.05605,1.0565,1.05485,1.0553,4468,,-0.0007577910753843633,7.852618219458978,6.979866194349546,7.637188169478233
2024-12-12 04:00:00,1.0553,1.05615,1.05495,1.0554,2533,,9.475529452285548e-05,7.851160321855379,6.978356567493492,7.6179208311380515
2024-12-12 05:00:00,1.0554,1.05585,1.054,1.0541,2910,,-0.0012325197104238509,7.2609304092720635,7.035632017644448,7.641325403316015
2024-12-12 06:00:00,1.0541,1.0552,1.05385,1.0547,1976,,0.0005690440214249545,6.259681429954354,7.05349136111188,7.646001854977095
2024-12-12 07:00:00,1.05465,1.05485,1.05335,1.05335,4164,,-0.0012808047100892276,6.4217254007695015,7.142645941238217,7.38234308143871
2024-12-12 08:00:00,1.0534,1.05465,1.0514,1.0529,11551,,-0.00042729970976574446,5.67465758686392,7.146883330985957,7.349062510596514
2024-12-12 09:00:00,1.0529,1.05645,1.05165,1.0563,13079,,0.003223973966402891,7.224090794311147,7.893458381774769,7.4923567775657824
2024-12-12 10:00:00,1.05635,1.0565,1.05075,1.05165,15074,,-0.004411876508030175,10.722691685195894,9.022269676364674,7.794941346469766
2024-12-12 11:00:00,1.0516,1.0559,1.05155,1.05575,7578,,0.0038910554929665006,12.696375513453825,9.88454534152056,8.030664849329813
2024-12-12 12:00:00,1.05575,1.05615,1.0539,1.0544,5515,,-0.0012795300658102002,12.920641355645207,9.951624508175662,8.042752412660619
2024-12-12 13:00:00,1.05445,1.05455,1.0526,1.05265,3543,,-0.0016610905316783227,13.23810608667759,10.072933179598515,8.080983217174277
2024-12-12 14:00:00,1.0526,1.05285,1.05155,1.05165,4350,,-0.0009504348954781586,13.210717135867695,10.090906556451724,8.092018838758127
2024-12-12 15:00:00,1.0516,1.0518,1.0508,1.05105,2484,,-0.0005706948364336425,13.228271420667264,10.082724375800074,8.095979490288313
2024-12-12 16:00:00,1.0511,1.0515,1.05075,1.0509,1136,,-0.00014272461310188846,13.218849820763086,9.96019836840877,8.092002299550117
2024-12-12 18:00:00,1.0511,1.0517,1.0507,1.05165,1647,,0.0007134194495355418,13.312158665523826,9.95728271571918,8.08935134164045
2024-12-12 19:00:00,1.0516,1.0523,1.0513,1.0522,3264,,0.0005228509756206251,13.3515500086511,9.963488046024857,8.09146248102116
2024-12-12 20:00:00,1.0522,1.05235,1.05065,1.0508,3624,,-0.0013314314853220882,13.486711194228548,10.039686893181262,8.116543369968777
2024-12-12 21:00:00,1.05085,1.05095,1.05035,1.0504,2625,,-0.0003807348227983748,13.489827348118554,10.038776345436604,8.11548890159914
2024-12-12 22:00:00,1.0504,1.05085,1.05025,1.0503,1645,,-9.520635985668846e-05,13.395746116354642,10.038101571117139,8.11441449097177
2024-12-12 23:00:00,1.0503,1.05065,1.04995,1.05065,1263,,0.0003331826109501342,13.395987642246926,10.029693711487418,8.114644302913229
2024-12-13 00:00:00,1.05065,1.05085,1.05035,1.0508,1053,,0.00014275857170483765,13.38071358827306,10.029803549689174,8.114766802704114
2024-12-13 01:00:00,1.0508,1.0509,1.04995,1.0509,1866,,9.516106016607825e-05,13.380743378136453,9.925396972195994,8.109973934144028
2024-12-13 02:00:00,1.0509,1.0509,1.0496,1.05025,6812,,-0.0006187088220594332,13.27411603812709,9.908534641746188,8.114363111865245
2024-12-13 03:00:00,1.0502,1.0515,1.04995,1.0512,9598,,0.0009041376808546343,13.347133116216803,9.957748360402952,8.110794987462505
2024-12-13 04:00:00,1.05115,1.0537,1.05095,1.053,9775,,0.0017108644036293876,13.564009474390486,9.991651546039018,8.111393176837174
2024-12-13 05:00:00,1.05305,1.05395,1.05265,1.05305,10597,,4.748225351679565e-05,13.543362972039642,9.990084452872978,8.111469699943457
2024-12-13 06:00:00,1.053,1.05375,1.053,1.0532,5951,,0.00014243323466212564,12.207779310647677,9.992301719938663,8.108908344734994
2024-12-13 07:00:00,1.0532,1.05625,1.05315,1.05595,16411,,0.0026076870382290332,10.365384730212968,10.345688555181336,8.195972318483872
2024-12-13 08:00:00,1.0559,1.05675,1.05525,1.05535,18985,,-0.0005683702137565976,7.931120077027262,10.355171454628067,8.16816113413667
2024-12-13 09:00:00,1.05535,1.05535,1.0532,1.05335,14744,,-0.0018969038741474004,8.307216990618855,10.520812160642464,8.218315271514307
2024-12-13 10:00:00,1.05335,1.0539,1.0525,1.0532,21774,,-0.00014241295032499105,7.7721256704978385,10.498139747602943,8.218293588866219
2024-12-13 11:00:00,1.05315,1.0549,1.053,1.0541,13266,,0.0008541736389893376,7.683397969175426,10.537674154778653,8.229657505004763
2024-12-13 12:00:00,1.0541,1.05475,1.05345,1.05395,7126,,-0.00014231161523986171,7.597093250978519,10.514421723212337,8.228465694120555
2024-12-13 13:00:00,1.05395,1.05415,1.05325,1.0539,3939,,-4.74417060125694e-05,7.587696195291403,10.509246125829339,8.228394297355536
2024-12-13 14:00:00,1.0539,1.0546,1.0535,1.0538,6337,,-9.489016470565987e-05,7.524037751119805,10.50934341246485,8.228267478245343
2024-12-13 15:00:00,1.0538,1.05405,1.05355,1.05405,3217,,0.0002372085311308447,7.489510978679414,10.509363539982285,8.229274740615109
2024-12-13 16:00:00,1.054,1.05475,1.0539,1.0546,2573,,0.000521660790052956,7.0521942190455364,9.930118783122289,8.230049073762611
2024-12-15 18:00:00,1.05405,1.05535,1.0537,1.05525,2258,,0.000616157566238756,7.012621211906545,9.838513724006164,8.235098375396884
2024-12-15 19:00:00,1.0552,1.05615,1.0552,1.0557,4836,,0.00042634833304102104,6.994178103924142,9.837731820772602,8.237052737030224
2024-12-15 20:00:00,1.05575,1.0564,1.0555,1.05615,3684,,0.00042616663760250867,6.999294193555336,9.82138987176496,8.223503934598051
2024-12-15 21:00:00,1.05615,1.0566,1.05525,1.0555,3267,,-0.0006156323448764387,7.162441704581024,9.79762495253561,8.227273750191587
2024-12-15 22:00:00,1.05555,1.05575,1.0552,1.05545,1316,,-4.737203629596444e-05,7.174826526709095,9.797231149533244,8.225462293002973
2024-12-15 23:00:00,1.0555,1.0559,1.05545,1.0559,1418,,0.0004262675603893682,7.016206435314812,9.5970754129344,8.22805121750175
2024-12-16 00:00:00,1.05585,1.05645,1.0558,1.0562,1754,,0.0002840774603641669,6.91951500913502,9.332203893169396,8.207813086265736
2024-12-16 01:00:00,1.0562,1.0563,1.05545,1.0556,1812,,-0.0005682356436637423,6.496615808356708,9.294048921643268,8.212138445805776
2024-12-16 02:00:00,1.05565,1.05635,1.0547,1.05475,5306,,-0.0008055536247209585,6.694644120988591,9.180256990848065,8.209744590752138
2024-12-16 03:00:00,1.0547,1.05675,1.054,1.05515,14765,,0.0003791648938738899,6.714226710419173,8.96144832084477,8.192474964754016
2024-12-16 04:00:00,1.0552,1.0564,1.05465,1.0548,7699,,-0.0003317614191903801,4.913373350757682,8.963260800045795,8.186962891979553
2024-12-16 05:00:00,1.0548,1.05495,1.05315,1.0532,7099,,-0.0015180268569773584,5.47496956599729,9.068150177235644,8.219191739621472
2024-12-16 06:00:00,1.0532,1.05355,1.0526,1.05335,5086,,0.00014241295032494611,4.3872518693496465,9.069245603194807,8.218924978957636
2024-12-16 07:00:00,1.05335,1.0543,1.05325,1.05335,7831,,0.0,4.379519603772029,9.064385050939189,8.21875745202437
2024-12-16 08:00:00,1.0534,1.05515,1.05335,1.05505,9895,,0.0016125975795864026,5.000949876877401,9.170030340853476,8.245908293788878
2024-12-16 09:00:00,1.05505,1.0551,1.0517,1.0525,17668,,-0.0024198725955292886,6.588809478189988,9.486904024088057,8.319851109894334
2024-12-16 10:00:00,1.05255,1.0556,1.05255,1.05495,18100,,0.0023250858656004405,7.794697744341192,9.778668889134192,8.373679917027262
2024-12-16 11:00:00,1.0549,1.0556,1.0538,1.0554,10713,,0.000426469549430485,7.816589408388632,9.784926280997173,8.320522809051099
2024-12-16 12:00:00,1.05545,1.0563,1.05485,1.05545,7524,,4.7374280512115574e-05,7.811084869999639,9.783296032071291,8.311744204471323
2024-12-16 13:00:00,1.05535,1.0564,1.05485,1.05635,4883,,0.0008523534941640371,7.893178887850774,9.816314452132845,8.32227387372612
2024-12-16 14:00:00,1.0563,1.0565,1.05495,1.0553,6423,,-0.0009944830691990991,8.042331272462237,9.866843047349915,8.185281385197744
2024-12-16 15:00:00,1.0553,1.05545,1.05495,1.0551,3213,,-0.00018953752899803246,8.0102279339989,9.845555000156311,8.17758429919681
2024-12-16 16:00:00,1.05505,1.0558,1.0549,1.05545,2778,,0.0003316671040331497,7.994827551776128,9.84556226639086,8.175497658126583
2024-12-16 18:00:00,1.0553,1.05605,1.05525,1.0559,1594,,0.0004262675603893682,7.958413537694417,9.825154570744905,8.17495924335587
2024-12-16 19:00:00,1.05595,1.0577,1.05575,1.0571,4610,,0.0011358259621485126,8.18964460177388,9.889802049241798,8.193941018976869
2024-12-16 20:00:00,1.05715,1.0572,1.05615,1.0564,2988,,-0.0006624083516400775,8.260829452825941,9.83177801335811,8.200367019148489
2024-12-16 21:00:00,1.0564,1.05695,1.05595,1.05595,2710,,-0.00042606576259380917,8.281848803999587,9.827268372223942,8.202722613805005
2024-12-16 22:00:00,1.05595,1.05625,1.0554,1.0555,1374,,-0.00042624737200799,8.255121599674684,9.748475475705483,8.190215529964059
2024-12-16 23:00:00,1.0555,1.0555,1.05505,1.05505,1049,,-0.0004264291363095775,8.163872615766877,9.748433287197921,8.075377261606834
2024-12-17 00:00:00,1.0551,1.05525,1.0545,1.0547,1786,,-0.00033179286949729087,8.156317808180924,9.193578994285293,8.076986930337398
2024-12-17 01:00:00,1.0548,1.05505,1.054,1.05455,4513,,-0.00014223065094487276,8.139998512140808,8.031152556881436,8.058954397975493
2024-12-17 02:00:00,1.05455,1.0552,1.05375,1.054,6953,,-0.0005216855303159188,7.727081338344416,7.024302730746921,8.055115353659863
2024-12-17 03:00:00,1.054,1.05425,1.05275,1.05315,9957,,-0.0008067769699401454,7.861369569258669,6.953614855897055,8.064226483888318
2024-12-17 04:00:00,1.05315,1.05315,1.05225,1.05285,8391,,-0.0002849002868272726,7.875872231611276,6.755068540063229,7.996876862339736
2024-12-17 05:00:00,1.0529,1.0534,1.05215,1.05305,8521,,0.00018994254295199846,7.302695345338337,6.686727688969615,7.99379848864373
2024-12-17 06:00:00,1.053,1.05365,1.05265,1.05335,6100,,0.00028484618498704446,5.951221904734312,6.664100938053523,7.8522383296427
2024-12-17 07:00:00,1.0534,1.0544,1.05305,1.05435,6803,,0.0009489017175445424,4.596431673463685,6.7238729533924735,7.863648908765726
2024-12-17 08:00:00,1.05435,1.0549,1.05335,1.05475,11764,,0.0003793087144242211,4.582283918563452,6.698636231841236,7.838336736977282
2024-12-17 09:00:00,1.05475,1.0554,1.05405,1.0547,13709,,-4.7405721879625796e-05,4.580100307633252,6.681736158187725,7.8367161648105625
2024-12-17 10:00:00,1.0547,1.05515,1.0538,1.05415,15722,,-0.0005216113165662016,4.349649852723063,6.559760013178171,7.840115857434
2024-12-17 11:00:00,1.05415,1.05485,1.0537,1.0547,13815,,0.0005216113165661841,4.156643327317084,6.561151490628261,7.844167119919031
2024-12-17 12:00:00,1.0547,1.05585,1.05405,1.05425,13672,,-0.0004267526558993698,4.206083762101463,6.578032162483884,7.834411644948926
2024-12-17 13:00:00,1.05425,1.0547,1.05325,1.0536,7763,,-0.0006167421975977283,4.262076728392617,6.607045440327927,7.840105548655862
2024-12-17 14:00:00,1.05365,1.0538,1.05305,1.05315,4625,,-0.0004271982977038415,4.192289300392637,6.623314118708501,7.842259840853141
2024-12-17 15:00:00,1.05305,1.0533,1.0528,1.0531,4309,,-4.747774481611897e-05,3.5029627060978825,6.623583469264467,7.828510852586929
2024-12-17 16:00:00,1.05305,1.05355,1.0529,1.0533,1958,,0.0001898974559446809,3.449889339100824,6.591469417915205,7.827853511397925
2024-12-17 18:00:00,1.05335,1.05375,1.05335,1.05365,782,,0.0003322338007257708,3.5061507718247737,6.540162576430188,7.8294357813963975
2024-12-17 19:00:00,1.05365,1.05445,1.05345,1.0541,3440,,0.00042699561792183626,3.5737211114964094,6.327251242524248,7.8321255576926125
2024-12-17 20:00:00,1.0541,1.05445,1.0537,1.0544,1950,,0.00028456248709933204,3.559542257094903,6.332881325039141,7.830510862227187
2024-12-17 21:00:00,1.0544,1.05455,1.0538,1.05425,2749,,-0.00014227112157356585,3.5236076137994043,6.3337522220079325,7.825838083115332
2024-12-17 22:00:00,1.05425,1.0545,1.054,1.0541,883,,-0.0001422913655256253,3.5236142461586755,5.755953006218269,7.823909515971971
2024-12-17 23:00:00,1.0541,1.0548,1.0538,1.0545,1813,,0.0003793986576856475,3.464235959935032,5.743591336639708,7.810739137046524
2024-12-18 00:00:00,1.0545,1.05465,1.0542,1.0544,1341,,-9.483617058646578e-05,3.1256241221943024,5.413288103313765,7.703415601606686
2024-12-18 01:00:00,1.0544,1.0554,1.05435,1.0553,2745,,0.000853201928801724,3.3455129171466633,5.475242655794004,7.711016227847519
2024-12-18 02:00:00,1.05525,1.05545,1.05355,1.0539,8063,,-0.0013275177371533556,4.17654526015433,5.577100649154143,7.734267382829435
2024-12-18 03:00:00,1.05385,1.0541,1.05295,1.05355,8409,,-0.00033215497707456707,4.199324050219057,5.585207143082304,7.726595681460256
2024-12-18 04:00:00,1.0535,1.0541,1.05335,1.05365,5199,,9.49126804052261e-05,3.8382772146919613,5.585961533593066,7.695509571533196
2024-12-18 05:00:00,1.05365,1.05425,1.0531,1.05405,5798,,0.00037956066309456963,3.838363432173584,5.598340529288741,7.661149833570404
2024-12-18 06:00:00,1.05405,1.0546,1.0537,1.0539,5106,,-0.00014231836642530078,3.843027774220014,5.595097425880902,7.658704469421027
2024-12-18 07:00:00,1.0539,1.0544,1.0528,1.0533,7144,,-0.0005694760973949336,3.863052685555732,5.5975843099238345,7.66283214863024
2024-12-18 08:00:00,1.0533,1.0541,1.0525,1.0534,10814,,9.493520679276471e-05,3.734603373672292,5.561151511084274,7.662958412875042
2024-12-18 09:00:00,1.0534,1.05455,1.05295,1.0539,15685,,0.0004745408906021808,3.782712769923919,5.565407545076747,7.649114782546729
2024-12-18 10:00:00,1.05385,1.05415,1.05115,1.0516,17555,,-0.0021847550841648878,5.266383330145733,5.95077878145953,7.723216385968609
2024-12-18 11:00:00,1.05155,1.0523,1.0509,1.0511,11567,,-0.00047557902641754584,5.276759436900699,5.939312480341165,7.652350933973026
2024-12-18 12:00:00,1.0511,1.0522,1.05105,1.05165,6462,,0.0005231244917777754,5.38611120109278,5.969047435907087,7.654368688595103
2024-12-18 13:00:00,1.0517,1.05345,1.0516,1.05285,7684,,0.0011404135234538294,5.771336714486516,6.070892298256777,7.675289589795427
2024-12-18 14:00:00,1.05275,1.05275,1.04145,1.04185,61518,,-0.010502793828331075,19.07690521018882,12.115883318282911,9.248622539441758
2024-12-18 15:00:00,1.04185,1.04215,1.03845,1.0406,37954,,-0.0012005091600060548,19.01787133849846,12.150664265773052,9.25402119656456
2024-12-18 16:00:00,1.0406,1.04175,1.0389,1.03935,12110,,-0.0012019521147031008,18.962315651573334,12.176117658757224,9.264177178953897
2024-12-18 18:00:00,1.0388,1.04005,1.03875,1.03905,3888,,-0.00028868360477621,18.94985052316638,12.159466865832574,9.261352961105054
2024-12-18 19:00:00,1.0391,1.042,1.039,1.0413,7628,,0.002163098399126356,19.589229029939336,12.399218375558112,9.321546880164602
2024-12-18 20:00:00,1.04135,1.04205,1.04115,1.0418,4661,,0.00048005377524113223,19.60620048783411,12.346087484320659,9.290776179202096
2024-12-18 21:00:00,1.04185,1.04305,1.04125,1.043,5067,,0.0011511896896810867,19.8280523719098,12.414560681234681,9.306087943787707
2024-12-18 22:00:00,1.043,1.0431,1.04145,1.0419,3742,,-0.0010552065826342572,19.677282187657035,12.445386934182325,9.311524413803408
2024-12-18 23:00:00,1.04185,1.0422,1.0415,1.04195,2146,,4.798809896048118e-05,19.66944892489277,12.312520987883294,9.292161186385702
2024-12-19 00:00:00,1.0419,1.04255,1.04165,1.0422,2597,,0.00023990595801552534,19.71658455575272,12.110703811649111,9.25892685853326
2024-12-19 01:00:00,1.0422,1.04285,1.04175,1.04255,4239,,0.00033577167841543094,19.745762132818147,11.853564451622177,9.24525913411984
2024-12-19 02:00:00,1.0425,1.04495,1.0425,1.0435,15461,,0.000910812363725826,19.84498038359455,11.889601025650016,9.2565236518435
2024-12-19 03:00:00,1.0435,1.04495,1.04305,1.0449,15774,,0.0013407395228096871,20.09675516584642,11.986473045680253,9.277416478343039
2024-12-19 04:00:00,1.04485,1.0463,1.0448,1.0453,16588,,0.00038273849859627037,20.143703496670632,11.954747895840349,9.257890309254801
2024-12-19 05:00:00,1.0453,1.04565,1.04445,1.0446,11012,,-0.000669888536463037,20.130059622075986,11.936374271587427,9.256291644274194
2024-12-19 06:00:00,1.0446,1.04555,1.044,1.0445,8568,,-9.57350055779045e-05,20.073790538162537,11.936587204286528,9.245967001429895
2024-12-19 07:00:00,1.04435,1.0451,1.04315,1.04345,19961,,-0.001005771295780928,19.85256791640643,11.954677009161605,9.084933241506928
2024-12-19 08:00:00,1.04345,1.04545,1.04265,1.04395,23546,,0.00047906487454485685,19.908647782098804,11.957586786108038,9.088230247207168
2024-12-19 09:00:00,1.0439,1.04475,1.04345,1.04365,26047,,-0.0002874113834692041,19.846422387662802,11.880992121962645,9.076587830889473
2024-12-19 10:00:00,1.0437,1.04425,1.0417,1.04205,26529,,-0.0015342573849157824,19.738127361981427,11.94682872953902,9.057917487296175
2024-12-19 11:00:00,1.042,1.0425,1.03965,1.0397,19650,,-0.0022577168230749857,8.422033316056206,12.118269959008328,9.122260136843192
2024-12-19 12:00:00,1.0397,1.0417,1.0395,1.0402,13691,,0.0004807923550474094,8.230096888756409,12.13959581343478,9.126100243168555
2024-12-19 13:00:00,1.0402,1.0416,1.03955,1.0414,8388,,0.001152959389826753,8.17146341096643,12.2184871878222,9.145513607320446
2024-12-19 14:00:00,1.0414,1.04175,1.04015,1.04015,9571,,-0.0012010282244071236,8.458067552634999,12.257958582495762,9.162795632719648
2024-12-19 15:00:00,1.0402,1.04095,1.03985,1.0408,7181,,0.00062471469390381,7.6176564373747135,12.287833870304453,9.168462332755464
2024-12-19 16:00:00,1.0408,1.0408,1.0401,1.0404,3286,,-0.00038439362379898395,7.583823036628494,12.285136991816186,9.169639253029715
2024-12-19 18:00:00,1.0404,1.04055,1.04005,1.0404,1748,,0.0,7.252050948802868,12.272093311611211,9.161814786037775
2024-12-19 19:00:00,1.0404,1.0409,1.04015,1.0405,3508,,9.611225919255883e-05,7.055570065941924,12.275448505384876,9.160557164892966
2024-12-19 20:00:00,1.0405,1.0407,1.0399,1.0403,2664,,-0.00019223375683952306,7.055449457519772,12.269105611980176,9.15945733729543
2024-12-19 21:00:00,1.0403,1.04045,1.03995,1.0403,2209,,0.0,7.033205103559426,12.260825001068921,9.150577430429433
2024-12-19 22:00:00,1.0403,1.0405,1.03985,1.04015,2052,,-0.00014419957245792467,6.989837851342297,12.204101753401247,9.150655168965816
2024-12-19 23:00:00,1.0402,1.04025,1.0398,1.03985,1674,,-0.00028846154046170637,6.7359704246324466,12.188556174141345,9.138659639774737
2024-12-20 00:00:00,1.0398,1.04065,1.03965,1.0406,3079,,0.0007209978922732904,6.368175880652547,12.225176470823722,9.144655729755813
2024-12-20 01:00:00,1.0406,1.0417,1.03825,1.04145,15555,,0.0008165030111888527,6.538267245829156,12.26557062521072,9.15472997455405
2024-12-20 02:00:00,1.0415,1.04255,1.0412,1.04225,10027,,0.0007678648935140781,6.675108859562759,12.282942596929153,9.163590155502712
2024-12-20 03:00:00,1.04225,1.04385,1.0418,1.04325,11325,,0.0009590027107557426,6.930692923759349,12.335161381655602,9.163706143007513
2024-12-20 04:00:00,1.0432,1.04325,1.0416,1.0423,11741,,-0.0009110307263853384,6.8913808606895905,12.349499549739523,9.173260532033229
2024-12-20 05:00:00,1.0423,1.04335,1.04215,1.0432,5819,,0.0008631024271119109,7.017349533776462,12.39087022575576,9.064920484897002
2024-12-20 06:00:00,1.0432,1.04375,1.04195,1.04315,7938,,-4.793059650539022e-05,7.002372404607415,12.390866085524609,9.055811713661607
2024-12-20 07:00:00,1.0432,1.04405,1.0428,1.04295,10854,,-0.00019174536274645725,6.447883267963678,12.38579832798985,9.055117182988736
2024-12-20 08:00:00,1.043,1.04605,1.0428,1.0447,29749,,0.0016765266303257213,5.545460307843359,12.513944855193552,9.095808429202576
2024-12-20 09:00:00,1.04475,1.04495,1.0426,1.0434,24629,,-0.0012451512551697806,6.092053837145287,12.54854708989196,9.113701821931688
2024-12-20 10:00:00,1.0435,1.04475,1.04315,1.0437,21367,,0.00028748023771375884,5.81994572206892,12.548655786920248,9.115212278960456
2024-12-20 11:00:00,1.0437,1.0476,1.0436,1.04685,21849,,0.0030135633052642587,7.238884346754043,12.94940580503137,9.192595303012455
2024-12-20 12:00:00,1.0469,1.04855,1.0466,1.0469,14317,,4.776119403890521e-05,7.231364281334741,12.950437085225985,9.192120349398234
2024-12-20 13:00:00,1.04685,1.0483,1.04625,1.0477,8781,,0.0007638690336102121,7.164763998721378,12.971195578581801,9.200562915855803
2024-12-20 14:00:00,1.04765,1.04875,1.0474,1.0485,8754,,0.0007632859830553896,7.169157311093696,13.000654932031495,9.209417815446505
2024-12-20 15:00:00,1.04845,1.04875,1.0469,1.0469,9057,,-0.0015271550166654608,7.898041668299435,13.042557894087366,9.229462649336309
2024-12-20 16:00:00,1.0469,1.0474,1.04625,1.0469,3810,,0.0,7.866404793874482,12.985923326932184,9.222244068622826
2024-12-22 18:00:00,1.04715,1.0483,1.0469,1.04715,3285,,0.00023877175921104368,7.846786126208951,12.988609991706394,9.21474754612043
2024-12-22 19:00:00,1.04725,1.04755,1.04695,1.04705,2048,,-9.550186235884093e-05,7.8379067867226215,12.987064344786642,9.214748879866745
2024-12-22 20:00:00,1.0471,1.0477,1.04655,1.04745,2592,,0.00038195273799273053,7.755629635039796,12.987156004637306,9.217288559647702
2024-12-22 21:00:00,1.0475,1.04815,1.0474,1.0479,3542,,0.0004295225207419629,7.729453461196824,12.998143011444323,9.219697708881545
2024-12-22 22:00:00,1.0479,1.0481,1.0477,1.0478,1481,,-9.543350677665557e-05,7.716749781239731,12.989120842525223,9.218616124658567
2024-12-22 23:00:00,1.04775,1.0484,1.04775,1.04815,2596,,0.0003339774357720599,7.670464840266662,12.994773809257548,9.209652911123213
2024-12-23 00:00:00,1.04815,1.0483,1.0478,1.0479,1451,,-0.00023854392899532362,7.616640824941675,12.983112590847945,9.209860783921744
2024-12-23 01:00:00,1.04785,1.04805,1.0472,1.04725,2900,,-0.0006204806537518073,7.494799500359658,12.818983697613861,9.212182360235792
2024-12-23 02:00:00,1.04725,1.0476,1.045,1.04515,8822,,-0.002007265059352576,8.345277263372381,12.960233444927589,9.25732546015209
2024-12-23 03:00:00,1.04515,1.04575,1.0446,1.0457,7715,,0.0005261018367515379,8.373989649915064,12.960379261207533,9.25878958853054
2024-12-23 04:00:00,1.04565,1.04585,1.0446,1.04465,5760,,-0.001004616536283171,8.587541413066745,12.92974723829175,9.267056394248819
2024-12-23 05:00:00,1.0447,1.04485,1.04255,1.0429,9110,,-0.0016766069410928224,8.584613930751297,7.616513688826515,9.234308145925583
2024-12-23 06:00:00,1.04285,1.04395,1.04265,1.04385,7447,,0.0009105068318014834,8.476027632732091,7.565376929503945,9.178571890082491
2024-12-23 07:00:00,1.04385,1.044,1.04245,1.0434,6990,,-0.0004311893706762389,8.49636609112526,7.473440433294469,9.15435625998098
2024-12-23 08:00:00,1.0434,1.04415,1.0427,1.0438,10763,,0.00038328862102037984,6.511990417104106,7.471309570131468,9.15696442126389
2024-12-23 09:00:00,1.0439,1.04475,1.04305,1.04325,10978,,-0.0005270597376508971,6.53425970533857,7.183625738104395,9.145737213008577
2024-12-23 10:00:00,1.0433,1.0436,1.0423,1.04295,13419,,-0.000287604258525376,6.305359439539523,7.175795720543028,9.14639147581717
2024-12-23 11:00:00,1.04295,1.04495,1.0428,1.04465,11681,,0.0016286648551235023,6.890504041816362,7.2684768944644444,9.181118629432584
2024-12-23 12:00:00,1.0447,1.04565,1.0436,1.0437,11277,,-0.0009098092422538479,6.584252927483004,7.247735295510271,9.179403028542255
2024-12-23 13:00:00,1.0437,1.04515,1.0437,1.0448,5084,,0.0010533876961605461,6.909007675924069,7.320396004485258,9.192775911554438
2024-12-23 14:00:00,1.04475,1.0452,1.04385,1.04505,9949,,0.00023925162207108356,6.909082711062714,7.320378223328418,9.193585369951114
2024-12-23 15:00:00,1.04505,1.04535,1.04425,1.0445,4876,,-0.0005264291476171917,6.948641053538484,7.336497752780898,9.193085362065402
2024-12-23 16:00:00,1.0445,1.0447,1.04435,1.04455,1019,,4.786864843790524e-05,6.895610931789779,7.281382894106798,9.188331177405622
2024-12-23 18:00:00,1.0445,1.04465,1.04415,1.0442,949,,-0.00033512866860645603,6.822889153931613,7.1624436615150096,9.18851798907912
2024-12-23 19:00:00,1.0442,1.04425,1.04355,1.04385,1480,,-0.00033524101748332816,6.8265227327416955,7.158239572755804,9.157869078994588
2024-12-23 20:00:00,1.0438,1.0443,1.04375,1.04405,1344,,0.00019158005710203106,6.796231760417444,7.130651556618554,9.158436860663665
2024-12-23 21:00:00,1.0441,1.04465,1.04345,1.04375,2672,,-0.0002873838510056056,6.79773624864406,7.1356416248222185,9.158639222203881
2024-12-23 22:00:00,1.04375,1.0438,1.04265,1.0429,2523,,-0.0008147030378980959,6.844353512849442,7.110899174911582,9.158406214394757
2024-12-23 23:00:00,1.0429,1.04345,1.0429,1.0434,1155,,0.0004793174611254021,6.087832571048867,7.110916943124329,9.113668807572
2024-12-24 00:00:00,1.04345,1.04355,1.0431,1.04345,725,,4.791911254699457e-05,5.991368629784128,7.10541577093048,9.111738907122891
2024-12-24 01:00:00,1.04345,1.04365,1.043,1.04335,1162,,-9.584052144578814e-05,5.762358609397627,6.932346351180834,9.111678206618691
2024-12-24 02:00:00,1.04335,1.04365,1.0428,1.04285,2407,,-0.0004793404367496223,5.0234139098511115,6.552710415263416,9.085952679831845
2024-12-24 03:00:00,1.04285,1.0443,1.0428,1.04335,4265,,0.0004793404367495833,4.826074413775107,6.552612824520129,9.074813410040056
2024-12-24 04:00:00,1.04335,1.04365,1.0428,1.04295,2999,,-0.00038345396625715173,4.813951300808155,6.468632665336567,9.07552439184273
2024-12-24 05:00:00,1.04295,1.04355,1.04265,1.04345,2323,,0.00047929448770298586,4.842463220026702,6.361321405750761,9.064541191324002
2024-12-24 06:00:00,1.0434,1.04415,1.04295,1.04325,3398,,-0.00019169022917755275,4.764458086570301,6.338848092918791,9.063460333285763
2024-12-24 07:00:00,1.0433,1.04415,1.0427,1.0429,5960,,-0.00033554634449481623,4.774389210180982,6.335691025412278,9.043008253560156
2024-12-24 08:00:00,1.0429,1.04415,1.0427,1.044,4990,,0.001054195315416877,4.222268319239339,6.4167551431350836,9.010944959255154
2024-12-24 09:00:00,1.044,1.0448,1.0433,1.0443,5339,,0.0002873150429188711,3.932497852487299,6.420802582590131,9.011999611455959
2024-12-24 10:00:00,1.0443,1.0446,1.0428,1.04295,8051,,-0.0012935682723663982,4.100188098663848,6.559007637481259,9.031320319276864
2024-12-24 11:00:00,1.0429,1.04345,1.0425,1.0425,5077,,-0.0004315615401800154,4.095379744756364,6.576156359587254,9.025678873529202
2024-12-24 12:00:00,1.04255,1.04315,1.0421,1.0426,4911,,9.591866104899741e-05,4.042476110678934,6.573859647786849,9.023275903932008
2024-12-24 13:00:00,1.04265,1.04305,1.0423,1.0428,1472,,0.00019180972534101127,4.0659015729141625,6.5670006680561706,9.022059887001655
2024-12-25 18:00:00,1.04365,1.04415,1.0434,1.04365,1462,,0.0008147811325688394,4.323256901538501,6.577530889791137,9.032115031177444
2024-12-25 19:00:00,1.0437,1.0439,1.04305,1.0434,1293,,-0.00023957260362293743,4.30465924075683,6.5365055179243,9.032451638442197
2024-12-25 20:00:00,1.0434,1.04375,1.0432,1.0435,1644,,9.583592896311403e-05,4.292772472088845,6.493546937736417,9.032737245497481
2024-12-25 21:00:00,1.0435,1.04375,1.04345,1.04365,1215,,0.0001437366746597559,4.274750922177651,6.423909124890363,9.033147454425592
2024-12-25 22:00:00,1.04365,1.04415,1.0436,1.04385,1657,,0.00019161676705324091,4.018344741382352,6.35753366832241,9.032322137625808
2024-12-25 23:00:00,1.0438,1.0439,1.0435,1.0435,1199,,-0.00033535344171317145,3.9880129039580257,6.30921534668564,9.032979915471074
2024-12-26 00:00:00,1.04355,1.04405,1.0435,1.0435,1013,,0.0,3.9872338761546158,6.308988283073309,9.02981443364176
2024-12-26 01:00:00,1.0435,1.0438,1.04345,1.04355,1068,,4.791452050446569e-05,3.9837948687113074,6.305891653537681,9.02674908651285
2024-12-26 02:00:00,1.04355,1.04375,1.04285,1.0435,2190,,-4.7914520504525503e-05,3.8846618871520326,6.071940224856597,8.990801841295944
2024-12-26 03:00:00,1.0435,1.0436,1.043,1.04325,1166,,-0.00023960704559354806,3.8212947398426316,5.946446942586116,8.979501329726931
2024-12-26 04:00:00,1.0432,1.0438,1.0429,1.04365,1699,,0.000383343720253294,3.8120648351343616,5.952013594713925,8.97789806751283
2024-12-26 05:00:00,1.04365,1.0441,1.04355,1.0439,1237,,0.0002395152223373514,3.745031753168332,5.1029291466056215,8.97833613018253
2024-12-26 06:00:00,1.04395,1.044,1.0437,1.0439,1159,,0.0,3.725069112560019,5.102244916334404,8.977584642685775
2024-12-26 07:00:00,1.04385,1.04385,1.04305,1.0437,3361,,-0.0001916075882467041,3.6881937295577156,5.036180758669603,8.977805993630941
2024-12-26 08:00:00,1.04375,1.04435,1.0435,1.044,4361,,0.00028739761657788077,3.2282724841716246,4.9784029395136296,8.973505089602124
2024-12-26 09:00:00,1.04405,1.04425,1.04325,1.044,5138,,0.0,3.1852527819009087,4.751671823948687,8.97245843282552
2024-12-26 10:00:00,1.04395,1.04535,1.0436,1.0447,9639,,0.0006702734008781634,2.411487062618347,4.805702514666466,8.950021345561712
2024-12-26 11:00:00,1.0447,1.0461,1.04465,1.04605,5560,,0.001291402786195054,3.023090892865881,4.9802232455701585,8.966387336360008
2024-12-26 12:00:00,1.046,1.0461,1.04445,1.045,3845,,-0.001004280230745939,3.6494033897506917,5.077440902569981,8.978698407479252
2024-12-26 13:00:00,1.045,1.04685,1.045,1.046,4593,,0.0009564802259570362,3.931975797302909,5.157663819502097,8.95939773273242
2024-12-26 14:00:00,1.0459,1.0462,1.04525,1.04555,4444,,-0.00043030289205956096,3.8606009120569498,5.15255801440665,8.960956041235693
2024-12-26 15:00:00,1.04555,1.046,1.0454,1.0459,2415,,0.0003346960274138448,3.8331641352830856,5.1656737770019765,8.962900609524338
2024-12-26 16:00:00,1.0459,1.04615,1.0457,1.0461,1209,,0.00019120458949256728,3.834864796423415,5.1573365606940165,8.963387813024818
2024-12-26 18:00:00,1.0461,1.04675,1.0457,1.04595,1484,,-0.0001434000145858361,3.862668615381726,5.154326259304176,8.962068772581771
2024-12-26 19:00:00,1.0459,1.0461,1.04555,1.04555,2112,,-0.0003825006023206355,3.9520745804501565,5.131917830015887,8.96311598451077
2024-12-26 20:00:00,1.04555,1.0456,1.045,1.0451,1736,,-0.00043048813235075246,3.9873111262024823,4.737237713945042,8.959168601829248
2024-12-26 21:00:00,1.0451,1.0452,1.04455,1.0447,1568,,-0.00038281175699570016,4.065525673730659,4.7214739156959755,8.960164488442093
2024-12-26 22:00:00,1.0447,1.04505,1.04445,1.045,1682,,0.00028712255544909856,4.084971040836368,4.621252413253417,8.954927543608346
2024-12-26 23:00:00,1.04505,1.04505,1.04455,1.04465,791,,-0.0003349843306513648,4.141333432747976,4.306201419437174,8.954563720126975
2024-12-27 00:00:00,1.04465,1.0449,1.04445,1.04465,1500,,0.0,4.107888323347934,4.2108847477136715,8.95459381406299
2024-12-27 01:00:00,1.0447,1.045,1.0445,1.045,1453,,0.0003349843306513345,4.096881950791237,4.198321825512998,8.955482223584063
2024-12-27 02:00:00,1.0449,1.04625,1.04425,1.0459,12331,,0.0008608733613112692,4.3178408856831,4.2668609514053575,8.806552614951721
2024-12-27 03:00:00,1.0459,1.0464,1.04485,1.04505,8444,,-0.0008130276159849641,4.5976095544407185,4.314762945566251,8.783701217391648
2024-12-27 04:00:00,1.04505,1.0456,1.0447,1.0455,6914,,0.00043050872445071526,4.618600744050409,4.321025877343755,8.784619032353508
2024-12-27 05:00:00,1.0454,1.04595,1.0449,1.04565,5398,,0.00014346173182902178,4.605400954506809,4.00743269209529,8.779554611498769
2024-12-27 06:00:00,1.0456,1.0478,1.0456,1.0476,11178,,0.0018631320330394813,5.547092635810204,4.306658994860836,8.815815968836548
2024-12-27 07:00:00,1.04765,1.0482,1.04655,1.047,8768,,-0.0005729017630200856,5.612588679783103,4.231828781116247,8.819829263758336
2024-12-27 08:00:00,1.04695,1.0476,1.0466,1.0476,8717,,0.0005729017630200641,5.259097338297712,4.261486197825186,8.768456676728482
2024-12-27 09:00:00,1.0476,1.0477,1.0462,1.0464,9245,,-0.0011461319306226834,5.356561310562462,4.389510208121647,8.718900866955028
2024-12-27 10:00:00,1.0464,1.0473,1.0453,1.04595,19678,,-0.0004301383678048956,5.162798009971853,4.413716291404856,8.708128539707156
2024-12-27 11:00:00,1.04595,1.047,1.04585,1.046,9432,,4.780228973895079e-05,5.103259306926302,4.398644650042954,8.668201989023066
2024-12-27 12:00:00,1.04595,1.04605,1.04525,1.04585,8390,,-0.00014341372493939023,5.077523929444491,4.386574354081669,8.614389543767073
2024-12-27 13:00:00,1.04585,1.04665,1.0458,1.0464,4606,,0.0005257498030054092,5.150924120665858,4.411801577512382,8.617749222702036
2024-12-27 14:00:00,1.04635,1.0468,1.0461,1.0466,5129,,0.00019111323517306795,5.151163263624879,4.401829239521784,8.610734583834875
2024-12-27 15:00:00,1.0466,1.0466,1.04605,1.04635,3760,,-0.00023889725142892414,5.120425193185233,4.323759795325164,8.61128468478552
2024-12-27 16:00:00,1.0463,1.04635,1.0459,1.04615,1478,,-0.00019115890141840485,5.067325192516381,4.308692506722379,8.61026610922773
2024-12-29 18:00:00,1.04645,1.0471,1.04625,1.04645,1595,,0.00028672465072679144,5.018728624860501,4.315587824446842,8.6006466289028
2024-12-29 19:00:00,1.0465,1.04665,1.0461,1.04625,2060,,-0.00019114063230192178,5.025924328283398,4.319898996153434,8.600998260805474
2024-12-29 20:00:00,1.0463,1.04665,1.04605,1.04605,1501,,-0.00019117717402776274,4.996102918122112,4.293566478817508,8.601116864209041
2024-12-29 21:00:00,1.0461,1.0463,1.04595,1.0461,1278,,4.7797720058038955e-05,4.9947548953477465,4.271243407194547,8.600625541042618
2024-12-29 22:00:00,1.0461,1.0461,1.04565,1.046,1145,,-9.55977248469851e-05,4.977958903690267,4.251453474441134,8.599977055108802
2024-12-29 23:00:00,1.046,1.04615,1.04595,1.0461,925,,9.559772484704338e-05,4.752883905564107,4.229008016239863,8.598780682915153
2024-12-30 00:00:00,1.04605,1.0462,1.04585,1.04605,1292,,-4.779772005792401e-05,4.511462336189967,4.2233113952404295,8.598443856596996
2024-12-30 01:00:00,1.0461,1.0467,1.0461,1.0464,2424,,0.0003345360732769078,4.488577385351858,4.215047358464751,8.59348548259845
2024-12-30 02:00:00,1.04645,1.0465,1.0457,1.04625,4080,,-0.00014335889924931342,4.495853592956207,4.094030120342463,8.591732773883745
2024-12-30 03:00:00,1.0462,1.0465,1.0445,1.04485,6994,,-0.0013390083775779286,3.717942952668376,4.3114763645403436,8.608308309038586
2024-12-30 04:00:00,1.0448,1.04745,1.04465,1.0469,8431,,0.0019600818992021015,5.109397963941921,4.535683958991127,8.664101322574197
2024-12-30 05:00:00,1.0469,1.04795,1.0468,1.04735,6540,,0.0004297481264659455,5.063738277888252,4.521824946949347,8.64673155988252
2024-12-30 06:00:00,1.04735,1.04875,1.0472,1.0483,8284,,0.0009066400067517103,4.854051542817958,4.597855783730152,8.653962969723883
2024-12-30 07:00:00,1.0483,1.04935,1.0474,1.0484,9344,,9.53879907242851e-05,4.7596648738148755,4.596704854255201,8.63187506977149
2024-12-30 08:00:00,1.04845,1.0487,1.042,1.0423,22704,,-0.00583538270397469,11.397883257474035,7.471043217157179,9.091637489974122
2024-12-30 09:00:00,1.0423,1.0444,1.04145,1.04395,27213,,0.0015817858301079804,11.801819823074572,7.638477650809571,8.983655900106827
2024-12-30 10:00:00,1.04395,1.0441,1.04065,1.0415,22325,,-0.002349613874357745,12.369160545228063,7.996121578439158,8.795578246511916
2024-12-30 11:00:00,1.04155,1.0426,1.04095,1.042,15215,,0.0004799616122854747,12.410940228550718,8.010807245851325,8.582837996654929
2024-12-30 12:00:00,1.0421,1.043,1.0419,1.04285,6493,,0.0008154064293318451,12.540637123503744,8.052579572900541,8.571933478440757
2024-12-30 13:00:00,1.0429,1.04415,1.04285,1.0439,5803,,0.001006349671608666,12.705271510655756,8.110492207198343,8.550088612943517
2024-12-30 14:00:00,1.04395,1.044,1.04305,1.04315,6785,,-0.0007187178383696796,12.726214394226323,8.143106508111659,8.54481000419884
2024-12-30 15:00:00,1.0431,1.044,1.043,1.0434,3515,,0.0002396300124093903,12.744668899148593,8.14667188578798,8.541706956874874
2024-12-30 16:00:00,1.04335,1.0442,1.0433,1.04415,1629,,0.0007185456944925471,12.830117316318463,8.178563255597435,8.549428142528402
2024-12-30 18:00:00,1.0441,1.0441,1.04335,1.044,1305,,-0.00014366784020101805,12.827848767396402,8.176124071186425,8.541818640116007
2024-12-30 19:00:00,1.04405,1.04405,1.04315,1.0438,1447,,-0.00019158923327112676,12.828818670781713,8.16972851529551,8.537830519185162
2024-12-30 20:00:00,1.0438,1.0448,1.04365,1.0447,4950,,0.0008618626341492579,12.935767157378567,8.212029249072854,8.524897753046828
2024-12-30 21:00:00,1.04465,1.045,1.04425,1.04475,2885,,4.7859484562561724e-05,12.937287659949828,8.21209354990356,8.52313903007124
2024-12-30 22:00:00,1.04475,1.0448,1.0442,1.0443,1244,,-0.0004308178425219076,12.931039828751898,8.221726159370318,8.525441470088682
2024-12-30 23:00:00,1.0443,1.04435,1.04385,1.0439,796,,-0.0003831050712501874,12.940289985201424,8.226059148899498,8.525453969931887
2024-12-31 00:00:00,1.04395,1.04425,1.0437,1.0438,746,,-9.579920493987487e-05,12.744291638503649,8.226602364810963,8.525115915879374
2024-12-31 01:00:00,1.0439,1.0441,1.04345,1.04385,1750,,4.790074965583217e-05,12.206592310150617,8.198055271641426,8.524983471126566
2024-12-31 02:00:00,1.04385,1.04475,1.0437,1.04465,3179,,0.0007661001092911882,12.270925651140939,8.129013598735806,8.528843351533633
2024-12-31 03:00:00,1.04465,1.04545,1.04405,1.0453,6522,,0.0006220244704013659,12.204258832588334,8.091528873732818,8.52253387993795
2024-12-31 04:00:00,1.04525,1.04585,1.0446,1.0453,6315,,0.0,12.199446882347335,8.032981222372001,8.479449925731613
2024-12-31 05:00:00,1.04535,1.04545,1.04395,1.0447,7258,,-0.0005741626951990873,6.483650501619737,8.041969289403095,8.483593274990788
2024-12-31 06:00:00,1.0447,1.04535,1.04395,1.04445,4218,,-0.00023933178679667747,5.921238387247602,8.03713713492237,8.48376642899889
2024-12-31 07:00:00,1.0445,1.04485,1.04255,1.0427,6768,,-0.0016769282611181393,5.12490204679188,8.203203280975227,8.421304005954845
2024-12-31 08:00:00,1.04275,1.0432,1.0418,1.0428,7926,,9.590026379924026e-05,5.067337975064558,8.204055889096452,8.41771942899473
2024-12-31 09:00:00,1.04275,1.0429,1.0409,1.04105,11692,,-0.0016795838581433443,5.670972118115905,8.359778719780785,8.406796099839555
2024-12-31 10:00:00,1.041,1.04235,1.03865,1.03895,19710,,-0.0020192314553141508,6.228496509602177,8.57894109350662,8.462468746202772
2024-12-31 11:00:00,1.03895,1.03955,1.03815,1.03845,12680,,-0.00048137095374492766,6.183657833909888,8.58286070034802,8.4531270818209
2024-12-31 12:00:00,1.03845,1.0389,1.0378,1.03825,9296,,-0.00019261328128143356,6.125510128419841,8.574189528095676,8.453282499611246
2024-12-31 13:00:00,1.03825,1.03905,1.03795,1.03865,4280,,0.0003851894698308183,5.9839736307889835,8.585126385484433,8.45611680979205
2024-12-31 14:00:00,1.03865,1.03985,1.03855,1.03885,5092,,0.0001925391101013499,6.033859752532696,8.58950862825941,8.456996468902382
2024-12-31 15:00:00,1.0389,1.0397,1.03885,1.0392,3382,,0.0003368542655944791,6.118758510847285,8.589604295996022,8.457980864927965
2024-12-31 16:00:00,1.03925,1.0395,1.03875,1.0388,1859,,-0.00038498556779637926,5.791902412523214,8.538740437114072,8.454676030783709
2025-01-01 18:00:00,1.0388,1.0392,1.0379,1.0383,3117,,-0.0004814404791850999,5.7686946902326754,8.51735814576031,8.450577854459288
2025-01-01 19:00:00,1.0384,1.0389,1.03805,1.0385,3014,,0.0001926040067587241,5.8285675834647295,8.505279920704677,8.448059983905324
2025-01-01 20:00:00,1.03845,1.0393,1.0376,1.03905,7650,,0.0005294698205566895,5.990214939440144,8.525967428349764,8.4496735325971
2025-01-01 21:00:00,1.0391,1.0404,1.0391,1.0404,2432,,0.001298420437772718,6.55570602711362,8.410371119655784,8.471810162097611
2025-01-01 22:00:00,1.04035,1.0407,1.04005,1.04045,2246,,4.805728429229689e-05,6.555722072569302,8.398809621294804,8.471968272313495
2025-01-01 23:00:00,1.0404,1.0408,1.0399,1.0402,2227,,-0.0002403095198165573,6.331407968991696,8.371204905119216,8.469071197720336
2025-01-02 00:00:00,1.0402,1.04035,1.0395,1.0397,2070,,-0.0004807923550475383,6.156200130749453,8.313907504422193,8.469880736816728
2025-01-02 01:00:00,1.03965,1.03975,1.0393,1.0397,2185,,0.0,6.156200130749453,8.307986927682286,8.466257948202287
2025-01-02 02:00:00,1.0397,1.0405,1.03955,1.03955,5005,,-0.00014428279452716845,6.133623510048565,8.306724787497638,8.458371028560247
2025-01-02 03:00:00,1.03955,1.04035,1.0379,1.0395,11380,,-4.80988913297026e-05,6.143400727911615,8.306801712759112,8.455616711893484
2025-01-02 04:00:00,1.03955,1.0403,1.0382,1.03845,6508,,-0.0010106115059235032,5.742652682838903,8.33105788105017,8.467504629237558
2025-01-02 05:00:00,1.03845,1.03895,1.03465,1.03495,20346,,-0.0033761004383446136,7.92452227098469,8.939019044519373,8.593465431002887
2025-01-02 06:00:00,1.0349,1.0367,1.03475,1.03645,9341,,0.0014482960917208138,8.152394111895378,9.088147515624632,8.625247865779698
2025-01-02 07:00:00,1.0365,1.0367,1.0347,1.0351,9823,,-0.0013033720558159715,7.734201425843425,9.160564501405853,8.64667024029859
2025-01-02 08:00:00,1.0351,1.03625,1.03435,1.0346,27605,,-0.00048316182028975536,7.734420032062335,9.153223515856597,8.608979845950854
2025-01-02 09:00:00,1.0346,1.03565,1.03345,1.03365,16067,,-0.0009186510980881103,7.838824747000854,9.182428378390908,8.541200248939367
2025-01-02 10:00:00,1.03365,1.03415,1.0305,1.0307,33886,,-0.002858044428579556,8.984320464810029,9.5617597330803,8.568252443719357
2025-01-02 11:00:00,1.03065,1.0309,1.0256,1.0293,51210,,-0.0013592235102331623,9.072060838104107,9.621548334975621,8.586950758805585
2025-01-02 12:00:00,1.0293,1.03,1.02835,1.0297,13143,,0.0003885381301914772,9.086976458119675,9.642789764629839,8.590013548151298
2025-01-02 13:00:00,1.02975,1.02985,1.0288,1.02885,5252,,-0.000825824049265079,9.107830729435634,9.652156349329898,8.584534868607456
2025-01-02 14:00:00,1.0289,1.0293,1.028,1.02835,11851,,-0.00048609761797141845,9.107834678551693,9.651512731515185,8.575384517227558
2025-01-02 15:00:00,1.0283,1.02965,1.0283,1.02935,7363,,0.0009719590598486221,9.387963501917582,9.714429082090934,8.591567369586803
2025-01-02 16:00:00,1.02935,1.0302,1.02935,1.02995,4503,,0.0005827223007605426,9.40595293492366,9.751703504614513,8.59550933640708
2025-01-02 18:00:00,1.0297,1.03005,1.02965,1.02995,1009,,0.0,8.89952031671095,9.692553404836318,8.591752573042239
2025-01-02 19:00:00,1.02995,1.03055,1.02975,1.0305,1656,,0.0005338639744357349,9.034648402676401,9.463865336232884,8.575816384397124
2025-01-02 20:00:00,1.03045,1.03045,1.02985,1.02995,2011,,-0.0005338639744357038,9.024226048089954,9.440966401800948,8.574008737833365
2025-01-02 21:00:00,1.0299,1.03065,1.0299,1.0304,2624,,0.00043681899401125114,9.168789224274205,9.392130403342176,8.576576919161925
2025-01-02 22:00:00,1.03045,1.0306,1.03005,1.03025,1126,,-0.00014558513116236525,9.149557373737451,9.385185683040323,8.575078485293652
2025-01-02 23:00:00,1.03025,1.03025,1.02985,1.0301,951,,-0.00014560632927911534,9.149413881503541,7.48596796433757,8.573569190595395
2025-01-03 00:00:00,1.03015,1.0305,1.02965,1.03035,1571,,0.0002426654383527282,9.204543140669015,7.27776704030348,8.574383147985701
2025-01-03 01:00:00,1.0304,1.0311,1.03035,1.03105,2261,,0.0006791501182748639,9.340334134567922,6.998564058024566,8.582761214790779
2025-01-03 02:00:00,1.03105,1.03165,1.03005,1.03125,9819,,0.00019395820261546086,7.561632997236403,6.977275509595958,8.58123910768915
2025-01-03 03:00:00,1.0313,1.032,1.0305,1.03125,8738,,0.0,6.965376721209678,6.906555639916862,8.573980678395943
2025-01-03 04:00:00,1.0312,1.0332,1.0312,1.0322,10588,,0.0009207880657360134,6.970042314954316,6.8919270227711005,8.587618117033275
2025-01-03 05:00:00,1.03225,1.03255,1.0311,1.0313,6499,,-0.0008723043926033344,7.063205916047258,6.905765211246985,8.595420832095288
2025-01-03 06:00:00,1.03135,1.0335,1.03135,1.033,7546,,0.0016470477976150886,7.576222958454417,7.136324886469163,8.63561810648678
2025-01-03 07:00:00,1.0329,1.0333,1.03265,1.03275,7276,,-0.00024204284276444223,5.569460647687243,7.079079261072023,8.621073202642453
2025-01-03 08:00:00,1.0328,1.0332,1.03235,1.0325,13288,,-0.00024210144168617477,4.941602600285668,7.079208932941071,8.61840034565556
2025-01-03 09:00:00,1.0325,1.0335,1.03195,1.03325,13681,,0.0007261285566538606,5.026485461259099,7.13799737563565,8.627619123068017
2025-01-03 10:00:00,1.0332,1.0338,1.0305,1.0321,27052,,-0.0011136128199541585,5.22918082282593,7.120983837022651,8.639847652595835
2025-01-03 11:00:00,1.03205,1.03315,1.0315,1.03225,13045,,0.00014532419431178753,5.095296493545396,7.12516387056765,8.63541646619571
2025-01-03 12:00:00,1.0323,1.0338,1.03225,1.03295,9368,,0.0006779004714382898,4.975768883682032,7.175219812746664,8.64192110554939
2025-01-03 13:00:00,1.033,1.03345,1.03245,1.03295,5387,,0.0,4.926553841597895,7.174529528368503,8.637968657209987
2025-01-03 14:00:00,1.0329,1.0338,1.03255,1.0333,5665,,0.00033877798267154094,4.92994399213618,7.192737557194402,8.638688751497329
2025-01-03 15:00:00,1.0333,1.03395,1.03305,1.0337,4456,,0.00038703435412977815,4.901252752719308,7.211232111379401,8.641681676499456
2025-01-03 16:00:00,1.0337,1.03415,1.0336,1.034,2476,,0.0002901774939353423,4.739380602844853,7.1640618746980635,8.642567257337436
2025-01-05 18:00:00,1.03345,1.03395,1.0333,1.03365,1918,,-0.0003385485970479104,4.805425893658656,7.119870395538907,8.641206857453929
2025-01-05 19:00:00,1.03365,1.03365,1.0327,1.0334,2662,,-0.0002418906182422918,4.82762505816672,7.117506505282571,8.637999745396273
2025-01-05 20:00:00,1.0334,1.0345,1.0333,1.03435,2625,,0.0009188732359740106,4.971049552703157,7.192531206741261,8.650115932743322
2025-01-05 21:00:00,1.0343,1.0349,1.0342,1.0347,2980,,0.00033831952184647566,4.976083976181115,7.209850345579005,8.652461786354968
2025-01-05 22:00:00,1.03475,1.035,1.0344,1.03475,1674,,4.8322017936923935e-05,4.907470855043645,7.042992903947885,8.652608969051991
2025-01-05 23:00:00,1.03475,1.03485,1.03445,1.0346,744,,-0.00014497305942717635,4.939494559288619,7.039309703723264,8.649776818986178
2025-01-06 00:00:00,1.03465,1.03495,1.034,1.03405,3646,,-0.0005317477707294183,5.079627855821245,6.8729240446936055,8.652674349942213
2025-01-06 01:00:00,1.034,1.0348,1.0339,1.0344,3230,,0.0003384176589624283,4.890500977724589,6.604805522571905,8.642917632603176
2025-01-06 02:00:00,1.0344,1.03595,1.0341,1.03585,6385,,0.0014007972342500133,5.037665670922725,6.754193351161019,8.65143934060739
2025-01-06 03:00:00,1.0359,1.0384,1.03575,1.03815,14290,,0.002217937264084297,5.616920259002291,7.12256624816202,8.723229449642082
2025-01-06 04:00:00,1.03815,1.04,1.0372,1.0387,21794,,0.000529648277783626,5.562364057960383,7.132078263370849,8.727710873658788
2025-01-06 05:00:00,1.03875,1.03895,1.03665,1.0367,8170,,-0.001927339904699363,6.723638110275858,7.386681866260296,8.773310112210082
2025-01-06 06:00:00,1.03665,1.0464,1.03605,1.04535,46272,,0.008309166223571234,15.631711584117566,11.166888407631706,9.692213335281224
2025-01-06 07:00:00,1.04535,1.04625,1.04235,1.04425,18559,,-0.001052833175352864,15.611067347078441,11.216539526734106,9.701628014753963
2025-01-06 08:00:00,1.0443,1.04685,1.0436,1.04485,20277,,0.0005744100488224992,15.590403025857807,11.211759510395323,9.706047323262656
2025-01-06 09:00:00,1.0449,1.0455,1.0384,1.0424,46797,,-0.002347587615471674,16.412439959557616,11.478263259656373,9.769280692947762
2025-01-06 10:00:00,1.04245,1.04305,1.0403,1.0425,22419,,9.592786232115497e-05,16.404814186213244,11.468430882638268,9.71212084014799
2025-01-06 11:00:00,1.0425,1.0434,1.0417,1.04285,14515,,0.0003356750696876151,16.40488814613321,11.4019926543334,9.711373984019591
2025-01-06 12:00:00,1.0428,1.04285,1.0411,1.0419,6297,,-0.0009113803245060304,16.577741469839303,11.441848711399205,9.717103495987619
2025-01-06 13:00:00,1.0419,1.04205,1.04085,1.04135,5292,,-0.0005280211331128437,16.65509814184978,11.452282815261478,9.70262992429087
2025-01-06 14:00:00,1.0413,1.04235,1.04105,1.042,5994,,0.0006239950282870497,16.611718456592317,11.456631014303165,8.219472429481085
2025-01-06 15:00:00,1.042,1.04235,1.0417,1.0419,2718,,-9.597389517419208e-05,16.595636993711718,11.457352461536201,8.198195488569777
2025-01-06 16:00:00,1.0419,1.04235,1.04175,1.04215,1679,,0.00023991746954163366,16.571294085841515,11.457675105498282,8.177283754771098
2025-01-06 18:00:00,1.042,1.04215,1.0413,1.0414,1469,,-0.0007199251588807882,16.68069846521873,11.482894783466659,8.183867667909078
2025-01-06 19:00:00,1.04145,1.0416,1.0408,1.0415,2803,,9.601997222787904e-05,16.678406906229135,11.433695551559332,8.11457724012046
2025-01-06 20:00:00,1.0415,1.04155,1.04075,1.0412,2456,,-0.00028808758061659974,16.693097047355202,10.893031194946905,8.112352375900105
2025-01-06 21:00:00,1.0412,1.04165,1.0411,1.04135,1620,,0.00014405416461489746,16.624826570601954,10.805946423586748,8.092669492002713
2025-01-06 22:00:00,1.04135,1.0424,1.04115,1.04235,1630,,0.0009598311434208434,16.658327713389617,10.747986818549075,8.089924198930456
2025-01-06 23:00:00,1.04235,1.0425,1.04215,1.04225,1206,,-9.594166753992441e-05,16.570281734229894,10.732867449168921,8.09003403011653
2025-01-07 00:00:00,1.0423,1.0434,1.0422,1.04275,3221,,0.0004796163161484815,16.204167802619114,10.68549362183452,8.09261106716267
2025-01-07 01:00:00,1.04275,1.04355,1.0427,1.0428,3451,,4.794898229182582e-05,16.196616591512296,10.236902760737975,8.090966732672971
2025-01-07 02:00:00,1.04285,1.04555,1.04285,1.0446,12342,,0.0017246339428517237,15.914513343095177,10.225311678505715,8.123033285399373
2025-01-07 03:00:00,1.04455,1.0456,1.0434,1.0456,10142,,0.0009568463078138365,6.751066943816247,10.249328156981171,8.109875179981106
2025-01-07 04:00:00,1.04565,1.0465,1.0455,1.0459,7711,,0.00028687545021025565,6.47478494679018,10.189712621252763,8.108920997543386
2025-01-07 05:00:00,1.04585,1.04655,1.0448,1.0459,9431,,0.0,6.411609269060126,10.164201373473128,8.102124354535588
2025-01-07 06:00:00,1.04585,1.04595,1.0436,1.04445,6874,,-0.0013873277035569783,5.407272286833631,10.275438696777965,8.130878281933086
2025-01-07 07:00:00,1.04445,1.04475,1.0418,1.042,12812,,-0.0023484877433532572,6.880653443181147,10.592549366434348,8.1977585174248
2025-01-07 08:00:00,1.04205,1.04365,1.0418,1.04275,12254,,0.0007195107637424469,6.976230596746209,10.603677225356762,8.202063020717505
2025-01-07 09:00:00,1.04275,1.04285,1.042,1.0425,8641,,-0.00023977940409816378,6.79378711694841,10.60759280834861,8.201697553486065
2025-01-07 10:00:00,1.0424,1.0424,1.0386,1.04035,32543,,-0.002064479692365607,7.664252184088424,10.82420153477738,8.229817893411063
2025-01-07 11:00:00,1.04035,1.04125,1.03935,1.0399,20430,,-0.0004326403144037389,7.589223433903652,10.837212900649046,8.157195161332828
2025-01-07 12:00:00,1.0399,1.0405,1.0385,1.0398,11877,,-9.61677165717014e-05,7.58922304340653,10.835930899232695,8.153884001585432
2025-01-07 13:00:00,1.0398,1.04005,1.03805,1.03855,5848,,-0.001202877427497968,7.79492929312176,10.9175597990309,8.155196824125897
2025-01-07 14:00:00,1.0385,1.03905,1.03835,1.0386,4712,,4.81428881009507e-05,7.737611000662523,10.917361359227769,8.134037776394504
2025-01-07 15:00:00,1.0386,1.0387,1.0375,1.03755,4831,,-0.0010114876955151072,7.871062833508994,10.962509324346353,8.14303011344365
2025-01-07 16:00:00,1.0375,1.03755,1.03705,1.03715,1972,,-0.0003855979225489838,7.876755663120711,10.973111514991807,8.1430434937862
2025-01-07 18:00:00,1.0373,1.0376,1.03695,1.03725,2133,,9.641342082293218e-05,7.870663880596125,10.972682078555012,8.143217561974556
2025-01-07 19:00:00,1.0372,1.038,1.0372,1.0377,3166,,0.0004337453982556123,7.675217765197175,10.946048625908583,8.146000464875282
2025-01-07 20:00:00,1.03775,1.0384,1.0376,1.0383,2984,,0.0005780346981753823,7.799368472089925,10.912340935111342,8.150641720078584
2025-01-07 21:00:00,1.03835,1.03855,1.0382,1.03845,1560,,0.0001444564827359038,7.729254169356572,10.799467626148674,8.150984537151398
2025-01-07 22:00:00,1.0384,1.03845,1.0377,1.0378,1511,,-0.0006261288585049044,7.747451031200732,10.818357397427532,8.156398007788571
2025-01-07 23:00:00,1.0378,1.03825,1.0378,1.0382,880,,0.00038535645948933834,6.978062716314441,10.817471473655823,8.15752456899129
2025-01-08 00:00:00,1.0382,1.03865,1.03795,1.03855,1347,,0.00033706512898883,6.6982888915314,10.801123376594706,8.151393164353205
2025-01-08 01:00:00,1.03855,1.0388,1.0377,1.03825,3326,,-0.0002889060112547109,6.601368876341901,10.738844782769439,8.14236640924325
2025-01-08 02:00:00,1.03815,1.0382,1.0359,1.0363,8224,,-0.0018799263206911176,7.062027789418184,10.920850202025852,8.184783563627382
2025-01-08 03:00:00,1.0363,1.037,1.03485,1.03495,11529,,-0.0013035608363721287,7.028476826923975,10.987894785739947,8.194503794683813
2025-01-08 04:00:00,1.0349,1.0357,1.03455,1.035,6089,,4.831034566975083e-05,6.156902575612981,10.987856538338695,8.183083824432357
2025-01-08 05:00:00,1.035,1.0352,1.0341,1.035,5647,,0.0,5.8850110560303195,10.983457186244598,8.171255020053355
2025-01-08 06:00:00,1.03495,1.035,1.03035,1.0328,26288,,-0.002127866167036665,6.619076827352713,11.18737581368974,8.236050100550756
2025-01-08 07:00:00,1.03285,1.03315,1.03115,1.03135,14531,,-0.0014049368878293752,6.198525759189675,11.269200523627877,8.2630554552496
2025-01-08 08:00:00,1.0313,1.0335,1.03115,1.03335,21993,,0.001937328062711259,7.445384812676202,11.438349756129323,8.277234583536064
2025-01-08 09:00:00,1.03335,1.0338,1.03195,1.0322,13007,,-0.0011135049926877534,7.559112817684735,11.490223560186365,8.27284534174811
2025-01-08 10:00:00,1.0322,1.03405,1.0322,1.03325,13412,,0.001016727677214874,7.760409729704924,11.498831122441182,8.28768712834572
2025-01-08 11:00:00,1.0332,1.03455,1.03255,1.0343,12541,,0.0010156949919162756,8.057742315582365,11.540367807325005,8.166244851603796
2025-01-08 12:00:00,1.0343,1.03435,1.03285,1.0336,8597,,-0.0006770153554205098,7.972038971250771,11.559799792497387,8.171954123291624
2025-01-08 13:00:00,1.0336,1.03465,1.0336,1.0344,7555,,0.0007736944293103289,8.135061310777887,11.58626484678121,8.17219356146069
2025-01-08 14:00:00,1.03435,1.0355,1.03385,1.034,10037,,-0.00038677238927320207,8.135127279553418,11.580398462716083,8.163929037316613
2025-01-08 15:00:00,1.03395,1.0347,1.03385,1.03465,4435,,0.0006284291894633132,8.187000690965727,11.592760723935113,8.138366145056553
2025-01-08 16:00:00,1.03465,1.03505,1.03455,1.0349,1660,,0.00024159841628943732,8.11270395309364,11.507697186492264,8.139573081461894
2025-01-08 18:00:00,1.0348,1.03485,1.03425,1.03425,1003,,-0.0006282773326065461,8.130450044592536,11.294310432693155,8.143373115225982
2025-01-08 19:00:00,1.0343,1.03445,1.03345,1.03425,3154,,0.0,8.09948354395051,11.278340986043164,8.143377788832982
2025-01-08 20:00:00,1.03425,1.03465,1.0341,1.03435,1761,,9.668374753747858e-05,8.051742967925358,11.118888362887848,8.140917646571655
2025-01-08 21:00:00,1.03435,1.0349,1.03435,1.03455,1370,,0.00019333945635173803,8.02587338906072,7.151167769896338,8.138364601893468
2025-01-08 22:00:00,1.0346,1.03505,1.034,1.03405,1337,,-0.0004834187467247892,8.040390845746684,7.102042991194395,8.141112695346491
2025-01-08 23:00:00,1.03405,1.03415,1.0335,1.03385,1635,,-0.00019343295190635357,7.4324077620279,7.061978339047843,8.139158669776572
2025-01-09 00:00:00,1.0338,1.0342,1.0335,1.0336,1461,,-0.00024184381844145707,7.1160630540609,6.705806383098145,8.139176911456161
2025-01-09 01:00:00,1.03365,1.03375,1.03265,1.03295,3912,,-0.0006290677906997198,7.178865818735915,6.7190072632107345,8.139322925859513
2025-01-09 02:00:00,1.033,1.03375,1.03175,1.032,6669,,-0.0009201191961296902,7.315435652413951,6.743557916609679,8.093421565812347
2025-01-09 03:00:00,1.03205,1.0337,1.0313,1.0337,7549,,0.0016459315329310597,6.996186536776578,6.942862559198416,8.131456999269478
2025-01-09 04:00:00,1.0337,1.0347,1.03325,1.0335,6539,,-0.00019349845261614927,6.497174222620015,6.931401430060531,8.118010836500845
2025-01-09 05:00:00,1.0335,1.03415,1.03285,1.03325,5679,,-0.00024192572998127992,5.580425793233101,6.889737734926476,8.078456558691792
2025-01-09 06:00:00,1.03325,1.0334,1.0326,1.033,5064,,-0.0002419842722033268,5.223670129858526,6.8903289552676386,8.065495149384644
2025-01-09 07:00:00,1.03305,1.0335,1.03255,1.03325,4092,,0.00024198427220323006,4.927282466882899,6.89044700044991,8.06439722548291
2025-01-09 08:00:00,1.0333,1.03485,1.03305,1.03375,8254,,0.00048379294605937324,4.657709553286739,6.8931054278019195,8.065827221518152
2025-01-09 09:00:00,1.03375,1.0344,1.0335,1.0337,5948,,-4.8368763461852665e-05,4.504025412913597,6.889928686099384,8.062223037182822
2025-01-09 10:00:00,1.03375,1.0339,1.0324,1.0329,10149,,-0.0007742185618514042,4.467118545152097,6.9189293863788235,8.069449566515967
2025-01-09 11:00:00,1.0329,1.0331,1.0321,1.0327,5035,,-0.0001936483352294874,4.43639621724459,6.913353030450435,8.02766027385043
2025-01-09 12:00:00,1.03265,1.0331,1.0323,1.03265,3418,,-4.8417943699244645e-05,4.253000093010091,6.822589934404396,8.016319674286398
2025-01-09 13:00:00,1.03265,1.03315,1.0323,1.03295,2625,,0.00029047250397887844,4.266205322326654,6.837081529888408,7.9997507399843055
2025-01-09 14:00:00,1.033,1.03315,1.03265,1.0327,2372,,-0.000242054560279535,4.163969504902668,6.807350657200027,7.9990903542804705
2025-01-09 15:00:00,1.03275,1.0333,1.03275,1.03305,1429,,0.00033885998145873183,4.224647997204688,6.822770379817554,7.99783005086126
2025-01-09 16:00:00,1.03305,1.03305,1.0328,1.03295,676,,-9.680542117922141e-05,4.215479136101347,6.547480339350403,7.997742563780176
2025-01-09 18:00:00,1.0329,1.03305,1.0325,1.03255,1124,,-0.00038731542483697045,4.22194164160971,6.445058313589403,7.998244090692419
2025-01-09 19:00:00,1.03255,1.03295,1.0321,1.03245,2979,,-9.685230031779047e-05,4.162342466990874,6.426261622736078,7.997001383651512
2025-01-09 20:00:00,1.0324,1.0333,1.03225,1.0331,2036,,0.000629372342916656,4.331823472145378,6.4787702078815235,8.003029633915187
2025-01-09 21:00:00,1.03305,1.03325,1.0327,1.03305,1622,,-4.8399196582715975e-05,4.31563481193109,6.366839028691447,8.002114260658308
2025-01-09 22:00:00,1.03305,1.03325,1.0326,1.03275,1744,,-0.0002904443819430329,4.203890028772717,5.972334470638315,7.993956184466591
2025-01-09 23:00:00,1.03275,1.0329,1.03225,1.0324,1387,,-0.00033895843241513743,3.9147869529672246,5.908826784065068,7.9911975101421575
2025-01-10 00:00:00,1.03235,1.03265,1.03135,1.0315,3170,,-0.0008721353331521604,2.902536061169081,5.9508509873906235,8.00147848463307
2025-01-10 01:00:00,1.0315,1.0317,1.03105,1.03105,3928,,-0.0004363530650313623,2.955931559350524,5.637699526484885,8.003745400034438
2025-01-10 02:00:00,1.03105,1.0326,1.031,1.0326,5393,,0.0015021929992735368,4.070356839581732,5.868106108780558,8.03704447460219
2025-01-10 03:00:00,1.03255,1.0341,1.03215,1.03315,9918,,0.0005324942640648634,4.164572688173209,5.904271897376394,8.037920424076257
2025-01-10 04:00:00,1.03315,1.0335,1.0328,1.0329,6374,,-0.00024200769702596952,4.162786180187162,5.799321765906723,8.036750405275232
2025-01-10 05:00:00,1.0329,1.03345,1.03285,1.03315,5042,,0.00024200769702604412,4.0908194463512855,5.8073477638321895,8.033882348008122
2025-01-10 06:00:00,1.03315,1.03345,1.0328,1.03305,4190,,-9.679605079667662e-05,4.0924147095097,5.730293633436425,8.033581810651492
2025-01-10 07:00:00,1.03305,1.03385,1.0328,1.03345,7797,,0.00038712799902786366,3.9159608085663566,5.739515756762104,8.034972347860327
2025-01-10 08:00:00,1.03345,1.0341,1.02415,1.02855,60094,,-0.004752676259361593,9.196782953824794,7.422477848351006,8.345166056571871
2025-01-10 09:00:00,1.02855,1.0302,1.0273,1.0282,33764,,-0.00034034277707897386,9.195342801538562,7.4017589882180035,8.344537979528564
2025-01-10 10:00:00,1.02805,1.0308,1.02645,1.02795,32348,,-0.00024317292146197917,9.148500683691651,7.3644113519978545,8.322853004534903
2025-01-10 11:00:00,1.0279,1.028,1.0256,1.0266,20415,,-0.0013141565737396013,9.336329448174173,7.446330264300789,8.343771254454547
2025-01-10 12:00:00,1.0266,1.0279,1.02615,1.0273,9457,,0.0006816300960153481,9.429114365343368,7.483706739246888,8.35142472633195
2025-01-10 13:00:00,1.0273,1.02745,1.02645,1.02705,5021,,-0.00024338598703645977,9.423538441076294,7.46251565796767,8.350991629552075
2025-01-10 14:00:00,1.02705,1.02775,1.02635,1.02745,7561,,0.00038938915069761966,9.493598174422333,7.466415669909539,8.342774466555216
2025-01-10 15:00:00,1.0274,1.02745,1.02655,1.02735,6385,,-9.733307385532711e-05,9.49357391481617,7.466004716696712,8.342334826714596
2025-01-10 16:00:00,1.0273,1.02775,1.02725,1.0274,2174,,4.866772114366914e-05,9.375797577236005,7.263114136382999,8.342150312704561
2025-01-12 18:00:00,1.0274,1.02755,1.02675,1.02715,1637,,-0.00024336229464738408,9.366815988805687,7.166931205845442,8.342002011628317
2025-01-12 19:00:00,1.02715,1.02735,1.0265,1.02705,2574,,-9.73615033384846e-05,9.372565517340464,7.164789546569773,8.341064204677343
2025-01-12 20:00:00,1.0271,1.02785,1.0268,1.027,2871,,-4.868430662343431e-05,9.380020299722533,7.164061089630319,8.339998194022897
2025-01-12 21:00:00,1.027,1.0274,1.0267,1.02685,2214,,-0.00014606714245596385,9.31448684439175,6.867503045396262,8.340036426344119
2025-01-12 22:00:00,1.02685,1.02685,1.02405,1.0244,6507,,-0.0023887884607320916,10.045045597591248,7.125862633189034,8.41782264221937
2025-01-12 23:00:00,1.0244,1.0248,1.0236,1.024,3240,,-0.0003905487259169992,9.472947662344202,6.815898447555717,8.419250739476672
2025-01-13 00:00:00,1.024,1.02485,1.0239,1.0248,2860,,0.000780944983071351,9.561750894190038,6.807181031043755,8.42937531905012
2025-01-13 01:00:00,1.0248,1.02535,1.0243,1.0246,4483,,-0.0001951790774225216,9.56464981601931,6.70776114701349,8.426597412942243
2025-01-13 02:00:00,1.02455,1.02525,1.02355,1.0244,9348,,-0.0001952171797316629,9.500742015339664,6.6032351084056415,8.425385512095255
2025-01-13 03:00:00,1.0244,1.02595,1.0242,1.025,11855,,0.0005855372471383046,9.648775261906405,6.623594656748769,8.431578669404608
2025-01-13 04:00:00,1.02495,1.0252,1.02045,1.02215,25883,,-0.0027843605414917087,10.382741848870475,7.069188866121771,8.536221410671782
2025-01-13 05:00:00,1.0221,1.02355,1.02205,1.02305,9318,,0.0008801095815515178,7.28212558260252,7.148594239955959,8.54744662332595
2025-01-13 06:00:00,1.023,1.0232,1.02145,1.02245,12248,,-0.0005866536467446217,7.302473862871264,7.112180763952878,8.550964599633238
2025-01-13 07:00:00,1.02245,1.0235,1.02165,1.0231,10944,,0.0006355259190705396,7.474572840222093,7.148028688696102,8.550237735787924
2025-01-13 08:00:00,1.02315,1.0249,1.02245,1.0237,11730,,0.0005862810408310199,7.331585434357581,7.175844124224581,8.52970510018973
2025-01-13 09:00:00,1.02365,1.0241,1.0229,1.02365,14722,,-4.884362713756334e-05,7.179003189668117,7.174819286590436,8.517668887712208
2025-01-13 10:00:00,1.02365,1.0237,1.0224,1.02255,12776,,-0.0010751638216835594,7.346881935859821,7.226165089897815,8.516087680936327
2025-01-13 11:00:00,1.0225,1.0246,1.022,1.02365,14431,,0.0010751638216835837,7.619539829883914,7.327793197464858,8.5336790954341
2025-01-13 12:00:00,1.02365,1.0248,1.02355,1.0246,8657,,0.0009276212065143207,7.861804911819334,7.4037645398796466,8.54573113707886
2025-01-13 13:00:00,1.02465,1.025,1.02405,1.02445,5163,,-0.00014640931189358674,7.854691105061313,7.403651911374235,8.544719916944315
2025-01-13 14:00:00,1.02445,1.02445,1.02355,1.02355,7161,,-0.0008789063065779977,7.957421781143506,7.439099412504352,8.553622475113293
2025-01-13 15:00:00,1.0236,1.0246,1.02355,1.02455,4581,,0.0009765148962114142,8.206242519098783,7.510263337567262,8.56830856603811
2025-01-13 16:00:00,1.02445,1.02755,1.02445,1.02735,7949,,0.0027291795291822124,9.590162781963317,7.997631287045341,8.677265060095726
2025-01-13 18:00:00,1.0291,1.03055,1.0279,1.0292,6458,,0.001799130095565085,10.06943745059483,8.032830314803883,8.724307681610256
2025-01-13 19:00:00,1.02915,1.0292,1.0274,1.0276,5185,,-0.0015558151718604507,9.498313921867945,8.169116692780095,8.75354927655532
2025-01-13 20:00:00,1.0276,1.0279,1.02695,1.0277,4099,,9.730939529878927e-05,9.446711705976476,8.16998007699732,8.752919044995485
2025-01-13 21:00:00,1.0277,1.0278,1.02665,1.0273,2334,,-0.0003892944088093824,9.429052071396976,8.174131164853895,8.754306388283474
2025-01-13 22:00:00,1.02725,1.02835,1.0272,1.0277,1805,,0.0003892944088093988,9.42127856539894,8.181639652606028,8.754952838377077
2025-01-13 23:00:00,1.02765,1.02835,1.02735,1.0278,1249,,9.72999271017555e-05,9.400766120414723,8.163046360921003,8.743349239073064
2025-01-14 00:00:00,1.0278,1.028,1.02705,1.0273,2006,,-0.0004865943359112066,9.433165667912345,8.172265595955427,8.738082240257866
2025-01-14 01:00:00,1.02735,1.0281,1.02735,1.02805,4709,,0.0007298027423924303,7.844061883769886,8.18522893098056,8.743472244193832
2025-01-14 02:00:00,1.0281,1.0294,1.0278,1.0282,10766,,0.00014589665679394756,7.771148796353787,8.187428683394378,8.74348658421282
2025-01-14 03:00:00,1.0282,1.0303,1.0281,1.02895,13503,,0.0007291641671536359,7.65564659039754,8.226925487653823,8.70035787392428
2025-01-14 04:00:00,1.02895,1.02945,1.0282,1.0288,7772,,-0.00014579030520308072,7.672669159129855,8.219540196637478,8.696918971154426
2025-01-14 05:00:00,1.02875,1.02915,1.028,1.0288,5641,,0.0,7.665367435937553,8.21785106277996,8.691193149724597
2025-01-14 06:00:00,1.0288,1.0291,1.0281,1.0283,3177,,-0.00048612124821001656,7.756531450776957,8.2182312791034,8.67744036122185
2025-01-14 07:00:00,1.0282,1.02835,1.02675,1.0276,8230,,-0.0006809669994163469,7.574085107586958,8.24058532014227,8.680846666893096
2025-01-14 08:00:00,1.0276,1.0302,1.02705,1.02815,26099,,0.0005350845317987606,7.443051103409248,8.258092880120959,8.685770873362474
2025-01-14 09:00:00,1.02815,1.03035,1.02715,1.02965,19560,,0.0014578678838297818,7.657693340514506,8.399448788178221,8.718080148253554
2025-01-14 10:00:00,1.02965,1.03245,1.0291,1.0323,26291,,0.002570383820187272,8.612555293576792,8.7768470786637,8.809114465274526
2025-01-14 11:00:00,1.03235,1.0333,1.03115,1.03195,27536,,-0.00033910621615986945,8.409829331904247,8.782902830640191,8.809387417013038
2025-01-14 12:00:00,1.03195,1.03195,1.03075,1.03165,8131,,-0.00029075402414558305,8.426170007664945,8.782912690942279,8.809685288003367
2025-01-14 13:00:00,1.03165,1.03285,1.0315,1.03275,5649,,0.001065685045635073,7.356786419882515,8.843268253612875,8.826695091135953
2025-01-14 14:00:00,1.03275,1.0334,1.03245,1.03265,7658,,-9.683354321495076e-05,6.814725303031563,8.798525800428148,8.825140468480559
2025-01-14 15:00:00,1.03265,1.0337,1.0325,1.033,7750,,0.0003388763859794474,6.042460487841742,8.791860464915285,8.826976966913701
2025-01-14 16:00:00,1.033,1.0337,1.0329,1.0336,2627,,0.0005806639086990321,6.058948883092258,8.681833744321747,8.832161521189153
2025-01-14 18:00:00,1.0335,1.03365,1.033,1.03345,1563,,-0.0001451343704925808,5.986743925950758,8.66716412701083,8.832163586279274
2025-01-14 19:00:00,1.03335,1.0334,1.03275,1.0329,1841,,-0.0005323396452571098,6.1543978048708485,8.680531745925984,8.835339021396134
2025-01-14 20:00:00,1.0329,1.03325,1.03255,1.0328,1794,,-9.681948015497837e-05,6.1791733904661745,8.677513599635171,8.83507354778741
2025-01-14 21:00:00,1.03275,1.03295,1.0323,1.03245,2487,,-0.0003389420199496798,6.128835263049939,8.683524400862108,8.8362068983571
2025-01-14 22:00:00,1.0325,1.033,1.0324,1.033,1269,,0.0005325716071555723,6.0891573270437105,8.69156152657427,8.838849413732339
2025-01-14 23:00:00,1.03295,1.03305,1.03255,1.03305,1438,,4.840153917844643e-05,6.09631811565181,7.215867137814675,8.838868868172835
2025-01-15 00:00:00,1.033,1.0333,1.03205,1.03215,2876,,-0.0008715863422185272,6.315127173153432,7.266577019803807,8.82530154855601
2025-01-15 01:00:00,1.0321,1.0327,1.03195,1.0324,2443,,0.00024218352786041056,6.292252284684127,7.261889222764569,8.770594817326353
2025-01-15 02:00:00,1.0325,1.0337,1.0315,1.0334,11295,,0.000968148008625641,6.4304252712979935,7.176326793407138,8.781824977702497
2025-01-15 03:00:00,1.03335,1.03455,1.0322,1.03245,11990,,-0.0009197183406013404,6.623937237299097,7.225505043717314,8.779261064335833
2025-01-15 04:00:00,1.03245,1.0341,1.0324,1.0338,5981,,0.001306715249456086,6.682706020568522,7.320629925809007,8.804679881786042
2025-01-15 05:00:00,1.0338,1.0342,1.0329,1.03355,6976,,-0.00024185551669407405,6.7323817711109495,7.32329456402362,8.32993120063739
2025-01-15 06:00:00,1.03355,1.03405,1.03275,1.03295,5559,,-0.0005806920076071808,6.509280720311765,7.352575667557224,8.295900446134532
2025-01-15 07:00:00,1.0329,1.03345,1.03215,1.0328,7305,,-0.00014522570520510565,4.795774309441815,7.3562853269003785,8.21746988312734
2025-01-15 08:00:00,1.0328,1.03825,1.0324,1.03725,34812,,0.004299419680544521,8.794015026703981,8.475649072007368,8.485799546338477
2025-01-15 09:00:00,1.0373,1.0374,1.0353,1.03555,22866,,-0.0016402936908173657,9.356327231234708,8.663727270476306,8.513116500309504
2025-01-15 10:00:00,1.0355,1.03585,1.03265,1.03345,25866,,-0.0020299668643150473,9.961713661503714,8.931561566323392,8.554394394287801
2025-01-15 11:00:00,1.03335,1.0336,1.0285,1.03095,26625,,-0.0024220124221209093,10.8406537393938,9.282381522318692,8.627914907324593
2025-01-15 12:00:00,1.0309,1.03215,1.03085,1.03135,8466,,0.0003879164088792949,10.847053246478094,8.941901792989327,8.629419836033822
2025-01-15 13:00:00,1.0314,1.03215,1.0312,1.032,6162,,0.0006300433969047437,10.856961131232843,8.941732134564933,8.627623750590152
2025-01-15 14:00:00,1.03205,1.03225,1.0317,1.0321,4621,,9.689453037963939e-05,10.860316246650303,8.917002113540319,8.627779179264122
2025-01-15 15:00:00,1.0321,1.0327,1.03185,1.0324,3311,,0.00029062727257120287,10.841951164466275,8.91283347203586,8.62906075005684
2025-01-15 16:00:00,1.03235,1.03245,1.0316,1.03185,1804,,-0.0005328812043260167,10.877706146806286,8.93175088492462,8.62076490600938
2025-01-15 18:00:00,1.0316,1.03225,1.0316,1.03215,1363,,0.00029069767646568986,10.878839143829927,8.920922690260143,8.622258378426515
2025-01-15 19:00:00,1.03215,1.03265,1.0311,1.0325,3339,,0.0003390405185893197,10.853033174746232,8.416946967253903,8.62228236630514
2025-01-15 20:00:00,1.03255,1.0326,1.0314,1.0316,2609,,-0.0008720508279980153,10.951021916446713,8.448742673283888,8.630283176170828
2025-01-15 21:00:00,1.0316,1.03195,1.03115,1.0313,1938,,-0.00029085268516633445,10.8619522884117,8.427903627718525,8.63108201407367
2025-01-15 22:00:00,1.03135,1.03155,1.0311,1.0315,1349,,0.00019391118928326135,10.858267248524292,8.413132453443595,8.631775597818816
2025-01-15 23:00:00,1.03155,1.032,1.03115,1.0313,1577,,-0.00019391118928316773,10.700491739544708,8.406817424825874,8.622704358192651
2025-01-16 00:00:00,1.03135,1.03135,1.0307,1.03085,1337,,-0.0004364377054462071,10.61555595845078,8.423941069413026,8.618339514155354
2025-01-16 01:00:00,1.0309,1.0316,1.0308,1.0315,2802,,0.0006303488947295015,10.397732791671698,8.350266929456417,8.624902933435887
2025-01-16 02:00:00,1.0315,1.03285,1.03125,1.0324,5998,,0.000872135333152197,10.53281108851964,8.329551910544662,8.63301473207279
2025-01-16 03:00:00,1.0324,1.03265,1.0314,1.03225,7568,,-0.00014530307825923717,10.490856299078573,8.295383492863175,8.632630776610453
2025-01-16 04:00:00,1.03225,1.0325,1.0308,1.03125,9484,,-0.0009692271173087826,10.615805233790116,8.36372828954301,8.60715545762504
2025-01-16 05:00:00,1.0312,1.0322,1.0309,1.03115,4569,,-9.697439883473309e-05,6.979002688600093,8.305572198085148,8.606915880603571
2025-01-16 06:00:00,1.0312,1.0318,1.031,1.03165,4587,,0.0004847779811827703,6.645388149524766,8.268379572774444,8.572839856642434
2025-01-16 07:00:00,1.0316,1.03165,1.02905,1.0298,11532,,-0.00179485361919784,6.447656104606734,8.04680238861759,8.560935887112477
2025-01-16 08:00:00,1.0298,1.0312,1.02865,1.0308,19725,,0.0009705911661689872,5.280823464745339,7.902806332485913,8.572343065640448
2025-01-16 09:00:00,1.03075,1.031,1.0294,1.03055,11216,,-0.00024255948890345653,5.244321866391753,7.74171865756923,8.572608990873269
2025-01-16 10:00:00,1.0306,1.0332,1.03005,1.03275,35578,,0.002132506987567428,6.3817602963991815,8.01972847410238,8.635998211944052
2025-01-16 11:00:00,1.0327,1.0338,1.03125,1.03285,23799,,9.682416738774644e-05,6.3817581717675225,8.005300993518084,8.635546855607773
2025-01-16 12:00:00,1.03285,1.03415,1.03205,1.0323,16071,,-0.000532648972717411,6.437668329026216,8.023436674791693,8.637331722196889
2025-01-16 13:00:00,1.03225,1.03295,1.03195,1.03265,4897,,0.00033899126211467233,6.38837748884034,8.027810938014984,8.637376559814133
2025-01-16 14:00:00,1.0326,1.0334,1.0324,1.03275,5367,,9.683354321501797e-05,6.3729165478368905,8.007058204563231,8.63461638127511
2025-01-16 15:00:00,1.0328,1.033,1.03235,1.03265,4131,,-9.683354321495076e-05,6.350465093074555,7.982129942905877,8.634047224841199
2025-01-16 16:00:00,1.03265,1.033,1.0323,1.03295,1914,,0.00029047250397887844,6.15690077112604,7.9847765946235745,8.631135182578703
2025-01-16 18:00:00,1.0327,1.03305,1.0326,1.03275,1309,,-0.00019363896076381287,6.1412970546826156,7.961209708830741,8.606792562046682
2025-01-16 19:00:00,1.03275,1.0333,1.03245,1.03305,1555,,0.0002904443819430713,6.149772865662644,7.961617135870935,8.608148811269968
2025-01-16 20:00:00,1.0331,1.0336,1.03275,1.0331,1690,,4.839919658269388e-05,6.130441321921961,7.961337257055175,8.607594991384657
2025-01-16 21:00:00,1.03315,1.03355,1.03295,1.03295,1469,,-0.0001452046177618706,6.071897844695926,7.944286626819362,8.604883636136524
2025-01-16 22:00:00,1.03295,1.0331,1.03265,1.0327,840,,-0.000242054560279535,6.019440130562283,7.913623998131507,8.605529212843823
2025-01-16 23:00:00,1.0327,1.0327,1.0318,1.032,1576,,-0.0006780646358502159,5.955439801280689,7.936203730456651,8.611298834938479
2025-01-17 00:00:00,1.032,1.03215,1.03135,1.03195,1504,,-4.845078612362722e-05,5.9513010213444755,7.807730275777246,8.61129902468704
2025-01-17 01:00:00,1.0319,1.03205,1.03115,1.0316,1965,,-0.0003392212481947157,5.726179439916753,7.374496719709718,8.599035931761652
2025-01-17 02:00:00,1.0316,1.0317,1.03035,1.031,7781,,-0.0005817899902299916,5.818211829130617,7.389564491669994,8.443073520387877
2025-01-17 03:00:00,1.0311,1.03245,1.0311,1.03235,6135,,0.0013085518139285836,6.203563871244122,7.5020595468046,8.437467526866351
2025-01-17 04:00:00,1.0323,1.03305,1.03155,1.0323,8949,,-4.843435934409567e-05,5.232076960625043,7.4245366507941295,8.413497748603557
2025-01-17 05:00:00,1.0323,1.0332,1.0323,1.033,5057,,0.000677867648094017,5.104009532185211,7.455631884813892,8.417045416227662
2025-01-17 06:00:00,1.033,1.03365,1.03235,1.0331,8929,,9.680073576106077e-05,5.064071907150957,7.448498925605258,8.40511751992947
2025-01-17 07:00:00,1.03305,1.0333,1.03165,1.0319,9344,,-0.0011622277337309719,4.041414379504689,7.514854086691845,8.305962432853352
2025-01-17 08:00:00,1.03195,1.03255,1.0312,1.03165,10759,,-0.00024230089042975657,4.047577446893493,7.517046991636253,8.279540763147489
2025-01-17 09:00:00,1.03165,1.03285,1.0291,1.0325,32409,,0.0008235836039489734,4.224688767291615,7.547195667826076,8.287144688138346
2025-01-17 10:00:00,1.03245,1.0357,1.0322,1.03255,33205,,4.842497761308451e-05,4.182600520186812,7.546821780511302,8.276855227835432
2025-01-17 11:00:00,1.0325,1.03265,1.0308,1.03125,17355,,-0.0012598121639100144,4.709737294906533,7.644709900591849,8.296942477805633
2025-01-17 12:00:00,1.03125,1.0317,1.0305,1.0307,10216,,-0.000533475606143745,4.7775859532647,7.640732880838527,8.287638725569384
2025-01-17 13:00:00,1.0307,1.0318,1.03055,1.0307,4515,,0.0,4.729540869140829,7.640331864506626,8.282730965579482
2025-01-17 14:00:00,1.0307,1.03105,1.02985,1.0302,5780,,-0.0004852249112621817,4.773125409623497,7.606892733140251,8.2862100504362
2025-01-17 15:00:00,1.0302,1.03075,1.03,1.03015,5089,,-4.853544301691676e-05,4.715575887174522,7.601768122538685,8.282063003016903
2025-01-17 16:00:00,1.0301,1.03015,1.0295,1.02955,2788,,-0.0005826091343123449,4.762525199333618,7.5509806594901585,8.28285892110353
2025-01-19 18:00:00,1.0302,1.03065,1.0292,1.0306,2753,,0.001019343339968233,5.194436937810744,7.576173222045497,8.295293526014348
2025-01-19 19:00:00,1.0306,1.0316,1.0304,1.03125,3704,,0.0006305017547669095,5.345326333681015,7.483736790144217,8.300748520769389
2025-01-19 20:00:00,1.0312,1.03185,1.0305,1.03165,2533,,0.00038780358234824096,5.280493324995121,7.4931222386211545,8.302561247367514
2025-01-19 21:00:00,1.03165,1.0318,1.0313,1.0317,1953,,4.846487509131568e-05,5.281342971594242,7.47237717163089,8.301766166752321
2025-01-19 22:00:00,1.0317,1.03325,1.0317,1.0332,4855,,0.0014528551153549694,5.819994590638325,7.615840414424337,8.325709066801037
2025-01-19 23:00:00,1.0332,1.03335,1.03275,1.033,2647,,-0.00019359210204684135,5.718278583283919,6.2293897995029,8.32579244079829
2025-01-20 00:00:00,1.033,1.03325,1.03275,1.03285,1888,,-0.00014521867537664566,5.279747899855057,6.0200015597821395,8.326127547184575
2025-01-20 01:00:00,1.03285,1.0345,1.03255,1.03365,6562,,0.0007742560270649089,5.435251679206719,5.722464678630859,8.322529153271509
2025-01-20 02:00:00,1.0336,1.03445,1.0332,1.03425,5937,,0.0005802988701942858,5.4028027692567635,5.186969237694856,8.31597572524259
2025-01-20 03:00:00,1.0343,1.03435,1.0333,1.03355,6608,,-0.0006770480962758023,5.551772197873907,5.226586436519519,8.283449517240953
2025-01-20 04:00:00,1.0336,1.0343,1.03305,1.0332,8324,,-0.0003386960235596235,5.163865232746652,5.2040740797349345,8.284277902382467
2025-01-20 05:00:00,1.03325,1.03485,1.03325,1.0341,6359,,0.0008707009692441128,5.314943518914081,5.273418574732958,8.294396881602758
2025-01-20 06:00:00,1.0341,1.0352,1.0339,1.03515,4757,,0.001014860543791221,5.405343771094539,5.35922283738983,8.301696600096749
2025-01-20 07:00:00,1.0352,1.0352,1.0341,1.03465,6114,,-0.00048313847688265975,5.508361803144397,5.353960997484472,8.286797209562021
2025-01-20 08:00:00,1.0346,1.04265,1.0333,1.04245,67672,,0.007510506634227514,13.67224856584,9.210965145423698,9.07076711747091
2025-01-20 09:00:00,1.04245,1.04565,1.04055,1.04415,43937,,0.0016294453907197096,13.64896849876954,9.326278337759554,9.099067790879909
2025-01-20 10:00:00,1.0441,1.0456,1.04115,1.04265,28096,,-0.0014376080681804612,14.088187904003943,9.40902973513709,9.128150994092831
2025-01-20 11:00:00,1.04265,1.04315,1.04165,1.04245,9626,,-0.0001918373225393012,14.026920237424623,9.40450066911107,9.127626529119977
2025-01-20 12:00:00,1.04245,1.04285,1.0379,1.0412,21870,,-0.0011998177716551577,14.333539676641314,9.505824129241049,9.146123625766355
2025-01-20 13:00:00,1.04115,1.0423,1.04095,1.0423,3112,,0.0010559156248663194,14.210095597838817,9.541418420141422,9.159181877188177
2025-01-20 14:00:00,1.0423,1.04495,1.04165,1.04465,3843,,0.002252091322983329,14.480761925573937,9.743941531909666,9.222143559134313
2025-01-20 15:00:00,1.04465,1.0461,1.04375,1.0442,4517,,-0.0004308590918079476,14.608675514634445,9.756554249827502,9.224026373032828
2025-01-20 16:00:00,1.04415,1.0446,1.0436,1.0443,1139,,9.576250905094226e-05,14.632511619385314,9.733158761850822,9.213890610476646
2025-01-20 18:00:00,1.0443,1.0451,1.04365,1.0446,4933,,0.0002872325166954532,14.609249936627275,9.72752436184598,9.213520813395808
2025-01-20 19:00:00,1.0446,1.046,1.0378,1.03875,17041,,-0.005615969832540343,18.086253778769827,11.292098637064631,9.62406470518434
2025-01-20 20:00:00,1.03875,1.04235,1.03815,1.03955,14374,,0.0007698600197394912,18.08560660164444,11.308489399142701,9.63087757983423
2025-01-20 21:00:00,1.0396,1.0416,1.03945,1.04125,2880,,0.001633987291654955,18.20541749435837,11.40336628915727,9.659657353146734
2025-01-20 22:00:00,1.04135,1.0427,1.04105,1.0413,2851,,4.8018054797801374e-05,18.202332139051137,11.229226909065346,9.65844481355618
2025-01-20 23:00:00,1.04125,1.04245,1.041,1.04155,1782,,0.00024005569407356891,18.199356983769885,11.200760000761585,9.635176682060182
2025-01-21 00:00:00,1.0415,1.0418,1.0403,1.0404,1315,,-0.0011047336554273147,18.291274210497736,11.26679663351239,9.589730144852764
2025-01-21 01:00:00,1.04045,1.04075,1.03915,1.0394,3011,,-0.000961631000154875,18.395576369035833,11.138632520958648,9.598099267231634
2025-01-21 02:00:00,1.0394,1.04115,1.03905,1.0399,7068,,0.00048093109184548974,18.369495706952556,11.144947714601672,9.553462571460706
2025-01-21 03:00:00,1.0399,1.0399,1.0375,1.03865,10323,,-0.0012027616854934163,18.4913556186312,11.204911489831586,8.649815237345727
2025-01-21 04:00:00,1.03865,1.03895,1.03675,1.0379,10186,,-0.0007223520094503116,18.522852811495248,11.23255436810001,8.641807137613362
2025-01-21 05:00:00,1.0379,1.0385,1.03685,1.03785,8644,,-4.8175358313648357e-05,12.727979996365136,11.233334871974078,8.636752715183865
2025-01-21 06:00:00,1.0378,1.03835,1.03685,1.0379,7892,,4.817535831355496e-05,12.285492069622851,11.231910429799083,8.560441677549543
2025-01-21 07:00:00,1.0379,1.0384,1.0371,1.03795,11691,,4.817303756008035e-05,12.11817275014199,11.229990297126623,8.560320471950817
2025-01-21 08:00:00,1.03795,1.04035,1.03785,1.04035,15583,,0.002309580971787543,12.896276666910492,11.446489995285862,8.63483254483268
2025-01-21 09:00:00,1.0404,1.0425,1.0399,1.04125,17577,,0.0008647195004614809,12.835832408219684,11.469640227664284,8.633969086435824
2025-01-21 10:00:00,1.0413,1.04365,1.04045,1.04265,20049,,0.0013436347335523216,12.920474496937548,11.533529836728233,8.65534944042569
2025-01-21 11:00:00,1.04265,1.04485,1.0424,1.04485,12892,,0.0021077852115024293,12.843210794704527,11.69443505771239,8.711708888022208
2025-01-21 12:00:00,1.0448,1.0456,1.0447,1.04475,9413,,-9.571209808223496e-05,12.819828548361384,11.689803164705346,8.71170810869572
2025-01-21 13:00:00,1.0447,1.0461,1.04455,1.0455,8604,,0.0007176175406634169,12.876035024771069,11.667114580242886,8.717924235866638
2025-01-21 14:00:00,1.0455,1.04565,1.04415,1.0444,6591,,-0.001052682043714527,13.010039235689755,11.733875269634082,8.726250023006916
2025-01-21 15:00:00,1.0444,1.04475,1.0442,1.0446,4458,,0.00019147917722459355,7.9981232317668,11.720971681696113,8.7266008877605
2025-01-21 16:00:00,1.04455,1.0456,1.04445,1.0454,4263,,0.0007655502766232884,7.997287848140614,11.705871438552254,8.733189093318268
2025-01-21 18:00:00,1.04505,1.04535,1.0418,1.0432,14298,,-0.002106675106433165,8.60463874054557,11.884482612209732,8.795124105997651
2025-01-21 19:00:00,1.0432,1.045,1.0432,1.0449,3941,,0.0016282748676766737,9.007402881211265,11.971185269320655,8.818824845961528
2025-01-21 20:00:00,1.04485,1.04485,1.0433,1.0435,3058,,-0.0013407395228096578,9.381406216432724,12.06018640901748,8.84366768850277
2025-01-21 21:00:00,1.04345,1.0442,1.04315,1.04395,2203,,0.0004311480581290026,9.133879345704287,12.062818652504307,8.843067724818786
2025-01-21 22:00:00,1.0439,1.04415,1.04355,1.04375,1266,,-0.00019159841031930733,8.925901500001466,11.991745799455753,8.843567407879007
2025-01-21 23:00:00,1.0437,1.04475,1.0437,1.04425,1231,,0.0004789272122193588,8.925707719991944,11.986935887458912,8.805830218726971
2025-01-22 00:00:00,1.0442,1.04435,1.0434,1.04415,1843,,-9.576709449950514e-05,8.568932583513854,11.973622448447529,8.793220741524827
2025-01-22 01:00:00,1.0441,1.0444,1.04255,1.0429,4537,,-0.0011978631556179681,8.780461805530438,12.053521169021291,8.811533097545016
2025-01-22 02:00:00,1.043,1.04455,1.0429,1.04375,6305,,0.0008147030378979681,8.818355782510192,11.981665248688948,8.820897635233559
2025-01-22 03:00:00,1.04375,1.045,1.0435,1.04485,10182,,0.0010533372610418805,8.905796990127502,11.987895199324484,8.809892816474951
2025-01-22 04:00:00,1.0449,1.0473,1.04455,1.0472,13752,,0.002246601169583063,9.483266531328415,12.155267190363015,8.802077119707432
2025-01-22 05:00:00,1.04725,1.0483,1.04685,1.04755,12853,,0.00033416875833121106,8.846818701559833,12.131261634509027,8.79667688391213
2025-01-22 06:00:00,1.04755,1.0482,1.04665,1.04685,6692,,-0.0006684492227508814,8.961034168632589,12.164305460968134,8.802257448729666
2025-01-22 07:00:00,1.0468,1.04685,1.0457,1.0464,8272,,-0.00042995342833618955,8.813021839847615,12.154324165191191,8.74491816832718
2025-01-22 08:00:00,1.0464,1.04715,1.0448,1.04575,18844,,-0.000621370380626513,8.16638255109479,12.162334304346162,8.747799865053427
2025-01-22 09:00:00,1.0457,1.0458,1.044,1.04505,21333,,-0.0006696001780701361,8.257888651097236,12.189909335471912,8.754232767133944
2025-01-22 10:00:00,1.04505,1.0451,1.044,1.04455,13896,,-0.0004785604991792226,8.195369191962403,12.208815859238767,8.736886006012709
2025-01-22 11:00:00,1.0445,1.04485,1.0438,1.0445,8611,,-4.786864843790077e-05,7.985866098106187,12.210482048258882,8.73694663241137
2025-01-22 12:00:00,1.0445,1.0446,1.04375,1.04425,7028,,-0.0002393776193358033,7.988950796398376,12.151334310694585,8.722991026542031
2025-01-22 13:00:00,1.0443,1.0447,1.04375,1.0442,4366,,-4.788240083259337e-05,7.859580636304393,12.147655310663378,8.720704102187728
2025-01-22 14:00:00,1.0442,1.04485,1.0441,1.04455,4487,,0.0003351286686063139,6.924388963509549,12.144056192286126,8.721955281683167
2025-01-22 15:00:00,1.04455,1.04485,1.0437,1.0438,4261,,-0.0007182704357455328,6.421804721753544,12.162600363270075,8.727343699398071
2025-01-22 16:00:00,1.0438,1.0439,1.04335,1.04355,1892,,-0.00023953817155285617,5.989694354855898,12.161608700199016,8.723988241085827
2025-01-22 18:00:00,1.04345,1.0435,1.043,1.0432,1268,,-0.00033544986537165956,5.963310736057693,12.14263979134067,8.725520816520325
2025-01-22 19:00:00,1.0432,1.04365,1.04315,1.04345,1674,,0.0002396185284510835,5.974616516711572,12.132419667752,8.720380240041868
2025-01-22 20:00:00,1.0435,1.0441,1.0426,1.04275,2566,,-0.0006710766237848614,6.006972125719208,12.139174577915679,8.725159490541717
2025-01-22 21:00:00,1.0428,1.04305,1.04215,1.0428,2237,,4.794898229182582e-05,6.010350365586463,12.106418896545152,8.72374612532256
2025-01-22 22:00:00,1.04285,1.04335,1.04275,1.04335,1274,,0.0005272871200471682,5.71652620220316,12.09708430123291,8.726046097429723
2025-01-22 23:00:00,1.04335,1.0437,1.04335,1.04355,731,,0.00019167185836624646,5.541353376105184,9.472767460988022,8.67585736117921
2025-01-23 00:00:00,1.0435,1.0436,1.0429,1.043,1499,,-0.000527186036987632,5.250286057937113,9.343167644482575,8.65529693092742
2025-01-23 01:00:00,1.04295,1.0437,1.04275,1.0428,2733,,-0.00019177294142576234,3.0487178710955307,9.232243201589837,8.655985758093374
2025-01-23 02:00:00,1.04285,1.043,1.04145,1.0424,8312,,-0.00038365624871124725,2.8919995879136096,9.238386680355356,8.658365626356263
2025-01-23 03:00:00,1.04245,1.0427,1.04145,1.0418,7194,,-0.0005757604995441052,2.8531748542808058,9.176399056236379,8.597919449926401
2025-01-23 04:00:00,1.0418,1.0439,1.04175,1.0436,8358,,0.0017262879514822428,4.429136941126832,9.278864359006347,8.60850192008519
2025-01-23 05:00:00,1.0436,1.0445,1.0434,1.04355,5704,,-4.791222481347526e-05,4.339620416141944,8.99489382521993,8.55785910359244
2025-01-23 06:00:00,1.04355,1.04385,1.04255,1.0428,6565,,-0.0007189589784134369,4.360848004893561,9.01309589873733,8.54714351650762
2025-01-23 07:00:00,1.04275,1.043,1.04185,1.0428,6341,,0.0,4.310436872233224,9.012322145595038,8.533566510448521
2025-01-23 08:00:00,1.04285,1.04395,1.04215,1.04355,12242,,0.0007189589784134826,4.531407274114593,9.037990192957137,8.526543968471472
2025-01-23 09:00:00,1.04355,1.0443,1.043,1.04325,10600,,-0.0002875215660980396,4.538731690424604,7.009833703319719,8.520787309383127
2025-01-23 10:00:00,1.04335,1.0434,1.04115,1.04215,16641,,-0.0010549535839824132,4.86486005418617,7.062839920192435,8.52986009727812
2025-01-23 11:00:00,1.04215,1.04535,1.03955,1.04435,57076,,0.0021087954136463707,6.170391011353648,7.187559470896031,8.588368566362478
2025-01-23 12:00:00,1.04435,1.0462,1.04385,1.04595,10500,,0.0015308810338032824,6.574458002290122,7.339811938285987,8.614820613264193
2025-01-23 13:00:00,1.04595,1.04615,1.04465,1.04485,5511,,-0.001052228909022259,6.855099057783167,7.424078435722524,8.631081343306695
2025-01-23 14:00:00,1.04485,1.04515,1.04445,1.04475,4409,,-9.571209808223496e-05,6.823430164499706,7.331358739389924,8.625064379987565
2025-01-23 15:00:00,1.04475,1.04535,1.044,1.0442,6396,,-0.0005265803515728593,6.894037637777818,7.281474769786264,8.629551112010017
2025-01-23 16:00:00,1.04415,1.04435,1.0437,1.04405,3282,,-0.00014366096038119944,6.781963973522743,7.272936187821973,8.629965828395278
2025-01-23 18:00:00,1.0441,1.04425,1.04385,1.044,927,,-4.7891573486710126e-05,6.784656666835496,7.157867965678193,8.629722288204347
2025-01-23 19:00:00,1.04395,1.0447,1.0437,1.0443,2066,,0.0002873150429188711,6.744479439572405,7.112675082193844,8.626772290822398
2025-01-23 20:00:00,1.0443,1.0444,1.04355,1.044,1480,,-0.0002873150429188828,6.762845419009943,7.121912890359347,8.627511434700894
2025-01-23 21:00:00,1.04405,1.0473,1.04395,1.04725,8230,,0.0031081913845601673,8.54406786680541,7.735937071031981,8.757384677633466
2025-01-23 22:00:00,1.0473,1.0478,1.046,1.04705,6011,,-0.0001909946049830528,8.543953404570637,7.742870968101186,8.751752609848209
2025-01-23 23:00:00,1.04695,1.04755,1.04665,1.04715,2975,,9.550186235894613e-05,8.479548234439099,7.420920881976952,8.738534996132051
2025-01-24 00:00:00,1.04715,1.04775,1.0468,1.0475,2149,,0.0003341847117726871,8.351907266748514,7.384534285101729,8.704399994810865
2025-01-24 01:00:00,1.04755,1.04955,1.04735,1.04815,11400,,0.000620332613598375,7.951066057023495,7.29480211243095,8.708004209747939
2025-01-24 02:00:00,1.0481,1.0489,1.04715,1.0485,9731,,0.0003338659320832831,7.938203262562905,7.002808983677183,8.70781977051489
2025-01-24 03:00:00,1.0485,1.052,1.0482,1.05175,31279,,0.0030948721286555296,9.154168702815515,7.635073250027875,8.833603876046752
2025-01-24 04:00:00,1.05175,1.0539,1.0515,1.0518,21650,,4.753868461375912e-05,9.147476006590177,7.610124383965224,8.833212514976456
2025-01-24 05:00:00,1.05185,1.0522,1.051,1.0513,9076,,-0.0004754885734588101,9.262338859549589,7.542256828824427,8.834929666064445
2025-01-24 06:00:00,1.0513,1.05175,1.0505,1.051,7492,,-0.00028540170483409296,9.26186059096824,7.552149773375574,8.836452774699097
2025-01-24 07:00:00,1.05095,1.0512,1.0497,1.0498,8198,,-0.0011424220587515686,9.305843348402826,7.622865684308346,8.846810319213647
2025-01-24 08:00:00,1.0498,1.0504,1.04875,1.0493,13964,,-0.00047639465433422444,8.838577931881803,7.315185626989121,8.849910060716692
2025-01-24 09:00:00,1.04925,1.052,1.04915,1.05155,25449,,0.0021419909658218915,9.180733974826246,7.442480821040574,8.908547670126946
2025-01-24 10:00:00,1.05155,1.05455,1.0514,1.05405,28094,,0.002374621176629184,9.540288557939872,7.634585188322848,8.979625839760667
2025-01-24 11:00:00,1.0541,1.0545,1.05285,1.0539,17202,,-0.00014231836642530078,9.54893341601155,7.636006725445486,8.978888585466212
2025-01-24 12:00:00,1.05385,1.05455,1.05345,1.05355,8225,,-0.00033215497707456707,9.492364684686047,7.64390499339138,8.980278710287132
2025-01-24 13:00:00,1.0535,1.0536,1.0518,1.05195,6369,,-0.0015198293117873619,10.049655907123478,7.818694753153954,9.014241339747743
2025-01-24 14:00:00,1.05195,1.05225,1.0516,1.0519,5191,,-4.7531905800610214e-05,10.04960753211399,7.817464671669386,9.011576578464553
2025-01-24 15:00:00,1.05195,1.052,1.05125,1.0519,4842,,0.0,10.070161733711581,7.701603333855253,9.01125577992617
2025-01-24 16:00:00,1.05185,1.05215,1.0517,1.0519,2207,,0.0,10.023426190778997,7.672168426588797,9.007161524904122
2025-01-26 18:00:00,1.05095,1.051,1.04885,1.0491,4367,,-0.0026653990077887555,10.043926489189884,8.109220153352215,9.107086766392195
2025-01-26 19:00:00,1.0491,1.05,1.0489,1.0496,3233,,0.0004764854523848808,10.051921595554928,7.810912366680478,9.10769666660466
2025-01-26 20:00:00,1.0496,1.05025,1.0485,1.04865,3246,,-0.0009055165637206914,10.209689166198155,7.86175069282037,9.118053441301853
2025-01-26 21:00:00,1.04865,1.049,1.0482,1.04895,2136,,0.0002860411918817228,10.206089938868445,7.8347411284031,9.107006836989658
2025-01-26 22:00:00,1.0489,1.0501,1.0487,1.04925,3478,,0.00028595939571478333,10.165091539675306,7.82430291961321,9.104237235083996
2025-01-26 23:00:00,1.0492,1.04925,1.0483,1.0487,1482,,-0.0005243213733408847,10.198954948313297,7.81642874435476,9.081338974414022
2025-01-27 00:00:00,1.04865,1.04885,1.0479,1.04865,2053,,-4.767921425552174e-05,8.494462708298279,7.782853355126708,9.078519291193178
2025-01-27 01:00:00,1.04865,1.0489,1.04805,1.04825,2839,,-0.00038151557523201233,8.495856732683132,7.7766112431083405,9.079904108894779
2025-01-27 02:00:00,1.0483,1.04945,1.04775,1.0481,8866,,-0.00014310587474027154,8.47733533195382,7.778539596802594,9.079994619122141
2025-01-27 03:00:00,1.04805,1.05125,1.0478,1.05115,12134,,0.0029058017350032054,9.997968443519271,8.280317419087972,9.187074921458628
2025-01-27 04:00:00,1.05115,1.05175,1.0499,1.05125,11285,,9.51293760230298e-05,9.774138129163704,8.278771085746355,9.18574516858052
2025-01-27 05:00:00,1.05125,1.05325,1.05125,1.0529,13404,,0.0015683295755556754,10.053707761675307,8.404448615992665,8.901705202758881
2025-01-27 06:00:00,1.05285,1.0542,1.0528,1.0537,10301,,0.0007595177427683881,9.46105672200448,8.38199747965107,8.905119617796215
2025-01-27 07:00:00,1.05365,1.05515,1.05325,1.0545,11273,,0.0007589413133472626,8.604114308897143,8.393474021952807,8.90943414169721
2025-01-27 08:00:00,1.05455,1.05575,1.05335,1.05435,16565,,-0.00014225762880527967,8.604110632046577,8.383689970976741,8.882795417687039
2025-01-27 09:00:00,1.05435,1.0548,1.05315,1.0533,12073,,-0.0009963704475278304,8.766964437317752,8.465693175261721,8.894749273612069
2025-01-27 10:00:00,1.0533,1.05335,1.0517,1.05225,16502,,-0.0009973641918162106,8.524633247560292,8.504642339900133,8.909537326534618
2025-01-27 11:00:00,1.05225,1.05315,1.0513,1.0514,17995,,-0.0008081192653323788,8.643953186675272,8.558550787791578,8.919454056933402
2025-01-27 12:00:00,1.0515,1.05185,1.05085,1.0513,8897,,-9.511580356241851e-05,8.644702998775438,8.552257768204862,8.919442681384883
2025-01-27 13:00:00,1.0512,1.0518,1.05055,1.05085,6982,,-0.0004281331083638769,8.672221531340297,8.570037758929056,8.923089926286996
2025-01-27 14:00:00,1.05085,1.0517,1.0503,1.05165,9566,,0.0007609988476649561,7.325113302781486,8.568494973779702,8.927641779714195
2025-01-27 15:00:00,1.05165,1.05185,1.0511,1.05115,5143,,-0.0004755564099514736,7.3651834590826315,8.584401252780893,8.93155082633644
2025-01-27 16:00:00,1.0512,1.0516,1.05095,1.0516,2222,,0.0004280109445914619,7.163070160486641,8.573004253729078,8.932794381298894
2025-01-27 18:00:00,1.05145,1.0515,1.04515,1.04605,13224,,-0.005291648226069001,11.841392664616697,10.143792400860017,9.316754885937002
2025-01-27 19:00:00,1.04605,1.0475,1.04555,1.04685,5850,,0.0007644895016130996,11.924928715233833,10.027900890298536,9.243088994875073
2025-01-27 20:00:00,1.04685,1.04795,1.04525,1.04615,6750,,-0.0006688963460102614,11.943380484965385,10.05358034293212,9.24759273407802
2025-01-27 21:00:00,1.046,1.0465,1.04475,1.0457,5329,,-0.00043024118071689174,11.954353447803465,10.035356852677898,9.244660025844787
2025-01-27 22:00:00,1.0457,1.04625,1.04525,1.04525,1988,,-0.00043042636786871317,11.957789835559065,10.0466900234499,9.24708931552133
2025-01-27 23:00:00,1.04525,1.04575,1.04485,1.04575,1490,,0.00047824008563331695,12.00653933838455,10.032889661185902,9.24815680820847
2025-01-28 00:00:00,1.04575,1.0462,1.04565,1.04595,878,,0.00019123201282163603,10.690341479529469,10.028621671792015,9.24498046455982
2025-01-28 01:00:00,1.04595,1.04675,1.0457,1.0461,3146,,0.00014340001458580244,10.695601016766412,9.966098329422323,9.136091508026519
2025-01-28 02:00:00,1.0461,1.04665,1.0451,1.04575,7789,,-0.00033463202740740774,10.167187992934878,9.751573357400618,9.13019493855559
2025-01-28 03:00:00,1.0458,1.0459,1.04425,1.0448,12318,,-0.0009088518001411963,10.005153947189028,9.671996441828574,9.137348391730804
2025-01-28 04:00:00,1.04485,1.0467,1.04455,1.04585,9890,,0.00100447237776238,10.106170277161288,9.667050819988825,9.144532127028693
2025-01-28 05:00:00,1.0458,1.04605,1.0448,1.0448,5518,,-0.001004472377762338,10.144111488241982,9.72071760457627,9.156941125032702
2025-01-28 06:00:00,1.04475,1.0456,1.04455,1.04465,7230,,-0.00014357845390658644,10.107559598031484,9.707013321521778,9.157387475521373
2025-01-28 07:00:00,1.04465,1.04485,1.0437,1.04435,9909,,-0.0002872187669339796,10.052002100493477,9.71036955082378,9.141406361700918
2025-01-28 08:00:00,1.0443,1.04545,1.04405,1.0448,12428,,0.00043079722084061496,10.113475450854063,9.719596349526093,9.12992990822795
2025-01-28 09:00:00,1.04475,1.04645,1.04475,1.0455,12466,,0.0006697603465218278,10.252879981241993,9.738236755723829,9.12500712323869
2025-01-28 10:00:00,1.0455,1.04625,1.0444,1.0447,15316,,-0.000765477025226061,10.285479711205669,9.765456752074737,9.133826709799685
2025-01-28 11:00:00,1.04475,1.0456,1.0445,1.0449,13790,,0.00019142419660298825,10.146353419941015,9.242292338689257,9.121745449518102
2025-01-28 12:00:00,1.0449,1.04575,1.0448,1.0451,6064,,0.0001913875603927009,10.18044367889526,9.24375334400321,9.111224733598286
2025-01-28 13:00:00,1.04515,1.0461,1.04465,1.04495,8330,,-0.00014353723619757358,10.100580829065207,9.243513631610375,9.017377597345893
2025-01-28 14:00:00,1.0449,1.046,1.04455,1.04585,4986,,0.0008609145356685865,4.652626336400818,9.280136960860187,8.98537854730115
2025-01-28 15:00:00,1.0458,1.04585,1.04525,1.04545,4243,,-0.0003825371824967581,4.469132519579288,9.263113891723654,8.952469643447824
2025-01-28 16:00:00,1.04545,1.04575,1.04525,1.04545,1251,,0.0,4.331588310924071,9.255251882207192,8.952522541868714
2025-01-28 18:00:00,1.04535,1.04535,1.04495,1.045,898,,-0.00043052931852081885,4.331672353624832,8.687228106721207,8.953057651726104
2025-01-28 19:00:00,1.045,1.0457,1.04495,1.0453,2169,,0.00028704013975005735,4.30196722248658,8.694928708756661,8.95230850106289
2025-01-28 20:00:00,1.04535,1.0457,1.045,1.045,1194,,-0.0002870401397500399,4.237876646290899,8.68871644466603,8.953997896377563
2025-01-28 21:00:00,1.04495,1.04585,1.04485,1.04565,1295,,0.0006218162016061284,4.375248864710789,8.716588380573521,8.95396809808869
2025-01-28 22:00:00,1.0457,1.0462,1.0454,1.046,1333,,0.00033466402435079285,4.409705408086753,8.658877234236465,8.94901244171104
2025-01-28 23:00:00,1.04605,1.0465,1.046,1.04615,969,,0.00014339316039187032,4.374092434327204,8.650712215190978,8.949007317547622
2025-01-29 00:00:00,1.0461,1.04635,1.04585,1.0463,1015,,0.00014337260174163832,4.0329251659947225,8.359372642872309,8.943151056373793
2025-01-29 01:00:00,1.04635,1.04665,1.0459,1.046,2732,,-0.00028676576213332956,3.693083592007972,7.975397489762124,8.944234092868792
2025-01-29 02:00:00,1.04595,1.0461,1.0436,1.04385,9522,,-0.002057564665899575,4.875948058219003,8.207410256620987,9.00498747025604
2025-01-29 03:00:00,1.0439,1.0453,1.0439,1.0447,7294,,0.0008139618844936103,5.094069152543472,8.263198126193416,9.008606698194093
2025-01-29 04:00:00,1.04465,1.0447,1.04245,1.0426,10708,,-0.0020121695094567835,6.17476418493905,8.361635896280873,9.058973166990638
2025-01-29 05:00:00,1.0426,1.0431,1.0417,1.0426,10266,,0.0,6.105525893247405,8.362362143816874,9.055950560935468
2025-01-29 06:00:00,1.04265,1.04305,1.04195,1.0424,6551,,-0.0001918465233701904,5.938891857292492,8.361099574481202,9.030229159713581
2025-01-29 07:00:00,1.0424,1.04275,1.04165,1.04265,10082,,0.0002398024039693523,5.863248336446883,8.369007655287888,8.944535106450513
2025-01-29 08:00:00,1.0427,1.04285,1.04045,1.041,17463,,-0.00158375959963582,6.374470193319031,8.101567361494826,8.97823165560203
2025-01-29 09:00:00,1.041,1.04245,1.0409,1.04235,16228,,0.0012959898134773525,6.854509099129692,8.205482799016037,8.998149834515429
2025-01-29 10:00:00,1.04235,1.04495,1.04175,1.0442,23435,,0.0017732625480058354,7.612547148008836,8.380012195362356,9.024408113595218
2025-01-29 11:00:00,1.04425,1.04465,1.0434,1.0438,23523,,-0.00038314176713912044,7.45172649023029,8.377727840494959,9.026592636246354
2025-01-29 12:00:00,1.04385,1.0451,1.0438,1.04435,11928,,0.0005267820920130356,7.508798919910012,8.392047987996483,9.02856180606017
2025-01-29 13:00:00,1.0444,1.04475,1.04365,1.04415,9326,,-0.00019152501854092154,7.51191099451467,8.380548874606404,9.02539523275414
2025-01-29 14:00:00,1.0443,1.04515,1.04105,1.0438,38025,,-0.00033525707347213554,7.4988571717580745,8.384649449033947,9.026829996848036
2025-01-29 15:00:00,1.04385,1.0448,1.0427,1.0433,13838,,-0.0004791337353893715,7.5051780146442555,8.3888523250176,9.026048705817132
2025-01-29 16:00:00,1.04325,1.04445,1.0431,1.0444,4422,,0.0010537913510501172,7.7544514618050036,8.465180963907743,9.039541936093315
2025-01-29 18:00:00,1.04425,1.0449,1.04395,1.04465,1534,,0.00023934324328614662,7.680486628704101,7.913206443444176,9.038055840181594
2025-01-29 19:00:00,1.04455,1.045,1.0445,1.0448,1100,,0.00014357845390668047,7.657347572776925,7.914601706919272,9.035004201871182
2025-01-29 20:00:00,1.0447,1.04475,1.04405,1.04415,1165,,-0.000622322239381515,7.709034168980192,7.7442812152793845,9.040971540443277
2025-01-29 21:00:00,1.0442,1.04485,1.0442,1.04445,1408,,0.0002872737738804595,7.7272782046944215,7.702511316800963,9.030466455836644
2025-01-29 22:00:00,1.04445,1.0448,1.0443,1.0446,1235,,0.00014360594553285377,7.7283676972109365,7.652941932119915,9.03008011759114
2025-01-29 23:00:00,1.04465,1.04485,1.0439,1.04405,1598,,-0.0005266559861275983,6.885789389021226,7.661897912181493,9.02297090817287
2025-01-30 00:00:00,1.044,1.04435,1.0439,1.0443,929,,0.00023942346943207278,6.743153218211924,7.624580844009035,9.010997217344057
2025-01-30 01:00:00,1.04435,1.04435,1.0432,1.0435,1999,,-0.0007663569682473661,5.861432116987735,7.6015395941927215,8.998209769140498
2025-01-30 02:00:00,1.0435,1.04455,1.04305,1.0445,4145,,0.0009578544793649559,6.071884163970507,7.648860073403534,9.00850992488721
2025-01-30 03:00:00,1.04455,1.04505,1.0437,1.0443,8617,,-0.00019149751111755854,6.071832435708732,7.649283283571438,9.004006729283173
2025-01-30 04:00:00,1.04435,1.0444,1.04235,1.0429,11823,,-0.0013415103583357415,6.552200452879179,7.742459406048982,9.02929379842557
2025-01-30 05:00:00,1.04285,1.0433,1.0417,1.0422,7954,,-0.0006714306520528372,6.014978281585321,7.707620204895359,8.787365132628093
2025-01-30 06:00:00,1.04215,1.04215,1.04125,1.0413,7710,,-0.0008639309392641295,5.767059936025786,7.734230279567787,8.760010939585921
2025-01-30 07:00:00,1.04135,1.0427,1.04115,1.04245,7393,,0.0011037793562151412,5.1808962043114315,7.815946088320547,8.717198821220054
2025-01-30 08:00:00,1.0425,1.0481,1.0423,1.04785,34329,,0.005166733973886551,10.45993320878637,7.8105143784873725,8.992492933988444
2025-01-30 09:00:00,1.04775,1.0489,1.04405,1.04495,37583,,-0.002771408501691519,11.632286993087671,8.262718892084447,9.098575621400796
2025-01-30 10:00:00,1.045,1.0464,1.04485,1.04525,17693,,0.00028705387241409036,11.633214458192501,8.242698009084174,9.094849775041375
2025-01-30 11:00:00,1.0453,1.04565,1.04385,1.0441,10669,,-0.0011008209406097624,11.789596368114175,8.304644532696258,9.112444597496143
2025-01-30 12:00:00,1.04405,1.0445,1.0431,1.04385,10007,,-0.0002394693370959546,11.765003300351689,8.297310341369954,9.112721530558659
2025-01-30 13:00:00,1.0439,1.0447,1.0437,1.04465,3932,,0.0007661001092911882,11.695460568702346,8.320114625755426,9.11514113028209
2025-01-30 14:00:00,1.04465,1.04515,1.0444,1.04495,3635,,0.00028713629600031157,11.698713091478846,8.323138077552496,9.115118391227126
2025-01-30 15:00:00,1.045,1.04535,1.04075,1.0429,26083,,-0.0019637432370931767,12.188324742737455,8.547622037781364,9.167558055967923
2025-01-30 16:00:00,1.04285,1.04355,1.04085,1.04125,9527,,-0.0015833796461146676,12.43378879466179,8.680994783346584,9.191393845011065
2025-01-30 18:00:00,1.0412,1.0419,1.0406,1.0418,3635,,0.0005280718300386601,12.467077362419897,8.65882514818057,9.193119068224535
2025-01-30 19:00:00,1.04175,1.04235,1.0406,1.0408,2095,,-0.0009603381127957803,12.538395187405591,8.638712644480195,9.205962040120456
2025-01-30 20:00:00,1.04075,1.04135,1.0397,1.041,7559,,0.00019214141667328081,12.53784630634872,8.590947073011074,9.205579464694667
2025-01-30 21:00:00,1.041,1.04165,1.0408,1.04105,2466,,4.8029586234478086e-05,12.52351368143311,8.591206723669245,9.202605456248378
2025-01-30 22:00:00,1.04105,1.04125,1.04045,1.0406,1827,,-0.0004323493450001944,12.485094044824521,8.596418154033186,9.200873551102042
2025-01-30 23:00:00,1.0406,1.0411,1.0404,1.04085,1426,,0.0002402171574644211,12.345973340565134,8.587390148670945,9.192156384196764
2025-01-31 00:00:00,1.04085,1.04115,1.0406,1.04095,1001,,9.607070811495962e-05,12.354876864363513,8.556461034406478,9.191788334289914
2025-01-31 01:00:00,1.04095,1.04165,1.04085,1.04155,2300,,0.0005762305081412579,12.22077773942372,8.55113683505858,9.182261469350532
2025-01-31 02:00:00,1.0415,1.04335,1.0412,1.0425,10850,,0.0009116864430327346,12.28055317810389,8.602433210889696,9.192010608549547
2025-01-31 03:00:00,1.0425,1.0428,1.0401,1.04055,12484,,-0.0018722551735363712,12.630311131837704,8.793331262273727,9.237539413886827
2025-01-31 04:00:00,1.04045,1.04055,1.0386,1.04045,23570,,-9.61076406313532e-05,12.456792879463686,8.7930686339697,9.193516448797578
2025-01-31 05:00:00,1.0404,1.04045,1.0394,1.0397,6500,,-0.0007211018748641369,7.920567243973601,8.764432014214641,9.189628417724126
2025-01-31 06:00:00,1.0397,1.0401,1.0393,1.03965,4390,,-4.809195182127273e-05,6.624366031600792,8.759744361730611,9.188702646475386
2025-01-31 07:00:00,1.0397,1.04065,1.03955,1.04035,6410,,0.0006730769484875397,6.757448609122919,8.793049908726658,9.135676542966328
2025-01-31 08:00:00,1.04035,1.04165,1.03975,1.0403,15630,,-4.8061903741397154e-05,6.573533583792628,8.785869292098555,9.135694483316591
2025-01-31 09:00:00,1.0403,1.0403,1.0387,1.03895,20764,,-0.0012985453309604122,6.8548232686467845,8.862752529365482,9.154872835288447
2025-01-31 10:00:00,1.03895,1.04215,1.0381,1.0417,31027,,0.002643406244514127,8.343488878449431,9.278481770486154,9.243760091581445
2025-01-31 11:00:00,1.04175,1.04285,1.0407,1.042,18760,,0.00028794932290919896,8.343621919619357,9.259636995450265,9.244549016881463
2025-01-31 12:00:00,1.04205,1.0455,1.0409,1.0441,31350,,0.002013326982752474,8.444248034492235,9.483335989158128,9.295325628925868
2025-01-31 13:00:00,1.0441,1.0443,1.03815,1.03905,36513,,-0.0048484361593408775,11.732471422798625,10.643014589450015,9.600873439197493
2025-01-31 14:00:00,1.03905,1.04,1.0385,1.0397,12356,,0.0006253758472008875,11.750410717487203,10.665916864855758,9.604823512971645
2025-01-31 15:00:00,1.03975,1.04035,1.0384,1.0394,12961,,-0.00028858640958299156,11.65166196007324,10.66594874531486,9.605185787107235
2025-01-31 16:00:00,1.0394,1.04085,1.03705,1.03815,22858,,-0.001203340618359591,11.80445528534688,10.539418039227282,9.624142656338087
2025-02-02 18:00:00,1.0281,1.0291,1.02545,1.0267,18042,,-0.011090507651062925,22.39191262131991,15.226177575429519,11.06715068863856
2025-02-02 19:00:00,1.0267,1.0288,1.0231,1.02525,21299,,-0.0014132900327504263,22.42038274139179,15.168490780536445,11.087722808626166
2025-02-02 20:00:00,1.0252,1.02725,1.0242,1.02585,8762,,0.0005850519400460544,22.476470821348066,15.190905388730192,11.087167408106515
2025-02-02 21:00:00,1.0258,1.0258,1.02415,1.0244,5050,,-0.001414461886844522,22.454131322563477,15.23399556463347,11.108239573916148
2025-02-02 22:00:00,1.0244,1.0245,1.0232,1.02415,3794,,-0.0002440750787056203,22.33895202255261,15.224478392997224,11.107693511790833
2025-02-02 23:00:00,1.02415,1.026,1.0241,1.02465,6589,,0.00048809059930361395,22.245026342050416,15.187224673633787,11.107225660081035
2025-02-03 00:00:00,1.02465,1.02635,1.0246,1.02605,4212,,0.0013653876408052555,22.488842803026635,15.194689104097325,11.108917796770235
2025-02-03 01:00:00,1.02605,1.0272,1.02595,1.02635,6553,,0.00029234067641477986,22.53223996816606,15.063459693210449,11.110003761748048
2025-02-03 02:00:00,1.02635,1.027,1.02425,1.0245,11825,,-0.001804130484233462,22.616739298097663,15.140085476117488,11.138998819397957
2025-02-03 03:00:00,1.02455,1.02715,1.02335,1.0264,24971,,0.001852845622472343,23.03853089762935,15.27326049841841,11.17739110647586
2025-02-03 04:00:00,1.0264,1.02745,1.02455,1.0251,13295,,-0.0012673655120709186,22.93300565318111,15.304387838436293,11.180106290931693
2025-02-03 05:00:00,1.0251,1.0265,1.025,1.0264,8703,,0.0012673655120709645,23.171881716943133,15.385707871381268,11.197670893674653
2025-02-03 06:00:00,1.02635,1.0276,1.0257,1.02725,11048,,0.0008277944620924967,23.28379080309358,15.42428707089256,11.197748174108227
2025-02-03 07:00:00,1.02725,1.02985,1.02715,1.0278,31126,,0.0005352667946101636,22.638398801633112,15.387810692040773,11.201034672953378
2025-02-03 08:00:00,1.0278,1.0309,1.0277,1.0284,31400,,0.0005836008336050728,22.68408326047333,15.403297457057292,11.188101673949802
2025-02-03 09:00:00,1.0284,1.02865,1.02675,1.0272,17081,,-0.0011675424560378123,22.16057975304282,15.424203535618375,11.199633550188258
2025-02-03 10:00:00,1.027,1.03565,1.026,1.03365,76086,,0.006259573535630022,24.063440502390275,16.75887788748718,11.61689018700429
2025-02-03 11:00:00,1.03365,1.0342,1.02935,1.02965,45244,,-0.0038772888199695528,24.79844491055897,17.15958425304734,11.77090004973472
2025-02-03 12:00:00,1.02955,1.03225,1.0291,1.03,27805,,0.00033986357232448477,24.83839135452032,17.16518696023751,11.77207832143161
2025-02-03 13:00:00,1.02995,1.03085,1.0289,1.0298,9407,,-0.00019419361164047807,24.803480255308788,17.162633352006694,11.768963656433067
2025-02-03 14:00:00,1.02985,1.03175,1.02985,1.03045,10366,,0.0006309914054766043,15.271470607949658,17.178085283647782,11.762349698669224
2025-02-03 15:00:00,1.03045,1.03195,1.0303,1.03155,7214,,0.0010669254164373157,15.054098817341357,17.21715403891196,11.769993298916805
2025-02-03 16:00:00,1.03155,1.0372,1.0313,1.03645,16222,,0.004738887011565492,16.91669206874634,17.881669232532975,11.997082505886238
2025-02-03 18:00:00,1.03645,1.03715,1.0346,1.03475,5436,,-0.0016415608166785878,17.00348668530087,17.946017693059115,12.024824834252943
2025-02-03 19:00:00,1.0348,1.0351,1.0336,1.03375,4379,,-0.0009668842909408711,17.15035160369114,17.924516053512296,12.013283543552328
2025-02-03 20:00:00,1.03375,1.03425,1.0328,1.03415,4368,,0.00038686590743153276,17.15084927065542,17.92426007631142,12.014379020455962
2025-02-03 21:00:00,1.03415,1.03435,1.0336,1.03415,2376,,0.0,17.08600725360622,17.9089404457832,12.014151929440878
2025-02-03 22:00:00,1.03415,1.0344,1.03315,1.03345,1567,,-0.000677113587487662,17.187088598053624,17.873941308854636,12.012789112024148
2025-02-03 23:00:00,1.03345,1.03345,1.03255,1.0326,1646,,-0.0008228262122961594,16.87849689366421,17.041698975802436,12.01612736926925
2025-02-04 00:00:00,1.03255,1.03255,1.0292,1.03125,11110,,-0.0013082347966579511,16.903771568608864,16.881852144710123,12.028688009184837
2025-02-04 01:00:00,1.0313,1.03275,1.0312,1.0326,4092,,0.0013082347966580123,16.767583562449147,16.944307547596626,12.04498525441503
2025-02-04 02:00:00,1.0326,1.0337,1.0319,1.0331,6847,,0.00048409740985088425,16.688465268002872,16.932928827236694,12.039678936943593
2025-02-04 03:00:00,1.0331,1.0355,1.03285,1.0354,15565,,0.00222383461240142,16.99600584794749,17.10329174405706,12.079145798823717
2025-02-04 04:00:00,1.0354,1.03695,1.0352,1.03585,9717,,0.00043452022409673133,16.994264418228703,17.088608281175734,12.078645531831707
2025-02-04 05:00:00,1.0358,1.0363,1.03455,1.0355,5990,,-0.00033794385625883586,17.036367753547168,17.084078205916907,11.496881812763885
2025-02-04 06:00:00,1.03545,1.03545,1.03415,1.0342,5092,,-0.0012562208735177975,17.06209134058107,17.021793629459225,11.483514185419777
2025-02-04 07:00:00,1.03425,1.0348,1.034,1.0345,5270,,0.0002900372234764903,13.186849683751351,16.96272375318868,11.463803298949081
2025-02-04 08:00:00,1.03455,1.03605,1.03435,1.036,10462,,0.0014489256338306152,11.26114540482816,17.02322949084332,11.486608454174267
2025-02-04 09:00:00,1.03605,1.03865,1.036,1.03795,21326,,0.0018804701893750633,11.589178877088571,17.11355819968014,11.5099675069687
2025-02-04 10:00:00,1.0379,1.04065,1.0378,1.04005,37817,,0.002021174894033511,11.87390099153056,17.237687412011933,11.541479309403446
2025-02-04 11:00:00,1.04,1.0408,1.0393,1.0399,15185,,-0.00014423423664979777,11.922111451575196,17.238045086903153,11.487524997177157
2025-02-04 12:00:00,1.03985,1.0399,1.03855,1.0397,13172,,-0.00019234468226258722,11.91796702242926,17.233821049637452,11.486042978750149
2025-02-04 13:00:00,1.03965,1.04065,1.03945,1.04015,5274,,0.0004327235204671305,8.887379119882603,17.237820087014914,11.488043990431402
2025-02-04 14:00:00,1.04015,1.04055,1.0397,1.04015,9543,,0.0,8.253292222588152,17.23747702319675,11.487071558862388
2025-02-04 15:00:00,1.0402,1.04065,1.03995,1.04055,4590,,0.00038448599502853055,7.942410717509627,17.231834370251068,11.15091604538713
2025-02-04 16:00:00,1.0406,1.0408,1.0398,1.03985,3119,,-0.0006729475354901518,8.12896592772718,17.21782216434217,11.149520058602917
2025-02-04 18:00:00,1.0401,1.0401,1.03905,1.0391,2235,,-0.0007215181053289104,8.30161205103227,17.131002054189786,11.125901060083956
2025-02-04 19:00:00,1.03915,1.04015,1.03895,1.03985,2140,,0.0007215181053289531,8.165610784926526,17.147097341264754,11.131658690779183
2025-02-04 20:00:00,1.0399,1.04065,1.0392,1.0393,3861,,-0.0005290623695539838,8.051211867039006,17.140011640276136,11.133964161962611
2025-02-04 21:00:00,1.03925,1.04045,1.03925,1.0404,1822,,0.0010578449801206442,7.56135425664098,17.17318782163976,11.133062131118788
2025-02-04 22:00:00,1.04045,1.04055,1.0399,1.03995,1348,,-0.0004326195178874519,7.5322408954748745,17.1654360791152,11.125001118465851
2025-02-04 23:00:00,1.03995,1.04015,1.0396,1.03985,872,,-9.616309267910646e-05,7.567998303063049,17.16562365931677,11.122589001707619
2025-02-05 00:00:00,1.0398,1.0398,1.0393,1.03975,1723,,-9.617234090889378e-05,6.74645827538099,17.115276059463806,11.106834413901323
2025-02-05 01:00:00,1.0397,1.04135,1.0394,1.04045,4352,,0.0006730122357677485,6.784405907701512,16.918025753053584,11.105867217910289
2025-02-05 02:00:00,1.0405,1.0429,1.0402,1.0422,11833,,0.0016805516163255266,7.152568246233004,17.001579362419196,11.136182645955177
2025-02-05 03:00:00,1.04215,1.0428,1.041,1.04235,11469,,0.00014391595333196905,6.558613114275347,16.87816101372864,11.136347871059543
2025-02-05 04:00:00,1.04235,1.0437,1.0421,1.0424,12205,,4.796738218916779e-05,6.584108101128653,16.144619020515286,11.136347732201092
2025-02-05 05:00:00,1.04235,1.045,1.0421,1.04445,12297,,0.0019646842460302443,6.903871868370386,16.248897635809044,11.120383377025885
2025-02-05 06:00:00,1.04445,1.0445,1.04315,1.04345,6383,,-0.0009579003558259621,6.736853055488205,16.278159808096795,11.122719089863182
2025-02-05 07:00:00,1.04345,1.04415,1.043,1.04385,5913,,0.00038327025812915977,5.9310652908510955,16.22932147687135,11.104733090836
2025-02-05 08:00:00,1.04385,1.04455,1.0421,1.04275,17086,,-0.001054346881913971,6.290833292335217,11.612366927369505,11.068123196847715
2025-02-05 09:00:00,1.04275,1.04455,1.04255,1.04445,18153,,0.0016289769796109254,6.766745491334122,11.56499441707167,11.097274767204402
2025-02-05 10:00:00,1.0445,1.0464,1.04345,1.0442,25097,,-0.00023938908021357052,6.802832061078651,11.574456110850834,11.09220085153641
2025-02-05 11:00:00,1.04415,1.04445,1.043,1.0438,11863,,-0.00038314176713912044,6.869962890169935,11.46405996455266,11.081723740847304
2025-02-05 12:00:00,1.0438,1.0444,1.043,1.044,6331,,0.00019158923327115658,6.859434031947609,11.450707692374124,11.081724208416476
2025-02-05 13:00:00,1.0439,1.0441,1.0434,1.04355,3656,,-0.00043112740482408447,6.777748259393766,11.474037747170987,11.07721444170579
2025-02-05 14:00:00,1.04355,1.04365,1.0424,1.04265,8310,,-0.0008628128231553846,6.841565543214956,11.480956289130251,11.036770590293095
2025-02-05 15:00:00,1.04265,1.0427,1.0421,1.04245,5424,,-0.0001918373225393012,6.791602008366087,11.490169175356217,11.007733044707916
2025-02-05 16:00:00,1.0424,1.04265,1.04165,1.0423,3022,,-0.00014390214678877965,6.706042581159901,11.303919904448733,10.988296799263487
2025-02-05 18:00:00,1.0424,1.0424,1.04155,1.04165,1284,,-0.0006238153708857972,6.613660197766012,11.225473743593938,10.990386522705062
2025-02-05 19:00:00,1.04175,1.04205,1.0413,1.0416,1582,,-4.800192008587834e-05,6.556029770245838,11.12327372699719,10.99003341380743
2025-02-05 20:00:00,1.0416,1.0423,1.04135,1.042,2192,,0.0003839508590074945,6.568285320521333,11.07702561491183,10.989110038154557
2025-02-05 21:00:00,1.04205,1.04235,1.04095,1.04135,1768,,-0.0006239950282870591,6.6824429678167085,11.095471246523712,10.993197959513012
2025-02-05 22:00:00,1.0413,1.04145,1.04075,1.04105,1154,,-0.0002881290838219549,6.618226115665481,11.102831005366598,10.978432910793172
2025-02-05 23:00:00,1.04105,1.0412,1.04035,1.0405,1299,,-0.0005284523675141269,5.94378170158493,11.12095276817241,10.973887907387672
2025-02-06 00:00:00,1.04055,1.04085,1.04045,1.04045,1112,,-4.8054974900426315e-05,5.929952763504966,11.036836163878137,10.961269584057218
2025-02-06 01:00:00,1.0404,1.0411,1.04035,1.0408,2242,,0.0003363363395067669,5.972548749231973,9.151894625826138,10.905584407217576
2025-02-06 02:00:00,1.0408,1.04095,1.0396,1.03985,7284,,-0.0009131762343656107,4.828403007938012,8.267600636773212,10.912874184150004
2025-02-06 03:00:00,1.03985,1.0399,1.0374,1.0383,15075,,-0.001491711654521626,5.165316543367149,8.430625603160122,10.932077375527136
2025-02-06 04:00:00,1.0383,1.0386,1.03745,1.03775,8363,,-0.0005298523762601432,5.053288255923489,8.450722099297481,10.933069259435294
2025-02-06 05:00:00,1.0378,1.03845,1.03735,1.03805,6642,,0.00028904518940994377,4.9479426383813845,8.436827958578629,10.930342854059335
2025-02-06 06:00:00,1.03805,1.03855,1.0376,1.03795,7061,,-9.63391137546697e-05,3.620801301546602,8.38401217624524,10.925825292851357
2025-02-06 07:00:00,1.038,1.0382,1.0371,1.038,15261,,4.817071703063257e-05,3.673342478535314,6.920194285484738,10.923612163446123
2025-02-06 08:00:00,1.03805,1.03865,1.03715,1.03785,16937,,-0.00014451911290424348,3.6791209187834193,6.7106966293239285,10.923764400273669
2025-02-06 09:00:00,1.03785,1.03925,1.0378,1.03805,12892,,0.00019268750962845056,3.679575043075953,6.631115667117038,10.923777263704393
2025-02-06 10:00:00,1.03805,1.03945,1.03775,1.0388,18670,,0.0007222476660351734,4.061372700456877,6.65608827399603,10.929930940290664
2025-02-06 11:00:00,1.0388,1.03945,1.0385,1.0385,10234,,-0.0002888364724263047,3.8950889000122215,6.665724474224344,10.929305096764628
2025-02-06 12:00:00,1.03855,1.0399,1.03845,1.03975,8328,,0.0012029353068539984,4.595847510584395,6.716785925241283,10.940474180054485
2025-02-06 13:00:00,1.03975,1.0415,1.0392,1.04075,18187,,0.0009613074520638739,4.971464587990044,6.703998039302577,10.950441445220033
2025-02-06 14:00:00,1.04075,1.04095,1.03985,1.0403,6148,,-0.0004324739982353419,4.914969085525672,6.567537234933122,10.951244190541889
2025-02-06 15:00:00,1.0403,1.04095,1.0402,1.0407,4853,,0.0003844305669642056,4.976822915194459,6.464584686449099,10.952281147729472
2025-02-06 16:00:00,1.04065,1.0408,1.0401,1.04015,2289,,-0.0005286301394219776,4.980500907046314,6.487676845235793,10.950418455792299
2025-02-06 18:00:00,1.0402,1.0405,1.04,1.04025,988,,9.613535865882919e-05,4.8908268352144155,6.11939781610913,10.95050602615977
2025-02-06 19:00:00,1.04035,1.0409,1.03955,1.0396,2600,,-0.0006250450957152563,4.97675746794055,6.1484941511067674,10.951446097221632
2025-02-06 20:00:00,1.0396,1.04045,1.03925,1.04015,2804,,0.0005289097370562739,5.006079324719012,6.152543967465564,10.954243245607199
2025-02-06 21:00:00,1.0402,1.04035,1.0399,1.0402,1570,,4.806883458053424e-05,5.00696095012215,6.000811727577812,10.951339049865313
2025-02-06 22:00:00,1.0402,1.04025,1.0395,1.03975,1241,,-0.00043270271595112616,5.015237160006142,6.020745271156992,10.952947379319752
2025-02-06 23:00:00,1.03975,1.04015,1.03935,1.0399,1176,,0.0001442550431660922,4.767202239809168,5.8579214123072845,10.95167078301012
2025-02-07 00:00:00,1.03985,1.0399,1.0392,1.0393,1270,,-0.0005771450718113003,4.068933336250838,5.589647928292622,10.95168818952593
2025-02-07 01:00:00,1.0393,1.0395,1.039,1.0394,1739,,9.621397996561467e-05,3.9290975680496874,5.204634217288548,10.918227748016294
2025-02-07 02:00:00,1.03935,1.04075,1.03925,1.0407,5480,,0.0012499400694721218,4.417259390396958,5.35397115008195,10.93595696194023
2025-02-07 03:00:00,1.04065,1.0418,1.04035,1.04155,8420,,0.0008164245861101576,4.553129210102413,5.409848343328447,10.93788697425649
2025-02-07 04:00:00,1.04155,1.0417,1.04075,1.04085,6184,,-0.0006723012162561559,4.7826549511023755,5.4391270483410405,10.942812697951616
2025-02-07 05:00:00,1.0409,1.0409,1.03965,1.0399,7705,,-0.000913132347480459,5.102770831467448,5.517750898693165,10.945939900247623
2025-02-07 06:00:00,1.0399,1.0402,1.0395,1.04,3614,,9.615846923127928e-05,5.099869307673943,5.504518790520936,10.945238045593557
2025-02-07 07:00:00,1.04,1.04,1.0386,1.03925,7762,,-0.0007214140026715788,5.151269012754804,5.5107246715182505,10.938749445107495
2025-02-07 08:00:00,1.03925,1.04325,1.03665,1.0381,34542,,-0.0011071799335470697,5.493478972701695,5.575023737123887,10.901668782123917
2025-02-07 09:00:00,1.0381,1.04065,1.03785,1.04035,16876,,0.0021650757813911326,6.361130864036848,5.946786688179168,10.92807008646375
2025-02-07 10:00:00,1.0403,1.04055,1.03445,1.03735,52705,,-0.0028878106414423556,7.900441358622548,6.600733101348334,11.007131804369358
2025-02-07 11:00:00,1.0373,1.0375,1.03385,1.03455,49993,,-0.0027028347937385166,9.049331252121032,7.030518245173248,11.085396978822631
2025-02-07 12:00:00,1.03455,1.0379,1.0323,1.03385,48856,,-0.0006768516986310772,8.990360798231963,7.046834525416706,11.087247822318048
2025-02-07 13:00:00,1.0339,1.03545,1.0338,1.0342,8535,,0.00033848311534220073,9.055653176123752,7.060452250451814,11.088687310873283
2025-02-07 14:00:00,1.03425,1.03545,1.03415,1.035,10019,,0.0007732457373483005,9.221831401495358,7.113533128497461,11.095860757156485
2025-02-07 15:00:00,1.035,1.0356,1.03395,1.03455,6648,,-0.0004348771540593083,9.203319438107444,7.080790928048283,11.096456810092027
2025-02-07 16:00:00,1.0346,1.035,1.0342,1.0346,2480,,4.832902400468787e-05,9.112429747177728,6.84705888376472,11.095849617451103
2025-02-09 18:00:00,1.0315,1.0331,1.03065,1.03275,3610,,-0.0017897312925407,9.463496790405715,7.04251476370885,11.01998031566361
2025-02-09 19:00:00,1.0327,1.0336,1.03265,1.03275,3453,,0.0,9.482721729828555,7.04126771553574,11.01981146623964
2025-02-09 20:00:00,1.03275,1.0332,1.03175,1.032,2872,,-0.000726480235365885,9.462704169797474,6.721954730549269,11.024500011104537
2025-02-09 21:00:00,1.03205,1.03245,1.0316,1.0317,2203,,-0.0002907399351778072,9.456940260875339,6.678061208199127,11.023381052988919
2025-02-09 22:00:00,1.0317,1.0329,1.0317,1.03285,1663,,0.0011140443379315144,9.775883511521,6.781725553923942,11.033460805215405
2025-02-09 23:00:00,1.03285,1.0333,1.03285,1.03305,1230,,0.0001936202145551055,9.40270283095975,6.731703804039365,11.032464022248773
2025-02-10 00:00:00,1.03305,1.03385,1.033,1.0333,1851,,0.0002419725614922894,9.22354755029146,6.494607574982929,10.923040330695164
2025-02-10 01:00:00,1.0334,1.0337,1.03295,1.0336,2498,,0.00029028980802811826,9.283993168461368,6.511299735772915,10.92433155721782
2025-02-10 02:00:00,1.03355,1.0343,1.0327,1.033,6709,,-0.00058066390869903,9.237628830403722,6.52093876925731,10.925402629259931
2025-02-10 03:00:00,1.033,1.034,1.0324,1.0339,9527,,0.0008708694730089165,9.448000068633108,6.595148031480595,10.934669894399297
2025-02-10 04:00:00,1.0339,1.0352,1.0338,1.0344,9289,,0.00048348886500031776,9.506699469441788,6.620769713994538,10.92501888327415
2025-02-10 05:00:00,1.0344,1.03515,1.03405,1.0347,3981,,0.0002899811532571578,9.408114988434393,6.594078335322909,10.924411834551885
2025-02-10 06:00:00,1.03475,1.0354,1.03375,1.03375,5049,,-0.0009185622730038432,8.458349814300654,6.641534479452988,10.878458945006066
2025-02-10 07:00:00,1.03375,1.03395,1.0326,1.0331,8720,,-0.0006289764825014153,7.072562131821283,6.659681637195421,10.814755236901263
2025-02-10 08:00:00,1.03305,1.03435,1.03305,1.03385,7005,,0.0007257069913793232,5.57253499902424,6.698509080255619,10.821971165944728
2025-02-10 09:00:00,1.0339,1.0341,1.03215,1.03285,9975,,-0.0009677264025171404,5.700853059670421,6.751072887436734,10.830125338544933
2025-02-10 10:00:00,1.03285,1.03375,1.0328,1.03325,10962,,0.0003872029475800135,5.711995896654314,6.751332694338299,10.809115542609305
2025-02-10 11:00:00,1.0332,1.0335,1.03215,1.0328,10250,,-0.0004356138594090581,5.544499595759022,6.7401446657166675,10.810589666737256
2025-02-10 12:00:00,1.03285,1.0332,1.03235,1.03295,5496,,0.00014522570520518046,5.526841829869519,6.744252310701077,10.811064804045193
2025-02-10 13:00:00,1.0329,1.03335,1.0323,1.03245,4097,,-0.0004841677251547959,5.565721663239341,6.741717648043095,10.812896448311362
2025-02-10 14:00:00,1.0324,1.03275,1.0322,1.03235,5102,,-9.686168159453761e-05,4.634209333725083,6.741291706069487,10.736953053094116
2025-02-10 15:00:00,1.0324,1.03255,1.03215,1.03235,3512,,0.0,4.634209333725083,6.72586809413309,10.733680297060914
2025-02-10 16:00:00,1.03235,1.03255,1.03215,1.03245,1108,,9.68616815945309e-05,4.451899722243445,6.682516212223828,10.725964335389923
2025-02-10 18:00:00,1.03235,1.0325,1.0315,1.0317,3472,,-0.0007266914061527365,4.6110250011773575,6.564527353934987,10.729541910986487
2025-02-10 19:00:00,1.0317,1.03235,1.03165,1.03215,1173,,0.0004360782102681792,4.224111570123903,6.572267272427948,10.730993057209187
2025-02-10 20:00:00,1.0321,1.0321,1.03165,1.03185,1349,,-0.0002906976764657239,4.225035739063676,6.563745086299168,10.729183093450608
2025-02-10 21:00:00,1.03185,1.03195,1.0309,1.03095,3403,,-0.0008726004044088128,4.413414500275556,6.609430667239308,10.73653284588056
2025-02-10 22:00:00,1.031,1.03175,1.0309,1.0315,1740,,0.000533346275582571,4.503578486425725,6.639423951789873,10.739475062335359
2025-02-10 23:00:00,1.0315,1.0321,1.03145,1.03205,1221,,0.000533061968959951,4.542803234312229,6.670038851305231,10.743420737463726
2025-02-11 00:00:00,1.03205,1.0323,1.03185,1.03215,970,,9.68898363319135e-05,4.234474207494315,6.666519361077502,10.643334793219601
2025-02-11 01:00:00,1.0321,1.0327,1.0321,1.03215,1999,,0.0,4.10959225979637,6.6149960892938005,10.643072717231378
2025-02-11 02:00:00,1.03215,1.03245,1.03175,1.032,4202,,-0.00014533827509034477,4.044306776813414,6.612521833458048,10.612199948709069
2025-02-11 03:00:00,1.032,1.03365,1.03165,1.03345,7885,,0.0014040526163366812,4.584641723064931,6.656227477131208,10.629308822115522
2025-02-11 04:00:00,1.03345,1.03385,1.0329,1.03345,6566,,0.0,4.444636413615463,6.568306498321334,10.621352350040269
2025-02-11 05:00:00,1.0335,1.0342,1.0331,1.03325,6843,,-0.0001935452660030994,4.261718551003558,6.56093094904711,10.621454555728237
2025-02-11 06:00:00,1.0333,1.034,1.03325,1.03385,3153,,0.0005805234549372378,4.019772437396361,6.579109935595541,10.616757867591382
2025-02-11 07:00:00,1.03385,1.03455,1.0337,1.0339,7860,,4.836174586865147e-05,3.971760435047643,6.5669731320566385,10.60713502121439
2025-02-11 08:00:00,1.0339,1.0343,1.0333,1.03395,7521,,4.835940712287296e-05,3.8786760146109565,6.565682129469125,10.601029447430793
2025-02-11 09:00:00,1.0339,1.0354,1.03385,1.03495,9743,,0.000966697354029111,4.189661750023241,6.629687287124007,10.613201516805463
2025-02-11 10:00:00,1.035,1.036,1.0345,1.0357,18618,,0.0007244102410335423,4.183404174085037,6.65080582443624,10.618700487447489
2025-02-11 11:00:00,1.03565,1.0368,1.0356,1.03625,12607,,0.0005309008546714687,4.204454525342,6.677314340281819,10.614991894874061
2025-02-11 12:00:00,1.0362,1.03655,1.036,1.03625,5152,,0.0,4.204454525342,6.666907170274373,10.61303604699609
2025-02-11 13:00:00,1.0362,1.0368,1.0361,1.03625,6229,,0.0,4.214539027970981,6.664033598749689,10.61037165332777
2025-02-11 14:00:00,1.0362,1.03985,1.03585,1.0375,23307,,0.0012055456553489111,4.225369404886684,6.761477186037776,10.309038795560706
2025-02-11 15:00:00,1.03745,1.03845,1.03745,1.03795,5808,,0.0004336409039500671,4.225085496130051,6.776347590858943,10.304106759852061
2025-02-11 16:00:00,1.03795,1.0381,1.03755,1.03785,1959,,-9.634839587368955e-05,4.154422673626641,6.6506898902436165,10.299387174396236
2025-02-11 18:00:00,1.0377,1.0384,1.0377,1.03795,1075,,9.634839587376395e-05,3.5954581287240974,6.594057227297058,10.29769639461865
2025-02-11 19:00:00,1.03795,1.03805,1.03725,1.03735,1877,,-0.0005782296696548658,3.909453250307872,6.5857405486109455,10.29934970162024
2025-02-11 20:00:00,1.03735,1.038,1.037,1.0377,1608,,0.00033734127208424083,3.884300554641479,6.538433418335983,10.297892799573772
2025-02-11 21:00:00,1.0377,1.0384,1.03765,1.0379,1561,,0.00019271536001060966,3.8740332578346233,6.541141496374572,10.297900597516529
2025-02-11 22:00:00,1.0379,1.03815,1.0375,1.03785,1544,,-4.8175358313648357e-05,3.8859161671606426,6.503396963512313,10.297544074340742
2025-02-11 23:00:00,1.0378,1.038,1.03725,1.03725,825,,-0.0005782853999523846,4.102041259331827,6.434280061993444,10.299982297504295
2025-02-12 00:00:00,1.03725,1.03755,1.03715,1.0375,971,,0.00024099289187619997,3.521330709881703,6.04460516026578,10.291747227480947
2025-02-12 01:00:00,1.03745,1.03765,1.0373,1.0375,1480,,0.0,3.521330709881703,5.30252942856052,10.279120899609085
2025-02-12 02:00:00,1.03755,1.03955,1.0375,1.0392,7158,,0.0016372132515362656,4.242654208152088,4.799240129387137,10.30051879412885
2025-02-12 03:00:00,1.0392,1.0396,1.03845,1.03875,8443,,-0.0004331191867316973,4.383341297519797,4.766237462440412,10.30233661510055
2025-02-12 04:00:00,1.03875,1.03905,1.0381,1.03895,5337,,0.00019252057623109933,4.370804724822563,4.760334783938077,10.302046459906348
2025-02-12 05:00:00,1.039,1.03935,1.03865,1.0392,5559,,0.00024059861050065062,4.356226581629099,4.710177662175846,10.300446265572228
2025-02-12 06:00:00,1.0392,1.0402,1.039,1.0392,7924,,0.0,4.172745901285803,4.682787943551963,10.294795147344384
2025-02-12 07:00:00,1.03915,1.0395,1.0388,1.0389,8143,,-0.00028872527990379533,4.143064819765411,4.696942683486042,10.289125808755683
2025-02-12 08:00:00,1.0389,1.0398,1.03295,1.03495,41255,,-0.003809344722686393,7.982657173170217,5.819745054835318,10.455764140532768
2025-02-12 09:00:00,1.0349,1.037,1.03415,1.03665,20330,,0.0016412438517135527,8.516121477904237,6.038652650520724,10.487768722960961
2025-02-12 10:00:00,1.03665,1.0399,1.0354,1.0391,42448,,0.002360593653087846,9.43849958962325,6.409063049739719,10.553444355236994
2025-02-12 11:00:00,1.03905,1.04115,1.03665,1.04075,24436,,0.0015866532164838206,9.59772147821086,6.562774772626326,10.574215811615868
2025-02-12 12:00:00,1.04075,1.04445,1.0407,1.04425,40245,,0.003357317302199803,11.096201895650061,7.252357189233992,10.702252244186575
2025-02-12 13:00:00,1.0442,1.04465,1.0403,1.04055,23028,,-0.0035495048778645885,12.959723222355535,8.163202095926405,10.843349491743252
2025-02-12 14:00:00,1.04055,1.04095,1.0401,1.0407,7543,,0.00014414414439365306,12.95959577336202,8.162301458071452,10.841733202635586
2025-02-12 15:00:00,1.0407,1.0414,1.0404,1.0408,5206,,9.608455448178072e-05,12.894801833894798,8.160450740158522,10.840841459251136
2025-02-12 16:00:00,1.04085,1.0415,1.0397,1.03995,8272,,-0.000817013141686379,13.001784879561445,8.184539679716877,10.847176965250096
2025-02-12 18:00:00,1.03995,1.0407,1.03945,1.04065,1368,,0.0006728828476514748,13.038469578005202,8.168113234890763,10.847939217977668
2025-02-12 19:00:00,1.0407,1.0415,1.0403,1.04045,2020,,-0.00019220604547178652,13.047218508347125,8.16448181283436,10.846860271310673
2025-02-12 20:00:00,1.04045,1.04165,1.0402,1.04145,2431,,0.0009606610086032813,13.057581532782725,8.208364889694748,10.857317365296337
2025-02-12 21:00:00,1.04145,1.0422,1.0411,1.04185,2023,,0.0003840061488170648,13.061307028824784,8.14524972035016,10.858831138626671
2025-02-12 22:00:00,1.0419,1.04365,1.0418,1.04335,3319,,0.0014387111631846336,13.226524940418507,8.211996644271617,10.88156220595901
2025-02-12 23:00:00,1.0433,1.045,1.0433,1.04495,6024,,0.0015323471848666403,13.193516782743872,8.307874806466572,10.860736704413124
2025-02-13 00:00:00,1.04495,1.04535,1.04455,1.04495,4996,,0.0,13.140820134697249,8.227494588113867,10.853372747431903
2025-02-13 01:00:00,1.04495,1.0455,1.0443,1.0445,5026,,-0.0004307353676398607,13.201233084476666,8.248772973951747,10.80991089535049
2025-02-13 02:00:00,1.0446,1.04515,1.04375,1.04405,9305,,-0.00043092098054968144,13.256939154589498,8.248415009086854,10.812059051618226
2025-02-13 03:00:00,1.04405,1.0441,1.0424,1.0428,9333,,-0.001197977956724131,13.485618425358787,8.363748761046498,10.827834547685454
2025-02-13 04:00:00,1.0428,1.0441,1.04255,1.04375,7417,,0.0009105941057184839,13.516168866009492,8.37116678744388,10.836443025741076
2025-02-13 05:00:00,1.04375,1.04435,1.0428,1.04305,6641,,-0.0006708836747698129,11.476397153775894,8.41047369782621,10.813227808435723
2025-02-13 06:00:00,1.04305,1.0442,1.0407,1.04175,15931,,-0.0012471221877325843,11.57255482263443,8.528964028525676,10.811990949470825
2025-02-13 07:00:00,1.0417,1.04175,1.04,1.0404,14168,,-0.0012967367280663676,11.185850020752202,8.651922433143698,10.79496281854466
2025-02-13 08:00:00,1.04045,1.04215,1.03895,1.0407,24222,,0.00028830906931722486,10.845403105754054,8.609065414447322,10.794446475412812
2025-02-13 09:00:00,1.0407,1.0416,1.0396,1.0414,15212,,0.0006723980849850588,9.055071598560737,8.620524538775117,10.796448924584242
2025-02-13 10:00:00,1.04145,1.0453,1.04145,1.0448,48220,,0.0032595177933677395,8.6170503989899,9.155333727118423,10.915236523386326
2025-02-13 11:00:00,1.04475,1.046,1.04385,1.0442,16509,,-0.0005744375457145851,8.722840798140318,9.124103985675475,10.917667820856297
2025-02-13 12:00:00,1.04415,1.0454,1.04395,1.044,8572,,-0.00019155253386790114,8.74468995292666,9.127027374254338,10.915508602590851
2025-02-13 13:00:00,1.04405,1.04475,1.03875,1.0424,52239,,-0.0015337426319486575,9.08027413562027,9.284417524328902,10.929173807047695
2025-02-13 14:00:00,1.0424,1.0458,1.04225,1.0452,20205,,0.002682507835821929,10.087993282605602,9.621398891402695,11.008362157961734
2025-02-13 15:00:00,1.0452,1.04805,1.045,1.0476,11448,,0.002293578987099586,10.675181172459391,9.843233190350283,11.065716081993124
2025-02-13 16:00:00,1.04765,1.04835,1.04715,1.0479,3663,,0.00028632784733914564,10.615106620256286,9.835105137192233,11.062115063353474
2025-02-13 18:00:00,1.04805,1.0482,1.04705,1.0476,2427,,-0.00028632784733909934,10.663863408632105,9.77889632127168,11.062275263713873
2025-02-13 19:00:00,1.04765,1.04815,1.04725,1.04755,1915,,-4.772927953573436e-05,10.458918581732062,9.780147655575883,11.062122866149728
2025-02-13 20:00:00,1.04755,1.0482,1.0473,1.0474,2860,,-0.00014320150863383565,10.18213100089345,9.778064999304616,11.059201106605894
2025-02-13 21:00:00,1.04735,1.04755,1.04695,1.0471,1830,,-0.0002864645519711086,10.204777940517294,9.784647015810998,11.05960861602063
2025-02-13 22:00:00,1.0471,1.04765,1.04685,1.04735,925,,0.0002387261583588927,10.15967437352095,9.783245128068666,11.05350276218788
2025-02-13 23:00:00,1.04735,1.04785,1.04695,1.04695,2228,,-0.00038198921344961454,10.151332110675796,9.800304120955378,11.045377286284914
2025-02-14 00:00:00,1.04695,1.04705,1.04615,1.04675,2997,,-0.0001910493390727579,9.87658769466818,9.777362552759248,11.045375308829104
2025-02-14 01:00:00,1.04665,1.04755,1.04665,1.0473,2477,,0.0005252978798471288,9.80948443059294,9.768223944871925,11.028070216412328
2025-02-14 02:00:00,1.04725,1.04865,1.04725,1.0479,6726,,0.0005727377017961924,9.708098629037815,9.769829988849823,11.026188171942254
2025-02-14 03:00:00,1.04795,1.05005,1.0478,1.04915,14304,,0.0011921510198078633,9.448350167934223,9.819712990763591,11.032444962173544
2025-02-14 04:00:00,1.04915,1.05025,1.04905,1.0496,8634,,0.0004288266891205937,8.952221735258075,9.819920776479862,11.021478728232479
2025-02-14 05:00:00,1.0496,1.04975,1.0479,1.04815,8346,,-0.0013824337799333288,9.49731199471928,9.89533470909135,10.747021896240136
2025-02-14 06:00:00,1.04815,1.0484,1.04775,1.0482,5061,,4.7701958174442075e-05,9.493330857679034,9.892388694124405,10.659463604331377
2025-02-14 07:00:00,1.0482,1.04895,1.04715,1.0486,8759,,0.00038153377036647426,7.836551586851237,9.891142222791286,10.660156122254755
2025-02-14 08:00:00,1.04865,1.0518,1.0486,1.05025,23515,,0.0015722899110589413,8.063246156784885,9.990114184659076,10.673400537820783
2025-02-14 09:00:00,1.0503,1.0529,1.0502,1.05235,21509,,0.001997527535689315,8.532992519447825,10.119271889014101,10.716637790337035
2025-02-14 10:00:00,1.05235,1.05275,1.05055,1.05235,23036,,0.0,7.814112981727388,10.121588232194314,10.710521589959916
2025-02-14 11:00:00,1.0523,1.0525,1.05115,1.0512,13891,,-0.0010933898548348322,7.149088088891487,10.208907027272952,10.72396721164251
2025-02-14 12:00:00,1.0512,1.05235,1.0509,1.0522,10510,,0.0009508415663609321,6.277097469954536,10.232032118741511,10.688516505617232
2025-02-14 13:00:00,1.05215,1.05225,1.0514,1.05195,3813,,-0.000237625645677809,6.325169589119008,10.210178064993922,10.659464048005049
2025-02-14 14:00:00,1.0519,1.05195,1.05095,1.0513,6232,,-0.0006180910692439423,6.430609083462382,10.245989766933782,10.661647518934666
2025-02-14 15:00:00,1.05135,1.05135,1.05055,1.0506,5114,,-0.000666064061923944,6.587165595085338,10.282423071002045,10.655946846991428
2025-02-14 16:00:00,1.05065,1.05095,1.0503,1.0506,3120,,0.0,6.571885979250737,10.180209339007934,10.655688584074575
2025-02-16 18:00:00,1.0505,1.0508,1.04985,1.0502,2060,,-0.0003808073161022424,6.593956739604179,10.177105070885046,10.657665420696318
2025-02-16 19:00:00,1.0503,1.05075,1.04995,1.05055,1620,,0.000333214331299315,6.600148038575236,10.178224341823466,10.656163058151852
2025-02-16 20:00:00,1.05065,1.05205,1.05035,1.05195,2376,,0.0013317481159707471,6.827252698977185,10.243077570767095,10.674700681533757
2025-02-16 21:00:00,1.05185,1.0519,1.051,1.05155,2103,,-0.00038031852134192464,6.872914604995686,10.257919242422535,10.67669070084765
2025-02-16 22:00:00,1.0515,1.05175,1.05085,1.05085,1239,,-0.0006659056562659008,7.019905068587261,10.283182264369826,10.679032467485687
2025-02-16 23:00:00,1.05085,1.05115,1.0503,1.05095,905,,9.515653256765471e-05,6.98153663023323,9.438839635159995,10.670309526973671
2025-02-17 00:00:00,1.05095,1.0512,1.04985,1.05035,3296,,-0.0005710750642997277,6.811196551465784,9.367008361962343,10.633026164889849
2025-02-17 01:00:00,1.05035,1.0507,1.0502,1.0506,1621,,0.00023798757817180915,6.786086755811023,9.108346508676314,10.633276298775417
2025-02-17 02:00:00,1.0506,1.05095,1.04945,1.04965,4499,,-0.000904654269529811,6.510875570897441,9.058211356623111,10.636845222839986
2025-02-17 03:00:00,1.04965,1.0499,1.0485,1.04885,7250,,-0.0007624494055327238,6.670760778418525,8.48536934934016,10.644051842678161
2025-02-17 04:00:00,1.0488,1.0495,1.0485,1.0488,4509,,-4.7672395308652396e-05,6.640654564853926,7.638936619112773,10.639463705223895
2025-02-17 05:00:00,1.04885,1.0503,1.04875,1.0503,6498,,0.0014291841792395503,6.537313300437408,7.749250620378306,10.661538744140033
2025-02-17 06:00:00,1.05025,1.0503,1.04915,1.0496,3174,,-0.0006666984389050368,5.51006548455353,7.7927173294912135,10.646814939742507
2025-02-17 07:00:00,1.0496,1.0499,1.0482,1.0486,5701,,-0.000953198051392319,5.684580714354293,7.811045314191121,10.580020545034492
2025-02-17 08:00:00,1.04865,1.04905,1.0481,1.0488,4162,,0.00019071231105767983,5.460905416809831,7.792180904859336,10.57954478669334
2025-02-17 09:00:00,1.04885,1.0493,1.0485,1.04925,3282,,0.00042896976421012543,5.206370629085055,7.79080682329268,10.535866971406929
2025-02-17 10:00:00,1.04925,1.0498,1.0488,1.04935,5912,,9.530162973009235e-05,5.218750955627305,7.745721800174015,10.257970253464132
2025-02-17 11:00:00,1.0494,1.04975,1.0491,1.04925,3868,,-9.530162973000804e-05,5.139698794012226,7.744300951949365,10.254095517458346
2025-02-17 12:00:00,1.0493,1.0499,1.0492,1.04965,3651,,0.00038115203663108624,5.093414101519026,7.631379779018878,10.254228295586456
2025-02-17 13:00:00,1.04965,1.04965,1.0493,1.0496,714,,-4.763606050674557e-05,5.092741079190791,7.491038151839873,10.235951358672258
2025-02-17 14:00:00,1.04965,1.04975,1.04935,1.0495,808,,-9.527892913694079e-05,5.057359180282146,7.492613604833314,8.63421037489451
2025-02-17 15:00:00,1.0496,1.0498,1.04945,1.04975,503,,0.00023818030361485402,5.038097132597786,7.4766484817223535,8.602620880214385
2025-02-17 16:00:00,1.0498,1.0499,1.0497,1.0498,710,,4.762925389685864e-05,4.378391386457234,7.458307495393168,8.599237141511326
2025-02-17 18:00:00,1.04965,1.04995,1.049,1.04985,1658,,4.762698545888494e-05,4.35507326737646,7.341475038080282,8.567020134378298
2025-02-17 19:00:00,1.0499,1.04995,1.0486,1.0489,1243,,-0.0009053008361001522,4.475662847904121,7.365401571555198,8.579600021732835
2025-02-17 20:00:00,1.04885,1.04895,1.04755,1.04795,4490,,-0.0009061211483894596,4.675974323957881,7.3937834690208275,8.591501748383374
2025-02-17 21:00:00,1.04795,1.04845,1.0479,1.0481,1560,,0.00014312635696291893,4.632551661951149,7.269046914748779,8.568430983296613
2025-02-17 22:00:00,1.04815,1.0486,1.04755,1.04765,1923,,-0.0004294405410147531,4.619609408618853,7.149226373172923,8.571543618542304
2025-02-17 23:00:00,1.04765,1.0478,1.04695,1.04705,2142,,-0.0005728744129557481,4.478817431121758,7.180133837346283,8.527008406274597
2025-02-18 00:00:00,1.0471,1.0473,1.04655,1.04685,2948,,-0.00019103109089086705,4.327198268670209,7.162052978210041,8.48335368867641
2025-02-18 01:00:00,1.04685,1.0477,1.0468,1.0475,3159,,0.0006207176650225863,4.5032027397469765,6.41487847144622,8.461376690420769
2025-02-18 02:00:00,1.04745,1.04825,1.04725,1.0477,6812,,0.00019091256262652537,3.6276891528953685,6.3853167222653955,8.44142764963083
2025-02-18 03:00:00,1.0477,1.0483,1.04685,1.04705,9673,,-0.0006205991367580772,3.606558078689898,6.416803981019423,8.440413391437387
2025-02-18 04:00:00,1.047,1.04785,1.04685,1.04775,6523,,0.0006683215830195421,3.5176557103314168,6.238550394692709,8.442423971323574
2025-02-18 05:00:00,1.0478,1.0482,1.0472,1.04755,4611,,-0.00019090345115956934,3.500349703545422,5.651732422365076,8.439727324815264
2025-02-18 06:00:00,1.0476,1.04785,1.0475,1.0476,5142,,4.772927953577467e-05,3.392063712929818,5.161213457425246,8.417449053303788
2025-02-18 07:00:00,1.0476,1.04815,1.04665,1.04685,13429,,-0.0007161785022864953,3.5494419326010678,5.202181426084876,7.853678759679605
2025-02-18 08:00:00,1.04685,1.04705,1.04555,1.0458,13049,,-0.0010035123772401337,3.867082651611311,5.289385117716023,7.628532576436287
2025-02-18 09:00:00,1.04585,1.0468,1.04545,1.0466,10161,,0.0007646721840771173,4.090454255615759,5.348935642814306,7.635146090765133
2025-02-18 10:00:00,1.04665,1.04805,1.0465,1.048,21879,,0.001336770942880002,4.836328737780557,5.5163696255263375,7.659666661234107
2025-02-18 11:00:00,1.04795,1.04835,1.04675,1.047,15137,,-0.0009546540104507722,5.07221192255799,5.593378799897077,7.671159235725815
2025-02-18 12:00:00,1.047,1.047,1.04525,1.0459,10244,,-0.0010511731103142853,5.274525215168793,5.685728938100898,7.6746204290176605
2025-02-18 13:00:00,1.04595,1.0461,1.04485,1.04575,7902,,-0.0001434274379147449,5.2582897483836835,5.675327819411468,7.3183381283005415
2025-02-18 14:00:00,1.0457,1.0463,1.0454,1.04585,7429,,9.562057762104101e-05,5.265945291072623,5.673723011151663,7.271360453524353
2025-02-18 15:00:00,1.04585,1.04615,1.0455,1.04615,3161,,0.0002868068853311556,5.158059118956,5.6554940832528775,7.255209950762037
2025-02-18 16:00:00,1.04605,1.0463,1.04575,1.0459,3563,,-0.00023900002503753602,4.965933858022648,5.627182195880289,7.2546339434998774
2025-02-18 18:00:00,1.04635,1.04635,1.04575,1.0461,830,,0.00019120458949256728,4.974059159614716,5.492114735729219,7.254954201798823
2025-02-18 19:00:00,1.0461,1.0462,1.0457,1.0459,1501,,-0.000191204589492606,4.9402850060459045,5.472115403840479,7.247123672003665
2025-02-18 20:00:00,1.04595,1.0461,1.0454,1.04595,2129,,4.7804574906788e-05,4.861893880917463,5.303296950569298,7.234356456068046
2025-02-18 21:00:00,1.04595,1.04655,1.0458,1.0465,1630,,0.0005256995509250883,4.955764061070298,5.332572802366042,7.206822530531859
2025-02-18 22:00:00,1.04645,1.0465,1.0461,1.04645,845,,-4.777945006751783e-05,4.816444926996391,5.31624809552736,7.180531655860703
2025-02-18 23:00:00,1.04645,1.04665,1.0462,1.04655,1032,,9.55566173685561e-05,4.804092077387955,5.059340237793609,7.177412031077614
2025-02-19 00:00:00,1.0466,1.04695,1.0462,1.0469,937,,0.0003343762719538601,4.732645128372324,4.623149395937574,7.098254495003138
2025-02-19 01:00:00,1.0469,1.0474,1.04675,1.0468,2530,,-9.55246693185007e-05,4.569191288623984,4.6223111472103655,7.095962009699018
2025-02-19 02:00:00,1.0468,1.04725,1.04615,1.04645,4132,,-0.0003344082200038048,4.590507159168529,4.51466478071842,7.095916233085021
2025-02-19 03:00:00,1.04645,1.04695,1.0452,1.04535,9050,,-0.0010517258833493426,4.901673404561519,4.495651483804494,7.087536294135771
2025-02-19 04:00:00,1.04535,1.04565,1.0441,1.04425,7411,,-0.001052833175352864,5.066919514620346,4.593035375907251,7.10691234851052
2025-02-19 05:00:00,1.0442,1.0443,1.04315,1.0437,10104,,-0.0005268325512785544,4.867521730166637,4.583845052829978,7.077988179950879
2025-02-19 06:00:00,1.0437,1.0446,1.0433,1.04375,13654,,4.790533905910651e-05,4.615021969781444,4.552747695389332,7.018737370189024
2025-02-19 07:00:00,1.04375,1.04455,1.0435,1.04415,7773,,0.0003831601177199239,3.8865318504594257,4.578333835256917,6.951346274551305
2025-02-19 08:00:00,1.0442,1.04485,1.0438,1.04465,7730,,0.0004787437854749971,3.779675850410491,4.606048431490435,6.95461659465665
2025-02-19 09:00:00,1.04465,1.0451,1.04405,1.0447,8943,,4.786177520229561e-05,3.371916654130885,4.588154076753508,6.953853538625769
2025-02-19 10:00:00,1.04475,1.04545,1.0435,1.04375,18112,,-0.0009097656783970318,3.683130036741743,4.423575359351706,6.9658019381406495
2025-02-19 11:00:00,1.0437,1.04385,1.0417,1.04175,15111,,-0.0019180058625023614,4.8346673172052705,4.768564440556341,7.030308372002477
2025-02-19 12:00:00,1.04175,1.0426,1.0414,1.04225,8920,,0.00047984645834341316,4.907191696632446,4.7817176475147996,7.031711174599163
2025-02-19 13:00:00,1.04225,1.0435,1.04215,1.0433,5993,,0.0010069287130172956,5.325441246962461,4.912910840268179,7.0408213525520775
2025-02-19 14:00:00,1.0432,1.0445,1.0431,1.04385,7738,,0.0005270344850451904,5.419985684208456,4.93362362785877,7.035953036095226
2025-02-19 15:00:00,1.04385,1.0439,1.0434,1.04385,2809,,0.0,5.420802644613596,4.9225131395171084,7.027380532299662
2025-02-19 16:00:00,1.0438,1.04395,1.0435,1.0436,1407,,-0.0002395266963952681,5.419213010452681,4.8569487546334855,7.0233741213132275
2025-02-19 18:00:00,1.04355,1.04375,1.04315,1.04325,1243,,-0.00033543379091144213,5.302051131310313,4.815662503971046,7.006611230600436
2025-02-19 19:00:00,1.04325,1.04415,1.0431,1.04405,2205,,0.0007665405444088507,5.5385529249584415,4.891647360830199,7.012994322949417
2025-02-19 20:00:00,1.0441,1.0444,1.04305,1.0433,1997,,-0.0007186145421471315,5.6204750412392634,4.685277351731775,7.0220835093340925
2025-02-19 21:00:00,1.0432,1.0449,1.04315,1.0447,4116,,0.0013409963695386864,6.147629739944148,4.87128809091189,7.0521584307923515
2025-02-19 22:00:00,1.04475,1.04475,1.0438,1.0443,1148,,-0.00038295835795931223,6.166483236751181,4.79937773552693,7.047496412479958
2025-02-19 23:00:00,1.0443,1.04435,1.04355,1.0442,2339,,-9.576250905091838e-05,6.1539671354557886,4.792130881770202,6.999509170823219
2025-02-20 00:00:00,1.0442,1.0446,1.04385,1.04395,1097,,-0.0002394464010674859,5.914758216317968,4.767245926997617,7.000236378889106
2025-02-20 01:00:00,1.04395,1.0446,1.04365,1.0437,2032,,-0.0002395037493784171,5.646258909803458,4.7661594828210285,7.001247013713363
2025-02-20 02:00:00,1.04375,1.04455,1.0435,1.0443,3928,,0.0005747126594968735,5.6603649881192535,4.812637265978381,6.939857137610369
2025-02-20 03:00:00,1.0443,1.04535,1.04415,1.0445,8282,,0.00019149751111757025,5.667416239338521,4.7978003692401385,6.9243548943400945
2025-02-20 04:00:00,1.0445,1.04495,1.044,1.04485,3731,,0.00033503242948670073,5.658640895232486,4.815956270246081,6.923753799616315
2025-02-20 05:00:00,1.0448,1.0456,1.0446,1.04535,5712,,0.0004784231265305136,5.658560610471554,4.847891500530439,6.907880830482803
2025-02-20 06:00:00,1.04545,1.0458,1.04425,1.045,4840,,-0.00033487215372619345,5.6944945474631865,4.845168666936454,6.8634745190471245
2025-02-20 07:00:00,1.045,1.04555,1.0445,1.04475,7785,,-0.00023926307088643472,5.462787187869533,4.846251400192843,6.863473442417739
2025-02-20 08:00:00,1.0447,1.04665,1.04465,1.046,12119,,0.0011957432968433103,4.493443919008205,5.011601202856852,6.8858449816779
2025-02-20 09:00:00,1.04595,1.0472,1.04535,1.04585,16990,,-0.00014341372493939023,4.502164636928033,4.937897230932711,6.885651939171362
2025-02-20 10:00:00,1.0458,1.0487,1.0453,1.0486,24736,,0.002625989238503544,6.066158140898235,5.545113776239606,7.001599468423743
2025-02-20 11:00:00,1.0485,1.049,1.0476,1.04865,18262,,4.768148767156041e-05,6.0545807000723535,5.543598552761295,6.9880455961633405
2025-02-20 12:00:00,1.04865,1.0506,1.0483,1.0501,14259,,0.0013817750858437774,6.35718228438343,5.693076663676452,7.0190914329812655
2025-02-20 13:00:00,1.05005,1.05105,1.0497,1.05095,7819,,0.000809119294041253,6.33619726776,5.70989207518519,7.029026037846112
2025-02-20 14:00:00,1.05095,1.0515,1.0501,1.05135,7156,,0.00038053560845442713,6.210403400594201,5.712767093480751,7.023585266889086
2025-02-20 15:00:00,1.05135,1.0515,1.0507,1.0514,4016,,4.7556770903998674e-05,6.196268456199069,5.685196966471522,7.023461375201315
2025-02-20 16:00:00,1.0514,1.05155,1.0512,1.0513,2237,,-9.511580356241851e-05,5.943446368021773,5.6857980362252265,7.021673228617676
2025-02-20 18:00:00,1.0511,1.0517,1.051,1.05115,1422,,-0.0001426906706503297,5.737808955590696,5.647517078390485,7.014679646428086
2025-02-20 19:00:00,1.05115,1.0512,1.05005,1.0502,2649,,-0.0009041807073758222,6.002995146375499,5.695821684597766,7.028156541478629
2025-02-20 20:00:00,1.0501,1.05045,1.0496,1.0498,4230,,-0.00038095238555950267,6.0800666306770905,5.70686793189742,7.0256582864349495
2025-02-20 21:00:00,1.0498,1.05145,1.04975,1.05135,3379,,0.0014753827962439882,6.350279139092133,5.887094076082423,7.061121209830054
2025-02-20 22:00:00,1.0514,1.05155,1.0511,1.05135,2240,,0.0,6.2925209948270275,5.834028961336146,7.059649956617937
2025-02-20 23:00:00,1.0514,1.0516,1.0508,1.05105,1581,,-0.0002853881297908759,6.378509837974479,5.742213979187497,7.04579372743767
2025-02-21 00:00:00,1.05105,1.0512,1.0503,1.0504,1509,,-0.0006186204960661679,6.583601757668195,5.7419436735008915,7.012614537771671
2025-02-21 01:00:00,1.05045,1.0505,1.0499,1.04995,3549,,-0.0004285000184593307,6.696805231554485,5.611748564046302,7.010768751901976
2025-02-21 02:00:00,1.05005,1.0511,1.05005,1.05035,5176,,0.0003808979715622539,6.688054978117779,5.530905090769153,7.011685308943272
2025-02-21 03:00:00,1.05035,1.05055,1.04785,1.0488,17873,,-0.0014767884921992709,7.269264520125818,5.633578188945368,7.0513080764152445
2025-02-21 04:00:00,1.04885,1.0492,1.04775,1.048,9871,,-0.0007630675685025005,7.421252387757178,5.6890297485713965,7.062404974758962
2025-02-21 05:00:00,1.04805,1.0483,1.0476,1.0476,5946,,-0.00038175224743054753,7.221576624982111,5.704054849340485,7.06486049820394
2025-02-21 06:00:00,1.04765,1.0485,1.04735,1.048,5821,,0.00038175224743049196,7.22842919637133,5.709267257537784,7.066481691286854
2025-02-21 07:00:00,1.04805,1.04825,1.04705,1.0473,8264,,-0.0006681621018875176,5.669841831895344,5.746092646950147,7.06688002007416
2025-02-21 08:00:00,1.04735,1.0489,1.04725,1.0486,10883,,0.0012405173593324035,6.105975890654681,5.872888358993201,7.089980369140883
2025-02-21 09:00:00,1.0486,1.0506,1.0481,1.04925,19305,,0.0006196820752679574,5.685391668792997,5.896576016855697,7.072499908680759
2025-02-21 10:00:00,1.0492,1.0497,1.04635,1.04655,24565,,-0.0025765831603448744,6.976739847137046,6.460779724115874,7.173469568807836
2025-02-21 11:00:00,1.0465,1.04695,1.04605,1.04655,16141,,0.0,6.905266599816744,6.43925166159761,7.169964072681803
2025-02-21 12:00:00,1.0466,1.04755,1.04635,1.0474,7359,,0.0008118627920320834,7.126985434599423,6.490242533927537,7.178261010506401
2025-02-21 13:00:00,1.0474,1.0479,1.0462,1.0471,7069,,-0.0002864645519711086,7.126594100242686,6.496719179283532,7.17470630504944
2025-02-21 14:00:00,1.0471,1.04775,1.04685,1.04735,5473,,0.0002387261583588927,7.167133454690145,6.4925132701839905,7.1753845381331045
2025-02-21 15:00:00,1.0473,1.04755,1.0468,1.0472,4158,,-0.00014322885608511723,7.043849748558569,6.493463284864785,7.168656706033634
2025-02-21 16:00:00,1.0472,1.0474,1.047,1.04725,1954,,4.7745231454099475e-05,7.037204218795387,6.484233521619691,7.164414150351582
2025-02-23 18:00:00,1.04835,1.04955,1.04815,1.04845,3447,,0.0011452022056104736,6.81872469859859,6.489681843639823,7.185481626138731
2025-02-23 19:00:00,1.0485,1.0518,1.04825,1.0515,6072,,0.0029048331099997826,8.635145503345315,6.997241705670544,7.3193678957003625
2025-02-23 20:00:00,1.05145,1.0532,1.05135,1.0529,7222,,0.0013305457199591193,8.913630469275411,7.070614663124158,7.346483827007294
2025-02-23 21:00:00,1.05285,1.05395,1.0526,1.0534,8608,,0.00047476618657536047,8.84023731677177,7.077512094883091,7.342901172399915
2025-02-23 22:00:00,1.05335,1.0537,1.05275,1.053,2340,,-0.00037979491531339146,8.83062214084456,7.0935549306713614,7.345966849406096
2025-02-23 23:00:00,1.05305,1.05315,1.05225,1.0526,1531,,-0.0003799392142969027,8.86498397606648,7.103984273608015,7.325121112543871
2025-02-24 00:00:00,1.0526,1.05305,1.05205,1.05275,2674,,0.00014249412235872348,8.377954085153346,7.10354774234143,7.315386508768272
2025-02-24 01:00:00,1.0527,1.0527,1.0512,1.052,3992,,-0.0007126737443820204,8.360184432635958,7.0767394589602555,7.316371951535016
2025-02-24 02:00:00,1.05195,1.05255,1.04975,1.0502,9305,,-0.0017124920938962314,8.949617871259063,7.018504035902594,7.352211483965827
2025-02-24 03:00:00,1.05025,1.0503,1.04805,1.04905,18612,,-0.0010956295010491014,9.179932532827277,7.116626902558945,7.373315438574022
2025-02-24 04:00:00,1.04905,1.0496,1.04795,1.04825,8090,,-0.0007628856518378933,9.204966986165433,7.109387397449736,7.3743764899331525
2025-02-24 05:00:00,1.04825,1.04915,1.0478,1.04905,8248,,0.0007628856518377763,9.043618197964319,7.128545006437218,7.361406865415468
2025-02-24 06:00:00,1.0491,1.0492,1.04745,1.0479,7037,,-0.0010968312218137448,9.173855581602385,7.2259984179735905,7.307538678587543
2025-02-24 07:00:00,1.04785,1.0483,1.0471,1.04795,8097,,4.771333827260758e-05,7.938133497679463,7.219359968140113,7.164179913206921
2025-02-24 08:00:00,1.0479,1.04865,1.04755,1.0478,8844,,-0.0001431468450492855,7.945869515022749,7.210885063990727,7.035561055946124
2025-02-24 09:00:00,1.04775,1.04805,1.04635,1.0471,13847,,-0.0006682896807030801,7.916698237490919,7.213219989649359,7.035347195493056
2025-02-24 10:00:00,1.04715,1.04815,1.04705,1.048,16377,,0.0008591475875711955,8.041024477010167,7.215125796245076,7.0451700592006645
2025-02-24 11:00:00,1.04795,1.04905,1.04765,1.0488,12405,,0.0007630675685024268,8.132833150907063,7.134044668965307,7.04491910252268
2025-02-24 12:00:00,1.04885,1.04945,1.04785,1.04835,10247,,-0.0004291538582424408,8.17170923530908,7.137170069991905,7.04482339758493
2025-02-24 13:00:00,1.0483,1.04975,1.0481,1.0491,4923,,0.0007151541461921341,8.251879707764097,7.1648855382600365,7.052346666833347
2025-02-24 14:00:00,1.04915,1.04945,1.0483,1.0486,9504,,-0.000476712599007354,8.07061171421951,7.179607286355765,6.998256368249132
2025-02-24 15:00:00,1.0486,1.049,1.0475,1.04755,10264,,-0.0010018367844111763,6.2624910919368855,7.254147338015706,7.017695599922255
2025-02-24 16:00:00,1.0476,1.0479,1.04725,1.0479,1517,,0.0003340571268747182,5.708489677617032,7.240701284233615,7.008320040057068
2025-02-24 18:00:00,1.0479,1.04795,1.047,1.04715,2205,,-0.000715973396375849,5.609921092518222,7.28067856206759,7.016622164073762
2025-02-24 19:00:00,1.0471,1.04745,1.04695,1.0473,2454,,0.0001432356945798293,5.659026349929705,7.275316255529011,6.997402577366392
2025-02-24 20:00:00,1.04735,1.0476,1.0471,1.0475,2476,,0.00019094901719291464,5.711009171755165,7.263233890129274,6.997389900796308
2025-02-24 21:00:00,1.04755,1.0485,1.0475,1.04845,3051,,0.0009065102364618733,6.021219076113847,7.305375357157456,7.009313569075995
2025-02-24 22:00:00,1.0485,1.04865,1.04815,1.04835,1298,,-9.538344150703723e-05,5.950704399821386,7.300862601231161,7.008778920576477
2025-02-24 23:00:00,1.04835,1.0487,1.0483,1.04835,1288,,0.0,5.244398323609666,7.2078460697916125,7.001769117562241
2025-02-25 00:00:00,1.0483,1.0488,1.04825,1.04875,1120,,0.00038147919016833344,4.962621325149242,7.213610889936134,6.992116971567626
2025-02-25 01:00:00,1.0487,1.049,1.0483,1.0487,1886,,-4.7676941056648963e-05,4.77136952477487,6.71569467118781,6.989128565870326
2025-02-25 02:00:00,1.04865,1.04875,1.04735,1.04745,7648,,-0.0011926628802053922,5.009967273801671,6.821591327935924,7.0150133818768845
2025-02-25 03:00:00,1.04745,1.0489,1.04665,1.04805,11537,,0.0005726557064154365,4.762532484786767,6.698524589341656,7.003390305250992
2025-02-25 04:00:00,1.04805,1.0489,1.04785,1.0483,8235,,0.00023850979195758494,4.7792323869326925,6.649344818384057,6.995806845850592
2025-02-25 05:00:00,1.0483,1.0484,1.0475,1.0483,5600,,0.0,4.770467371887931,6.635513892044435,6.988095524768677
2025-02-25 06:00:00,1.0483,1.05,1.04815,1.04995,9404,,0.001572739511600106,5.298079583941305,6.8319065507395225,7.0094235150316315
2025-02-25 07:00:00,1.04995,1.05105,1.04985,1.0504,13310,,0.0004285000184594242,5.162131473906057,6.846451548448338,7.009913034850634
2025-02-25 08:00:00,1.0504,1.05205,1.05035,1.05105,11985,,0.0006186204960661022,5.110201578657523,6.874423291562734,7.010773142396751
2025-02-25 09:00:00,1.05105,1.0515,1.05025,1.05125,14460,,0.00019026780250531054,5.015928344973656,6.814678891786756,7.010925433929108
2025-02-25 10:00:00,1.05125,1.05295,1.0505,1.0509,23730,,-0.0003329924156071107,4.962992692470713,6.811980018402222,7.008415592133575
2025-02-25 11:00:00,1.05085,1.0516,1.05045,1.0508,13920,,-9.51610601659869e-05,4.868814697971256,6.647936287104242,7.008405757383228
2025-02-25 12:00:00,1.0508,1.05125,1.0494,1.05125,10346,,0.0004281534757731545,4.451354572633469,6.662394027934458,7.0105179253986725
2025-02-25 13:00:00,1.05125,1.05285,1.05125,1.05185,9637,,0.0005705862928804681,4.496810543830292,6.680419485505805,7.014787419573489
2025-02-25 14:00:00,1.05185,1.0523,1.05145,1.05205,5381,,0.00019012310528293864,4.181960634836896,6.65135826196017,7.003840038882246
2025-02-25 15:00:00,1.0521,1.05295,1.0519,1.0526,6069,,0.0005226522343573353,4.207882495123219,6.653262154255972,7.005044068470092
2025-02-25 16:00:00,1.0526,1.0528,1.05235,1.05245,2786,,-0.00014251442982713745,4.262977835463105,6.6466831498790295,7.00352622081806
2025-02-25 18:00:00,1.0525,1.05325,1.0523,1.053,1620,,0.000522453644124027,4.120548502819524,6.482118373469447,6.9910841354600715
2025-02-25 19:00:00,1.053,1.05345,1.05295,1.05325,1824,,0.0002373887251505854,4.08081085695389,6.428454216611633,6.987985245546609
2025-02-25 20:00:00,1.0532,1.05335,1.0524,1.0525,2939,,-0.0007123353025894057,4.386890901388041,6.461451998254796,6.99536681981293
2025-02-25 21:00:00,1.0525,1.05265,1.0514,1.0516,3286,,-0.000855472700810282,4.735312936582056,6.520911492173985,7.0104252395617666
2025-02-25 22:00:00,1.05165,1.05185,1.0511,1.0514,2042,,-0.00019020447037869115,4.759306950878919,6.4839667582701415,7.011541486005959
2025-02-25 23:00:00,1.0514,1.05155,1.05065,1.0507,1740,,-0.0006660006906180346,4.365757145870374,6.4118215317339295,7.020167470505818
2025-02-26 00:00:00,1.0507,1.0508,1.05,1.05015,2832,,-0.0005235976034133905,4.447294088012808,6.40739211466773,6.995296134466549
2025-02-26 01:00:00,1.05015,1.0506,1.04965,1.0504,2805,,0.000238032897270183,4.447246915703638,5.838633135516935,6.99574589530943
2025-02-26 02:00:00,1.05045,1.05115,1.05025,1.05035,5893,,-4.760204689708604e-05,4.451424617467343,5.839340170484928,6.994803654963986
2025-02-26 03:00:00,1.05035,1.0521,1.05015,1.0512,9598,,0.0008089267886565585,3.7956145279404536,5.8389535939783315,6.999787526036775
2025-02-26 04:00:00,1.05125,1.0513,1.05045,1.0507,5006,,-0.00047576003561645205,3.841231734262345,5.853554136908337,7.004863873308663
2025-02-26 05:00:00,1.05065,1.05105,1.05005,1.05075,6905,,4.7586190496518836e-05,3.6802324759542984,5.8506229903884925,7.004864315687081
2025-02-26 06:00:00,1.0507,1.0512,1.04965,1.05015,7813,,-0.0005711837939099864,3.78231533721168,5.881110415619142,6.997588986539413
2025-02-26 07:00:00,1.0501,1.05045,1.04845,1.04865,13937,,-0.0014293884652122697,4.460933172201844,6.065000637299136,7.027913290284377
2025-02-26 08:00:00,1.04865,1.0505,1.04865,1.04935,11379,,0.0006673022173263035,4.660064400333864,5.992847572097902,7.030501476318089
2025-02-26 09:00:00,1.04935,1.0502,1.04915,1.04995,13640,,0.0005716191266967587,4.715140965372755,5.251175554184866,7.035129311064098
2025-02-26 10:00:00,1.04995,1.0519,1.04885,1.0516,22767,,0.0015702698855991162,5.411079353804479,5.319660309744027,7.074565900987554
2025-02-26 11:00:00,1.0516,1.05255,1.0512,1.05235,16662,,0.0007129447294544975,5.547859183113884,5.347696199256542,7.059304292767389
2025-02-26 12:00:00,1.05235,1.0539,1.04925,1.0502,41598,,-0.0020451363814217925,6.512040096290396,5.712561885655773,7.132075401708446
2025-02-26 13:00:00,1.05015,1.05105,1.04945,1.0498,8289,,-0.00038095238555950267,6.528527396208841,5.712622983638736,7.134837368209893
2025-02-26 14:00:00,1.0498,1.0503,1.04915,1.0501,7245,,0.0002857278937482851,6.466357778559076,5.7192326118756345,7.135771264546947
2025-02-26 15:00:00,1.0501,1.0501,1.04905,1.0496,4434,,-0.00047625852212302404,6.453593559933693,5.695690862707227,7.133778661779827
2025-02-26 16:00:00,1.04955,1.0498,1.04885,1.04945,2947,,-0.00014292179819959473,6.377797560302049,5.434707323945286,7.132941204208716
2025-02-26 18:00:00,1.0495,1.0501,1.04945,1.0496,947,,0.0001429217981995385,6.259027503807937,5.322639648833146,7.132732848581765
2025-02-26 19:00:00,1.0496,1.0496,1.0485,1.04855,1895,,-0.0010008818126962906,6.4539287244939345,5.36321613292058,7.1511190899335455
2025-02-26 20:00:00,1.0486,1.04915,1.0481,1.04865,2490,,9.53652489755595e-05,6.390290250851427,5.308081604982038,7.144621729318461
2025-02-26 21:00:00,1.0487,1.04885,1.0479,1.04795,2957,,-0.0006677478069352541,6.425693832289957,5.234694999605009,7.152504062598599
2025-02-26 22:00:00,1.04795,1.04825,1.0473,1.0474,2282,,-0.0005249719737813181,6.433074359712257,5.2609445256133665,7.157877457004306
2025-02-26 23:00:00,1.0474,1.0478,1.0467,1.04705,3926,,-0.0003342166232262113,6.4388490822664135,5.269438667247673,7.116451525014216
2025-02-27 00:00:00,1.0471,1.04735,1.047,1.0473,2290,,0.0002387375569386002,6.239742190700494,5.232182281946903,7.113501131357275
2025-02-27 01:00:00,1.04735,1.04815,1.0472,1.04795,3850,,0.0006204510400688292,6.367496226537934,5.197526462012752,7.118946899346598
2025-02-27 02:00:00,1.04795,1.0488,1.0477,1.04835,6697,,0.00038162477207897595,6.423572995559298,5.153987402786756,7.120276378345689
2025-02-27 03:00:00,1.0484,1.04885,1.04785,1.0486,8466,,0.00023844154718476401,6.394509403956605,5.141522044702629,7.120956977429148
2025-02-27 04:00:00,1.0487,1.04935,1.04835,1.04925,5517,,0.0006196820752679574,5.991960849088274,5.128862904579996,7.124910913829116
2025-02-27 05:00:00,1.0492,1.04925,1.0482,1.04895,4495,,-0.00028595939571467697,5.897066539621856,5.114151900398589,6.868745235303662
2025-02-27 06:00:00,1.049,1.04955,1.0484,1.04845,6052,,-0.0004767807852308274,5.844375472006177,5.034681781858836,6.828729290586066
2025-02-27 07:00:00,1.04845,1.04925,1.04815,1.04845,9724,,0.0,5.0200412009466495,5.024094266037088,6.732351571104239
2025-02-27 08:00:00,1.04845,1.0505,1.04275,1.0432,50389,,-0.0050199708603662855,9.648488263941065,7.0928820623069795,7.134884077649025
2025-02-27 09:00:00,1.04315,1.04495,1.0422,1.0428,40032,,-0.0003835091130418121,9.188429747858486,7.09689731512256,6.943199484576423
2025-02-27 10:00:00,1.0428,1.04355,1.0418,1.04235,29352,,-0.0004316236309004579,9.189333041957507,7.1007973944118365,6.722503695696623
2025-02-27 11:00:00,1.0423,1.0424,1.04115,1.0422,19209,,-0.0001439159533319101,9.123952530583958,7.028828466617323,6.722568466283163
2025-02-27 12:00:00,1.0422,1.0426,1.04085,1.04155,12252,,-0.000623875245190503,9.1326416503679,7.0484994480089425,6.729541888333469
2025-02-27 13:00:00,1.04155,1.04255,1.04155,1.04255,6552,,0.000959646923606086,9.422325315904418,7.129026551708645,6.733701212054751
2025-02-27 14:00:00,1.04255,1.04255,1.04115,1.0413,7311,,-0.0011997026176795986,9.496869311241447,7.197692548175794,6.751890632618049
2025-02-27 15:00:00,1.04125,1.04165,1.04095,1.04135,4655,,4.801574917513089e-05,9.45963717459267,7.199303101816856,6.751241840554368
2025-02-27 16:00:00,1.0413,1.04135,1.0405,1.04065,3473,,-0.0006724303807647436,9.44019408040308,7.138329310877957,6.742780453691603
2025-02-27 18:00:00,1.04,1.0408,1.0398,1.04015,1900,,-0.0004805843998689033,9.427820199784444,7.113577765635866,6.744134679217975
2025-02-27 19:00:00,1.0402,1.04105,1.04015,1.041,2498,,0.0008168561105771996,9.645463499962512,7.167459580919071,6.718654265984727
2025-02-27 20:00:00,1.041,1.0412,1.0392,1.0393,5537,,-0.0016343800205928937,9.91849763557109,7.326308228750242,6.722735872828947
2025-02-27 21:00:00,1.0393,1.03995,1.0388,1.039,4080,,-0.00028869749514859886,9.857428152848623,7.1145662321612235,6.724009170720809
2025-02-27 22:00:00,1.03905,1.0397,1.03885,1.03955,1986,,0.0005292150901702082,9.828662327414564,7.124032157393372,6.726441664835811
2025-02-27 23:00:00,1.03965,1.03985,1.0394,1.03945,1232,,-9.620009627425716e-05,9.742076252492069,7.078608039271551,6.723476993930384
2025-02-28 00:00:00,1.03945,1.0398,1.0392,1.03965,2228,,0.0001923909389801832,9.732398565205182,7.078723728863355,6.69892519052487
2025-02-28 01:00:00,1.03965,1.0397,1.03905,1.0395,2448,,-0.0001442897340356962,9.559606511798814,7.077212870834685,6.683709454089899
2025-02-28 02:00:00,1.0395,1.0408,1.03935,1.0404,9693,,0.0008654262764286796,9.83465616537936,7.1545542537678335,6.689876990650015
2025-02-28 03:00:00,1.04035,1.0412,1.0403,1.0409,10022,,0.00048046894692626684,9.95387923730649,7.159197410470602,6.666212796166848
2025-02-28 04:00:00,1.04095,1.04155,1.0402,1.0403,7336,,-0.0005765904445731125,9.937736320992794,7.130977968401041,6.641637884333386
2025-02-28 05:00:00,1.0403,1.04135,1.04,1.0407,6890,,0.0003844305669642056,5.271559398569855,7.144084987323547,6.6428208829952835
2025-02-28 06:00:00,1.0407,1.0409,1.0401,1.04065,5004,,-4.804573955316667e-05,5.250410404364734,7.10937490358167,6.6345542242704365
2025-02-28 07:00:00,1.04065,1.04155,1.04055,1.04145,8418,,0.0007684549631316698,5.4233489082957265,7.174186715292599,6.447529431157567
2025-02-28 08:00:00,1.0415,1.0424,1.0413,1.04145,18767,,0.0,5.4206143194551375,7.141212745084934,6.441564319850496
2025-02-28 09:00:00,1.0415,1.0422,1.0409,1.04175,15990,,0.00028801843517066173,5.3371136871970215,7.144454121822581,6.442609840171655
2025-02-28 10:00:00,1.04175,1.0428,1.0401,1.0408,27992,,-0.0009123431042672998,5.268735497748666,7.162444491076439,6.4140671305440735
2025-02-28 11:00:00,1.04075,1.04195,1.0406,1.04095,20969,,0.00014410952348721987,4.865739168046012,7.1369774084795585,6.275639695071867
2025-02-28 12:00:00,1.04095,1.04175,1.0397,1.0404,14110,,-0.0005285031472861986,4.943944915688317,7.146052294754438,6.17605730649651
2025-02-28 13:00:00,1.0404,1.04055,1.03705,1.03715,35154,,-0.003128687782342044,7.2448870367795015,7.723792816460032,6.359580572201954
2025-02-28 14:00:00,1.0371,1.03815,1.0367,1.03755,12230,,0.0003855979225488609,7.28257961113592,7.740638491484915,6.361877948314134
2025-02-28 15:00:00,1.0375,1.03855,1.03695,1.03825,12291,,0.000674438796159414,7.227947085027774,7.778330482668489,6.371533690665267
2025-02-28 16:00:00,1.03825,1.0386,1.0376,1.0385,3505,,0.00024076080530420133,6.704039198309521,7.789270702862024,6.372758436435691
