date,open,high,low,close,volume,open_interest,log_return,histvol20,histvol60,histvol250
2008-01-02,410.0,426.86,410.0,425.24,227099,320900,,,,
2008-01-03,423.57,427.24,420.24,423.36,241269,322787,-0.004430834493813571,,,
2008-01-04,423.32,424.34,414.48,417.94,231790,312344,-0.012884999374638913,9.489776542603494,9.489776542603494,9.489776542603494
2008-01-07,417.42,420.03,403.25,405.9,258890,287848,-0.029231057707099984,20.014029860902003,20.014029860902003,20.014029860902003
2008-01-08,407.01,416.36,406.62,411.19,287519,256377,0.012948570934242152,27.883215547901802,27.883215547901802,27.883215547901802
2008-01-09,410.81,418.19,407.31,408.38,346504,241757,-0.0068572812842055235,24.17238382168795,24.17238382168795,24.17238382168795
2008-01-10,408.89,410.81,398.05,400.01,315910,221440,-0.020708566699401444,23.1150879584302,23.1150879584302,23.1150879584302
2008-01-11,402.27,404.02,394.03,395.65,293791,201622,-0.010959564740284844,21.106090419303722,21.106090419303722,21.106090419303722
2008-01-14,395.65,403.42,394.15,402.65,139259,352157,0.017537716186351478,25.019871638976376,25.019871638976376,25.019871638976376
2008-01-15,402.69,403.42,389.69,393.47,161060,365246,-0.023062872172256912,24.931662642549135,24.931662642549135,24.931662642549135
2008-01-16,391.97,393.04,381.5,387.59,190728,360152,-0.015056746179107973,23.726324253513646,23.726324253513646,23.726324253513646
2008-01-17,388.49,393.17,381.76,384.2,165032,361092,-0.008784829555732803,22.509968180000605,22.509968180000605,22.509968180000605
2008-01-18,383.39,389.48,382.19,385.7,194417,357498,0.0038966148797259376,22.289011282572137,22.289011282572137,22.289011282572137
2008-01-22,385.7,387.5,366.4,382.66,347366,383696,-0.00791299875732527,21.340323074974954,21.340323074974954,21.340323074974954
2008-01-23,382.4,383.64,371.68,373.13,261820,376627,-0.025219982064765535,21.749408247590356,21.749408247590356,21.749408247590356
2008-01-24,376.27,384.97,373.18,383.52,286687,380924,0.02746488629398287,25.82231328637361,25.82231328637361,25.82231328637361
2008-01-25,384.12,391.97,383.26,389.09,279271,364144,0.0144189086400701,26.340380301287386,26.340380301287386,26.340380301287386
2008-01-28,388.71,391.88,380.81,390.29,261940,377709,0.0030793732152578786,25.719594500485215,25.719594500485215,25.719594500485215
2008-01-29,390.55,396.43,387.46,393.08,216738,378806,0.007123100952823928,25.363643833786448,25.363643833786448,25.363643833786448
2008-01-30,396.21,397.67,391.36,396.04,241095,376923,0.007502062760087882,25.025291431372438,25.025291431372438,25.025291431372438
2008-01-31,393.64,395.91,384.24,393.55,316987,374973,-0.006307091665854809,24.374813818000263,24.374813818000263,24.374813818000263
2008-02-01,391.88,395.14,379.44,381.59,261289,339522,-0.030861390808430346,26.192899221676015,25.53104828372481,25.53104828372481
2008-02-04,380.3,389.61,377.77,386.13,229467,332364,0.01182736654936722,26.6945384007894,25.570281979504784,25.570281979504784
2008-02-05,385.96,386.05,375.32,379.23,259716,326550,-0.018031219153820117,25.560126848346943,25.387422127649124,25.387422127649124
2008-02-06,378.63,381.5,371.72,373.78,301813,312939,-0.014475492133419515,25.083181102659445,25.019359085295296,25.019359085295296
2008-02-07,373.44,379.18,369.92,377.94,281570,278454,0.011068063819736296,25.685098914626924,25.042726708438767,25.042726708438767
2008-02-08,378.71,394.54,377.47,393.64,305957,241188,0.040701333168892184,29.336783734407724,28.319350395677617,28.319350395677617
2008-02-11,393.6,406.29,389.99,401.44,320857,224021,0.01962129658732753,29.934728323729342,28.614222550047646,28.614222550047646
2008-02-12,401.45,403.8,395.06,398.19,142202,259723,-0.008128804311891571,29.40467958362326,28.136880853474604,28.136880853474604
2008-02-13,396.94,403.07,394.8,400.54,142137,287855,0.005884358371057028,28.238288475053995,27.736217530152263,27.736217530152263
2008-02-14,400.67,410.28,400.54,409.72,131049,309575,0.022660362891056326,28.584875360682933,28.180075932068654,28.180075932068654
2008-02-15,408.39,414.18,405.82,409.29,172975,317878,-0.0010500483254414351,28.300401289437367,27.706480032602038,27.706480032602038
2008-02-19,409.34,428.16,407.88,427.52,281935,344161,0.043577119665333716,31.733681792803743,30.016887181439966,30.016887181439966
2008-02-20,427.0,432.49,420.18,427.52,275362,364292,0.0,31.424555721371604,29.544186840512086,29.544186840512086
2008-02-21,428.85,430.22,415.38,421.21,312097,370494,-0.014869549239826887,30.274404571038872,29.379508004965928,29.379508004965928
2008-02-22,418.08,426.1,416.62,423.7,245946,377389,0.00589413596411432,29.200876584767695,28.991606691208293,28.991606691208293
2008-02-25,424.47,427.52,419.15,425.5,206041,372508,0.00423929038091535,28.987321319254338,28.59753273510742,28.59753273510742
2008-02-26,426.02,434.93,422.2,432.79,265974,378022,0.016987673891466496,29.317193048139078,28.54325014437476,28.54325014437476
2008-02-27,433.95,437.72,426.36,427.26,267762,367571,-0.012859894682806893,29.990820550976633,28.363552751546333,28.363552751546333
2008-02-28,427.22,441.54,424.13,439.91,287914,362998,0.029177433313398463,31.269969743029534,28.945804727264772,28.945804727264772
2008-02-29,439.74,441.88,434.63,436.69,225732,359888,-0.007346599321500385,31.323069867801628,28.646622130543165,28.646622130543165
2008-03-03,435.79,445.74,432.1,439.31,281850,351114,0.0059817529960293474,28.27948237118834,28.31697666744996,28.31697666744996
2008-03-04,438.88,443.08,423.96,426.74,366724,333375,-0.029030385733278267,30.955031344797995,28.9078406577268,28.9078406577268
2008-03-05,428.29,450.03,426.87,448.18,414308,329928,0.04902000895826701,33.39242657711139,30.92102722696673,30.92102722696673
2008-03-06,448.7,454.4,441.02,452.26,337767,297104,0.009062298259843431,32.28513054645899,30.616914939795226,30.616914939795226
2008-03-07,452.73,456.85,445.57,450.89,321205,280976,-0.0030338283802312906,32.58268074744278,30.285177432764915,30.285177432764915
2008-03-10,451.32,464.01,446.3,462.68,340551,267005,0.025812263112584128,31.042948803232985,30.491342322928126,30.491342322928126
2008-03-11,462.72,470.48,457.15,466.32,349815,237048,0.007836423310093469,30.742228627958777,30.190099880395056,30.190099880395056
2008-03-12,465.89,472.54,459.21,471.34,342575,207719,0.010707608222654685,30.195135702693047,29.93434744237094,29.93434744237094
2008-03-13,471.94,475.97,466.37,473.1,327857,172508,0.0037270806771533974,30.228972552114097,29.623064876646776,29.623064876646776
2008-03-14,473.1,476.97,467.71,472.84,171864,358874,-0.0005497177549262723,29.889901214075586,29.325618340419606,29.325618340419606
2008-03-17,472.84,479.84,442.44,453.23,254712,371029,-0.04235734197919701,34.61798012249501,30.668374087103658,30.668374087103658
2008-03-18,455.01,473.53,453.27,471.79,317657,383196,0.04013424842418051,34.128537697465205,31.5496502669182,31.5496502669182
2008-03-19,469.1,469.14,444.18,445.88,386956,373668,-0.056484113805737014,40.50396415846282,33.7469351592268,33.7469351592268
2008-03-20,443.96,446.53,428.96,442.83,332794,365603,-0.0068639083044076295,40.15725023800908,33.46903977783087,33.46903977783087
2008-03-24,442.23,445.36,434.62,438.57,190177,352139,-0.00966651502538091,40.362296533286866,33.232583830631654,33.232583830631654
2008-03-25,436.7,441.79,431.05,440.14,303743,354542,0.0035734239297547502,40.357486212865204,32.93528279041723,32.93528279041723
2008-03-26,441.57,461.79,441.05,460.49,330867,371440,0.04519828181158571,42.935625960738825,33.95936655346459,33.95936655346459
2008-03-27,460.92,470.58,456.71,467.79,311980,375448,0.01572833733192926,42.72471409596316,33.79245267714826,33.79245267714826
2008-03-28,466.1,468.01,455.31,459.27,261687,361614,-0.01838120485280437,42.4201232982923,33.75455010433985,33.75455010433985
2008-03-31,457.1,464.31,435.92,441.7,332269,349071,-0.03900735380961865,44.78342135715874,34.4718915910169,34.4718915910169
2008-04-01,441.66,445.92,432.88,439.09,299407,330812,-0.0059265151497510365,44.7920626224023,34.48263692736597,34.209408279420224
2008-04-02,438.44,457.01,434.14,455.84,295756,326434,0.03743746729686836,45.294446950444936,35.17681153126928,34.7343869296706
2008-04-03,454.53,462.84,448.79,451.49,322592,323038,-0.009588646532078707,42.11379788453806,34.67185553702654,34.51964641357102
2008-04-04,453.36,462.58,452.36,461.92,231012,310094,0.022838491697105664,42.76981090954571,34.866691484555666,34.51890865364988
2008-04-07,461.44,476.06,460.31,474.36,278967,288169,0.026574811181969533,43.67596373412142,35.17824192765137,34.60805634589394
2008-04-08,473.45,476.75,468.05,471.79,307800,245751,-0.0054325557694348105,42.86828064612411,34.885943756786986,34.36893425366246
2008-04-09,472.88,487.93,469.4,482.1,326218,230098,0.02161759008441695,43.436190569614126,34.97782964603847,34.32836767532785
2008-04-10,481.36,487.88,472.88,478.79,312662,206284,-0.006889473493065962,43.399367169337374,34.91112987496384,34.1129549529345
2008-04-11,478.58,481.88,473.62,478.93,240810,176885,0.0002923610261813064,43.385598817908736,34.4952908680674,33.86233215851281
2008-04-14,478.93,486.97,476.91,486.05,104240,353534,0.014757050322386051,43.67050631076453,34.35939193408011,33.70689899803471
2008-04-15,486.8,496.28,486.4,495.01,136598,362773,0.018266465117756127,40.827430428380886,34.38435668875021,33.60685235552931
2008-04-16,495.15,501.27,488.54,500.39,167572,373435,0.010809829995448902,38.69538663879647,34.410727723412926,33.40874341945919
2008-04-17,500.52,503.1,497.11,500.39,150091,379801,0.0,31.763647415877834,34.328506181544846,33.178584699006834
2008-04-18,500.83,509.18,491.12,507.87,202904,376504,0.014837714936984856,31.552484875692482,33.8266538747543,33.0325972262803
2008-04-21,509.53,511.63,502.84,509.92,225830,369363,0.004028341351758106,30.97068102119916,33.505421783246675,32.81000316520437
2008-04-22,510.4,520.2,506.91,516.22,281258,373624,0.012279180537539265,30.977090583337457,33.48190325481962,32.639932784542836
2008-04-23,517.36,518.93,509.14,517.23,243832,373450,0.001954618649303895,27.716082220007003,33.48503914230933,32.424664850958415
2008-04-24,515.61,517.23,499.52,507.43,319982,384203,-0.019128879487769857,28.80216220269921,33.8340640851547,32.44810104946876
2008-04-25,506.95,522.69,500.65,518.19,288727,385663,0.020983200005203196,28.114169339494754,34.00169831477245,32.412291876977775
2008-04-28,520.07,524.35,516.61,519.19,201651,374062,0.0019279344304771395,22.637236123371686,33.931918204352336,32.20665884269314
2008-04-29,519.59,519.59,502.58,505.55,303543,367163,-0.026622959266372027,25.363796632949835,33.7532801698655,32.414211509977136
2008-04-30,504.37,510.23,495.36,496.06,313044,352629,-0.01895005838655243,24.277177431802528,34.063162427338554,32.4248879813941
2008-05-01,501.05,503.8,482.25,491.95,291258,345815,-0.008319801839081174,24.185406921180526,33.850226747223594,32.27552530908882
2008-05-02,490.77,510.67,488.72,508.57,287460,342555,0.03322578048627917,25.487906009901383,34.12838459913874,32.54027949381042
2008-05-05,509.36,526.23,507.39,524.53,265273,347081,0.0308997577333846,26.018440020668187,34.51551684703059,32.72311789201899
2008-05-06,524.22,536.59,521.73,532.7,331913,327550,0.015455790391515347,25.96115479024352,33.79489219366195,32.60593423138549
2008-05-07,532.35,541.84,527.02,540.09,366207,302673,0.013777378414687418,25.483221151685022,33.70832226171329,32.47138311410479
2008-05-08,541.32,544.81,531.57,540.79,387993,280224,0.0012952410958899745,25.110701526258755,33.60738790523424,32.28516270461005
2008-05-09,543.37,552.07,542.5,550.72,338771,262650,0.01819547958964363,25.365473129558225,33.71417051800025,32.20649007844572
2008-05-12,550.19,552.64,540.83,543.15,347942,231284,-0.013840988143414798,26.219966322912754,33.74158214813875,32.14740579109682
2008-05-13,541.1,555.18,538.21,550.02,375770,217333,0.012569116321979433,25.929978947419976,33.75791322449743,32.01030406258454
2008-05-14,550.02,550.15,540.83,542.76,161049,348686,-0.013287407923987181,26.64789749215002,32.97959302377796,31.945466197115003
2008-05-15,540.96,552.9,527.63,541.62,194730,351134,-0.0021025847396335773,26.70082586945517,32.99323691152772,31.78101499974677
2008-05-16,543.24,557.23,541.14,551.2,194411,357936,0.01753307116133041,26.863128022764997,32.87216521323189,31.704094333829268
2008-05-19,551.68,557.45,547.09,554.17,272601,368266,0.005373779181954299,26.86693950740545,32.871383935338876,31.537877772364066
2008-05-20,554.78,565.41,552.25,564.05,315556,389257,0.017671401169526094,27.14973459076627,32.98236144645931,31.463995233145596
2008-05-21,564.58,586.66,562.39,582.38,362022,376547,0.03198025558255228,28.826765308029245,33.36190228577537,31.647687370522036
2008-05-22,585.53,590.77,568.82,572.06,425099,378974,-0.017879274649895575,28.685748901560597,33.4919419681745,31.665784258219983
2008-05-23,571.79,584.74,569.21,578.09,321344,363193,0.01048568490991068,28.196078467775394,33.12948501978875,31.526280144754143
2008-05-27,575.86,584.48,560.56,563.49,326598,359818,-0.025579978800058228,30.268837658261834,33.61636177746724,31.69538589836995
2008-05-28,561.08,575.42,550.85,573.02,369868,361536,0.016771033026131678,28.28229054065347,33.71270032980277,31.613465018068514
2008-05-29,571.79,582.16,551.5,553.73,424268,370883,-0.034243416793962915,30.522842455207837,33.94977728384165,31.995291303154637
2008-05-30,553.6,561.08,545.21,556.93,309342,347393,0.005762355454581011,30.083396257167188,32.65091418025462,31.841935627052553
2008-06-02,558.15,565.67,547.61,558.72,304809,335295,0.0032088944309945785,28.34385163053414,32.63127841651791,31.687119036024956
2008-06-03,557.58,559.68,541.71,543.63,301116,325568,-0.02737958481900669,28.74603128951024,33.216427511056054,31.875154737929083
2008-06-04,543.28,547.09,532.83,534.84,335547,326247,-0.016301231645711213,28.952926994304086,33.10854137182844,31.8529363530638
2008-06-05,534.54,561.43,531.82,558.85,333372,324029,0.04391346408515583,32.57663131295755,34.16938724108584,32.34330808228162
2008-06-06,560.64,608.4,558.94,605.86,508749,313097,0.08076783544543602,42.99248202071181,37.67929413408991,34.33735857802244
2008-06-09,603.37,604.59,581.63,587.54,348554,282411,-0.030704607470045296,44.57931660095783,38.351887788189345,34.5663874670639
2008-06-10,590.47,603.41,572.01,574.24,394361,238141,-0.02289690140771411,45.1516417745811,38.7270443799589,34.62942346686952
2008-06-11,576.34,604.81,574.42,596.42,374434,223786,0.03789768946959279,46.74670121387345,38.179995639291825,34.876521589297596
2008-06-12,597.12,601.14,575.29,597.99,418094,191405,0.0026289145338940245,46.30309710082442,37.45487227130377,34.71912152632311
2008-06-13,597.99,598.47,583.25,589.12,117819,272396,-0.014944133358070903,46.78057521112639,35.50899283679582,34.66800617443252
2008-06-16,587.42,610.64,580.86,588.55,147755,270338,-0.0009680131862235193,46.54173026546912,35.447892905408565,34.51902017063289
2008-06-17,584.77,591.03,576.94,585.03,162789,277677,-0.005998756890230526,46.648762822630744,35.39214547113567,34.39224649400858
2008-06-18,582.73,597.25,575.81,596.51,215757,300349,0.01943287788853589,46.72781836275466,35.517642366411856,34.330307567349465
2008-06-19,593.81,601.69,574.42,576.64,359406,315706,-0.03387785087687667,47.11873773009778,35.39834108557302,34.60593844896295
2008-06-20,575.81,597.95,572.94,588.64,278598,321220,0.020596636376545845,47.215249134937736,35.48267016229805,34.55791759849814
2008-06-23,586.2,600.73,582.94,594.64,248739,326883,0.01014138906057392,47.2066468555641,35.20043951767153,34.42795494999519
2008-06-24,596.86,603.38,590.99,595.77,229371,319370,0.0018985061271449828,46.11795214249198,34.02940417942192,34.28325325318989
2008-06-25,596.08,598.29,573.81,585.12,290400,317089,-0.01803773214311185,46.3723622756998,34.284865502642525,34.27241899672997
2008-06-26,584.99,610.51,581.33,607.25,295773,310154,0.03712361348121071,46.08798940551008,34.2721565455175,34.488500657629416
2008-06-27,606.38,621.82,602.77,609.73,277517,313090,0.004075668347802087,46.08630015348888,34.14162865663176,34.347261570814624
2008-06-30,611.43,624.78,605.21,608.82,253428,289851,-0.0014935787110373305,46.134366960575875,33.96255264211162,34.21316521590953
2008-07-01,609.6,623.3,608.6,613.04,238751,288297,0.006907529143102158,44.591861937076786,33.65687884788428,34.07969422875846
2008-07-02,615.08,627.6,608.86,624.34,253397,279194,0.01826490511341363,43.982093070352605,33.71529909170982,34.01234576628865
2008-07-03,627.04,634.26,622.82,631.82,193841,280318,0.01190945167860592,41.90890096825909,33.565228164543306,33.90009669835028
2008-07-04,631.87,633.52,624.91,631.82,231565,263123,0.0,31.294512488204145,33.49493450772679,33.769201549279195
2008-07-07,627.39,628.52,606.64,614.78,304148,285538,-0.027340063223228222,30.84634598693651,34.120384195762085,33.904911195426855
2008-07-08,615.73,619.43,587.68,591.6,382404,246200,-0.038433749394295495,32.94871620480697,35.14096617663748,34.25904068150922
2008-07-09,591.42,601.34,588.55,591.64,299142,223504,6.76109665243759e-05,30.009690419243846,35.00703342365445,34.128743274504714
2008-07-10,590.55,618.08,588.94,615.99,294339,208358,0.04033238783234776,33.316867504339186,35.80314550204147,34.3972978289192
2008-07-11,616.65,640.43,615.08,630.91,334940,203878,0.02393249198811463,33.631017584073874,36.03941470266499,34.389915518157146
2008-07-14,630.91,637.77,621.23,632.78,110200,280530,0.00295958876776697,33.59182100752071,35.96705928721533,34.260386198023504
2008-07-15,632.47,639.42,592.62,604.95,156831,302008,-0.04497700040391183,37.673959600959606,37.32254180586838,34.755155115185175
2008-07-16,604.69,607.3,576.43,587.37,147590,307367,-0.029490865050195603,38.60628559372151,37.84970124379933,34.9008369233273
2008-07-17,589.5,596.53,563.85,565.06,194420,310669,-0.03872302473884204,39.19122765310051,38.76573269142465,35.2161988248046
2008-07-18,565.37,576.69,559.72,561.98,179837,313377,-0.005465658126609355,38.36837971373086,38.55613744710337,35.102230604723665
2008-07-21,562.11,576.22,560.46,572.18,247598,316982,0.017987365119604398,38.80488279124148,38.49699049082416,35.04083142575432
2008-07-22,572.88,576.87,548.52,557.42,293435,319757,-0.026134631911806615,39.70395120216595,38.91570109150759,35.1199615032395
2008-07-23,557.77,558.64,538.76,540.15,293200,316031,-0.03147211651664397,40.63950278583066,39.07605428732811,35.27812035326108
2008-07-24,540.23,548.83,536.07,544.7,267709,311238,0.008388305626635041,37.97577723642041,38.87797128807849,35.16409993620003
2008-07-25,545.18,549.13,531.73,535.02,217950,307224,-0.01793105501478582,38.0481293268068,39.03187430407552,35.137266748354016
2008-07-28,535.68,543.53,532.29,541.41,197074,296497,0.011872718266473346,38.57522494810549,38.53028620687631,35.040524697610955
2008-07-29,542.32,546.27,522.7,530.38,263546,295679,-0.020583116871253655,38.60198722853666,38.27005523473659,35.04174047169329
2008-07-30,529.12,552.95,524.35,550.26,309078,299099,0.036797163028845205,40.72808126424541,38.87886360408542,35.226845401841985
2008-07-31,550.82,555.12,532.64,538.58,280832,310736,-0.02145484741944542,40.46903460537617,39.03668220693896,35.23739682066018
2008-08-01,538.5,558.2,529.99,543.01,277311,286007,0.008191689591158166,40.786584173457456,39.0723772309061,35.12784580211224
2008-08-04,546.83,548.44,518.7,526.99,294048,277820,-0.029946162941360495,40.964199539523946,39.3629725187566,35.24931518002436
2008-08-05,525.22,526.21,512.19,517.27,316589,273227,-0.01861659112888617,39.572845736461424,39.44297698484643,35.22688088254947
2008-08-06,515.45,523.0,508.33,514.71,307994,272989,-0.0049613466369297105,39.49874697496675,39.35244322137793,35.118596106791905
2008-08-07,515.67,528.6,511.8,520.96,304204,235330,0.012069628110676522,36.141499051971785,39.360304053838256,35.02975476355033
2008-08-08,520.44,521.22,497.52,500.04,297330,204430,-0.040985168151758414,35.78850479944371,40.21748162359235,35.33426779588438
2008-08-11,500.04,507.42,489.27,496.78,295334,184909,-0.0065408230624076635,35.43215967122918,40.0373930424683,35.23202255158991
2008-08-12,497.13,503.29,487.5,490.53,303791,161679,-0.012660832945350028,33.24428502905924,40.07125397715106,35.160679971768054
2008-08-13,490.88,509.85,489.93,503.51,322967,139443,0.026117133719973543,34.848603045567124,40.28544883347448,35.193070927734325
2008-08-14,503.51,507.62,487.3,497.37,126625,276529,-0.012269357015094635,32.93817339658246,39.71293680896766,35.12085506644194
2008-08-15,496.59,498.11,482.11,492.66,137458,277114,-0.009514934970731042,32.954624113989325,39.61262202256389,35.03399315537767
2008-08-18,492.96,499.36,484.4,488.12,155055,293411,-0.009258003685113678,31.65388238606472,39.54297363482455,34.94650146761502
2008-08-19,489.46,504.59,482.8,495.25,240865,307010,0.014501408315021556,31.84267448468563,39.41054131374155,34.87842927818828
2008-08-20,498.28,505.89,486.87,499.66,274859,310285,0.008865181538667275,30.74875153011984,39.28150486118455,34.78335306920089
2008-08-21,500.96,527.68,498.97,523.96,308114,307311,0.04748747841212063,35.57407277425925,40.00569541592638,35.15652546920014
2008-08-22,525.56,526.9,493.7,495.47,276216,309181,-0.05590853849645939,40.10395778125543,41.53293989961975,35.76212868412859
2008-08-25,495.9,501.83,491.54,497.72,174446,302397,0.004530862874441674,39.80601156152746,41.540834732529724,35.65504218174258
2008-08-26,499.4,509.74,485.83,502.73,311866,296541,0.010015576750656582,39.61779122490563,41.268227175692445,35.56378529396538
2008-08-27,501.74,517.26,500.01,510.86,265812,302647,0.016042333405527964,37.503609232585525,41.29849805759559,35.50416602158963
2008-08-28,510.91,521.02,493.26,499.79,272322,289212,-0.021907569866126932,37.53234534289358,40.451416463059836,35.509765524405104
2008-08-29,500.49,513.5,497.24,499.23,216481,285551,-0.001121098794125363,37.28452454919639,36.605282428477906,35.40421313024625
2008-09-02,504.38,512.81,455.99,474.37,389706,303965,-0.051079303493469584,39.88383755688408,37.48609721493379,35.86600357975004
2008-09-03,476.66,476.92,463.6,472.81,247584,281691,-0.0032939914494586617,39.57289051845939,37.26897197959707,35.76295260166233
2008-09-04,473.03,478.22,460.58,466.5,264187,277147,-0.013435596173035842,39.70029737828871,36.32164674372048,35.69843529200028
2008-09-05,464.73,467.41,454.57,459.32,249111,273877,-0.01551088537940997,39.34059053231755,36.36843936540393,35.64689463735835
2008-09-08,465.89,475.15,452.71,459.8,317923,241668,0.0010444774210925628,37.19565458059062,36.31796926110931,35.54319173860726
2008-09-09,461.18,461.66,439.91,446.48,332463,242917,-0.029397005848902983,38.25654617992574,36.677774516227934,35.62189458578647
2008-09-10,441.9,453.87,438.27,443.54,331516,205594,-0.0066066171402952316,38.16308296761393,36.678973027063165,35.528997801109504
2008-09-11,444.41,449.46,432.82,436.15,311505,182319,-0.016801768460655436,36.522005899021146,36.41506371088031,35.48598560242558
2008-09-12,437.36,444.88,432.34,437.49,273124,159585,0.0030676275143560207,36.64414462502283,35.95741962084145,35.38674914825856
2008-09-15,437.49,437.49,405.49,413.26,171391,270145,-0.05697691355812494,40.812573741155944,37.130726281666114,35.935586266952285
2008-09-16,406.44,407.43,390.5,393.09,212652,281392,-0.05003834155085504,43.36245529582928,38.057263299308815,36.3199008165286
2008-09-17,399.91,420.64,393.48,418.74,218882,286007,0.0632116089725117,50.06514150642668,40.648758331439986,36.99304887423822
2008-09-18,418.14,440.25,412.44,421.25,212338,294071,0.005976279409456225,49.94343302453393,40.639822360626184,36.897080775467344
2008-09-19,421.42,445.91,419.0,443.75,291888,294979,0.05203485912305414,50.641182419528896,41.414932060008006,37.301988630504304
2008-09-22,442.58,477.0,440.42,472.34,335101,290482,0.062437724459379895,53.24412099255099,43.642152286888034,37.9087735919868
2008-09-23,470.66,473.25,449.36,460.42,316025,293090,-0.02555994885825501,53.793853657875665,43.8552826614819,37.92856654756935
2008-09-24,461.8,472.9,452.6,456.62,233417,289239,-0.008287581239442865,53.55792902945322,43.7946688458738,37.839046963884954
2008-09-25,455.76,469.32,445.78,466.51,245163,286462,0.02142792113356235,53.86924967076527,43.87088898609128,37.81604714796557
2008-09-26,465.13,466.9,450.23,461.63,168454,277407,-0.01051575186833662,53.53286955181963,43.74537516584898,37.735919583899374
2008-09-29,461.63,461.72,410.45,416.2,248522,276074,-0.1035977904569992,64.12080856434032,48.1469930082022,39.51541379720343
2008-09-30,412.01,442.5,403.2,434.64,252741,262031,0.04335218828373363,64.67910745864228,49.04014907711424,39.72849587879098
2008-10-01,439.91,444.14,414.38,425.52,280295,250208,-0.02120615180920553,64.951400097615,48.67592160262023,39.699269702400954
2008-10-02,426.39,433.47,404.06,405.83,223270,252271,-0.04737759773151982,66.6135990397968,49.410086302759545,39.96694313687765
2008-10-03,405.31,414.73,394.3,405.44,238984,253731,-0.0009614555697680625,66.56625527889366,48.461743886703495,39.862264926441796
2008-10-06,399.48,400.26,378.15,379.23,281987,242985,-0.0668300159571983,69.85993642285109,49.54721692787988,40.47971524133127
2008-10-07,384.19,401.73,379.49,388.94,342917,210061,0.02528220890116025,70.50145213018894,49.97675680896854,40.48227154220667
2008-10-08,386.79,392.96,371.63,384.15,339344,188177,-0.012391988763092335,70.52817975002557,49.39286507574118,40.40057821078756
2008-10-09,383.5,387.91,363.59,373.96,248211,159320,-0.026884261490529023,70.80074660694864,49.346318339223586,40.407577646877975
2008-10-10,366.79,367.65,332.93,335.57,363996,132575,-0.10831826135927086,79.10814319401767,53.14094747071548,42.10362928034571
2008-10-13,346.02,356.38,343.12,350.64,210714,117630,0.04392947764670977,79.81800816771903,54.221945700841424,42.30414590911611
2008-10-14,350.64,362.45,334.32,335.55,169686,311106,-0.04398907950630537,79.42553052752372,54.44715535051306,42.47390775155308
2008-10-15,337.16,338.06,314.13,318.25,154570,315084,-0.052933739166732455,76.26812406057194,55.08288115988298,42.76332885375586
2008-10-16,313.75,318.04,292.92,298.62,228937,322135,-0.06366537533899802,77.87203078339188,56.02244128916723,43.22139582863026
2008-10-17,308.9,316.64,297.77,306.56,188743,314809,0.026241632683977813,75.32699847503926,56.38935038944338,43.22702684535778
2008-10-20,308.99,324.03,305.84,316.17,237629,329395,0.03086654883145939,71.56802938028083,56.964549085172614,43.271545994866464
2008-10-21,322.59,323.18,298.79,306.78,232994,327688,-0.030149165293992312,71.63322228830535,56.96520989813217,43.28244737989505
2008-10-22,303.76,305.16,281.36,283.7,272317,334975,-0.07821353650515712,74.32758389313119,58.64512641193741,44.003857545384
2008-10-23,285.65,295.05,280.08,288.33,256890,332990,0.016188315688497056,73.92693901781094,58.085714413699485,43.94234135425053
2008-10-24,295.05,295.39,266.27,272.65,253812,329524,-0.055916736131232075,74.57753889149555,58.78163725802841,44.23906948301363
2008-10-27,275.32,279.53,260.53,268.69,234150,326108,-0.014630622669440567,68.81563582739034,58.64356141370961,44.15346783160213
2008-10-28,264.53,277.11,261.85,266.61,222083,325109,-0.007771382284136387,64.65505306459467,58.525261918500625,44.051439111965344
2008-10-29,274.13,294.28,270.52,286.89,315415,310825,0.07331195061106731,73.39558464733736,61.01745865952372,44.71834530120828
2008-10-30,289.48,300.06,272.18,280.34,279196,308098,-0.023095714794649395,72.6842310343215,61.06888526614248,44.67198860672296
2008-10-31,278.72,291.56,268.27,288.2,256881,293226,0.027651531330510164,74.29162106434319,61.393410665278836,44.68290469362247
2008-11-03,286.33,294.07,270.44,271.63,236426,282713,-0.0592138374270011,73.66149425707064,61.89961913317994,45.012174825267344
2008-11-04,271.16,305.03,264.57,299.76,329187,286862,0.09854130834701125,83.17326986980785,65.7869434920587,46.21543115964666
2008-11-05,297.51,299.47,276.26,277.53,272470,282403,-0.07705311903409506,86.21947574317619,67.27109167190902,46.82472202320853
2008-11-06,276.34,278.38,255.69,258.28,292018,273003,-0.07188476769307069,88.4071974132438,68.04902391909647,47.32187778449623
2008-11-07,257.86,266.99,254.88,259.43,236045,252261,0.004442648940427307,82.04571598309826,68.12317967631314,47.217814253407475
2008-11-10,262.66,278.64,251.18,265.25,286648,228597,0.022185860795399057,80.39576938325116,68.4586267219024,47.18225818953536
2008-11-11,264.1,264.7,247.87,252.16,258306,214698,-0.05060897082457818,80.75730794863564,68.95397943343995,47.359879099167465
2008-11-12,250.76,252.88,235.88,238.69,261423,199288,-0.05489816779257151,80.88490788862435,69.32319220071146,47.5846850392438
2008-11-13,238.69,255.6,234.84,249.72,136035,251522,0.04517465131660061,81.31516713197638,70.18764701369233,47.75000426529037
2008-11-14,254.12,256.45,238.48,243.55,115453,260330,-0.025018029940991615,80.40417530965226,69.14753281330489,47.70270963338769
2008-11-17,241.44,251.67,233.7,234.63,127983,270906,-0.037312454970922025,79.27313106800075,68.75590940380911,47.738717190289805
2008-11-18,234.38,238.73,229.81,231.54,156195,280642,-0.013257160504047426,79.06904455895346,68.66475894648146,47.644803104611725
2008-11-19,232.9,235.73,225.62,228.75,219553,292450,-0.012122940621951675,75.35073022650585,68.5008882847,47.54876192809063
2008-11-20,226.05,227.48,205.16,208.96,274669,299554,-0.09048685806756439,79.67986520102708,70.02565757192318,48.33899765309667
2008-11-21,205.37,216.15,204.02,211.12,213647,299041,0.010283846107002358,78.7517658089298,70.19860700281707,48.25267971002022
2008-11-24,215.52,233.83,206.34,230.44,233065,301892,0.08756383266911368,86.41643412831878,73.20171272371059,49.08039712847837
2008-11-25,229.6,231.12,213.61,214.67,228413,302654,-0.07088855959818526,89.28221034897807,73.75367208763548,49.49248638516098
2008-11-26,214.16,232.43,212.05,230.19,243440,307791,0.06980308959168659,88.85124378660716,75.67010876756417,49.96857408465033
2008-11-28,229.6,236.7,216.15,230.15,129155,309956,-0.00017378459443302997,88.81023937664204,75.70813560717444,49.86050924685175
2008-12-01,230.95,230.95,205.58,208.37,217048,303711,-0.09941592468114166,93.04394355317747,77.8085973806371,50.76416642386384
2008-12-02,206.55,212.47,197.97,198.56,233248,297619,-0.0482240241258118,92.45025175469215,78.07872494613756,50.87179648284579
2008-12-03,201.94,203.38,195.6,197.84,217573,308710,-0.0036326982431363285,82.26195282298225,78.04017468274819,50.76252622280478
2008-12-04,198.73,199.87,183.34,184.65,232447,303787,-0.0689964819145886,81.57779342954098,78.84583213596049,51.10916410427797
2008-12-05,185.12,188.03,171.25,172.56,327140,268114,-0.06771713921767124,81.24147998761447,79.59332700198522,51.42953595341412
2008-12-08,176.07,189.01,175.69,184.82,289529,235923,0.06863737637899339,86.82424800578559,81.35979258912545,51.861504366430665
2008-12-09,186.26,188.46,176.87,177.89,240867,206125,-0.03821699672271595,85.85463086320789,81.0302635515793,51.875013548920556
2008-12-10,179.28,195.22,177.12,184.02,362393,175364,0.03387906561703681,87.08551840794584,81.26302214125654,51.90924685928916
2008-12-11,186.26,207.7,183.0,202.87,317267,129428,0.09752093245902288,94.48968038787766,82.91836608179717,52.82480768729349
2008-12-12,198.73,200.89,183.17,195.69,291629,118828,-0.036033605337123784,92.79534767403555,82.9746207908126,52.82221026157584
2008-12-15,195.69,210.22,186.87,188.46,117595,234944,-0.03764599169750412,93.13451691907134,82.012525055173,52.82943572291058
2008-12-16,190.25,196.68,181.79,185.4,155306,254362,-0.01637012964685544,92.69977574308156,80.4393061692833,52.73680909056462
2008-12-17,185.88,194.46,176.43,177.11,253901,270596,-0.04574464466321381,93.48266588267944,80.65228221781297,52.80369583181786
2008-12-18,177.31,181.2,164.96,165.43,233663,270928,-0.06822286384961623,95.4807081469807,81.34232045581989,53.101517465356615
2008-12-19,167.42,171.71,162.38,168.17,194858,276803,0.01642722791573389,91.92462666771706,81.24802317146329,53.03277554566272
2008-12-22,169.88,172.46,156.82,158.45,149135,276728,-0.05953628639772877,93.127865352228,81.70063455205826,53.22376891792003
2008-12-23,157.02,161.38,150.03,154.75,146203,271165,-0.023628174572224225,84.99809403353773,79.73474571151894,53.152769781581455
2008-12-24,155.43,157.57,139.47,140.34,93376,278865,-0.09774286174056286,87.62814715425439,80.451830499562,53.87593922328131
2008-12-26,141.73,150.98,141.34,149.71,64554,279313,0.06463203963760268,86.93194195452305,82.24729329310986,54.21316994849017
2008-12-29,152.45,167.54,149.0,158.88,150601,283690,0.05944911083511719,91.33745652791396,83.48922319940326,54.58819453955266
2008-12-30,158.84,160.35,150.59,154.95,137263,279301,-0.025046716063105254,86.27700485451068,83.45439025485403,54.62205309708642
2008-12-31,155.51,180.8,146.66,177.07,188601,286437,0.1334426503843683,99.95948483764613,88.20516224555458,56.27728829371321
2009-01-02,173.57,185.56,162.97,183.97,184679,286346,0.0382275662195664,101.17284537144087,88.48267604886614,56.408313558751274
2009-01-05,186.75,195.65,180.88,193.78,258762,281902,0.05195079411916613,99.91044846308912,89.46247212892153,56.67826231408471
2009-01-06,192.15,200.37,188.98,192.87,331307,249345,-0.004707108135153001,96.48926303582886,89.41401542168211,56.65037483094889
2009-01-07,192.19,194.89,168.37,169.25,306262,238637,-0.13063947502932066,104.78389543882362,90.56095746547446,58.078602618891075
2009-01-08,169.25,173.22,160.95,165.55,312485,207749,-0.02210364779912898,104.2489199671656,89.84585563490111,58.07036163419846
2009-01-09,168.53,169.52,156.34,162.1,277431,192028,-0.021059835251625022,103.45060248893671,89.6253171132818,58.06389958184318
2009-01-12,160.99,161.98,148.8,149.24,272828,151026,-0.08265768038867326,99.13854876538693,90.40697569599133,58.59376707953997
2009-01-13,148.84,156.82,143.32,149.99,340615,123395,0.005012876854310907,99.07339731050217,89.84464448284349,58.59830447096548
2009-01-14,149.99,152.55,141.25,146.8,259288,362226,-0.02149750902685284,98.71220386885882,89.52073325022918,58.62017363212235
2009-01-15,147.67,150.39,135.91,144.64,272603,382302,-0.01482321953654906,98.70566770556495,89.06889576015098,58.62910903389482
2009-01-16,144.04,147.76,139.63,141.42,258845,386649,-0.022513710467771574,98.0071960722346,89.0199604801573,58.61977426119957
2009-01-20,140.95,145.47,129.93,135.67,354707,389716,-0.041508719678877516,96.39303551547737,88.18372974524395,58.65552554443178
2009-01-21,135.91,147.6,133.68,144.68,276261,378137,0.06429894058668016,99.57356810230678,89.39040555685824,59.02799474513027
2009-01-22,146.87,149.82,134.24,145.07,317569,375199,0.0026919774669135373,97.6945680695322,88.95225216156916,59.027540192682956
2009-01-23,143.71,156.14,137.53,154.38,269756,377692,0.06220071097089701,100.17435277283515,90.18551783449709,59.3900906437278
2009-01-26,152.98,161.42,150.32,151.92,277496,360026,-0.01606302901767744,93.59676714796062,90.19577603372402,59.39207823381582
2009-01-27,151.65,157.76,137.57,138.13,308439,368662,-0.0951587957921619,96.98467058782225,90.20739256660356,60.095315416643736
2009-01-28,139.49,144.84,134.88,140.06,291416,373014,0.013875631515503292,94.3418348541917,90.33445502526773,60.06219946391982
2009-01-29,140.26,140.59,133.48,137.67,245854,368422,-0.017211385152519947,94.1762270851232,89.96973127694808,60.055470331013986
2009-01-30,138.36,144.31,136.27,138.46,237726,368800,0.005721958175027751,78.76079102008596,89.50693777321048,60.04715630292098
2009-02-02,138.7,140.56,132.32,133.15,263645,375352,-0.0391051629899381,76.943649916611,86.69783276705267,60.14135820995988
2009-02-03,133.81,136.77,131.72,135.47,244615,370471,0.01727390133270375,73.79212015996573,85.89714157124932,60.16045277852653
2009-02-04,135.97,139.26,132.02,133.95,254203,364665,-0.011283617602027396,73.6730195774953,84.98417766651627,59.99479454080438
2009-02-05,133.88,137.03,131.09,136.77,229734,363757,0.020834086902842053,61.65982909315606,85.1770989532913,59.99981425786874
2009-02-06,136.2,141.79,128.23,133.45,518382,275342,-0.024573807042926762,61.72686410921736,84.94546328961594,60.033122969310924
2009-02-09,132.48,140.95,130.96,131.42,317497,235028,-0.015328574380811399,61.633692804770504,84.5576137466925,60.034220369463945
2009-02-10,132.08,138.86,124.08,124.74,359674,203617,-0.05216673037174517,57.72485503507865,84.49868781263021,60.16206668868119
2009-02-11,124.74,125.11,118.86,119.56,207190,259912,-0.042413233682239364,58.648956785566575,83.92445122504391,60.279488416823135
2009-02-12,119.39,121.22,116.44,118.72,247210,295589,-0.007050557996666799,58.54111861504383,83.8887019642669,60.0812228837738
2009-02-13,119.37,120.75,116.38,118.16,212427,308410,-0.004728141195946012,58.55454518050932,83.7340055370199,60.07901645151118
2009-02-17,118.46,120.27,107.01,108.5,202333,312989,-0.08528946524261011,64.27842459627436,85.09131955230262,60.6080628071109
2009-02-18,107.88,109.65,104.78,105.32,219110,309540,-0.029746838352405658,63.72579868711604,85.16342806495153,60.64631563003613
2009-02-19,105.68,113.37,104.5,113.12,285979,316536,0.07144586752015411,64.91005652150139,85.33033529644433,61.12974243438492
2009-02-20,111.48,112.98,105.68,112.69,244809,297196,-0.0038085161840046974,64.75169475609658,85.23446609228121,61.08865257625538
2009-02-23,111.85,116.8,106.61,108.22,285905,294018,-0.04047449374966878,59.01734103083866,82.95350309089409,61.18569791627496
2009-02-24,107.26,112.98,105.99,112.5,238188,292343,0.03878702942988566,62.34459587513047,82.70649038251369,61.24838039529901
2009-02-25,112.38,120.58,110.92,119.65,323428,294499,0.061617592709907534,60.42393262745396,82.3822715750697,61.617075181732694
2009-02-26,119.34,127.53,119.0,127.3,287202,293507,0.06197569120897848,64.89403116122828,83.70210009000965,61.97513071236003
2009-02-27,125.53,126.43,119.79,126.01,274579,283824,-0.010185236681758953,64.76325424761728,81.59590679738155,61.92990460433684
2009-03-02,124.83,125.25,112.16,113.03,245234,278339,-0.10870799867896207,74.40531943024375,83.76987872874189,62.5620298040913
2009-03-03,112.89,118.44,111.03,117.25,241538,273716,0.036655137123749015,75.3483703329573,84.29341219235947,62.68828386557818
2009-03-04,116.49,128.82,115.54,127.76,319761,258290,0.08584509658036828,81.85161939103689,85.52818835386921,63.35379931018132
2009-03-05,127.87,128.66,120.66,122.77,306347,258290,-0.03984081771400849,82.85966247714758,84.85912754338014,63.3730801716088
2009-03-06,122.77,130.35,122.32,128.15,258063,239886,0.042888766617331625,84.10939614545093,84.05632881910182,63.544136979492094
2009-03-09,128.82,137.47,126.6,132.51,390590,204514,0.033456661466464616,84.67899156946055,84.17008441432958,63.642622982372835
2009-03-10,133.02,136.03,127.61,128.68,289157,165483,-0.029329411905719065,85.1519043960636,83.92242152796508,63.68287293956233
2009-03-11,128.29,129.61,118.46,119.17,339876,150415,-0.07677765726811078,87.52628780976114,82.32953343357805,64.08504424076857
2009-03-12,120.29,132.94,119.68,132.4,316566,129240,0.1052765984001931,94.0056934009513,85.37503320235346,64.93453326921271
2009-03-13,132.91,135.53,128.37,130.2,221028,108188,-0.01675591372843911,94.23492617992044,85.15671176735235,64.78606567540382
2009-03-16,130.2,135.57,125.54,134.89,160952,323137,0.03538790170711934,94.78168269358017,85.5514592071002,64.70590497333885
2009-03-17,133.77,142.05,132.53,140.48,166614,327664,0.04060549840521821,88.94510950000587,85.63814418281729,64.86576790357527
2009-03-18,138.71,142.05,133.94,137.28,212517,329924,-0.02304249414715424,88.54955773958874,84.68308454353202,64.8902541553531
2009-03-19,141.77,148.73,139.1,146.09,277465,316701,0.0622002344047706,87.80131190477692,85.64817305020308,65.23147057941637
2009-03-20,145.08,148.0,143.17,146.18,180152,314952,0.000615868907822943,87.70437807977314,84.81573526296631,65.04161955045974
2009-03-23,146.35,151.74,144.91,151.03,229890,315672,0.03263975352600444,85.60555638305965,84.96805073183342,65.11720266909697
2009-03-24,151.12,151.76,147.24,151.54,212790,305206,0.0033711239249770227,85.31430691788306,82.51196793241733,65.10697047034004
2009-03-25,150.84,152.1,145.59,148.14,283727,300102,-0.02269184391808426,84.43478153910266,81.58379346556026,65.03986222433173
2009-03-26,148.34,153.45,148.12,152.55,196916,293565,0.029334638577535578,82.57923333817004,80.8741003225071,65.12761045400737
2009-03-27,151.6,152.38,144.97,147.05,181165,296232,-0.03671974616267458,83.92505297464122,81.05950129407965,65.07301137301562
2009-03-30,146.68,146.68,135.06,135.9,222171,285029,-0.0788533438429061,78.9536632924594,77.63859115936334,65.49774869460461
2009-03-31,136.55,140.37,134.11,139.41,240254,279640,0.02549991060789851,78.53762120763979,77.3834391520716,65.50965955968468
2009-04-01,137.45,137.45,132.67,135.85,234224,278630,-0.025867895892639884,73.84597074674176,76.59284033159479,65.46710945869523
2009-04-02,136.02,148.42,136.02,147.78,270270,277482,0.08417334548814477,77.32682992241985,78.78741917178621,66.07643615681485
2009-04-03,146.99,151.32,143.23,147.41,212172,273024,-0.0025068613013147865,76.38240597667611,74.26754086980708,66.0237733509609
2009-04-06,147.1,150.47,139.83,143.31,228983,263055,-0.02820770398920657,76.68533389972258,74.34754457265183,66.0654772921541
2009-04-07,144.27,145.48,135.88,137.98,254031,226328,-0.03790136895201768,77.2366272351439,74.60770148564177,66.14677222633955
2009-04-08,136.07,144.02,132.98,138.63,352611,193217,0.004699766432322044,71.18396224802204,72.73264227939687,66.12410797027624
2009-04-09,140.25,147.24,139.58,146.66,294835,172928,0.05630846911536884,64.03157379223812,73.6742886193558,66.36953048946926
2009-04-13,146.66,147.63,139.01,142.7,176007,299309,-0.02737245818286274,64.62070038035245,73.75602607872874,66.38896890932531
2009-04-14,142.51,145.85,139.95,141.46,210444,324310,-0.00872753287494676,63.722640533429654,73.71593543493312,66.38807449640673
2009-04-15,139.87,143.56,138.58,139.44,161407,329022,-0.014382590396078504,62.32142185159931,73.63039804687514,66.36428566284954
2009-04-16,140.62,142.75,138.98,140.49,151035,340591,0.007501910651794692,61.788555939671184,73.140425101103,66.37007442990836
2009-04-17,140.06,143.32,139.09,141.32,163651,335446,0.005890510627384256,57.4937257651314,71.93672496415266,66.35618692044193
2009-04-20,140.76,141.16,129.79,130.66,255098,362971,-0.07842829307834011,63.60077655168025,73.68789044219959,66.75824342057616
2009-04-21,129.93,132.76,125.84,130.76,287925,345048,0.0007650524434055584,62.045536888586916,72.47650341159786,66.74702892584831
2009-04-22,131.11,132.22,128.48,131.57,238729,339018,0.006175447521737036,62.11688580423841,72.4455472752458,66.70428219433109
2009-04-23,130.6,134.45,130.28,133.65,227296,329157,0.015685413207181163,62.32980855977449,69.90029303032671,66.73404550025023
2009-04-24,133.73,139.38,132.14,138.84,230865,320964,0.03809774840865749,63.04628199555844,70.28897866527066,66.84227906483486
2009-04-27,138.58,138.58,129.31,135.05,265293,321884,-0.027677110754960932,62.51681336508258,70.43009177368737,66.86622664482682
2009-04-28,134.94,135.18,130.76,134.45,186823,313282,-0.0044526975237510905,55.97849906563881,70.42367641412648,66.86553026212863
2009-04-29,132.65,138.49,132.3,137.28,234826,309929,0.020830253024778624,55.71435248909052,70.09038384963277,66.80501340666515
2009-04-30,136.8,139.9,135.24,137.69,208296,313829,0.0029821457166288564,54.92622503708289,70.00552265358428,66.71090776919443
2009-05-01,137.23,144.5,135.83,143.29,248750,312127,0.03986576727223052,47.77919101647817,70.42847496912691,66.83285946212432
2009-05-04,141.73,147.17,141.57,146.71,229782,306934,0.02358730042304129,48.600117840911686,70.46363747523984,66.86837619412202
2009-05-05,146.68,147.68,144.1,145.01,234306,294409,-0.011655143591748983,47.68317209301879,70.31162497291564,66.86826043201549
2009-05-06,145.77,152.1,144.29,151.75,334302,278836,0.04543172437980397,47.93567212289624,70.79571473417953,67.02070693469354
2009-05-07,151.64,157.75,149.38,152.74,377826,249656,0.006502699520630461,47.93966211515231,69.87946594112351,67.02514932596392
2009-05-08,152.18,158.24,151.23,157.91,291819,231266,0.03328812101831369,45.28501758434539,69.48186778783526,67.11256994659396
2009-05-11,157.54,157.91,152.93,157.56,290030,202327,-0.002218912375846604,43.853833218094735,69.45420529453804,67.10792367498429
2009-05-12,156.49,161.82,155.71,158.51,305957,186826,0.006011344707096129,43.55506123983163,69.42669116949041,67.11634873255186
2009-05-13,159.69,161.33,154.63,156.27,311802,154931,-0.014232402384591275,43.54591279858419,66.96793247751522,67.08458954584798
2009-05-14,156.27,159.33,153.18,158.19,136774,349869,0.012211561785278095,43.60384723590869,66.55998119789446,67.09884524246971
2009-05-15,157.87,158.67,151.05,151.75,163458,342592,-0.0415624122708804,46.749919030896145,65.89650189973761,67.15968048992943
2009-05-18,152.33,159.52,151.11,158.64,222291,352525,0.04440305427193289,37.61885505230719,66.36355459220529,67.24091184568806
2009-05-19,159.04,162.37,156.88,160.0,252709,344067,0.008536331022286467,37.47485724676479,65.66346008114688,67.24281083456461
2009-05-20,160.21,165.75,159.36,165.16,270022,350995,0.03174088578406246,38.2121341236437,65.53130170439067,67.32646842033378
2009-05-21,164.2,164.71,159.52,162.53,237412,344894,-0.016052100902804862,39.37946644018511,64.66340580391136,67.30380129564406
2009-05-22,162.53,165.0,161.06,164.18,186302,342463,0.01010078680503552,37.93699489175106,63.57958691861021,67.2853209851811
2009-05-26,163.73,166.49,158.48,166.25,267127,341237,0.0125292926158433,35.47281260364982,63.529859679598786,67.24344333015004
2009-05-27,167.37,169.9,165.56,168.92,261888,348653,0.01593255052977912,35.0771534204424,59.00765810183063,67.26737846338906
2009-05-28,167.48,174.21,167.05,173.26,281439,346632,0.02536812639625135,35.2751866227517,58.807895790663636,67.3307467178079
2009-05-29,172.43,177.41,172.19,176.53,261370,347339,0.018697477139197467,35.20470618115576,56.50363890289373,67.33247962706591
2009-06-01,176.98,182.84,176.32,182.57,234080,348751,0.03364282752422708,34.62589496424782,55.99585956821517,67.43052354605936
2009-06-02,181.14,183.82,179.7,182.49,266861,342921,-0.00043828412469513437,34.62018948240975,55.49883119295531,67.25638965911033
2009-06-03,181.7,183.56,172.91,176.02,322365,348323,-0.03609775205505794,37.68492294603426,55.85273361548835,66.77908756582846
2009-06-04,175.94,185.29,175.49,183.19,304674,344711,0.0399262406517021,37.037479192697546,55.85214885293326,66.87977863820147
2009-06-05,182.97,187.21,179.8,182.2,329259,300939,-0.005418880771509915,37.40174540307093,53.19239178395211,66.85456552431515
2009-06-08,181.88,183.56,177.78,181.27,289278,262530,-0.005117352351030141,36.543827560442196,49.14487514917145,66.71723742499746
2009-06-09,182.87,188.19,182.17,186.38,316884,221695,0.02779996788268171,37.09981233626598,49.14157301197078,66.79328392938308
2009-06-10,187.71,191.12,187.5,189.89,346248,180539,0.018657356779816035,37.26307217486971,48.83256202667551,66.82612761229116
2009-06-11,190.24,194.95,189.87,193.49,314790,152156,0.018780874410512054,36.36117966435805,48.36887544245854,66.86618032460838
2009-06-12,192.82,193.36,188.48,191.78,224601,134388,-0.008876949822302242,37.00830386178186,48.10026882975769,66.86747950474802
2009-06-15,191.78,191.89,184.97,187.63,88091,249528,-0.021876943226251975,33.92839884179985,46.94484967635131,66.84670712542328
2009-06-16,186.81,193.18,185.52,187.23,116773,258093,-0.002134130885221932,31.731325973643777,46.957125633377125,66.78206961289776
2009-06-17,186.81,189.42,183.39,188.65,148107,266489,0.007555638796258333,31.732205281564042,46.58645456067806,66.74529693036656
2009-06-18,187.92,190.31,186.34,189.21,150454,268886,0.0029640629333501727,30.526236042775984,46.58665457252909,66.73319543138487
2009-06-19,189.13,191.68,182.6,184.23,271060,277906,-0.02667253233425215,31.787327166189833,46.69000296709352,66.7667652066853
2009-06-22,184.71,184.97,175.42,177.6,278468,270746,-0.03665114645134781,35.18923036716354,47.09522539227371,66.83053408538736
2009-06-23,176.68,183.34,174.63,182.18,279901,261196,0.02546137875859408,35.90067079817818,46.60307900180419,66.76677509940735
2009-06-24,180.37,183.81,179.08,180.68,242855,262273,-0.008267698530260421,35.9129793119194,43.406400159921546,66.76164002261673
2009-06-25,179.68,186.63,179.21,184.79,254942,268610,0.022492534402930697,35.69314126652858,43.349324514579166,66.81730949813772
2009-06-26,185.08,187.57,181.05,181.97,208025,255959,-0.015378206864182745,35.7829051008345,43.08593038036829,66.81535693020604
2009-06-29,182.21,189.23,179.87,188.1,229882,263941,0.033131897981833275,35.722475076845825,40.249833091001115,66.88406523237947
2009-06-30,188.39,193.07,181.29,183.89,331550,255527,-0.02263598355422289,36.73616989515425,40.59915102412469,66.88665416080597
2009-07-01,185.36,189.05,180.29,182.37,304636,246916,-0.0083001623240209,34.32078626681665,40.133521486848785,66.88564494481854
2009-07-02,182.13,183.5,174.34,175.58,243250,238617,-0.03794281093067809,33.96796388169539,40.13537113214359,66.92998919613325
2009-07-03,174.95,176.73,172.08,175.58,230109,238617,0.0,33.952653067276586,40.14350962617826,66.84694232777719
2009-07-06,172.45,172.73,166.81,168.53,256986,225634,-0.04098100401013422,36.68681653340285,39.67115244331886,66.943297580063
2009-07-07,168.89,170.79,163.68,165.58,262358,222866,-0.017659313777268686,35.030537098173134,39.40975552851764,66.79869633429567
2009-07-08,163.95,164.92,157.9,158.24,334958,208279,-0.04534159383625788,36.41476753833486,40.55222314041479,66.85441373630883
2009-07-09,158.87,162.13,155.9,158.95,314800,178807,0.004476819482409509,35.29820340047318,40.41336974801855,66.85653763658674
2009-07-10,159.05,160.21,154.5,157.58,264745,168217,-0.008656421539269576,35.299081408717356,40.458176161476445,66.73897785342332
2009-07-13,157.5,159.63,153.45,157.05,301907,143508,-0.0033690398328865166,35.07130159410893,40.46380035057254,66.69498886783036
2009-07-14,157.05,160.17,154.53,155.48,152586,289124,-0.0100471200006333,34.98133354048567,36.95005714012824,66.6115382076008
2009-07-15,156.23,162.31,155.9,161.12,163263,299430,0.03563232298622989,38.059015500509396,37.5501312271676,66.73731865370709
2009-07-16,162.15,162.8,158.21,162.36,158313,311108,0.007666663000444906,38.272852464211006,37.55594682207266,66.70938374478398
2009-07-17,162.46,167.35,159.86,166.27,191848,322096,0.02379688108159101,39.12944969799335,37.704811195531235,66.73793437657126
2009-07-20,165.73,169.67,165.29,168.1,254703,339898,0.010946067362281767,37.663897984977915,37.04988658080213,66.70248802590709
2009-07-21,168.28,171.68,166.14,168.92,279584,332739,0.004866189651172906,36.302859891465616,36.4879815793088,66.69644724290013
2009-07-22,167.43,169.33,164.16,168.38,319989,335971,-0.0032019001562248834,36.26428873587516,36.47690009864404,66.68323109445578
2009-07-23,168.38,173.76,165.81,172.91,321627,340783,0.02654789800718002,36.67641094771911,36.6098267025589,66.73623022530315
2009-07-24,171.52,175.59,171.11,175.2,217270,332239,0.013156950585593009,36.83071074255454,36.65892606023372,66.7402469753552
2009-07-27,175.2,177.63,174.05,176.05,245180,334158,0.004839867098770685,34.56125587569305,35.89062780362619,66.61746679488346
2009-07-28,175.75,177.29,171.16,173.09,253558,331575,-0.016956355162754167,34.19691381150935,35.879928801025045,66.60744994114046
2009-07-29,171.68,172.53,161.43,163.1,342411,321276,-0.05944818081133929,39.630973598823346,37.9755182763916,66.82243883609976
2009-07-30,161.84,173.25,161.59,172.35,344216,313373,0.05516378333590618,43.17048223543535,38.50011221586824,67.04442128898428
2009-07-31,171.7,179.56,167.25,178.81,400836,319255,0.0367964966242373,45.203472469871535,39.14256275694786,67.15683026257786
2009-08-03,178.42,185.89,177.88,184.29,323455,320204,0.03018681425683408,43.48185751000232,39.04383599342869,67.2457121517277
2009-08-04,183.68,185.25,180.64,183.88,285877,311751,-0.002227232905918451,42.77957037737456,39.04387966363536,67.22621907484748
2009-08-05,184.91,185.63,179.48,185.3,307551,309605,0.007692762353286834,38.37811068029305,39.05172092867258,67.13398227809833
2009-08-06,184.94,186.46,180.69,185.22,328670,300436,-0.00043182554919120493,38.47549461376112,38.89973365863234,67.13441723915159
2009-08-07,184.89,187.54,181.2,182.62,367023,262861,-0.014136816553928903,38.83104650582737,39.003043459490584,67.13651974754266
2009-08-10,181.95,184.27,180.46,181.77,304092,231631,-0.004665339563186627,38.88130541358718,37.94564412366215,67.06808790857258
2009-08-11,182.18,183.44,176.9,178.81,389079,198620,-0.01641836203789587,39.32179077441476,37.15064959240981,67.07451124540763
2009-08-12,179.38,183.13,177.24,180.64,342269,167244,0.010182310814240212,37.87417552020498,37.164557502289185,67.08754617814311
2009-08-13,181.62,185.92,180.35,181.56,322969,130807,0.005080077186913099,37.86765140124111,36.65207503217302,67.0916462058461
2009-08-14,181.56,183.56,172.78,173.65,148353,230426,-0.044544398398181834,41.138263154404505,37.68793634872873,67.18908269654706
2009-08-17,173.9,174.1,168.22,171.68,143205,238805,-0.011409500307694626,41.27097530004553,37.72638692453143,67.18004106208
2009-08-18,171.68,179.59,169.51,177.37,235078,254951,0.03260566733510662,42.758639880299185,38.215438786450036,67.0805400802736
2009-08-19,179.39,185.41,174.1,184.21,376871,268230,0.037838464946630734,44.487044091130386,38.83773067161438,67.01134438657004
2009-08-20,183.51,184.81,180.97,181.91,241477,265834,-0.012564351890001076,44.07974429649974,38.61710030304409,67.01140849978705
2009-08-21,181.84,186.43,179.72,184.36,246228,275213,0.013378308578182778,44.08688707833483,38.527157885115734,67.01938972696466
2009-08-24,184.01,186.65,183.56,185.56,208702,272421,0.006487912031235333,44.10212820748557,37.93349092434886,66.99731580059054
2009-08-25,184.56,187.13,177.42,179.77,324399,267930,-0.031700023825218214,45.26577467808278,38.495319662042796,67.03093517880839
2009-08-26,178.02,181.24,176.32,178.22,255501,261262,-0.008659513873751027,39.339431936350806,37.808564998978525,67.03182885069585
2009-08-27,178.05,182.01,174.23,180.87,272730,254897,0.014759798984850242,34.77879158327149,37.02295836939854,66.89081269547188
2009-08-28,181.79,183.44,179.09,181.49,239217,256547,0.0034220145988854817,32.33432436361039,37.01418907766662,66.89478298833261
2009-08-31,181.51,183.04,172.48,174.55,276967,250813,-0.038989322217264144,33.28942796860185,37.85308235368443,66.98106072725271
2009-09-01,173.55,178.07,169.66,169.79,336835,243543,-0.02764885422312469,34.44307798771369,37.77998221581349,67.01337395272851
2009-09-02,170.16,171.66,167.29,169.79,269497,245186,0.0,34.20453573951625,37.54643851379188,67.01266332476608
2009-09-03,170.04,173.16,168.81,169.56,231967,238294,-0.0013555328434839882,34.1919968861815,37.2994901354281,66.964166811642
2009-09-04,170.14,171.61,167.47,169.71,229782,222774,0.000884251538737622,34.0410469880072,37.27849965391987,66.96529505360822
2009-09-08,169.34,179.12,168.52,177.4,374237,207719,0.044315971852305125,38.053928284824416,38.22995293317311,67.12653746493973
2009-09-09,177.97,180.94,176.3,177.92,331984,194469,0.002926941186738239,37.64634483341002,38.23723876044679,67.12639756027576
2009-09-10,178.74,180.74,176.8,179.49,345551,166266,0.008785485007832739,37.59824282159675,38.249614907830704,66.92155823578724
2009-09-11,179.77,181.89,171.71,172.88,374693,142398,-0.03752178387141972,39.76544349857463,38.971211385226304,66.84491141292067
2009-09-14,172.88,173.2,169.66,171.79,127365,265792,-0.0063249115602764016,36.586530024737016,38.63156468190919,66.50855697466889
2009-09-15,171.4,177.14,170.78,176.57,130966,274811,0.02744459767635258,37.63968364930475,38.34903908417874,66.57461601366376
2009-09-16,175.33,180.58,174.57,180.46,174206,285854,0.021791748251647956,36.633018061780895,38.2518303121667,66.38837943119785
2009-09-17,180.06,182.22,178.63,180.63,147654,299177,0.0009415935781113538,33.935590657306584,38.214981757858446,66.05557190487488
2009-09-18,180.46,181.08,177.59,179.52,128927,302057,-0.006164117810134539,33.721217939716425,37.944740258465536,66.01973626813972
2009-09-21,178.83,179.91,171.54,173.18,288782,312113,-0.03595510631467631,35.49719519269882,38.519734922418905,66.09730032424596
2009-09-22,172.78,178.38,172.71,177.71,218292,299921,0.025821492177739817,36.830189381419295,38.27282274285089,66.1157935340394
2009-09-23,177.39,177.83,168.5,170.8,307578,304629,-0.03965972684292536,37.77319718428743,38.83969204384629,66.21016357811392
2009-09-24,169.22,170.31,162.46,163.17,357456,301052,-0.04570067925149054,40.73857600401434,39.87301413686938,65.58071238775324
2009-09-25,163.25,166.15,161.09,163.5,315319,303673,0.002020388234329051,40.19074013603959,39.16291313785676,65.41137494806377
2009-09-28,163.82,167.26,161.99,165.53,231410,305009,0.012339456934766157,40.562931642585646,39.26042611952216,65.40831464358274
2009-09-29,166.2,166.74,163.0,165.2,247345,303381,-0.001995586185196482,38.475259860288034,38.366765082307325,65.26068400072093
2009-09-30,165.2,175.14,163.99,174.86,386690,300090,0.05682879266586746,42.680774241239455,39.93487271229844,65.54160393667462
2009-10-01,174.34,176.79,171.2,175.38,334690,297948,0.002969394598464588,42.680214118358805,38.754984649518505,65.23147901650003
2009-10-02,174.22,175.06,169.19,173.23,312014,298730,-0.012334857060360062,42.95875140741965,38.85681049062009,65.1752309566748
2009-10-05,172.88,175.7,168.52,174.37,346922,294216,0.006559287038552943,43.00269358932222,38.81314623063994,65.17605777170154
2009-10-06,174.0,178.23,173.5,175.53,346922,294216,0.006630490138852038,39.9838483342439,38.81160519202222,65.13943894649628
2009-10-07,176.22,177.71,170.58,172.29,346922,268321,-0.01863086492393963,40.46600525580622,38.96359734250918,64.28906471762056
2009-10-08,172.86,179.67,171.3,177.54,405214,240606,0.030016832095858422,41.866790986597564,38.77130926448265,64.20212798328824
2009-10-09,176.87,179.17,174.89,177.74,322276,192598,0.0011258726701560608,39.52164601588586,38.75088811222175,64.06829189085539
2009-10-12,178.9,182.86,178.43,181.45,260226,165166,0.020658325348750152,39.98133245048515,38.679055814791155,63.908330172188364
2009-10-13,181.2,184.62,180.36,183.63,361151,137590,0.011942729872008886,39.07914461810218,38.69003799424362,63.62314825257799
2009-10-14,183.63,186.1,183.48,185.25,178048,331739,0.008783400645108127,38.471674134043795,38.713034490944395,63.56899343036323
2009-10-15,185.88,192.23,184.44,191.32,243455,346223,0.032241154635899834,40.00562018508027,39.205980691024436,63.576338698351364
2009-10-16,191.76,194.09,189.49,193.63,214276,355576,0.012001702703210698,39.980908805304495,38.93138532766031,63.52835393550639
2009-10-19,193.87,196.15,192.23,195.93,255788,367802,0.011808331067368602,37.181232198554014,38.91568741025411,63.0743870049697
2009-10-20,195.98,197.01,191.91,193.87,320697,351895,-0.010569621231559322,36.87302254247407,38.99341288386225,63.055735877604015
2009-10-21,192.82,200.93,190.25,199.38,395742,359806,0.02802472024344175,33.8623501344366,39.16804764147827,62.886748037831644
2009-10-22,198.58,199.7,195.68,198.94,295407,366506,-0.00220927987028997,27.72196402470202,37.00731831547749,62.87236788214744
2009-10-23,199.12,200.39,194.93,197.25,293751,354827,-0.00853131199828422,28.365829136921338,35.46550090838132,62.873217741626455
2009-10-26,195.17,199.9,191.05,192.79,363907,360602,-0.022870446114606247,30.54854652725339,35.089037505843265,62.45974866418722
2009-10-27,192.79,195.76,190.66,194.93,375672,353279,0.011039006146676175,30.35400903443887,34.63113710451678,62.43481785791942
2009-10-28,194.73,195.61,188.82,189.8,359438,349049,-0.026669633582226075,26.9146329884707,35.08577228939204,62.41673762235972
2009-10-29,188.95,197.16,188.75,195.71,360575,357391,0.030663085541050353,28.508452081090986,35.59818318136701,62.23015202989397
2009-10-30,195.98,196.54,188.31,188.68,412394,334456,-0.036581513300816805,31.645114539957497,36.417891645611526,61.51045396567444
2009-11-02,188.73,192.74,187.6,191.45,371006,314254,0.014574219507242461,31.849193900530242,36.40681063599837,61.06302349737505
2009-11-03,191.35,195.46,187.57,195.05,373992,310220,0.018629258029362144,32.22954892484141,36.570439192137286,60.6819391953926
2009-11-04,194.73,198.63,193.87,197.01,366103,324780,0.009998552918325375,30.99177968767801,36.42807453121177,60.689659805016326
2009-11-05,196.74,197.3,194.41,195.1,257603,306296,-0.009742241241925432,30.22904610340001,36.456784765332415,60.650318867407506
2009-11-06,195.54,196.86,187.97,189.73,395797,291668,-0.027910238753023314,32.367820307003825,36.93384339816158,60.50592710892436
2009-11-09,190.81,196.49,190.56,194.63,327402,258226,0.02549831137844138,32.756059580206156,36.045079270307525,60.3211070182226
2009-11-10,194.17,197.28,190.86,193.7,371088,244084,-0.004789749841533446,32.722926639160654,35.96611415649812,60.14389578377697
2009-11-11,193.28,196.27,192.52,194.26,297815,227690,0.002886897561234254,32.64364725027569,35.39754856326225,60.096426866587805
2009-11-12,194.19,195.27,187.5,188.53,412833,211021,-0.0299403225556927,32.56006844215323,35.151512612630874,60.055770682014895
2009-11-13,188.53,190.72,185.61,187.46,140732,300522,-0.005691656100151921,32.24634661807797,35.07149017252624,60.0447868071828
2009-11-16,187.87,194.78,187.48,193.54,158557,311053,0.031918720134456645,34.09419952570113,35.56461627894743,60.12382539078642
2009-11-17,193.42,195.49,191.65,194.01,143493,319930,0.002425494673814679,33.90240410032753,35.54665446210816,59.43884759815026
2009-11-18,194.37,196.83,192.81,194.93,187950,326019,0.0047308156314425365,32.323354152096215,34.90480254798216,59.43145771819316
2009-11-19,195.08,195.66,188.87,189.94,310746,332713,-0.025932286943247264,33.503882954512484,35.293682755733066,58.822201295033395
2009-11-20,190.82,191.3,186.8,188.53,263044,327198,-0.007451087396314673,33.479484522475325,35.21893420286869,58.400220303555805
2009-11-23,189.33,194.49,187.75,188.75,382888,338312,0.001166242710642302,32.59241440837325,35.21449767658665,57.9687456006918
2009-11-24,188.48,189.33,183.98,185.0,413033,348313,-0.020067563050809256,32.929627814922384,34.51116525370012,58.00099171204314
2009-11-25,184.54,190.04,183.74,189.72,337389,344495,0.025193475931056232,33.050474439035085,34.33826734024307,57.20216037472133
2009-11-27,189.33,189.67,176.17,185.07,301347,354436,-0.02481516911972402,32.07152599064022,34.76925466212454,57.05207310920165
2009-11-30,185.07,189.82,182.84,188.07,358538,348022,0.0160801020643298,30.100523716607725,34.89285140261924,57.07467828802708
2009-12-01,188.24,192.35,187.41,190.72,310483,336298,0.013992149922998172,30.06341522590816,34.98262399239886,56.669066263692805
2009-12-02,189.58,191.26,185.49,186.41,340897,320710,-0.02285783499583076,30.225162102960017,34.20772158548416,56.30331514557505
2009-12-03,186.19,188.6,183.83,186.07,351788,318192,-0.0018256018816041344,29.878263288489677,34.20911853158781,55.88074784149468
2009-12-04,184.54,189.58,182.15,183.66,411579,320427,-0.01303672481417387,30.00159313495946,34.28233917663188,55.76340423291085
2009-12-07,184.47,185.2,179.36,179.92,359248,307952,-0.02057391453431591,29.299178138980196,33.652133855827834,55.6978061209044
2009-12-08,180.09,181.03,176.26,176.73,424771,264311,-0.017889163449354522,27.778051126564762,33.83767365982396,54.84966271016894
2009-12-09,177.94,179.77,170.67,171.98,526968,235576,-0.027244953218955203,28.895513649363437,33.83193915993802,54.79919881540541
2009-12-10,172.3,173.73,169.89,171.67,407657,188681,-0.001804161699912608,28.752936358084963,33.513802010584556,54.6714272893711
2009-12-11,171.74,173.27,169.04,170.03,343411,172256,-0.009599137213443335,27.39829827558582,33.559561950620655,54.65560078875007
2009-12-14,170.03,172.03,167.97,170.41,166311,235796,0.0022324060499068553,27.52216394402998,33.5485756345845,54.46421091325037
2009-12-15,170.48,173.62,170.01,172.38,169614,248509,0.011494044099951873,24.723826412277656,32.83060486989921,54.0423408443352
2009-12-16,172.74,177.86,172.22,176.39,222038,262850,0.02299611040413258,26.63472795307126,32.740389897297966,54.0663651799732
2009-12-17,176.7,177.79,172.9,175.68,213975,268299,-0.0040332943022198834,26.401157479491292,31.700494423713998,53.731969715069894
2009-12-18,174.97,179.4,174.42,176.48,278790,272502,0.004543397184026351,25.425083215036015,30.212328923667442,53.678820208124364
2009-12-21,176.41,178.43,173.52,174.82,189118,278517,-0.009450682352850435,25.474331049652317,30.29211573365552,52.76719697386593
2009-12-22,174.14,177.65,172.45,176.44,196830,275173,0.009224002084397222,25.839581630955077,30.249511032374254,52.3815149447475
2009-12-23,176.72,182.6,176.08,181.82,205585,278881,0.030036311456973174,27.606157054771387,30.818100718355783,52.130049129273395
2009-12-24,181.63,185.57,180.68,185.09,102484,279539,0.017825006574913156,26.795592032341496,28.803263537224826,52.09478005394787
2009-12-28,184.78,187.63,184.41,186.8,108895,280101,0.00919633252611708,25.515118557130766,28.850164211636258,50.35543902926347
2009-12-29,186.54,188.27,185.02,187.04,137090,279550,0.0012839719290158235,24.84591573075063,28.714955075179248,50.20958218472658
2009-12-30,186.87,189.24,186.07,188.01,156075,282617,0.005172655180935527,24.36685048230446,28.705467585370602,49.93929325525228
2009-12-31,188.01,189.72,187.73,188.2,120372,278234,0.0010100742465855436,22.920162518019605,28.6836167924047,49.93727833126494
2010-01-04,188.84,193.96,188.84,193.3,263542,290352,0.02673815906300612,24.7119982922129,28.85295561006866,48.244729436798565
2010-01-05,193.58,194.46,191.97,193.92,258887,280580,0.0032023166666643767,24.073682899137808,28.254701271695875,48.19144089548458
2010-01-06,193.11,198.07,191.73,197.26,370059,275043,0.01707695264489775,22.92450968702312,28.434916169850055,48.169808644032244
2010-01-07,197.31,197.69,195.08,196.03,246632,262309,-0.006254946783514398,21.75274273826075,28.203982116308733,47.435531866980476
2010-01-08,196.0,197.95,193.99,196.24,310377,250371,0.0010706912079008577,18.183559706784543,28.11643305534208,47.433884324248496
2010-01-11,196.55,199.08,194.37,195.69,296304,226210,-0.0028066254741195788,18.24836275369925,28.081585026020218,47.38095741891817
2010-01-12,194.63,195.27,189.5,191.59,333866,189671,-0.021174102368213314,19.986550851280548,27.667031917180406,47.406908724271105
2010-01-13,189.86,191.31,185.85,188.89,401627,140073,-0.014192837064172872,21.206993415911114,27.70343444750138,47.37226727626644
2010-01-14,188.89,190.73,187.35,188.68,197449,339020,-0.0011123766276672099,21.1787397721296,27.586278599843645,47.17726379253017
2010-01-15,188.32,188.37,184.45,185.11,190088,343424,-0.01910221544446709,21.57527302656196,27.77240697019252,46.791997644795124
2010-01-19,184.73,187.71,182.01,187.35,351108,357061,0.012028282268102488,21.69179505319857,27.25262684137137,46.804830170849684
2010-01-20,187.0,187.45,182.18,183.62,303758,372963,-0.020110120524142336,23.204173742541244,27.53100789596907,46.44415769439566
2010-01-21,183.2,185.09,178.71,179.7,327417,366538,-0.021579610926040667,24.36710976550052,27.805176586047725,46.467597625616385
2010-01-22,179.13,180.69,174.81,176.06,348819,358151,-0.020463947756753257,25.357640847395658,27.73064759959511,45.503751524044866
2010-01-25,175.35,178.14,174.93,177.76,280559,359909,0.009609479858559622,23.070515522365845,27.704545798532525,45.49352140203175
2010-01-26,177.81,178.07,174.36,176.46,256207,352878,-0.00734010409736111,22.0344328145918,27.23481138225592,45.46441789964009
2010-01-27,176.42,177.36,171.6,174.01,356179,346799,-0.013981452966471793,21.95416624597619,26.530634138194532,45.48670781968822
2010-01-28,174.2,175.94,172.26,173.94,292911,341430,-0.00040235666586788517,21.913079344881528,25.53127093833021,45.30771566593943
2010-01-29,174.53,176.72,171.08,172.17,335270,342928,-0.010228051373238345,21.77394131254877,25.375804328808055,45.29229987511892
2010-02-01,172.05,177.13,171.22,175.8,277411,338307,0.020864624462695863,23.50043874360095,25.456559915719275,45.319353911691195
2010-02-02,177.01,182.84,175.73,182.42,366269,343139,0.03696473550093563,25.440643333351034,26.563119277485537,45.419311797547095
2010-02-03,181.85,184.33,180.74,181.83,391294,329819,-0.0032395361207088963,25.338375993083883,26.50803565032819,45.34746641959834
2010-02-04,182.09,182.27,171.06,172.76,523892,311435,-0.0511688365388031,29.35069148934763,27.901915654636884,45.62190644220354
2010-02-05,172.52,174.65,164.16,168.15,596142,287290,-0.027046909906221706,30.23011316402509,27.80318966159387,45.39425609210332
2010-02-08,170.49,170.98,167.16,169.8,345638,259192,0.009764835690968423,30.717149068249867,27.910388214565153,45.188783693195724
2010-02-09,169.31,175.14,168.46,174.2,429845,222137,0.02558279054115544,32.83974927098689,28.468867087787608,45.24573735419789
2010-02-10,174.29,177.08,171.48,176.02,422057,185178,0.010393560527263302,32.79342648477944,27.962534070089795,45.250028465381234
2010-02-11,176.01,178.71,173.24,177.75,221849,235068,0.009780443737684516,32.93202465016684,28.034753109337995,44.401352950927354
2010-02-12,177.8,177.85,171.58,174.89,139389,242333,-0.01622086382225044,33.24991848893659,27.356452515869467,44.32425597797398
2010-02-16,174.56,182.71,173.86,181.74,164720,241823,0.03841988940610121,35.90120117895271,28.555928042051537,43.92300305589129
2010-02-17,182.45,183.62,180.59,182.47,139976,249204,0.004008681681242809,35.62945025111032,28.550024988529398,43.919739058866874
2010-02-18,182.47,186.98,180.08,186.44,228169,255560,0.021523695556096317,35.78187229281882,28.443413808169954,43.75474820184724
2010-02-19,185.05,188.6,183.34,187.94,314632,270598,0.008013291450378626,34.861233881349094,28.45414525236815,43.60297228131863
2010-02-22,188.5,189.63,186.98,188.53,238956,265047,0.0031343824635729,33.81331970039189,28.46060313012352,43.18779128426966
2010-02-23,187.87,188.71,183.62,185.12,316878,269101,-0.018252881973125308,34.574877728945175,28.408386835362965,42.806277594370215
2010-02-24,185.76,188.86,183.69,187.8,289321,276051,0.014373303328796019,34.65352349829747,28.08339923325604,42.809453994006894
2010-02-25,188.53,188.55,180.87,183.5,346025,268707,-0.023162899279537668,35.39950187314407,28.0234439614909,41.41764428745288
2010-02-26,183.88,187.92,182.68,187.0,319038,259774,0.018893949359961613,35.838396164650746,28.098847841705734,41.30520847217259
2010-03-01,187.42,189.25,183.25,184.75,298718,256275,-0.012105057026275517,35.94063804185644,28.04897436324975,40.451638680009744
2010-03-02,185.17,190.03,183.71,187.05,301698,255628,0.012372400965844072,35.52123561122414,27.77910450431058,40.251093117906585
2010-03-03,186.95,190.69,186.48,189.84,306910,253332,0.014805651333352854,33.53474788927934,27.939595427892073,40.05843669038302
2010-03-04,190.17,190.36,187.09,188.29,278889,249894,-0.00819828461917108,33.68324423643533,27.858172038257823,39.941023085297275
2010-03-05,189.16,192.66,188.9,191.32,299634,239885,0.01596409130375907,27.570413331071563,27.68823070933315,39.84704959823296
2010-03-08,192.0,193.46,189.56,192.19,295351,215766,0.004537047234217279,24.82884055010887,27.414029582701577,39.05711914059563
2010-03-09,191.91,192.28,188.17,191.3,332133,212892,-0.004641589600106071,25.116502127143537,26.789592925803753,37.64669799865299
2010-03-10,191.04,194.91,189.7,192.71,430148,190419,0.007343591763621955,24.03791547984426,26.80299394861349,37.606337755575694
2010-03-11,192.45,193.39,190.92,192.75,279161,162820,0.00020754423360959506,24.00945559908759,26.698016004141707,37.451701320518474
2010-03-12,192.96,195.22,189.14,190.71,337201,153514,-0.010640062827011793,24.50730778818469,26.82512323096792,37.26209319320824
2010-03-15,190.71,191.01,185.8,187.36,141848,307786,-0.017722049767019816,24.672912258405578,27.045014989584292,37.230844442489314
2010-03-16,187.39,192.7,186.22,191.79,166486,316901,0.023369123597337896,22.308194479045177,27.05784872161376,36.78892034593124
2010-03-17,192.49,195.04,191.81,194.69,184634,327839,0.015007526544073769,22.731964687220483,27.175815980273843,36.815413729096996
2010-03-18,194.64,194.64,191.88,193.12,197918,361171,-0.008096792641597548,21.991841854550263,27.242956412312967,36.68970235423554
2010-03-19,192.93,192.96,187.51,189.45,327502,342543,-0.01918661988461169,23.05954958240295,27.482152373147972,36.744703597579246
2010-03-22,189.19,191.46,184.51,190.92,351220,336159,0.00772935467308597,23.18913307251971,27.46553916979167,36.67395857864078
2010-03-23,191.41,192.32,189.17,191.65,261873,337421,0.0038162996888683517,22.103433337773634,26.8122934745443,36.56385563261513
2010-03-24,190.87,191.01,186.9,188.6,307763,329334,-0.016042421627207072,22.43089217784953,26.796321427539077,36.407073288713704
2010-03-25,187.76,190.64,187.41,188.42,296271,317719,-0.000954856578835412,20.67809527368651,26.733269288779372,35.506920467539906
2010-03-26,187.48,190.59,186.1,187.18,324607,317920,-0.00660279289141117,19.765004034792845,26.767742840422,35.43175681790783
2010-03-29,187.74,193.68,187.6,192.25,311042,324963,0.026725887656642945,21.341528687308056,27.304276707262154,35.418913271570446
2010-03-30,193.03,193.59,191.32,192.72,244435,313903,0.0024417499208624965,20.988951494285807,27.307282680562338,34.42211512769381
2010-03-31,193.03,196.19,192.37,195.97,371961,319344,0.016723227984346795,21.160599806309747,26.96968302819758,34.45606489360784
2010-04-01,195.04,199.74,194.69,198.57,295387,325656,0.013180096507978209,21.209779400716602,27.09390600033989,34.34970714464557
2010-04-05,199.6,203.32,199.02,202.67,244106,312116,0.020437357732280823,21.63712147777667,27.19085751944715,34.174744269012095
2010-04-06,202.95,203.77,201.52,203.18,290480,298193,0.002513245132177206,21.62850833540003,27.157852556381783,34.173401946196655
2010-04-07,202.99,203.56,200.09,200.94,379528,287607,-0.011085929629230681,22.0388876092134,27.262869026338464,33.74727855606426
2010-04-08,200.37,200.94,197.43,199.79,389596,272121,-0.005739541122310684,22.143284985787755,27.284195326909753,33.631219835368626
2010-04-09,200.19,202.08,196.82,198.69,442943,238925,-0.005520993746859712,22.29093666232305,26.943332469875987,33.62303936809684
2010-04-12,199.27,200.54,196.72,197.33,421904,196192,-0.006868366983663216,22.05707732099057,26.812994841972632,33.59588847904566
2010-04-13,197.33,197.54,193.66,196.8,389136,312797,-0.0026894695631814514,20.916886887243415,26.81956686151316,33.59270272945723
2010-04-14,196.2,201.45,196.2,200.55,325996,340763,0.018875607597908815,20.37485618409375,26.7510108124701,33.63574216300606
2010-04-15,200.57,201.77,199.32,200.59,261588,362387,0.0001994316205443994,19.813773770877383,26.658738409486816,32.65936144895614
2010-04-16,200.15,200.41,194.03,195.78,360600,367645,-0.024271444003321967,21.603098469579557,26.813594499024774,32.76329535726353
2010-04-19,195.32,195.32,189.72,192.22,355166,374565,-0.018351030438146013,21.50296480064102,26.705061250493262,32.821226347112734
2010-04-20,192.64,195.44,192.31,193.89,344024,374679,0.008650438547775459,21.545198445783555,26.364268234135235,32.79808189238327
2010-04-21,194.3,195.71,191.74,193.49,428236,375020,-0.0020651563950763157,21.536116657291156,26.321456744798176,32.591603937360254
2010-04-22,193.01,194.4,188.98,193.54,433947,368329,0.00025837790495897257,20.636164576738345,26.259519293721382,32.4604147638052
2010-04-23,193.66,196.98,191.74,196.82,322550,362596,0.016805396018042894,21.330870775720975,26.240262199746518,32.4915140645319
2010-04-26,197.05,198.0,193.61,194.7,337123,369104,-0.010829693092685444,21.612630083086007,26.368637337649126,32.45659349560903
2010-04-27,193.98,195.0,188.91,190.63,462842,365203,-0.021125535852268673,21.00896471854114,26.675145718965982,32.534837211898704
2010-04-28,189.24,192.94,187.97,192.43,400695,360338,0.009398074706582478,21.27816253017881,26.425577984300496,32.312384267153476
2010-04-29,192.68,198.0,191.94,196.94,393689,352922,0.02316666258718829,22.061359509139574,25.77815577840487,32.30945956688267
2010-04-30,197.89,200.01,196.92,199.2,392139,355407,0.011410231330841809,21.932313606517248,25.84329101336697,32.299730840061336
2010-05-03,199.32,201.52,198.46,199.3,324726,345539,0.0005018820682511819,20.587945469554242,23.39751410950178,31.991551029986
2010-05-04,199.07,199.41,189.72,191.32,497427,340627,-0.040863808406652984,24.94746725686575,24.29395369279034,32.26275852228201
2010-05-05,189.91,191.53,183.02,184.91,512285,333696,-0.0340781985932013,27.170889638886454,25.34591489522573,32.28728667146024
2010-05-06,184.13,185.89,172.45,178.3,605011,331817,-0.03640169534980003,29.48883178930387,25.997041691205446,32.49952426005249
2010-05-07,177.93,180.8,172.29,173.68,601534,328397,-0.026252999299058326,30.377932435590687,26.475041138560506,32.60535985368755
2010-05-10,175.99,181.54,175.27,177.58,447158,293209,0.02220668603414432,32.06618656847503,26.79611457013259,32.64547228827377
2010-05-11,178.65,179.62,174.25,176.59,441537,261212,-0.005590550179147867,32.051720080778495,26.60944435576545,32.62982384541825
2010-05-12,175.48,178.05,172.84,174.93,475847,214648,-0.009444767522858642,30.754985451974132,25.452984635697888,32.36970551149274
2010-05-13,174.51,176.78,170.23,172.04,532331,185618,-0.01665888598663887,30.825743628188075,25.643586935008074,32.11237188363417
2010-05-14,172.04,172.39,164.25,165.06,249080,379884,-0.04141796375099731,32.59983044243883,26.513804250710937,32.37367855007251
2010-05-17,165.49,166.17,159.23,160.22,265540,394192,-0.02976117337756742,33.29963642412081,27.027836949701246,32.35467110978736
2010-05-18,161.64,164.86,157.92,159.08,413717,392612,-0.00714065044748079,32.64831714638904,27.015784819228966,32.32261941344866
2010-05-19,158.82,160.13,155.6,158.6,514193,401003,-0.0030219111387423427,32.619641419339885,26.824065222805217,32.30761253112787
2010-05-20,159.19,160.35,150.66,154.92,553741,398766,-0.02347645455419618,32.723090126727634,26.923874954656636,32.36692203555465
2010-05-21,152.12,155.86,150.99,153.26,449428,397031,-0.010773029104293114,31.020620437298973,26.649993854538863,32.342567528824375
2010-05-24,154.53,155.27,152.23,153.63,279820,390449,0.002411288600310378,31.46845031640683,26.283148509470006,32.23950062482019
2010-05-25,152.95,153.26,146.94,150.44,395399,388902,-0.02098278054043292,31.462907121470174,26.47281133557911,32.24675316178703
2010-05-26,153.3,156.89,151.44,156.48,405519,391418,0.03936387268437156,35.66317257601631,27.70975144210831,32.31335498887767
2010-05-27,154.79,164.0,154.64,163.13,401812,381461,0.04161922266170408,38.45482315135068,28.96121238770155,32.59040874990505
2010-05-28,163.9,165.69,160.02,161.86,420674,374848,-0.007815664880655389,37.67130487079132,28.95811828436821,32.4004613602682
2010-06-01,161.86,164.84,156.76,158.82,438588,370460,-0.018960278600491022,37.55902014640199,28.890362696811934,32.198677006910636
2010-06-02,157.42,161.77,156.85,159.43,391034,348406,0.00383346895220922,36.2284494374929,28.88277458117276,32.19797846110645
2010-06-03,161.27,163.96,158.25,163.26,439431,343405,0.02373906760393593,36.75425325411138,29.399697200875195,32.286627413523576
2010-06-04,163.26,165.03,154.77,156.48,448494,343960,-0.04241581573670271,37.464277930526556,30.42844950072649,32.43482864191428
2010-06-07,153.94,158.62,152.1,156.32,417308,314261,-0.0010230179920346257,36.76628240562454,30.42314014509061,32.37609444692124
2010-06-08,155.71,158.86,154.81,157.53,421966,274957,0.007710728023405017,35.67350745985568,30.471379238512863,32.327452355503745
2010-06-09,158.67,164.03,157.62,162.76,436981,235520,0.032660806815611614,38.223211064498486,31.185829318047816,32.49129290811219
2010-06-10,161.64,166.96,161.31,165.16,430042,198103,0.014637977884400286,38.72731466495813,30.92859912514666,32.45674121470405
2010-06-11,165.25,165.51,160.31,161.44,421739,156818,-0.02278114441259063,39.07576156140628,30.984932416025735,32.533302931043934
2010-06-14,161.44,165.16,161.04,162.92,145483,278162,0.009125726174912948,36.5530795620425,31.067729177026106,32.53766443912849
2010-06-15,162.04,166.74,161.7,166.4,149234,280652,0.02113524560689655,35.630450457833334,31.259632857112514,32.6088003432292
2010-06-16,166.42,169.09,164.82,168.13,178723,285472,0.010342961303728531,35.58302221871447,31.299520267092262,32.51993373704257
2010-06-17,167.79,168.88,165.65,166.68,228190,288807,-0.008661683136584053,35.76057572717836,31.302927179312178,32.32469622135731
2010-06-18,166.36,167.77,164.16,167.15,171766,295610,0.002815806311854836,34.42178095472897,31.188370123654867,32.222169322027966
2010-06-21,168.07,170.74,165.99,167.89,285720,310548,0.00441739018219897,33.98846001433333,31.215570859419728,32.215769640921025
2010-06-22,166.76,168.51,165.16,166.27,285495,314803,-0.009696029996018518,34.35959758248438,31.241804720565785,32.147377741492775
2010-06-23,165.57,166.23,160.55,163.07,365038,317835,-0.019433416579102396,34.21455766661586,30.860513435509212,32.16904177987346
2010-06-24,162.32,163.54,160.87,163.41,260401,312805,0.002082823590507081,31.564870758057946,30.858025092951518,31.991670316384763
2010-06-25,163.52,169.13,162.11,168.43,316456,309630,0.030257853146601982,29.894901131247792,31.343668989596956,32.06300636809557
2010-06-28,168.73,169.54,165.99,167.13,223305,305846,-0.007748280509460846,29.892096094376143,31.18887539212321,32.06166953557157
2010-06-29,166.91,167.28,160.63,162.19,323267,301017,-0.030003465201235705,31.13097343400201,31.29162232593994,31.977253047012216
2010-06-30,161.17,164.09,158.88,161.53,357752,300468,-0.004077603573931423,31.163789189715434,31.264745681406612,31.979464073468165
2010-07-01,160.97,161.04,153.88,155.81,405081,304535,-0.03605356769640343,32.48860213938668,31.924226392413114,31.919850417858335
2010-07-02,155.21,156.72,152.97,154.08,256171,300301,-0.011165368179447686,29.091387423450776,31.954467011182754,31.890782254234974
2010-07-06,153.91,157.75,151.83,153.73,325727,292124,-0.0022741311253075148,29.09620395567777,31.95622590640254,31.566500400736565
2010-07-07,153.93,160.01,152.58,158.2,288660,280040,0.028662238409045495,30.81225576897147,32.6550659424931,31.69524052921956
2010-07-08,159.86,162.32,158.86,161.12,325813,257123,0.01828937363669883,29.184207569997124,32.96391426870808,31.736353702461095
2010-07-09,162.0,163.35,160.18,162.51,269887,233075,0.00859010936766485,28.84494620248523,32.73452270782837,31.74587790388827
2010-07-12,162.96,163.24,159.16,160.08,309169,201249,-0.015065848062439048,28.18799106913677,32.81013593370264,31.76616387642544
2010-07-13,160.31,165.25,158.58,164.78,361792,161267,0.028937560611965847,29.903190599278705,33.19915106166279,31.69744902480992
2010-07-14,164.78,166.77,163.12,164.44,187505,323448,-0.0020654888577662967,28.904045894030773,33.042249218680524,31.68896427578245
2010-07-15,163.93,165.71,160.93,163.5,202862,338845,-0.005732771692369521,28.659625360947533,32.96443640783625,31.603592423518652
2010-07-16,164.03,164.61,160.55,162.16,160890,350585,-0.008229488193563483,28.645500700045552,32.98243961990067,31.59460224597964
2010-07-19,161.51,165.82,161.04,163.27,308732,356950,0.006821769994328557,28.758296421055185,33.0370413519324,31.598350488394157
2010-07-20,163.01,165.39,161.36,164.71,285817,363942,0.008781079656511417,28.91213283079082,32.873817294677096,31.609485178877033
2010-07-21,165.29,166.81,161.78,162.55,322410,367138,-0.013200705044670078,29.07893041796095,32.901614079099,31.522300551938816
2010-07-22,162.27,168.62,161.7,168.36,358815,371296,0.03511889715245552,30.914570823091513,33.59065930837944,31.693466575985425
2010-07-23,168.3,169.0,166.45,167.68,259741,364806,-0.004047142769692525,30.97828482245889,33.50750326171785,31.69183923253923
2010-07-26,167.68,168.43,165.73,167.68,227656,360939,0.0,29.02594327821101,33.089372412487116,31.646770556166505
2010-07-27,167.56,169.19,163.04,164.54,377844,356964,-0.01890369939189321,29.672429109328807,33.121185793959164,31.135280233332036
2010-07-28,163.65,165.05,161.15,163.46,314173,356939,-0.006585389652800546,27.713230130726874,33.11932828594159,30.642080580542974
2010-07-29,163.25,167.49,162.31,166.37,350581,343903,0.01764591158366768,28.315007336518494,32.44909930097885,30.467827096309165
2010-07-30,166.13,167.83,163.12,167.62,294425,338723,0.007485288999108761,24.640389935809555,31.824107894200328,30.322927097231112
2010-08-02,167.62,173.61,167.37,172.7,306098,335666,0.029856472481872703,25.650185881398652,31.628884237779438,30.47385445210043
2010-08-03,172.84,175.46,172.21,175.26,290979,328187,0.014714600475071735,25.658206158491492,31.31873147493979,30.50052189880593
2010-08-04,174.99,176.16,173.29,175.09,293321,318383,-0.0009704581894790995,24.396719113723364,30.979941936867917,30.500607194089312
2010-08-05,175.03,175.12,173.16,174.12,234811,306541,-0.005555410754128648,24.150330062081103,30.97968333205227,30.473150572630956
2010-08-06,174.35,175.52,169.94,171.34,397532,280208,-0.01609483014819893,25.083315284781545,31.093891908603343,30.511717109002852
2010-08-09,171.78,173.59,171.36,172.99,267083,252051,0.009583902822988224,24.288326531051855,30.970702604248295,30.483821755175093
2010-08-10,172.91,173.29,168.15,170.38,385854,228129,-0.015202552744191614,23.280869563746375,29.918074019145575,30.503426524290862
2010-08-11,170.32,170.78,164.01,165.65,416889,184716,-0.028154107868789448,25.565881808559652,29.850316316068376,30.627076777291624
2010-08-12,164.14,165.54,160.34,160.81,430788,152995,-0.029653584879971624,27.648044901748758,30.448794377933915,30.4456502914194
2010-08-13,160.83,162.93,159.26,160.06,286126,138678,-0.004674798927033157,27.550477614227333,30.458101707230668,30.42829918938532
2010-08-16,160.06,161.03,158.69,159.47,108987,274022,-0.003692928179019297,27.424704390976345,30.069941000477645,30.24897888071984
2010-08-17,159.18,162.49,159.16,160.65,239911,286890,0.007372268801986595,27.361339919919114,30.00972339437258,30.012677276528272
2010-08-18,159.89,160.61,156.5,159.85,274746,297318,-0.004992210056017031,27.038982627637697,30.030933900673624,29.991614645124276
2010-08-19,159.6,161.31,156.77,157.72,288023,311703,-0.013414566496424033,23.769553589426994,29.837384898733283,29.986618471951253
2010-08-20,157.72,158.19,154.92,155.72,246977,320396,-0.01276178626717146,24.007722633077417,28.855085391347828,30.002688229184287
2010-08-23,155.89,157.11,153.46,154.2,252439,326912,-0.009809061613025881,24.059657418843376,27.577210654390854,29.85391792312378
2010-08-24,153.88,154.09,150.44,151.1,340994,323006,-0.020308591850535157,24.178481620252555,27.827991534173563,29.908550448005577
2010-08-25,150.76,153.92,149.26,152.98,343405,315845,0.012365324615025982,24.86287817322058,27.71177824952813,29.897020345536053
2010-08-26,153.61,156.05,153.02,154.75,362828,309503,0.011503717670985672,24.26453908904264,27.808892848040006,29.919217049817583
2010-08-27,154.37,159.45,151.96,158.57,477903,303054,0.02438522463677055,25.97189677303316,27.83324981099901,29.773276705026632
2010-08-30,159.26,159.43,156.12,157.57,260666,310603,-0.006326332227521947,22.94124417989128,26.45990837813139,29.652381161154462
2010-08-31,156.24,157.64,150.89,151.71,469412,316484,-0.03789900021395277,24.611958156210928,27.583092397321163,29.89168391149606
2010-09-01,151.25,157.11,151.18,155.91,396607,308681,0.027308113928458777,27.447217305265877,28.119406146924504,30.02114892074698
2010-09-02,155.91,158.5,154.22,158.25,340168,303435,0.014897143335825359,28.414593813772942,27.461460564250416,30.05985240096302
2010-09-03,158.06,159.13,154.41,157.36,379300,301218,-0.005639886943481825,28.102985339504244,27.298984176299175,29.726371580455197
2010-09-07,156.73,157.43,153.21,156.29,406641,282708,-0.0068229182267015385,27.630840012084573,26.943907003272844,29.731180997781887
2010-09-08,155.91,159.03,154.77,157.51,359759,258993,0.007775692459541877,27.717634417353427,26.924634358982424,29.728155618561964
2010-09-09,158.04,160.23,155.84,156.62,372881,238316,-0.005666458990852309,26.219596166294384,26.559895610694905,29.49806025767504
2010-09-10,156.94,161.86,156.88,161.27,431370,192787,0.02925748966963274,26.554763623677108,27.180815624434434,29.64164535994429
2010-09-13,161.27,164.14,161.27,162.58,207335,275517,0.00809020932600187,26.634070588862073,27.187894664043643,29.522068785413648
2010-09-14,162.6,164.31,161.02,162.16,238912,307091,-0.002586686174681817,26.61230988069427,27.183016819091527,29.438533513738456
2010-09-15,161.72,161.81,158.43,160.68,231268,316320,-0.009168692652663114,26.720993911664337,27.220504740258395,29.45127155706443
2010-09-16,160.14,160.64,156.95,157.81,211074,333617,-0.018023031731040133,27.435286337861353,27.39059594137032,29.498512223490795
2010-09-17,157.58,159.81,154.39,156.1,240914,350380,-0.010894950238654976,27.29392405142914,27.198659972765345,29.30044662074976
2010-09-20,155.89,159.95,155.39,158.74,292953,360238,0.01677081614134315,27.548532472591948,27.429088021476073,29.23243801070997
2010-09-21,158.76,159.12,155.58,156.2,311954,364576,-0.016130406257144052,27.9645307956076,26.849897050395775,29.007634738083038
2010-09-22,155.83,158.35,153.85,155.66,343846,369139,-0.003463095874343434,26.909889360250684,26.81998897585502,28.647171708260448
2010-09-23,155.93,157.54,153.31,156.64,295903,360440,0.006276037250958081,26.669123842534454,26.177853448101697,28.65367810841822
2010-09-24,156.16,159.77,155.56,159.37,288499,350962,0.017278364089342062,27.04171627306583,26.42073269577282,28.679781067690385
2010-09-27,159.33,160.79,157.35,159.43,289641,352137,0.00037641154773171957,25.650540293892192,25.343544185791668,28.679226418148072
2010-09-28,158.83,160.68,157.37,158.72,329350,345759,-0.004463310882711376,25.595458168652613,25.250154000407253,28.10136867204454
2010-09-29,158.76,162.79,157.51,162.22,388993,342688,0.02181179510563593,22.32310929588822,25.617168845593962,28.18769089341834
2010-09-30,162.33,167.06,161.58,166.62,418628,341496,0.026762331904564608,22.24612458249139,25.53202994245995,28.292042102431576
2010-10-01,166.35,170.33,166.06,169.97,359944,327984,0.019906180342496926,22.659031490147672,25.581262470417276,28.355763988444416
2010-10-04,170.18,171.64,168.29,169.75,313306,320419,-0.0012951844504545836,22.47650322160897,25.53436781381403,28.34788271984928
2010-10-05,169.54,172.91,169.08,172.56,336832,318650,0.01641823564209542,22.535001207223115,25.517898270203116,28.334835284734417
2010-10-06,172.1,175.2,171.45,173.41,349174,314185,0.00491373072955694,22.510316278477656,24.87137073491366,28.17740693990306
2010-10-07,173.5,175.91,168.77,170.16,450952,276817,-0.018919561918476217,23.783836614568333,25.193536308257908,28.24042477896918
2010-10-08,169.66,173.2,167.31,172.22,414081,259758,0.012033558376037312,22.09793029987515,25.266695855293293,28.18926350602966
2010-10-11,172.83,173.97,170.47,171.29,234320,211068,-0.005414702758125627,22.227988444039436,25.22997586030284,28.167397156193452
2010-10-12,170.72,171.54,168.52,170.16,333582,184603,-0.0066188556179118336,22.398430298422404,25.245885804924306,28.15969645396163
2010-10-13,170.27,173.87,170.18,172.95,330288,162926,0.01626336449119592,22.474164701671224,25.394454889309987,28.017939452381995
2010-10-14,172.95,174.83,170.89,171.86,214511,382370,-0.006322343498100579,21.33023953304351,25.271149082979644,27.996220304465474
2010-10-15,172.15,173.14,167.84,168.91,228253,397209,-0.017314163192823438,22.04504923925534,24.514436084690498,28.01955658824849
2010-10-18,169.47,173.08,167.02,172.77,284111,407611,0.02259520149443717,22.58487882689704,24.928602602453196,28.097789812616675
2010-10-19,172.65,172.95,164.6,165.26,470435,409809,-0.04444123891365255,27.64062780366207,26.575897106341927,28.29552752617635
2010-10-20,164.79,170.25,164.73,170.17,422745,410613,0.029277946110307033,29.0604905416609,26.962426035174424,28.455247197039313
2010-10-21,170.19,170.5,165.12,166.09,378285,399236,-0.024268127272437694,30.778538970276742,27.40254277625378,28.543227208645845
2010-10-22,166.44,169.2,165.78,168.42,256382,388298,0.013931049490938652,30.593939550198396,27.312335518506803,28.49287352790296
2010-10-25,169.08,171.7,167.92,170.13,339395,391583,0.010101991092200311,30.688004916559002,27.34737284367223,28.489174662853245
2010-10-26,170.03,170.87,168.67,170.19,265930,376549,0.0003526093125391661,30.57490827305695,26.64235450328914,28.36730682986261
2010-10-27,170.05,170.48,166.01,168.93,375249,369334,-0.007431032071948587,30.007330568855323,26.49745152032849,28.20199149513999
2010-10-28,169.04,170.38,168.03,169.43,296748,365275,0.0029554342353780017,28.559480743962045,26.50740317846069,27.96971892173158
2010-10-29,168.89,169.31,166.09,167.88,313874,364548,-0.009190423704624818,27.841158799586573,26.5471725003885,27.942448073126297
2010-11-01,167.92,172.89,167.66,171.02,358535,360131,0.01853107026241913,28.654844432237525,26.632706606189238,27.941768609502347
2010-11-02,170.87,174.15,170.77,172.97,281834,362718,0.011337660328022645,28.332455521424972,26.66215848754553,27.947196139643687
2010-11-03,173.94,175.99,172.29,174.6,393735,364559,0.009379474349669736,28.47667583443694,26.5392289198633,27.949279778091658
2010-11-04,175.43,179.02,175.08,178.31,317997,370009,0.02102596514045359,28.42315858363088,26.19012414853314,27.894365945793574
2010-11-05,178.54,180.25,177.22,179.06,317997,357068,0.004197336660054627,28.20393426794885,25.3919666673365,27.77712277663718
2010-11-08,180.17,180.38,177.22,179.49,309966,305805,0.00239855086404033,28.069473423151443,25.35638200070005,27.774827212033898
2010-11-09,178.85,180.67,176.23,178.79,367995,269039,-0.003907563306321487,27.971051121022832,25.358445603106976,27.775302499451225
2010-11-10,178.23,181.86,177.51,181.04,472840,244101,0.01250606856155322,27.75634414791807,25.427445066000505,27.64399233155653
2010-11-11,181.12,182.73,180.48,181.04,343012,216785,0.0,27.586492601467498,25.389436158924063,27.638376025085353
2010-11-12,180.87,181.12,174.25,175.0,478815,197922,-0.03393202740176782,29.725443682667656,26.257413229500443,27.656106872521008
2010-11-15,175.0,177.05,174.38,175.14,149117,310762,0.0007996801705642441,28.689048212020857,26.08418327681683,27.654905859476287
2010-11-16,174.48,174.95,169.47,170.11,224785,321825,-0.029140367472586807,25.87313403875644,26.749071470239844,27.799895386833768
2010-11-17,170.15,170.79,165.61,166.41,354527,342062,-0.021990663886238642,24.94202388766876,26.810164766591022,27.766262226062256
2010-11-18,166.41,170.31,166.17,169.25,369365,350317,0.01692228905713148,24.143905166338197,26.904357008678243,27.812560433670413
2010-11-19,169.94,171.09,166.49,168.34,324513,353708,-0.005391168008954262,23.735981563971002,26.863757149141072,27.816539787095774
2010-11-22,168.69,170.17,165.67,167.85,290222,351027,-0.0029150203573862117,23.447453070838208,26.445555433380086,27.747383780177493
2010-11-23,167.58,168.59,164.85,166.84,351860,351130,-0.006035454097299324,23.519867066101252,26.44220501783787,27.632895650447605
2010-11-24,166.31,173.0,166.27,172.2,324511,343175,0.031621322664885855,26.05116017471157,25.91237171958239,27.711417113115207
2010-11-26,172.92,173.58,169.98,172.0,174178,339956,-0.0011621151801772627,26.05030087551104,25.381392855232075,27.662371579944377
2010-11-29,172.28,176.39,171.65,176.04,335800,330798,0.023216765129437596,26.93456838733475,25.623156030110927,27.72622944560519
2010-11-30,176.21,176.39,171.57,172.72,338358,323184,-0.019039455736338726,27.24507126184851,25.934055126779228,27.69745292233437
2010-12-01,171.79,178.55,171.73,178.14,340736,322736,0.030897971797171415,29.099193328806127,26.558399301088855,27.87356772668157
2010-12-02,178.24,180.97,177.15,180.7,330642,316409,0.014268439594459482,29.326248590548136,26.649993589564392,27.880858197673025
2010-12-03,180.58,183.76,178.94,183.15,354635,313833,0.013467291626640671,28.783893715491775,26.694477225224773,27.836878374300355
2010-12-06,183.66,184.32,181.85,183.54,293836,299677,0.0021271381660436287,28.766003231141084,26.110292395854472,27.778656493943355
2010-12-07,182.59,186.37,180.79,182.12,462689,266057,-0.007766816924285648,28.937297340332346,26.158547834674255,27.652793108564655
2010-12-08,181.42,182.74,179.33,181.28,383144,234912,-0.004623013186885173,28.953605849733027,26.176760358418207,27.656338782037032
2010-12-09,181.83,183.62,180.11,181.46,353964,194553,0.0009924464617866505,28.61697189413438,26.076585938607284,27.638727481479137
2010-12-10,181.75,182.76,178.86,180.27,313842,162480,-0.006579516727536551,28.715637552170588,25.804816096687528,27.646522561946718
2010-12-13,180.05,183.76,179.55,181.96,329766,148316,0.009331155687857088,25.951104616554343,25.698532738002456,27.638451796867535
2010-12-14,181.96,183.41,181.03,182.06,139482,268558,0.00054942037533926,25.9527279655202,25.52973218605282,27.542930942344075
2010-12-15,181.92,183.76,179.17,182.88,193930,288833,0.0044938969693578005,23.212247537540087,25.24260272140867,27.543202568550136
2010-12-16,182.61,183.39,181.03,181.16,177355,296392,-0.009449581358487376,21.758432875721912,25.333953733920605,27.55649431628497
2010-12-17,181.36,182.8,179.74,181.57,225957,300595,0.0022606355945624904,21.241832843283778,25.321945652696826,27.54047594307027
2010-12-20,181.94,183.55,179.78,183.15,265975,305211,0.008664234942247852,21.045388434741735,25.167726861482837,27.538667007540607
2010-12-21,182.84,184.64,182.51,184.07,187321,308656,0.005010630819807149,20.876567547709282,25.170376754455365,27.37794817364555
2010-12-22,184.42,186.08,184.13,185.42,187386,311552,0.0073074021342055505,20.50797078417848,25.14897108007083,27.329157808853626
2010-12-23,185.69,187.78,185.11,187.53,145007,312495,0.011315310432994363,18.183562068277176,24.897071500904058,27.337195411086917
2010-12-27,186.63,188.29,185.48,186.49,104321,313553,-0.005561214268475633,18.423144624023465,24.423807802706484,27.342619304553768
2010-12-28,186.06,187.86,185.97,187.49,104415,313081,0.005347892311504342,16.99312679457823,24.14546302417477,27.342961233141917
2010-12-29,187.04,187.57,186.08,186.73,117853,312896,-0.004061787423870933,15.128448090574237,24.166451361508123,27.34578566807254
2010-12-30,186.44,187.31,182.43,184.11,209645,312589,-0.01413031816187313,12.72253545120293,24.17673021840151,27.248554467433955
2010-12-31,183.76,188.66,182.49,187.26,171010,311738,0.016964620441627564,13.107434048557307,24.383610345220777,27.300901128493
2011-01-03,187.12,189.72,186.92,187.61,225189,315022,0.0018673145447766605,12.361479871028976,24.017473593950022,27.246481100732765
2011-01-04,187.51,188.68,181.08,183.17,415521,310848,-0.023950656683394085,15.23482529566186,24.47927389135412,27.344024751551068
2011-01-05,182.98,186.16,180.54,185.05,416908,302621,0.01021137546003944,15.370967390434798,24.513079253978635,27.363958153058647
2011-01-06,185.4,185.89,180.03,181.12,440456,288938,-0.02146626381734687,17.21141444084533,24.903372153198703,27.445713929801595
2011-01-07,180.71,183.37,178.8,180.4,444813,251299,-0.003983187386294859,17.26221324419271,24.71974803820745,27.367609783917796
2011-01-10,182.39,184.4,180.6,182.9,430277,226754,0.013762947768296781,17.78206185227496,24.81845887139323,27.367298278314333
2011-01-11,183.02,187.28,182.24,186.71,429761,195730,0.02061705558042447,18.92135021861336,24.837884475239843,27.446236790852733
2011-01-12,186.85,189.33,186.06,188.25,382686,169217,0.008214255702758527,19.076616274020544,24.49286290736743,27.3912190254597
2011-01-13,188.53,189.29,185.97,187.31,358898,129665,-0.005005868372202024,19.18792685574523,22.598425442566096,27.369320613247584
2011-01-14,187.3,188.53,185.47,188.32,238650,374420,0.005377645204165625,18.814993703449325,21.889875185197084,27.299333944941743
2011-01-18,188.28,188.97,186.06,187.79,267097,399893,-0.002818326291851652,18.88967251009077,21.23508001916299,27.213387847174648
2011-01-19,187.57,189.24,186.06,186.78,325048,411835,-0.005392863538543168,18.85974657934626,21.142233735136998,27.139670189617433
2011-01-20,186.41,186.76,180.86,182.26,442041,410592,-0.024497214613591136,20.829327842264313,21.737341894771046,27.23631244789768
2011-01-21,181.97,183.54,180.79,181.28,287810,405376,-0.005391441788284563,20.685746837787555,21.778154107130888,27.23162745487337
2011-01-24,181.59,182.34,177.54,178.76,356085,409644,-0.013998673214445515,20.61743207026256,21.9284961854811,27.231717678094974
2011-01-25,178.41,178.72,175.2,175.34,338646,408392,-0.019317177904811127,21.45868991204967,22.3128737061925,27.30142965189573
2011-01-26,175.42,178.6,175.02,177.66,347753,410630,0.01314466518111525,22.035667654305406,22.36495376834022,27.313379164731376
2011-01-27,178.11,178.33,173.35,174.22,369379,407802,-0.019552742950808888,22.834900451176086,22.447509475159077,27.304224065497216
2011-01-28,173.49,182.54,173.15,181.75,584789,396281,0.0423132480228829,27.62609743795361,23.945179019295125,27.38274425267793
2011-01-31,183.03,188.87,179.84,187.55,436801,395576,0.03141336011426768,29.274540939228384,24.695408564788227,27.561877073939282
2011-02-01,187.57,188.08,183.76,184.66,392882,389902,-0.015529180183414624,29.780382545791056,24.577495658036828,27.11934610660632
2011-02-02,184.13,186.71,183.3,184.84,312107,381561,0.0009742896575837359,28.496221695027856,24.566125707025783,26.979290926250517
2011-02-03,184.99,187.26,183.09,184.19,290494,375845,-0.00352275247105417,28.288746042501465,24.57685340448363,26.965485065525364
2011-02-04,184.37,186.49,179.94,181.12,359925,365414,-0.016808038516193335,27.870237253879083,24.815164110342664,26.899429833929027
2011-02-07,181.18,182.16,177.36,177.97,324984,334518,-0.01754479825292387,28.535115284730583,24.943352537998255,26.938037324590063
2011-02-08,177.82,179.25,174.71,176.87,414877,293484,-0.006199997315191915,28.071243476840596,24.97267194858292,26.92735981834628
2011-02-09,177.7,178.92,175.69,176.4,367209,260987,-0.0026608558740114064,26.80696305056025,23.98125151994757,26.879164823199957
2011-02-10,176.85,178.82,174.87,176.44,419188,221434,0.00022673166404795696,26.518487203474784,23.980858461687703,26.599226177658895
2011-02-11,176.44,176.64,172.34,173.18,248656,243701,-0.0186493592170838,27.075396697940697,23.526126809781708,26.660851724628102
2011-02-14,173.12,175.64,171.95,172.4,218628,255591,-0.004514157790062454,26.851539129487357,23.08747589313983,26.574068783012684
2011-02-15,172.34,174.03,169.23,170.15,229224,258637,-0.013136957282677948,27.01938370533891,23.000908398954,26.5918348225785
2011-02-16,170.5,172.48,169.21,170.67,254054,268574,0.003051466483750798,27.166152828381424,22.980069644829733,26.59172466245169
2011-02-17,171.21,173.41,169.72,172.61,307820,276260,0.011302846967932283,26.639810931478113,23.081488985716877,26.55642548205579
2011-02-18,172.92,176.73,171.82,174.3,370523,297201,0.009743238127377388,26.97806222503834,23.11814261298087,26.53462968400051
2011-02-22,174.95,191.34,174.42,185.4,638193,300882,0.06173770060577957,34.7672113151216,25.5346329519206,27.156074493569342
2011-02-23,185.9,194.2,184.85,190.61,489667,303774,0.027713802609226817,34.98166275356359,26.098559943186295,27.232373000769012
2011-02-24,192.3,200.92,185.79,189.01,507456,298362,-0.008429532028116738,35.08606112713183,25.78881955848331,27.218230194473435
2011-02-25,187.75,192.74,186.86,190.18,307903,289592,0.006171068398433379,34.05670823966725,25.45982443694612,27.197024596079196
2011-02-28,191.38,194.22,187.9,188.41,262001,287572,-0.009350552821389005,31.246623350227477,24.809791810377348,27.17265831347801
2011-03-01,188.41,195.64,187.24,193.58,322429,295011,0.02707042443103341,30.73454225701015,25.238689403349873,27.295800928288067
2011-03-02,195.23,199.15,192.76,198.63,446378,293546,0.02575293388392179,31.176303010034896,25.617575831975742,27.370928445605387
2011-03-03,198.94,200.01,194.59,198.01,382555,280646,-0.0031262631351613186,31.25679120147669,25.633407867944726,27.36931120732572
2011-03-04,197.6,204.34,197.29,202.88,369148,275563,0.024297136779158,31.98612212482088,25.99065250462642,27.472385984684074
2011-03-07,203.33,207.8,202.55,204.87,404435,262242,0.009760960392246486,30.976447788204432,26.00601169059878,27.479787373788074
2011-03-08,203.72,205.55,200.77,204.05,420036,233827,-0.0040105697892928805,29.95854149613393,26.034806171763137,27.483108257880655
2011-03-09,203.93,205.8,201.87,202.81,353948,222835,-0.006095481685773949,29.952531301554714,26.02821673040093,27.468704325800996
2011-03-10,202.94,204.13,195.5,199.54,432988,215405,-0.016254862680679834,30.8983556249118,26.246145034692585,27.459384768289517
2011-03-11,199.43,200.13,192.37,196.55,342531,207719,-0.015097865617491636,31.75578662898965,26.46627153611987,27.403175520578742
2011-03-14,196.55,198.87,192.94,197.62,121915,316268,0.005429142898947299,30.461375143035745,26.47182130645896,27.367284112652833
2011-03-15,198.76,198.78,188.93,189.47,218453,320282,-0.04211529412254596,34.884121222037216,27.8486404591927,27.68121624612705
2011-03-16,189.63,194.48,187.62,191.35,225137,332372,0.009873511227440518,34.272681648068236,27.90994346074677,27.631891569246363
2011-03-17,191.62,199.1,188.78,198.0,165099,343874,0.03416281882282403,35.68338310568259,28.692161705025654,27.833051540015465
2011-03-18,198.79,202.16,195.33,196.96,227003,352160,-0.005266368258391779,35.92853372697342,28.712678752961594,27.83586691314962
2011-03-21,199.22,201.64,198.41,199.36,241888,363721,0.01211157316294492,35.96584523730726,28.77365494142402,27.814044602998074
2011-03-22,198.68,203.44,197.44,202.99,303365,369181,0.018044481145588053,29.939672454974847,28.90735135072037,27.871260297679417
2011-03-23,202.76,205.64,201.85,204.5,254571,363643,0.007411258738179899,28.696247796912523,28.897701262967313,27.87165859892971
2011-03-24,204.05,206.32,202.58,204.21,258015,362319,-0.0014190993548866707,28.415687703204494,28.892857133817245,27.745099388855422
2011-03-25,203.94,204.89,202.08,203.82,235658,355480,-0.0019116247274223134,28.473563561376814,28.878777971417424,27.74504800182052
2011-03-28,203.88,204.52,200.34,201.08,223079,351089,-0.013534412576172989,28.7605727644901,28.865292947280132,27.729250368307817
2011-03-29,201.0,203.05,198.6,202.64,246824,350797,0.007728166869045131,27.424689931848505,28.715194513018005,27.70862406472342
2011-03-30,201.99,203.34,200.03,201.64,256895,346588,-0.004947076478989638,26.072413508821533,28.743547389612377,27.637003565868916
2011-03-31,201.71,206.59,201.35,206.38,270630,345009,0.023235200473138158,27.206834517525536,28.60628780909962,27.734364909145526
2011-04-01,206.18,209.76,205.56,208.73,283710,338384,0.011322421070246683,26.171051163202126,28.620831347914493,27.734454215042902
2011-04-04,209.41,210.36,208.04,209.76,228494,331396,0.004922469257574669,26.02249081829599,28.20435253781343,27.73218976923567
2011-04-05,209.24,210.01,207.88,209.51,249358,315901,-0.0011925490954688032,25.967114186808093,28.182969595571873,27.726565456959527
2011-04-06,208.83,211.07,208.31,210.46,255598,303406,0.004524140392745368,25.838161088756245,28.088618883793437,27.720713991527113
2011-04-07,210.15,213.57,209.3,213.3,334906,277837,0.013404014164638772,25.218996215485607,27.926574335199433,27.75047174086513
2011-04-08,213.34,218.93,212.93,218.11,319475,250489,0.022299897206456365,25.0872342258423,28.203551117825597,27.77575997015872
2011-04-11,219.06,219.41,210.17,212.56,364348,209195,-0.025775221232203115,27.389680369580116,28.754001432349046,27.899199070879128
2011-04-12,210.73,213.18,203.96,205.47,555625,177160,-0.03392426357363456,25.67535148709498,29.676406299319808,28.00164357598756
2011-04-13,205.47,208.4,204.23,207.57,268856,291951,0.01016859430090575,25.68443511842074,29.715899137704383,27.956857001429718
2011-04-14,208.01,210.32,205.1,209.47,208695,311358,0.009111898838845358,23.211637923178507,29.717349573872127,27.958289075605116
2011-04-15,210.23,213.27,207.68,212.4,190936,323462,0.013890758350109056,23.322761654685817,29.298723871479503,27.99045179177958
2011-04-18,212.08,212.1,206.39,207.53,288280,351785,-0.02319538183421491,24.95855314489886,29.728896768552875,28.090293551665653
2011-04-19,208.24,210.25,204.29,208.67,324778,358632,0.005478149211724354,24.27696898496882,29.541481576278724,28.045835347963227
2011-04-20,208.99,215.18,208.05,214.77,291546,361085,0.028813631330910167,26.102275062830476,29.66430365274811,28.169716629989093
2011-04-21,214.62,216.76,213.91,216.39,240462,355227,0.007514647107487432,26.119267216199404,29.60753833070564,28.09496548429556
2011-04-25,216.49,218.69,214.06,216.37,209683,350537,-9.242998435258567e-05,26.08280650646354,29.232584238691206,28.080723600339645
2011-04-26,216.12,217.07,214.14,216.24,234441,346993,-0.0006010032311460726,25.391063003635576,28.10720278593631,27.98753046868847
2011-04-27,215.62,218.53,213.35,217.3,338697,348610,0.00488998529419177,25.350323830825566,27.4763310894928,27.96915935706631
2011-04-28,218.01,219.63,215.24,217.49,301604,352319,0.0008739851978853994,25.17691204369416,27.222255994074967,27.969205043053975
2011-04-29,217.41,220.04,216.32,219.55,201831,341620,0.009427124547457125,24.220921952834978,27.25410712566591,27.67341920413779
2011-05-02,219.48,221.29,213.56,218.76,310994,340962,-0.0036047585291545973,24.127643272207788,27.25493363905554,27.45577020984112
2011-05-03,217.72,218.19,212.56,214.0,300333,328010,-0.02199922345672041,25.594347064354668,27.435160845652916,27.296563523790457
2011-05-04,213.29,214.33,209.05,210.52,333018,321820,-0.016395354536273245,26.325592051209647,27.399777884627646,27.215767649678142
2011-05-05,209.63,210.79,189.34,192.32,670082,331066,-0.09042000913873556,41.48451317846469,33.36764323670095,28.63024035958387
2011-05-06,192.25,197.3,182.36,187.27,606528,308727,-0.026609225574425615,41.62442547567141,33.84946824999655,28.75166053792253
2011-05-09,189.07,199.26,187.74,197.62,469290,290599,0.053794568994399716,45.80656157127117,35.53565909275659,29.23319793784299
2011-05-10,197.41,200.32,192.94,200.19,439607,256673,0.012920920816808188,45.52988850003135,35.34478336469783,29.208446644558983
2011-05-11,199.82,201.57,187.89,189.26,524761,233531,-0.0561451845035383,48.14019071894567,37.30656120631921,29.459238279353784
2011-05-12,189.99,193.65,183.56,190.72,522503,208145,0.00768465279689834,48.05047297539556,37.200215667251435,29.308852568532572
2011-05-13,190.42,194.06,187.1,192.03,367717,191189,0.006845225945036831,47.97365350964816,37.21334463295583,29.304637571683745
2011-05-16,192.03,192.34,186.98,187.98,171276,372506,-0.021316035629866364,47.82606296158697,37.4633468031702,29.38593393685866
2011-05-17,187.46,188.9,183.54,187.17,242871,386598,-0.004318279401350674,47.39896977054149,37.44076800552943,29.2893414370612
2011-05-18,188.61,194.84,188.21,193.19,286251,403840,0.03165686581365802,49.06024479508736,35.83606843982919,29.429759586494242
2011-05-19,192.55,194.49,189.48,190.06,311515,417459,-0.016334348821293487,47.6708281201137,35.552984543776105,29.48032133350418
2011-05-20,190.31,192.92,185.1,192.3,394911,416630,0.011716840811564917,47.853125175913256,35.58984908862002,29.417958149172
2011-05-23,191.5,192.19,185.14,187.69,296828,411611,-0.024264986926575676,48.23171235516469,35.920014544173384,29.27104463369647
2011-05-24,187.39,192.28,185.6,191.32,323171,397628,0.01915575314393757,49.08758579991872,36.085208303178916,29.039416914122036
2011-05-25,190.71,195.24,188.65,194.65,354880,394471,0.017255655244368628,49.64855480050978,35.82884383171617,29.07462764324269
2011-05-26,194.49,195.76,191.36,192.55,332135,386946,-0.01084721379554685,49.62317904374818,35.492790358891405,29.03037543534972
2011-05-27,192.42,194.49,192.19,193.24,212254,376620,0.0035770794252880413,49.42360504342025,35.498337277348604,29.030113058572294
2011-05-31,193.44,198.62,191.34,197.3,319037,365230,0.020792473342363775,50.35540483709874,35.401299955749955,29.008016528393775
2011-06-01,197.26,198.47,191.4,192.67,376476,355555,-0.023746532135900975,50.436645940970095,35.65302250094953,28.78652115424124
2011-06-02,191.71,193.9,189.15,192.88,389637,338132,0.001089352980246749,50.30588416205832,35.650090799476054,28.78592460978686
2011-06-03,193.78,193.78,188.5,192.53,351309,328205,-0.001816248131671476,38.69796763313767,35.634433715784795,28.77880395599208
2011-06-06,192.92,193.42,189.33,190.21,289670,317727,-0.012123260776494445,37.70298189407642,35.56822815514177,28.627914492753586
2011-06-07,189.84,191.63,187.77,190.36,415373,288420,0.0007882912881600487,32.09516189237448,35.44422136469162,28.59304553608297
2011-06-08,191.3,195.74,188.31,193.53,484275,269561,0.01651552295935031,32.33932958019109,35.59637140427021,28.540429192830658
2011-06-09,193.71,196.8,193.53,195.82,345542,234479,0.011763330713665362,25.41623848478764,34.59467833009521,28.549513293250033
2011-06-10,195.65,196.24,189.42,190.75,379238,203326,-0.026232199761358887,27.149948841936673,34.96835364784945,28.603018583346067
2011-06-13,190.75,191.65,185.53,187.73,140488,230489,-0.015958909828295672,27.591365725156457,34.37735475763522,28.63372813978704
2011-06-14,187.52,192.09,186.14,191.61,141206,242567,0.020457295905336792,27.522733698532498,34.64061899835699,28.689235650231314
2011-06-15,191.88,192.63,181.27,182.78,222394,267615,-0.04717881239755202,32.387261592733275,35.83224501197459,29.085762751563504
2011-06-16,183.7,184.59,181.81,182.98,154315,279879,0.0010936134073334547,30.00600030917508,35.60609102466223,29.082981674077878
2011-06-17,183.24,183.84,176.97,179.21,196081,295536,-0.020818554696091805,30.31656276456955,35.766201345864296,29.14321884663173
2011-06-20,178.77,180.12,175.59,179.66,277378,326404,0.0025078732457631085,29.899464021935174,35.77891638775688,29.076040884345066
2011-06-21,179.91,182.48,178.22,180.69,323911,345510,0.005716679922678879,29.005097908445503,35.81508415738301,29.08047371211645
2011-06-22,179.91,183.63,178.91,183.07,296275,336389,0.013085737639183862,28.496219475821732,35.864618606994284,28.952876943948358
2011-06-23,181.13,181.27,172.1,174.65,484057,326552,-0.04708462211008225,31.646707996474333,36.9993113710357,29.33088852817609
2011-06-24,177.09,177.18,172.35,174.92,337767,330972,0.0015447552918787042,31.670585202231944,37.004723182850014,29.17296564230164
2011-06-27,174.92,175.19,171.94,173.86,278681,318472,-0.006078348893801408,31.516876580662128,36.62409124576549,29.176696952324182
2011-06-28,174.05,179.16,173.54,178.24,279024,316712,0.024880579088000957,31.995271312370164,36.95223991984002,29.049548058695564
2011-06-29,179.16,183.9,177.8,181.84,348790,311066,0.019996222805368558,32.375793912345436,37.212075333266995,29.090936727239686
2011-06-30,182.44,183.86,180.14,183.09,276580,303770,0.006850655680225413,32.53397827150992,37.25952172134243,29.09603883790202
2011-07-01,182.52,183.03,179.31,182.17,263626,299737,-0.005037518181775847,32.54371867953581,37.23683074775647,28.964685185606832
2011-07-05,182.25,187.04,181.02,185.91,275650,291009,0.020322368599388255,33.334638666226816,37.38897399308867,28.97799218723157
2011-07-06,186.12,187.64,184.01,185.45,288321,277669,-0.0024773817065260237,33.329695616573936,37.03609406615887,28.968303973986657
2011-07-07,186.2,190.77,186.1,189.33,339270,263471,0.020706220328658178,33.65847799911181,37.024391623526874,28.99604081876925
2011-07-08,189.56,190.31,183.44,184.59,347999,241645,-0.025354374843749285,34.349142271156076,36.74870420630852,28.97274431366289
2011-07-11,184.4,185.64,180.63,182.57,311449,219452,-0.011003488295089776,33.39229561714402,36.71066483950483,28.99449967292624
2011-07-12,182.46,187.08,179.5,186.95,343493,185084,0.023707540297703722,34.182391697962075,37.022263078443146,29.08181929289546
2011-07-13,185.59,190.36,185.22,188.14,355098,159031,0.00634516512068269,33.40912094937098,36.91698501967155,29.07417265913311
2011-07-14,188.14,190.3,182.02,184.19,184909,336842,-0.021218533012793837,29.706736390853205,36.870750909436104,29.149589802110466
2011-07-15,184.74,188.04,183.27,187.04,138963,343972,0.015354664192746652,30.179451808244124,37.01146695839318,29.17598960065453
2011-07-18,187.49,187.91,182.16,184.46,182989,362427,-0.013889859916185378,29.60689871664071,36.53323348638929,29.17934867363114
2011-07-19,184.84,189.69,184.46,187.54,294707,377405,0.016559518183906212,30.090089906253652,36.68621584785466,29.015576845392456
2011-07-20,188.73,190.44,185.76,188.58,295669,376393,0.005530164046052163,30.087227297614337,36.719303539529555,29.016548269428853
2011-07-21,188.5,191.95,186.28,189.98,293973,381714,0.007396483424504953,29.879696166106378,36.77156800922385,29.024837401266673
2011-07-22,190.11,192.01,188.64,191.39,223266,377153,0.007394427587945428,23.6549281964463,36.795644440256815,28.966949185960132
2011-07-25,191.18,191.39,188.81,190.11,205209,370483,-0.006710379046446324,23.974589935561923,36.8021490067184,28.967265882513328
2011-07-26,190.02,192.83,187.35,190.86,332692,370529,0.003937322985572546,23.66874541891034,36.74495046740326,28.918300674202772
2011-07-27,190.07,190.69,186.16,186.66,304524,367659,-0.022251394851507157,24.235503913829174,36.97051274406561,29.000117165852814
2011-07-28,186.41,187.83,184.96,186.74,236246,361370,0.00042849491817934437,23.319338251228327,36.75410885456879,28.848023338653896
2011-07-29,186.2,186.64,181.97,183.4,284385,362094,-0.01804771523341534,24.195815096783495,36.78277935661652,28.87001019289662
2011-08-01,184.36,188.96,179.03,181.85,398857,364537,-0.008487388389366548,24.32333094579504,31.90854915016591,28.882907336378388
2011-08-02,182.1,183.36,178.38,179.74,328175,352810,-0.011670809202770627,23.396139436087726,31.539859408356506,28.90165605686278
2011-08-03,178.52,179.67,174.82,176.18,350221,351961,-0.020005162548577708,24.28500933624827,29.665891477453176,28.92652413114708
2011-08-04,176.2,177.44,164.89,166.02,535941,345637,-0.05939793665476007,30.06330484745327,31.75026737984941,29.520897485060978
2011-08-05,165.77,169.26,158.82,166.5,512488,327694,0.0028870463936089778,29.386551578513785,29.783298345003146,29.483481932597044
2011-08-08,164.26,164.3,153.64,155.83,521066,302179,-0.06622963996297536,36.517213591639056,32.47306584894285,30.09179449635111
2011-08-09,155.42,159.16,145.09,151.97,605796,271589,-0.02508253651200949,34.98766581073088,32.70260541383201,30.05005337009672
2011-08-10,156.96,159.33,152.41,158.85,520144,247528,0.04427722777001126,39.66732525243195,33.949603214904144,30.376842329677604
2011-08-11,157.05,164.76,155.29,164.28,502092,215412,0.03361192837283278,42.03276009006067,34.75775900654364,30.561656459822505
2011-08-12,163.95,167.44,161.02,163.63,350091,203031,-0.003964507647553677,41.301095734247866,34.036014944390196,30.555620329437343
2011-08-15,163.63,168.22,161.34,167.89,105366,253216,0.02570122160750243,42.750690869703554,34.4085530250617,30.659338054187486
2011-08-16,167.51,167.85,163.55,165.44,152593,275622,-0.014700411728242331,42.123736547691806,34.38245571928121,30.665386391733456
2011-08-17,166.62,169.89,165.44,167.11,153155,297012,0.010043686895227113,42.32142545859542,34.173446494508184,30.653373210391454
2011-08-18,166.77,167.07,154.81,157.17,265833,307645,-0.06132425612705344,46.27250287266838,35.98414095774515,31.255435644649022
2011-08-19,155.15,159.59,151.21,156.98,392953,312124,-0.0012096133895703404,45.95606810552848,35.7322173524186,31.18811821872137
2011-08-22,156.71,161.53,154.63,160.81,374045,314873,0.024105135167265753,47.51590862602433,36.14439607786326,31.256839249130085
2011-08-23,160.86,164.56,158.86,162.75,353947,314556,0.011991737222745352,47.87722333432205,36.25080005386413,31.258663787838586
2011-08-24,163.19,164.94,161.05,162.22,294928,307265,-0.003261842446479981,47.599442616559315,35.91401921682243,31.165294604534683
2011-08-25,162.24,164.88,158.12,162.48,357816,304999,0.0016014786299304413,47.625590685858135,35.671402571722034,31.15893685463589
2011-08-26,162.08,163.13,158.01,162.62,283261,301629,0.0008612735075624199,47.51446436239007,35.670359983473986,30.922376119730284
2011-08-29,162.54,166.9,162.12,166.24,208605,294270,0.02201633657122576,48.52669598690934,36.03224979540986,30.880096778880745
2011-08-30,166.69,169.93,164.69,169.34,315383,288298,0.01847600086321389,49.11118936272133,36.22644636891368,30.899353341361962
2011-08-31,169.13,170.56,167.0,169.17,317696,286496,-0.0010044017269308417,48.698963258784346,36.22254886619879,30.893883549903446
2011-09-01,169.02,171.25,168.03,169.4,282342,283290,0.0013586557307535912,43.72794271132025,36.02487371770493,30.885740150616048
2011-09-02,169.11,169.51,162.71,164.67,307284,277716,-0.028319310988046582,44.93639485238075,36.29589741259004,31.00993646876931
2011-09-06,164.69,164.96,158.48,163.85,316166,269097,-0.004992096085083928,37.7481393838084,35.97198042505251,31.008724109194148
2011-09-07,164.77,172.35,164.1,170.18,313728,256780,0.03790532527658779,38.259760476449955,36.797640894058986,31.102804587272004
2011-09-08,171.65,171.87,168.39,169.63,336725,232859,-0.003237105913779851,35.51799282089585,36.509291506423125,31.094569112684674
2011-09-09,169.09,170.48,163.13,166.18,349238,216667,-0.02054805627079611,34.57453549316803,35.49658141752502,31.162899095152476
2011-09-12,165.15,169.47,161.91,167.99,355070,190400,0.010832915585287638,34.71555207865627,35.58400242899742,31.16740782265727
2011-09-13,167.99,170.84,165.82,170.23,160623,260924,0.013246010004356046,33.825224677464554,35.47566388676982,31.140702796463593
2011-09-14,169.69,170.29,166.48,167.84,151690,282087,-0.014139319178492003,33.791929781549015,35.57214311481245,31.15421053783186
2011-09-15,167.16,170.25,166.2,168.93,158805,300180,0.006473283286649915,33.68486942580725,35.57870426452064,31.11621107759434
2011-09-16,168.55,169.57,164.46,166.27,181501,306299,-0.015871454882348732,25.476796922001277,35.57974394307843,31.114842390861075
2011-09-19,165.56,165.56,160.09,161.8,283210,320772,-0.027251968427896706,27.61010793537399,34.71867406980115,31.235006633586405
2011-09-20,162.18,165.33,160.75,163.9,264593,322165,0.012895481125392636,26.66402580447617,34.83576346477487,31.25519908053129
2011-09-21,163.12,165.91,159.62,162.01,298905,318968,-0.011598424027457303,26.683407876758313,34.88789212150462,31.22978854384523
2011-09-22,159.92,160.28,150.21,151.81,459998,321074,-0.06502832277770303,35.24792895496209,36.83135599433125,31.90624381672783
2011-09-23,151.6,154.26,146.23,150.57,427569,306766,-0.008201646609671832,35.23829342258601,36.54222313992201,31.913510749694158
2011-09-26,150.17,153.79,145.4,151.3,325671,307326,0.004836528459358263,35.336247740951684,36.52101670633418,31.840382048987166
2011-09-27,153.64,159.84,152.58,159.24,313568,302877,0.05114787733780617,39.415597368944525,38.176537062471326,32.142669105817355
2011-09-28,157.94,159.56,151.77,153.13,282850,295478,-0.039125264305000164,40.69981931707271,38.61721067127901,32.315253049471806
2011-09-29,152.11,158.35,150.17,154.88,351345,291199,0.011363389701150558,41.09694501111482,38.73277775792057,32.336757269131326
2011-09-30,156.64,156.94,148.08,149.34,367957,300388,-0.036425037920711195,42.55577008783123,39.007810698707054,32.49400294623527
2011-10-03,148.81,150.17,143.78,146.34,392782,293342,-0.020292904151671745,42.09790156113825,38.90286088671846,32.54939085506424
2011-10-04,144.06,147.83,141.33,142.68,428113,290743,-0.025328320965193135,42.654912724716695,39.125184221174365,32.59206990985653
2011-10-05,147.55,150.68,145.08,150.24,336067,284136,0.05162965496926197,44.79234519483809,40.37168569189639,32.98872646376203
2011-10-06,150.3,156.32,149.11,155.73,386089,270703,0.03588972304729442,47.22630018468854,41.130807689237464,33.18708794854306
2011-10-07,155.69,158.39,153.41,156.47,377540,235653,0.004740559806718678,46.92269074188793,40.98757136288975,33.185075500430514
2011-10-10,156.03,162.33,156.03,161.05,264825,193087,0.028850577463242006,48.05003562861438,41.33360351444485,33.27274116201728
2011-10-11,161.6,163.37,158.33,161.8,362324,162396,0.004646128847183539,47.78174546119713,41.289854081393955,33.27082311710388
2011-10-12,160.65,163.27,159.37,161.35,294230,131409,-0.0027850861264205377,47.5857314163409,41.10467992419547,33.22731800321708
2011-10-13,160.14,161.01,156.83,158.82,360268,108514,-0.015804433030905934,47.7182311124659,41.159010919551235,33.18453799043859
2011-10-14,158.82,164.38,157.55,163.21,186945,345743,0.027266229695539712,48.63323952528943,41.56993087454585,33.00045514234783
2011-10-17,164.28,165.84,161.54,162.5,167203,354298,-0.004359713392812372,47.65895545142614,41.519821341356725,32.87046307568649
2011-10-18,161.9,167.4,160.87,166.08,253423,356220,0.02179159820773171,48.07566261044333,41.81287963060177,32.85420861981298
2011-10-19,166.08,168.26,161.39,161.88,366337,361722,-0.025614279969859145,48.80163131898776,42.063885367684094,32.924327798549434
2011-10-20,161.71,163.44,158.0,161.47,389241,363578,-0.0025359531141351584,42.38351540311957,41.86697209527086,32.90891457067333
2011-10-21,162.28,166.76,161.24,163.96,296555,351899,0.015303128742607097,42.37458797509705,42.020835290782614,32.94570779817904
2011-10-24,163.31,172.37,163.21,171.22,484139,358527,0.04332678367820271,44.588831715453104,42.90342561688416,33.22511158805788
2011-10-25,172.01,177.57,170.91,174.79,489373,346617,0.02063597403265559,41.731827170118116,43.10523557866114,33.28809776787456
2011-10-26,173.7,176.2,168.84,169.22,411445,327960,-0.03238560985064029,40.85330606731195,43.53811855905495,33.434921713750114
2011-10-27,170.68,176.81,170.23,176.27,327446,310497,0.04081726693550725,42.75573727968974,44.18397328402822,33.63399145084492
2011-10-28,176.21,176.21,172.61,175.07,276760,299137,-0.006831016487021158,40.021033119882034,42.444303291075364,33.62213308439358
2011-10-31,175.46,175.97,171.39,174.83,228561,293713,-0.0013718207352833563,38.79496069505727,42.444695534088275,33.60926002301979
2011-11-01,173.68,174.24,167.28,172.95,351343,293877,-0.010811537826379981,37.41415987239577,40.164123713818626,33.559700826053856
2011-11-02,171.84,175.95,170.66,173.55,265626,284171,0.00346320692461774,33.99103921887941,39.77412776378743,33.55882548164238
2011-11-03,174.45,177.49,170.47,176.48,299987,281300,0.01674181319739693,32.49499499039676,38.92149996860913,33.60061256560977
2011-11-04,176.8,178.09,174.23,176.83,295457,269084,0.001981263561693693,32.52678763983179,38.35132357803887,33.59900327525044
2011-11-07,177.1,180.3,174.9,179.2,321186,251117,0.013313681473944142,31.539041144141866,38.41484236875651,33.60215397006497
2011-11-08,179.85,182.12,178.65,181.6,313566,239324,0.013303965626362886,31.663286542108015,38.164661596641274,33.62885471748962
2011-11-09,181.62,183.55,177.36,179.61,445712,223737,-0.011018632561822391,32.09042182691904,38.1061124715082,33.473109667527964
2011-11-10,179.63,184.51,178.6,183.44,347730,201927,0.0210998049442786,31.531030629310642,38.28056981372585,33.539362499803815
2011-11-11,182.93,186.48,182.63,185.71,282786,189100,0.012298678655312622,30.704831460401177,36.02230054924508,33.43053776749708
2011-11-14,185.71,186.66,182.26,184.13,159897,312363,-0.008544287325832999,30.935419686000255,36.08830767949399,33.36679041334383
2011-11-15,183.93,187.21,182.99,186.4,153152,321163,0.012252872372362214,30.481725011774223,35.86854084343894,33.34668425670861
2011-11-16,186.42,192.93,184.53,192.34,331958,328096,0.03136973703284488,29.391557218874453,36.30564443418703,33.48618214974945
2011-11-17,190.73,193.79,184.36,185.46,420238,334138,-0.036425413912255726,33.29964119422492,37.16746438378653,33.68950142521586
2011-11-18,184.94,188.03,181.28,183.1,341638,331603,-0.012806773691615005,33.85207237228383,37.29497099670041,33.7094435701764
2011-11-21,182.86,183.46,178.55,181.7,279104,339048,-0.007675476278339509,31.019926361989857,37.34701746731419,33.57136621849519
2011-11-22,182.22,185.03,181.0,183.74,319245,335647,0.011164739441195072,30.482061644276598,37.16249090740718,33.58905697392009
2011-11-23,183.33,183.48,178.75,180.29,283449,328695,-0.01895504928921157,28.76822297703731,37.231077704137434,33.564256275455136
2011-11-25,179.58,182.88,178.08,181.41,185841,326170,0.006192997399122287,25.157034983195054,37.2433786372754,33.514239664170475
2011-11-28,182.78,188.86,182.09,184.11,311735,318158,0.014773742115884263,25.38315435898105,37.347697858924576,33.40366568318242
2011-11-29,183.25,187.75,182.28,187.08,320858,309464,0.016002927788570216,25.776283698519375,36.94430302827597,33.411547545866824
2011-11-30,186.5,190.75,185.45,188.14,302863,304085,0.005650033686119883,25.230230912992702,36.92108804417313,33.38919796132121
2011-12-01,188.43,189.66,185.35,187.84,275858,293358,-0.0015958299040736686,25.31383951554377,36.17416151404641,33.38901111498636
2011-12-02,187.47,190.39,187.02,189.27,245915,283789,0.007584030411096302,24.905791654618366,36.17975378113357,33.38801198426864
2011-12-05,189.78,192.04,187.92,189.33,239380,272551,0.0003169572134299872,24.92623576894842,35.88008635533658,33.384542436379164
2011-12-06,188.31,190.13,187.84,189.87,217029,260854,0.002848103191065734,24.650316929582253,35.83506651349322,33.38552279902997
2011-12-07,189.55,191.11,186.85,188.39,330533,233067,-0.007825345278040735,24.607569283612126,35.81382950683881,33.38831025231463
2011-12-08,189.04,190.71,183.18,184.36,340677,213171,-0.021623914324975332,25.609856598873172,35.987546024738,33.44700241672508
2011-12-09,183.87,187.3,182.52,186.36,318767,188306,0.01078991909628845,24.801665875626615,36.023549141849074,33.464340072880475
2011-12-12,186.68,186.87,182.86,183.29,279146,159333,-0.016610688964839658,25.142974469969843,36.039209830394135,33.50331210774865
2011-12-13,183.44,189.81,183.05,187.73,380754,131740,0.02393516235251418,26.403118352661316,35.813484063597016,33.575511749738816
2011-12-14,187.73,187.73,176.48,177.81,154950,222579,-0.05428919586841419,32.49376390656356,37.58182165434099,34.01654279123172
2011-12-15,177.58,179.77,174.74,175.81,120784,229207,-0.011311698013158265,30.058434039052283,37.5776454283869,34.02367430377433
2011-12-16,174.99,177.49,173.25,175.21,128464,232761,-0.003418611955702032,27.589789464811787,34.95842160364164,34.02122588874796
2011-12-19,175.25,176.85,173.38,175.77,214737,242384,0.0031910677258107285,27.40729560939607,34.888901263064554,34.014545793671246
2011-12-20,176.18,182.46,176.13,181.73,242305,252473,0.03334574686836284,30.031545840964636,35.45235637717855,34.16171217142547
2011-12-21,182.24,185.49,180.91,184.41,219505,247928,0.014639470493857814,30.227440730699566,34.100749851132605,34.18937564171327
2011-12-22,185.08,186.98,184.11,186.01,151560,249602,0.008638896121831755,29.48832400012376,33.00094768184835,34.19622506162792
2011-12-23,185.92,187.32,185.47,186.29,95270,246021,0.001504163592757652,29.43757933709834,32.9591429504495,34.19415234338101
2011-12-27,186.74,190.2,185.71,189.4,124238,248262,0.016556581450360704,29.552169264157374,32.02213212370669,34.20469719117736
2011-12-28,189.23,190.09,185.23,185.69,164655,246099,-0.019782564139473643,29.93697894406938,32.00578931598544,34.22044588576086
2011-12-29,186.12,186.74,183.71,186.24,153915,237466,0.0029575479305688707,29.880335834355975,31.419475603827056,34.22123387173263
2011-12-30,186.48,187.19,184.29,184.7,154064,227132,-0.008303277337878806,30.007325297493104,29.94080341416547,34.146515486043974
2012-01-03,186.33,192.83,186.24,192.42,275481,233377,0.0409475957279242,33.395701297244166,30.19181590614447,34.37789056622383
2012-01-04,192.48,193.88,190.4,192.91,271711,227843,0.002543275966679347,33.40055656605558,30.191398490240623,34.30950370445907
2012-01-05,193.04,193.86,189.32,190.27,295615,221450,-0.013779642847488558,33.79353242029304,29.924777041393725,34.33583073494943
2012-01-06,189.41,192.12,188.54,189.81,290458,215536,-0.0024205442254067633,33.679571177385064,29.940982770645398,34.3096306081412
2012-01-09,190.48,190.91,187.08,189.34,311866,197297,-0.0024792311261574995,32.69210469513674,29.938672077302975,34.248487088456265
2012-01-10,189.32,193.26,189.32,191.08,291273,181375,0.009147847821015902,32.63424688727011,29.717059617773224,34.25086596580037
2012-01-11,191.0,191.49,187.92,188.52,311641,157773,-0.013488086466231,32.4257296935,29.47316479210093,34.27414115088432
2012-01-12,188.76,192.46,184.09,185.21,370509,136693,-0.017713785620819752,31.954644574108144,29.729979701435273,34.316032931627845
2012-01-13,185.4,187.25,182.59,184.46,335624,115533,-0.004057678627137438,24.9929320038069,29.472542049692972,34.31726428044542
2012-01-17,185.12,189.13,184.63,188.52,187135,297561,0.02177146424795739,25.439605930654746,29.19200971741025,34.38294412315956
2012-01-18,189.06,191.08,186.89,188.31,192482,299541,-0.001114561057980071,25.369667488634317,29.18290706209159,34.29411454886455
2012-01-19,189.41,191.08,187.12,187.9,284496,303252,-0.0021796345781304213,25.45278849277229,29.076663161735816,34.29039640016666
2012-01-20,187.79,188.59,183.19,183.77,304986,304838,-0.022224930712086595,24.38413009400488,28.214023580648806,34.33464989006261
2012-01-23,183.79,187.34,182.03,186.11,238960,304532,0.012652921048539342,24.241756781898484,28.025687691771434,34.30158920205925
2012-01-24,186.67,187.23,183.62,184.93,242477,301622,-0.0063605216590871426,24.154993967902502,27.194897350914143,34.28321099458492
2012-01-25,185.4,187.64,182.27,185.77,322794,297994,0.004531974306527571,24.208692536910878,25.94086850851618,34.228286126816236
2012-01-26,186.82,189.49,185.45,186.33,260744,296308,0.0030099458360085467,23.434721903280717,25.8943654051281,33.966000173849785
2012-01-27,186.76,188.07,185.27,186.07,253456,294225,-0.0013963482397714297,22.344635648394853,25.894463423617804,33.81929256583869
2012-01-30,186.89,186.98,183.96,184.61,215829,290772,-0.007877455217071784,22.491514303633593,25.844046030926204,33.792521329105
2012-01-31,184.8,189.3,182.89,184.05,373891,290337,-0.003038031957447925,22.324385557331745,25.852861617039448,33.793750305575635
2012-02-01,183.86,185.94,181.49,182.42,293554,288087,-0.008895739073017876,16.361050220811144,25.718767764532885,33.80369522371021
2012-02-02,181.49,183.13,178.37,180.09,331240,289470,-0.012854994820150815,16.621422269749544,25.86287085483072,33.7861739231713
2012-02-03,180.56,183.21,179.43,182.85,318638,280572,0.015209418663528708,17.396436925042032,25.90648092645621,33.77429629785513
2012-02-06,182.67,182.69,180.13,181.12,257715,273634,-0.009506349580572063,17.600387169736024,25.840477636308094,33.78217656094926
2012-02-07,181.53,185.27,179.12,183.92,415728,246822,0.015341085440107885,18.685383877422865,25.926849311376927,33.81564602028845
2012-02-08,184.59,187.06,183.34,184.48,364737,225025,0.0030401760658228935,18.348577878999812,25.57261083276254,33.816876052838225
2012-02-09,185.21,187.23,184.39,186.59,295425,198596,0.011372639888408706,18.3626460513929,25.554432101750834,33.78202731040357
2012-02-10,186.69,186.69,181.88,184.41,307564,168430,-0.01175215682212986,17.733189554713405,25.60906409853384,33.80027360073585
2012-02-13,184.41,187.65,184.26,187.65,112799,209735,0.01741698599400218,18.72674407870783,25.73593318117591,33.81682396887694
2012-02-14,187.17,189.32,186.43,187.26,174492,222618,-0.002080500070286844,17.03083796146689,24.900077568303868,33.81666400134329
2012-02-15,187.56,190.63,187.04,189.22,157860,239538,0.010412333765555103,17.447299789294153,23.836887832046955,33.813868664652745
2012-02-16,189.46,190.83,187.44,190.15,156089,246956,0.004902875097970568,17.49802508378331,23.69576513495639,33.80377648806059
2012-02-17,190.15,193.59,189.98,191.93,238124,260523,0.009317487843518149,15.511435338672571,23.697287949264034,33.24541189673679
2012-02-21,194.06,197.26,193.8,196.84,316239,264829,0.02526049377999068,17.19543774238001,24.12987391709615,33.22572441501369
2012-02-22,196.39,197.71,195.65,196.89,241329,264616,0.0002539811559634699,16.885443589691988,23.764707354772042,33.21452424358328
2012-02-23,196.28,201.45,195.35,199.76,325662,264347,0.014471448817776634,17.35665906886461,23.895211119594855,33.24016295553543
2012-02-24,201.3,203.69,199.99,203.36,267713,267938,0.0178611614696262,18.07207431174146,23.976119866074374,33.27332213752596
2012-02-27,203.17,203.36,198.73,201.12,277597,264430,-0.011076062599206713,18.794128768514256,23.92630025963134,33.18306933779277
2012-02-28,199.99,201.54,196.93,197.39,278723,263792,-0.018720277687041254,20.046825536856367,24.25202542099333,33.13620797610629
2012-02-29,197.23,199.02,194.22,198.36,353125,262079,0.004902094466037262,19.90907037710316,24.26116813607745,33.138407145654334
2012-03-01,197.89,204.8,197.39,201.63,389838,256364,0.01635077302905089,19.799876874303557,24.430138300355488,33.08902629776736
2012-03-02,201.47,201.99,196.0,197.67,299664,248609,-0.01983536105614604,20.766482753960066,24.80237695521339,33.133834180551084
2012-03-05,197.76,199.0,195.45,197.71,237450,238507,0.00020233699295112853,20.435671927418696,24.79860040659653,33.131557191053275
2012-03-06,198.43,198.86,193.61,193.97,332561,234596,-0.019097802656588884,21.525208519779497,25.069745081974865,33.18094616469145
2012-03-07,194.39,197.39,193.32,196.67,333242,213908,0.013823689310362056,21.420300192820747,24.785373154727143,33.17087611354253
2012-03-08,196.82,198.6,196.08,197.45,279597,189298,0.003958190492095923,21.42101023723517,24.71045836273544,33.138592538961085
2012-03-09,198.06,200.45,196.61,198.97,292694,171142,0.007668671858498135,21.27797590311637,24.47275901473786,33.14305579602952
2012-03-12,199.15,199.26,195.22,197.0,234727,148387,-0.009950330853168092,21.11892704120313,24.1209077750071,32.88546604584393
2012-03-13,197.39,198.87,195.76,197.69,282350,122913,0.003496418469857552,20.45250229452883,21.215855534832457,32.87262490005634
2012-03-14,197.69,198.26,194.76,195.31,106543,262393,-0.012112107359046083,21.058387710755593,21.237552483407516,32.715715111910086
2012-03-15,195.4,196.69,192.25,194.76,166094,274044,-0.002820008534299885,20.889153038760654,21.231679904683983,32.71269290511357
2012-03-16,195.22,198.81,194.76,198.32,150002,291902,0.01811385641243494,21.69038141729486,21.493198475035708,32.7408055988859
2012-03-19,198.68,200.38,197.32,200.12,243063,304927,0.009035298893069376,21.67816127354307,20.535543358297197,32.70296913294928
2012-03-20,199.75,199.77,194.85,195.53,329535,305581,-0.023203366281820875,21.63339002846173,20.969616478822896,32.776575428776795
2012-03-21,196.01,198.43,195.51,197.74,252603,305887,0.011239216130803423,22.020936576727316,21.016921407125853,32.79636287463476
2012-03-22,196.9,197.47,192.64,194.2,295474,300458,-0.018064480611762506,22.254560992986654,21.37717149818095,32.84530921430471
2012-03-23,194.52,199.55,193.85,197.01,260269,299243,0.014365933013766435,21.884609133838552,21.312353784611936,32.850065952748544
2012-03-26,196.86,197.84,195.75,197.3,162276,296036,0.0014709241575788878,21.614511866202662,20.88252828502114,32.84101618787715
2012-03-27,197.41,198.59,196.36,197.85,209036,297487,0.002783754802863485,20.594588058506965,20.8818666386961,32.8386568331661
2012-03-28,196.9,197.14,192.95,194.31,309064,289470,-0.01805434596849784,21.480136351421972,21.161327858288427,32.80365851270736
2012-03-29,194.63,194.85,188.27,189.47,319988,288416,-0.02522412121866458,22.079123508284088,20.12520241068939,32.87840363810688
2012-03-30,190.41,191.99,189.47,189.91,244155,276454,0.002319575081882899,21.237741740684175,20.123924887097008,32.875187842852945
2012-04-02,190.37,194.46,188.14,193.98,278097,266465,0.02120478523924305,22.779460107205132,20.395508942479463,32.94653475881614
2012-04-03,193.63,193.89,190.96,191.73,245541,255642,-0.011666928635096654,22.138066937099143,20.536156158721226,32.962600133105404
2012-04-04,191.88,191.94,186.33,187.05,300729,242823,-0.024712171536144825,23.02088497033214,21.154707513629788,33.023457133997965
2012-04-05,187.96,190.61,186.87,190.44,242903,226798,0.01796122353216269,24.055868532781393,21.396819040829797,32.99596920555208
2012-04-09,189.01,189.13,185.84,188.88,205924,212975,-0.008225291549060577,23.886455166102582,21.282586112863743,32.90707098634405
2012-04-10,188.64,189.8,185.6,186.22,312927,193547,-0.014183122316873673,24.10541087155528,21.16884303771638,32.763347781090715
2012-04-11,186.07,190.11,185.89,189.32,283008,170638,0.016509934577663414,24.98383216556957,21.4149152891789,32.790211874859104
2012-04-12,189.04,192.16,188.75,191.05,271285,147153,0.009096468854861761,24.997906267024803,21.02956193649514,32.790166764138256
2012-04-13,191.05,191.4,189.07,189.53,111544,259785,-0.007987850554700164,25.11204049667824,21.09529576234009,32.76744692172557
2012-04-16,189.36,190.48,187.62,189.62,137539,265092,0.00047474615160438406,24.05607730024142,21.090016446523393,32.68728230833998
2012-04-17,190.06,193.53,189.13,191.95,157359,273436,0.012212851956993604,24.279073083306095,20.70678620027684,32.706445726775684
2012-04-18,192.04,192.5,188.26,189.16,188262,280070,-0.014641703671131687,23.467970694520712,20.79066008395048,32.60534686379492
2012-04-19,189.33,190.15,187.35,188.43,256064,286833,-0.003866632641275847,22.974455217217496,20.762948252556892,32.59702753098988
2012-04-20,189.05,192.02,188.69,190.56,225790,287364,0.011240520472590866,22.679326630764642,20.866438857038236,32.61850063219342
2012-04-23,190.45,190.59,186.78,189.14,213202,286778,-0.007479624019624003,22.039788838942464,20.921584142636227,32.62600893612699
2012-04-24,189.14,190.96,188.56,189.95,196136,278644,0.004273398046268386,22.121271409779215,20.93479628591704,32.62502993409083
2012-04-25,190.34,191.82,189.14,191.0,276652,287856,0.005512548412995453,22.21886426589725,20.89000021817681,32.63038520790638
2012-04-26,190.7,192.46,190.48,191.79,192832,281542,0.004127595400115336,21.44314626880672,20.888797870491445,32.618371870439105
2012-04-27,190.96,192.61,190.3,192.48,182104,278340,0.0035912287796234727,19.406544174774826,20.80070723726327,32.6195318664353
2012-04-30,192.48,192.9,190.56,192.37,211453,277597,-0.0005716513082786648,19.403418627265907,20.60531547496918,32.54754436906101
2012-05-01,192.41,195.23,191.49,194.74,245921,279838,0.012244734632520104,18.377671667039028,20.527414699420753,32.53234478970287
2012-05-02,194.41,194.54,192.45,193.01,256649,262907,-0.008923334516493705,18.16739041383703,20.51495283263883,31.25158770904719
2012-05-03,193.33,193.38,187.77,188.1,316883,262940,-0.025768264727131902,18.363298732725198,21.016428456408324,31.24445039935563
2012-05-04,188.19,188.43,178.87,180.67,443060,259572,-0.040301573521148985,22.173405764944437,22.599077637673194,31.032911311306428
2012-05-07,179.86,180.21,174.89,179.66,300474,249158,-0.005605986984775179,22.10518040736113,22.490591880767642,31.00841205893842
2012-05-08,179.7,179.99,175.22,177.95,333767,226619,-0.009563563844858979,21.840654746793593,22.448801192865954,30.510078280470992
2012-05-09,178.63,178.65,174.58,177.59,332865,201959,-0.002025089289697763,20.68719824713508,22.13393330191803,30.500106050457877
2012-05-10,176.93,179.2,176.25,178.08,282314,179467,0.0027553648607308713,20.306315066054108,22.145273012014602,30.493192538627568
2012-05-11,177.07,178.3,175.29,176.34,260539,160102,-0.009818937868353732,20.370110259776514,22.0943693250964,30.434797475279478
2012-05-14,176.34,176.34,172.31,174.34,79881,264948,-0.011406534075450996,20.490605244379672,22.155481179966795,30.45268827538512
2012-05-15,172.91,175.63,171.17,172.91,118662,274615,-0.008236187666732061,19.58366668849968,22.08315807868497,30.29218795169706
2012-05-16,171.91,173.24,168.95,170.79,128242,281055,-0.012336496285597779,19.45328415754699,21.45506093210481,30.273616783500046
2012-05-17,170.62,172.71,169.47,170.33,141656,292238,-0.0026969997586142568,19.467608006076,21.448192177746886,30.249676609957117
2012-05-18,170.88,170.88,167.23,168.24,173283,304446,-0.012346200478041585,18.632352301791887,21.249610276293907,30.17843722019431
2012-05-21,168.08,171.06,166.99,170.18,211270,310237,0.01146516902696686,19.649444341103166,21.02240596758041,30.137754716135774
2012-05-22,170.2,170.99,167.14,168.33,226226,311078,-0.010930361990420906,19.408530872987942,21.02002705764769,30.102833144741485
2012-05-23,167.76,168.09,163.62,164.76,275522,312215,-0.021436468863110437,19.63674699826592,21.114136536807436,30.15810439862041
2012-05-24,165.91,167.73,164.59,166.15,231521,307182,0.008401125232723489,20.023948349633407,21.182218017594085,30.168791687502754
2012-05-25,166.39,167.36,165.31,166.52,153921,301956,0.0022244275261714915,19.93214204353862,20.827218071170858,30.093017250222253
2012-05-29,166.77,168.99,165.4,166.33,262562,294716,-0.001141655524331084,19.90784724251303,20.539406130701465,30.003094701132593
2012-05-30,166.52,166.63,159.94,160.95,297197,293791,-0.03288000905762653,20.476104589252017,21.427348114443504,30.177207699824603
2012-05-31,160.45,161.79,157.35,158.58,345433,285119,-0.01483455990056421,20.560267104385186,21.311689584715513,30.210263567918354
2012-06-01,158.42,158.69,150.81,152.53,407579,279773,-0.03889789983241106,22.360136796603015,22.21602624797935,30.430836162193604
2012-06-04,152.04,154.64,148.83,153.91,309777,278387,0.009006717980020807,20.402749264725365,22.31941318282072,30.446586792806883
2012-06-05,154.2,155.63,152.68,154.48,246358,279638,0.003696622128396387,20.81156218005768,22.244280634999985,30.39975667738142
2012-06-06,154.17,158.11,154.0,155.81,313102,261759,0.00857267810900438,21.561048558444902,22.363994605602866,30.387989507546976
2012-06-07,156.69,159.5,152.9,155.45,339002,239116,-0.0023131797245005514,21.55310540269175,22.313459021351907,30.281006083831798
2012-06-08,153.27,155.17,150.28,154.13,304641,211865,-0.008527734346134392,21.269792657635392,22.26989283150295,30.252580844163884
2012-06-11,157.1,158.78,148.65,151.56,343211,188977,-0.016814816008228286,21.52650461958033,22.423810583153816,30.219088490609046
2012-06-12,148.78,153.43,148.58,152.7,320803,166492,0.007493626074186687,22.117260477750598,22.07576071409476,29.868913010575977
2012-06-13,152.7,153.72,150.35,151.22,107219,240961,-0.009739482094462824,22.138197910203473,21.924085411510692,29.882058257284665
2012-06-14,150.97,154.5,150.58,153.59,120117,258283,0.015550984297413122,23.37538222477446,21.963351599404145,29.85810360543764
2012-06-15,154.41,155.2,152.7,153.79,111159,271480,0.0013013210242953004,23.477466048416183,21.761883106487943,29.8570713229148
2012-06-18,155.93,156.64,150.2,152.46,176241,282718,-0.008685768891704335,23.363454896056226,21.59068496192643,29.861141719198418
2012-06-19,152.17,154.56,150.64,153.83,279625,292877,0.008945830007531934,23.14514557524584,21.42131365667691,29.844716020601876
2012-06-20,153.85,154.5,147.46,148.54,413790,296548,-0.03499381432650949,25.420277375360715,22.300065761433075,29.67874654809818
2012-06-21,147.87,148.08,142.12,142.61,376969,302045,-0.04074065049247466,27.76492939931564,23.428955570409666,29.949541962465727
2012-06-22,142.45,146.57,141.45,145.46,293224,296857,0.019787502977718908,28.886076255015038,23.839815343419875,30.016068346117613
2012-06-25,146.26,147.14,142.3,144.46,249004,292768,-0.0068984821036939415,28.695250936540024,23.46293514872745,29.911221970539902
2012-06-26,144.49,145.31,142.91,144.73,253304,295352,0.0018672850268124346,28.79788906284253,23.45748587596756,29.838701293561325
2012-06-27,144.93,147.57,143.49,146.28,253006,287622,0.010652655631667271,27.72598747833575,23.059372070191287,29.851151846613266
2012-06-28,146.77,147.43,140.94,141.68,310148,288527,-0.03195159980660236,29.177165453989122,23.687165675216555,30.010799125131005
2012-06-29,143.09,155.63,142.76,154.94,439010,280304,0.08946695172917823,42.365541306436775,30.2782904467655,31.284017111523383
2012-07-02,154.38,155.11,149.73,152.73,299104,268000,-0.0143662886214022,42.57570547507804,30.039953083563613,31.313499571570645
2012-07-03,152.59,160.56,151.97,159.87,336186,264343,0.04568932839444638,45.61075694257978,31.678695392876993,31.586233564686623
2012-07-05,160.03,162.27,157.75,159.06,368616,243773,-0.005079495447811379,45.59594363600248,31.593544921952066,31.491369771648564
2012-07-06,158.17,158.9,153.23,154.01,296204,230925,-0.032263954158615056,47.101982989884114,31.91129310292557,31.634499076583637
2012-07-09,153.56,157.71,153.19,156.82,256901,214905,0.01808111543240175,47.443665983563136,32.11453045100648,31.595620281773822
2012-07-10,156.55,156.75,152.55,153.03,291409,194501,-0.024464670199831,47.89730200621345,32.39377844573846,31.677377679698242
2012-07-11,153.21,157.73,153.21,156.49,307821,174951,0.02235812957213568,48.47304519047988,32.81801490268193,31.695594494751262
2012-07-12,157.2,157.51,153.57,156.98,240725,154630,0.0031262985235869533,48.30186348697379,32.688314361184545,31.656850037768503
2012-07-13,156.58,159.77,156.07,158.84,260828,128141,0.01177899756438316,48.17855428308909,32.7469641122717,31.653518550610276
2012-07-16,158.84,161.29,157.56,161.19,112131,283717,0.014686387145789043,48.398355651849315,32.94399890131185,31.6438001576682
2012-07-17,161.08,162.98,159.33,162.51,149326,287002,0.00815574492907732,48.25804003214907,32.894664374213015,31.650049909122007
2012-07-18,162.42,164.0,161.37,163.65,152538,294152,0.006990462609272521,48.23210213884225,32.93763640068417,31.64903859297689
2012-07-19,163.98,169.24,163.64,168.74,288797,314109,0.030629067790291096,46.96731255979201,33.60230492406539,31.794048220358235
2012-07-20,168.05,168.12,165.02,166.67,249172,320361,-0.01234325918339609,44.1884897651652,33.6316430867572,31.810202368223234
2012-07-23,166.27,166.32,159.55,159.97,290355,284600,-0.04102951190058026,47.17194654458676,34.52607657988595,32.065685546157226
2012-07-24,159.81,161.69,158.68,160.62,309865,319775,0.004055029106811743,46.97288766490664,34.53000252493293,31.995495402859987
2012-07-25,160.08,162.18,157.61,161.48,289552,313559,0.005339969224423775,46.95538056445709,34.569107031764354,32.00089414091744
2012-07-26,161.71,164.2,159.84,162.24,233400,309536,0.0046954244180784956,46.91586424847583,34.4621381595427,31.956698623443952
2012-07-27,162.31,164.16,161.77,163.58,210412,304281,0.008225446904009753,44.819434164566005,34.516320615448834,31.95842391269513
2012-07-30,163.6,165.07,162.13,162.95,191095,291102,-0.003858762023257604,32.699838967777914,34.182896701496965,31.940218578347768
2012-07-31,162.75,163.89,158.46,159.82,282851,283077,-0.019395223337253818,33.09067171769464,33.453329553585064,31.936486607950552
2012-08-01,159.77,162.38,158.83,161.37,281204,270036,0.009651683006944122,29.043996204954553,33.52998339476054,31.39311320820689
2012-08-02,161.29,162.67,157.76,158.14,302698,266005,-0.02021914831048001,29.911678620521798,33.7061544318449,31.456411714621346
2012-08-03,158.37,166.5,158.32,165.89,301783,261445,0.04784420146140266,31.99770215260483,35.21802462222222,31.116381089456446
2012-08-06,165.78,167.57,164.49,167.34,194374,255155,0.008702752763268918,31.610076726125904,35.26714895998269,31.02275308381795
2012-08-07,167.07,171.37,166.58,170.01,260012,235979,0.015829587982184867,30.126091468465543,35.38586812429012,30.745656111468634
2012-08-08,169.53,171.91,168.46,169.43,269931,216061,-0.0034173966796225857,29.570186738046523,35.31956472486283,30.563505679008347
2012-08-09,169.57,170.99,168.92,169.44,258637,185089,5.9019683081334706e-05,29.60185442586436,35.282614041096885,30.56072867258856
2012-08-10,169.63,170.37,166.45,168.55,224512,170629,-0.005266440173026524,29.61228574033467,35.20959637869227,30.456565450404185
2012-08-13,169.24,170.86,167.07,168.3,280268,147323,-0.0014843404833093808,29.318324601959134,35.20682961854499,30.4208210075964
2012-08-14,168.3,170.47,167.99,169.59,80084,212057,0.007635658158548715,29.304791773817136,35.15049702940478,30.41378971292774
2012-08-15,169.26,172.24,168.25,171.18,148221,236361,0.009331875098154597,29.367992669264403,35.12383112007604,29.791505994042595
2012-08-16,171.07,173.75,170.44,173.47,99281,246698,0.013289039319853799,27.745748728014973,35.14973496376497,29.819415497791834
2012-08-17,172.86,174.72,172.33,174.25,131975,253543,0.004486375867315809,27.280757055613673,34.85897347210483,29.72648209990949
2012-08-20,174.83,175.18,172.44,174.14,203176,268422,-0.0006314762401638197,22.053684596757037,34.82545909302403,29.703333403485633
2012-08-21,174.04,177.02,173.78,175.19,220192,280409,0.0060115258472612015,22.06239828886048,34.84080000257627,29.706763650472706
2012-08-22,175.37,176.46,174.14,175.95,217435,277310,0.004328764519863434,22.05924817087282,34.84550775294953,29.709227597869464
2012-08-23,176.03,177.82,173.22,174.16,225156,275779,-0.010225446841302168,22.650852833679863,34.2099533270711,29.728023945365106
2012-08-24,173.78,175.79,172.61,173.94,204231,276726,-0.0012640047646728515,22.641233967602663,34.04900385097852,29.647483359319438
2012-08-27,174.89,176.79,170.8,172.71,230844,271620,-0.007096524805791197,22.801261633792862,33.04473968490944,29.598909809615243
2012-08-28,173.06,174.65,172.12,174.27,198458,271945,0.008991933316722973,21.295151727640253,33.0446072805575,29.612219584908946
2012-08-29,173.82,174.34,171.43,172.75,185887,269239,-0.008760358024771655,21.68400932385537,33.116962780439295,29.625356378906336
2012-08-30,172.41,172.95,169.96,171.18,192455,260533,-0.009129828194315655,20.400775514005034,33.16245891651687,29.50158522763512
2012-08-31,171.41,175.34,170.98,174.52,249063,263326,0.019323713801945204,13.663545959585303,33.35022712792642,29.559602498682576
2012-09-04,174.36,176.15,171.81,172.41,256147,255354,-0.012163987067649129,14.402079762547022,33.407199129798464,29.340766286776354
2012-09-05,172.97,173.73,170.53,172.52,233044,244577,0.0006378105918826573,13.36873671724369,33.1810234039571,29.338949199238446
2012-09-06,173.67,176.77,171.12,172.82,327082,234928,0.001737418633610697,13.281427179525254,33.16245987922083,29.265693349960152
2012-09-07,171.32,175.01,170.2,174.43,293026,222619,0.009272924616790214,13.594722526782007,33.102298119035474,29.26035250927539
2012-09-10,174.11,174.81,172.48,174.65,221996,185926,0.0012604562227976211,13.36239198223496,32.98879532021461,29.230793535930356
2012-09-11,174.2,176.04,173.82,175.79,222006,163364,0.006506129558958654,13.404642230759855,33.00037558543562,29.20247070991592
2012-09-12,175.21,177.4,174.23,175.5,223528,151472,-0.00165105790587914,13.308054784159792,32.93242480801364,29.196156778306833
2012-09-13,175.5,178.48,174.74,178.01,118206,288554,0.014200685583420964,13.781559994983441,32.99495625447902,29.18522870774179
2012-09-14,177.4,181.8,177.4,179.27,141037,308436,0.007053320777405808,13.269705690552968,32.07008470303689,29.06075954857367
2012-09-17,179.58,180.14,171.42,174.98,171494,317514,-0.02422136758862887,16.071223786154125,31.273605235654458,29.1381975608551
2012-09-18,175.03,176.06,172.22,172.58,175924,326342,-0.013810784597956871,16.825816533574933,31.280072581953316,29.148155899302424
2012-09-19,172.96,174.17,165.23,166.58,378443,347938,-0.035385222572967036,20.690085634667803,32.19078213058826,28.62347675696747
2012-09-20,166.17,168.01,164.17,166.8,244553,338798,0.0013198154174518626,20.585290112178377,32.1913461316686,28.61057552204732
2012-09-21,167.72,169.36,167.11,167.65,181036,332097,0.005082982987591022,20.557286623477907,32.15031480338846,28.61097216528175
2012-09-24,168.17,168.17,164.35,165.92,188315,328965,-0.010372728431020441,20.772766298565916,31.466058700124723,28.17016645131824
2012-09-25,166.24,168.21,163.46,164.91,239024,328262,-0.006105873940538494,20.745767207302677,25.783967715987337,27.897836781538594
2012-09-26,163.91,164.85,160.54,162.4,272057,331443,-0.01533744281310102,20.78520937325625,25.809506972535917,27.919429483178437
2012-09-27,162.58,166.75,162.22,165.77,237289,320432,0.020538857709197143,22.34986632987225,24.428154587617655,27.74862345316601
2012-09-28,166.68,167.32,164.96,166.39,210195,309763,0.0037331449906410014,22.27664154743382,24.407334533270415,27.67188298388635
2012-10-01,166.31,168.44,164.71,166.91,216005,303758,0.0031203145629102344,20.98032923988226,23.420320907948508,27.55014703920961
2012-10-02,166.78,167.74,165.36,165.84,177728,294282,-0.006431276862801874,20.717324158951115,23.20977917513031,27.074945744571473
2012-10-03,165.39,165.72,158.28,159.08,339506,295050,-0.041616247788034265,25.00492505072001,24.254058621387742,27.164706884493654
2012-10-04,158.84,165.75,158.66,165.52,291389,272776,0.03968481309779777,29.410824892513304,25.159577851365956,27.450369838714227
2012-10-05,165.16,165.52,160.65,162.22,279131,263116,-0.020138594795089046,29.745759418107166,25.522189296943846,27.373880253105494
2012-10-08,162.16,162.24,159.2,161.22,202688,239723,-0.006183546786743775,29.700815259960173,25.4499365563987,27.376987097640477
2012-10-09,161.75,167.69,161.15,166.75,378040,208692,0.03372579294027822,32.42462586868447,26.199375376707085,27.584214744094005
2012-10-10,166.51,169.04,164.27,164.69,303502,192579,-0.012430765909616066,32.60629979796549,26.284187239939964,27.566563299690905
2012-10-11,164.73,167.74,164.4,166.17,300087,163807,0.008946441827005217,32.28663228424445,26.308745544950025,27.445248120396837
2012-10-12,166.78,167.2,164.53,165.79,198462,150511,-0.0022894334617483652,32.05332747312969,25.53916722855601,27.44265190757096
2012-10-15,165.79,166.93,162.69,166.39,144320,311879,0.0036125031760420876,31.225878392277114,25.426727585201185,27.357656876828894
2012-10-16,166.39,167.23,165.48,166.78,143614,327483,0.0023411482314235855,30.976410873118898,23.95026785391064,27.23639186235311
2012-10-17,166.75,168.1,165.79,166.87,158428,344529,0.0005394874999722309,28.306123312376425,23.940035576390972,27.235107741349175
2012-10-18,166.67,167.59,164.22,166.76,175857,355274,-0.0006594131462153183,28.303408597361134,23.921253606757258,27.19223456827909
2012-10-19,166.67,168.49,162.55,163.0,329814,388468,-0.02280545220583371,29.34944345144682,24.376628711975012,26.93689877873619
2012-10-22,162.29,164.49,159.63,159.77,275720,404269,-0.020014919767282095,29.933886991323945,24.65888590984471,26.9279072183635
2012-10-23,160.65,160.92,154.44,156.2,309492,403204,-0.022598043633894768,30.801922964498402,25.06706350349629,26.82784207093642
2012-10-24,156.08,157.64,153.08,154.51,298160,401528,-0.010878418243258818,30.599533981761578,24.855712110328597,26.52595447443874
2012-10-25,154.36,156.35,153.61,155.09,208678,398777,0.003746774409034712,29.483579878681304,24.781410697336177,26.52177211333951
2012-10-26,155.0,155.66,153.19,155.5,212378,394325,0.0026401380479273173,29.451387461043723,24.451476639702083,26.523472700655965
2012-10-29,155.77,155.77,152.58,154.17,145729,387221,-0.008589841947041026,29.401646101167934,22.35254107019386,26.515641558895673
2012-10-30,153.75,155.43,153.37,154.42,106222,382625,0.0016202732084218611,29.451115192602252,22.265192505478783,26.513527576963185
2012-10-31,154.51,157.14,154.29,155.43,212577,373442,0.006519306614136965,25.951562922570904,22.03916417717253,26.466199847802084
2012-11-01,155.18,157.55,154.85,156.96,197179,362250,0.009795526322246435,21.498937769805394,22.155961978818507,26.485259606683144
2012-11-02,156.64,157.23,152.58,152.94,297311,350335,-0.025945308200973995,22.212222066219375,22.722821649169482,26.571535563465652
2012-11-05,152.56,154.81,152.0,154.36,221397,328132,0.009241849053338974,22.585697720713508,22.820090022539496,26.553094899643913
2012-11-06,154.4,160.8,153.95,159.88,303429,309078,0.03513599717370461,22.886537134164463,24.021290796871817,26.77411649785831
2012-11-07,159.36,160.04,151.48,152.18,422211,285058,-0.04935950309474601,28.22741381416261,25.925208791439537,27.13190021202207
2012-11-08,152.33,154.45,151.79,153.36,296599,269814,0.007724067989012443,28.15658829292621,25.89778725678702,27.113520025485183
2012-11-09,153.19,156.38,151.62,155.12,322403,236478,0.01141091219700718,28.682759669646423,25.8537723622759,27.129596627009917
2012-11-12,155.34,155.97,153.68,154.22,280690,193816,-0.00581885652958184,28.575328742038465,25.831919193929416,27.10302930374164
2012-11-13,154.22,154.78,152.38,153.7,211605,295126,-0.0033775038602644565,28.48434053469401,25.831675938917826,26.910006478881698
2012-11-14,153.65,155.89,152.9,155.33,195104,314064,0.010549235455265846,28.918119888492544,25.909017081045032,26.694762629653212
2012-11-15,155.37,156.23,152.38,153.75,275993,332832,-0.010223979313188667,28.989072767431633,25.92870628767917,26.684174170969804
2012-11-16,153.63,156.48,152.93,155.63,271209,340493,0.01215348853029132,28.644977155577774,26.03999682736652,26.7059609748881
2012-11-19,156.32,160.79,155.97,159.86,247078,324459,0.02681703698095444,29.613850799961828,26.695799096828654,26.821844649255212
2012-11-20,159.63,159.7,154.29,155.33,322630,326946,-0.028746546198057107,30.30917610914309,27.2557273450642,26.90769541810659
2012-11-21,156.28,157.37,154.65,156.46,220980,328559,0.007248500257118729,30.151001536545643,27.228659468240068,26.910599153303654
2012-11-23,157.0,158.52,155.26,158.07,104944,324789,0.010237586632369336,30.327590808272788,27.299405868397724,26.888230725061664
2012-11-26,157.94,158.09,156.26,157.1,156593,322874,-0.006155427627728608,30.423195468954916,27.27059711559374,26.84166836593735
2012-11-27,157.25,158.02,155.47,156.1,210470,320285,-0.006385717740189116,30.345698929760186,26.94190021865085,26.840058031214774
2012-11-28,156.37,156.39,152.84,154.86,249744,324062,-0.007975344562808786,30.494625022564552,26.88709093681931,26.849740996558282
2012-11-29,155.01,158.8,154.97,157.69,270030,309103,0.01810959745891798,31.08784989325261,27.191158338322996,26.90363584091854
2012-11-30,156.96,159.34,156.62,159.2,216206,309470,0.00953019299278714,31.077719394074194,27.277526313600593,26.92315960858121
2012-12-03,159.09,161.74,158.75,159.52,235987,301177,0.002008032803245613,29.438781000165953,27.19699162227065,26.92217337361116
2012-12-04,159.23,159.68,156.8,158.46,206265,295062,-0.006667110676432416,29.46894709208153,27.21128075075221,26.91932054657748
2012-12-05,158.46,159.45,156.6,157.35,220850,282835,-0.007029572026680115,26.72272528226684,27.179979077691584,26.844244428274074
2012-12-06,157.34,157.98,153.41,154.45,269293,274334,-0.018602204145825238,20.906822920636102,27.395910836542775,26.879831873255426
2012-12-07,154.69,155.63,153.58,153.86,244993,249188,-0.0038273213338019924,20.796843379650063,27.1852448922542,26.834101135984017
2012-12-10,153.95,155.38,152.79,153.2,211603,221495,-0.00429884072429784,20.414002090397062,27.115563928972836,26.721259288979425
2012-12-11,153.45,154.65,152.57,153.61,217859,194308,0.0026726654545633248,20.349757626794535,26.7582370434431,26.17395234254247
2012-12-12,153.43,157.0,153.41,155.37,300353,155683,0.011392446342855557,20.71577406894302,26.788461338798403,26.179044981544198
2012-12-13,155.37,155.72,153.65,153.79,228417,128569,-0.01022133365207774,20.69676492813275,25.92135712702709,26.19563927379805
2012-12-14,153.79,155.26,153.72,154.86,147776,273169,0.006933447506745505,20.522750638361696,25.971362722046777,26.203700556843913
2012-12-17,154.87,156.52,154.41,155.6,149480,288447,0.004767128785713573,20.123361701003127,25.968159834139993,25.986235542325602
2012-12-18,156.08,157.3,155.62,156.9,193195,300079,0.008320047994695734,17.78854106734329,25.970036808050768,25.956405891620044
2012-12-19,156.88,160.32,156.65,159.7,233083,312517,0.017688395481979684,15.669697848749223,26.224123796555393,26.005023578380815
2012-12-20,159.19,160.69,158.42,159.97,178144,306604,0.0016892424325376306,15.517413727562618,26.04517177898296,26.005182496375777
2012-12-21,159.77,159.86,156.12,157.36,180375,300867,-0.016450123572700568,16.306746885857915,25.886741895323095,25.99582282822815
2012-12-24,157.25,157.71,156.54,157.27,48516,298836,-0.0005721005781696073,16.157188115672998,25.869089844427656,25.924867872975256
2012-12-26,157.29,162.04,157.23,161.48,141598,296671,0.02641722248210578,18.455339948840336,26.459112272722805,26.06465543003344
2012-12-27,161.51,162.29,159.83,161.28,152771,289208,-0.001239311101736148,18.13943006481725,26.431210563176677,26.053092406456845
2012-12-28,161.78,162.38,160.3,161.16,131374,277570,-0.0007443245598573315,17.129367063455287,25.001852331043807,25.715211520208637
2012-12-31,160.46,163.27,159.74,162.97,119525,270964,0.011168474464750902,17.245927775305713,23.729782110567623,25.740819885636302
2013-01-02,162.9,166.61,162.51,165.27,203865,261453,0.01401436536483748,17.83965817700559,23.53919125729664,25.748865850180298
2013-01-03,164.9,165.59,164.16,164.92,189812,247577,-0.0021199923140357694,17.6261522026341,23.50601681824395,25.74866415136197
2013-01-04,164.81,165.43,162.43,165.22,210747,236828,0.0018174112956600562,17.301954623801503,22.45881149187075,25.749040325039303
2013-01-07,165.43,165.68,164.03,165.4,166292,221143,0.0010888634552317453,15.437007515201689,22.313586882124476,25.73104393645536
2013-01-08,165.63,166.48,164.48,165.33,195867,207964,-0.0004233060263371893,15.271306839324575,22.236908426425646,25.6981124924833
2013-01-09,165.33,166.21,164.49,165.24,201385,193316,-0.0005445140346898722,15.070746689124146,22.232393223098672,25.63963592681499
2013-01-10,165.4,168.08,165.2,166.52,279295,168207,0.00771645979821093,15.127710649012124,22.2771758055101,25.650147360230726
2013-01-11,166.61,167.07,164.44,166.05,257821,145743,-0.0028264745040191353,15.05228377123676,22.27928227369807,25.553582409356213
2013-01-14,166.05,166.94,164.59,166.69,110113,276080,0.003846852132240929,14.176049592356227,22.29347254514625,25.55724461225087
2013-01-15,166.9,167.22,165.03,165.16,124727,280847,-0.00922109893710718,14.87916194162092,22.372901948355118,25.571735750175694
2013-01-16,165.42,167.06,164.86,166.85,163652,292535,0.010180504179493524,15.07660306072623,21.96446596333223,25.500186782499146
2013-01-17,166.76,170.06,166.11,169.07,164884,307276,0.013217625151491922,15.381831551629785,21.700202513964022,25.503171986210155
2013-01-18,168.56,169.4,168.05,169.24,210132,307246,0.001004995502991726,14.488662765657223,21.13840961647248,25.49642394683751
2013-01-22,168.66,170.74,168.24,170.37,236391,314035,0.006654716705584033,14.540697037417537,21.010687957954104,25.50143162307525
2013-01-23,170.51,170.8,167.32,167.82,318008,295685,-0.015080566115527586,14.302023160129565,21.282151480437932,25.541984335685935
2013-01-24,168.29,170.37,167.62,169.09,232035,292171,0.007539141108414496,14.306757446119805,21.318832866888457,25.554274126523595
2013-01-25,169.09,170.16,168.17,168.96,184873,294046,-0.0007691170324411327,11.551223355438143,21.222392253327886,25.543138419343336
2013-01-28,169.24,170.6,168.24,169.95,167186,291021,0.00584227562422814,11.53986735064508,21.240817288092646,25.5492552491789
2013-01-29,169.98,172.38,169.69,171.94,252931,295308,0.011641302604172978,11.89328738050641,21.317312901082584,25.562678807682488
2013-01-30,171.5,173.12,171.5,172.59,211277,289650,0.0037732607970136717,11.523146353716331,21.25505521360165,25.534108187528155
2013-01-31,172.63,172.77,170.65,171.8,230630,282500,-0.0045878299931567,11.01729858903797,20.511296792594173,25.490753527837605
2013-02-01,171.68,172.96,170.07,172.29,270275,276540,0.002848093994159623,10.915291310791206,20.45583301505692,25.4755213285957
2013-02-04,172.21,172.28,168.98,169.47,196975,267626,-0.016503183539034374,12.775980249663837,19.583805868882347,25.479536774116628
2013-02-05,169.4,171.06,169.02,170.3,188841,262895,0.004885667663362353,12.839771062006083,16.549620183477273,25.48267873592916
2013-02-06,170.3,170.92,167.48,170.27,282803,249405,-0.0001761752360900416,12.835262898726022,16.509510348754706,25.455413854785284
2013-02-07,170.69,171.31,168.36,168.87,275474,224756,-0.008256224288507705,13.28015430691718,16.509614746186934,25.442004625144055
2013-02-08,169.03,170.18,167.89,168.68,229242,202171,-0.001125759265685759,13.063810494020819,16.44968594345185,25.37897321970368
2013-02-11,168.68,170.99,167.26,170.9,154678,205544,0.013075161243186102,13.707049247527669,16.586588015321304,25.414565646998494
2013-02-12,170.73,172.2,170.26,171.76,133679,224576,0.0050195634489803775,13.740646218643416,16.50003531540082,25.39718135670641
2013-02-13,171.87,172.78,170.22,170.94,140877,242631,-0.004785535832653608,13.366831012969845,16.369639371181133,25.3953849187237
2013-02-14,171.27,172.13,170.52,171.46,96710,257341,0.0030373855127379954,13.002692038173933,16.22857631624296,25.37882149090801
2013-02-15,171.43,171.75,167.73,168.86,178385,270330,-0.015280034009255984,13.482622804742661,15.721542789058695,25.289384829869675
2013-02-19,168.82,170.2,167.68,170.06,232699,284698,0.007081346716292461,13.716899921012013,14.501915114652133,25.301041341280722
2013-02-20,170.06,170.75,165.0,166.77,338967,298131,-0.019535698324158607,15.166668994517451,15.076681163384094,25.32657662492997
2013-02-21,165.9,166.25,162.23,162.6,286434,296954,-0.025322420519777667,16.772425639551415,15.891769542367683,25.376953386929653
2013-02-22,162.81,163.72,161.9,163.11,204258,296257,0.003131622712228894,16.5257487692031,15.840261981884025,25.35934892572968
2013-02-25,163.29,165.44,161.25,163.08,217519,285621,-0.00018394187488630353,16.531896039725012,15.77386451123622,25.295269865841313
2013-02-26,160.99,163.65,160.99,162.23,230836,279344,-0.005225796528745184,16.32135079257908,15.71902856776404,25.292748652560558
2013-02-27,162.39,163.53,161.45,162.46,201512,274365,0.00141673620050034,15.546086382595062,15.299428761593395,25.234611457685986
2013-02-28,162.69,163.2,160.38,161.22,218119,267936,-0.0076619257673530144,15.43080861473484,15.2715311279183,25.171508021086673
2013-03-01,160.71,161.08,157.7,158.82,248466,259321,-0.014998406388390007,15.969515452968974,15.580595951865718,25.21152152938922
2013-03-04,158.87,159.22,156.46,157.84,231108,245818,-0.006189623752704944,15.782026974991947,15.572269994352187,25.15033810028976
2013-03-05,158.03,159.36,157.66,159.06,209874,244859,0.007699627814629265,15.653978835632696,15.583481801140056,25.12173970087415
2013-03-06,159.08,159.68,156.84,158.38,244168,219779,-0.004284280746722762,15.363847447421723,15.115638051580824,25.11940716898529
2013-03-07,158.36,160.66,158.01,160.36,234921,196010,0.012424078992039823,16.35819148346226,15.286607804264099,25.14031814884786
2013-03-08,160.12,161.18,159.08,161.04,219961,175175,0.004231493557229596,16.426256680951496,15.267662140694174,25.12875554818998
2013-03-11,160.83,161.39,159.19,161.24,194607,160481,0.0012411569174290223,16.471533006353372,15.263107991261322,25.125867455086404
2013-03-12,161.03,163.71,160.43,162.08,283114,133929,0.0051961022514081905,15.719161164205625,15.131837677749388,25.107194803684624
2013-03-13,162.22,163.58,160.97,162.04,251336,112228,-0.0002468221658835565,15.487840472054138,14.961333879859676,25.10637271469288
2013-03-14,162.04,163.35,161.22,162.99,91487,279848,0.005845630897051583,15.774427589734907,14.944157702266935,25.043289523931055
2013-03-15,163.0,164.42,162.95,163.75,107528,287405,0.004652025283819788,15.858179430341623,14.94288853814966,25.0297575872063
2013-03-18,163.4,164.63,160.82,164.26,158197,299695,0.003109663796684946,15.19134163834127,14.869622688735202,24.930645416782493
2013-03-19,164.45,164.89,161.21,161.48,286833,301916,-0.017069242327306177,15.813116606349578,14.886067783381653,24.95547054055439
2013-03-20,161.31,163.37,161.31,163.19,226790,301301,0.010533870158103233,15.126283387556082,15.03387115526553,24.920510922017947
2013-03-21,163.02,163.25,160.3,161.36,214131,300278,-0.011277272496886823,12.781223589666077,14.823134391720947,24.896635753091655
2013-03-22,161.15,163.96,161.15,163.56,202666,295203,0.01354200185048521,13.664552639177513,15.063129299269807,24.937235584835257
2013-03-25,163.58,166.95,163.54,165.48,270651,302145,0.011670446096769206,14.262354546105326,14.268020963343591,24.965925516388573
2013-03-26,165.38,168.34,165.24,168.15,214345,297792,0.016006096593067842,15.055522832689345,14.616459845091741,24.960711253064975
2013-03-27,167.87,169.02,166.83,168.57,207777,299530,0.0024946556059379384,15.056820680873493,14.617907265538884,24.83856428552393
2013-03-28,168.75,169.91,168.01,169.71,157487,296042,0.00674000423095768,14.714591700405212,14.510869169794265,24.84754741657059
2013-04-01,169.93,170.7,167.42,169.43,192396,287432,-0.001651235853159104,13.295807996905996,14.248586561407686,24.75173426706763
2013-04-02,169.3,170.07,167.4,169.64,209877,280499,0.0012386824363749829,12.851593917605278,14.239694048397883,24.726927676071416
2013-04-03,169.18,169.23,164.38,164.85,302235,263467,-0.028642575088649862,17.091046236223168,15.434757833908378,24.769006768065086
2013-04-04,164.94,165.53,160.79,162.78,355321,256458,-0.0126363736188446,17.729800977483563,15.646831600525537,24.728605068313055
2013-04-05,162.95,163.32,160.42,161.8,267276,235566,-0.006038591274503991,17.41146441778143,15.691496359777055,24.722779648855024
2013-04-08,162.36,163.63,161.38,162.95,212117,212856,0.007082400659179012,17.52270464909166,15.765334945786272,24.69687771544814
2013-04-09,163.18,164.91,162.08,164.42,234720,187860,0.008980724440416756,17.774433727213314,15.794663676031007,24.655825547520976
2013-04-10,164.0,165.5,163.02,165.18,248557,159036,0.004611658658583755,17.757234118084074,15.815611347545785,24.642149362661545
2013-04-11,165.05,165.18,162.43,163.21,222439,144104,-0.011998073219966486,18.342333284594844,15.97976241446755,24.657631058707565
2013-04-12,163.18,163.23,157.56,159.34,325580,132178,-0.02399743121038448,20.13032433028105,16.60477529186179,24.76901615862366
2013-04-15,159.34,159.34,152.66,155.27,175852,290250,-0.025874746959141593,21.8129999396578,17.237184925433034,24.863127422496945
2013-04-16,152.9,155.71,150.67,155.27,169002,293285,0.0,21.731707912417317,16.975882299751298,24.824346928119404
2013-04-17,155.55,155.92,150.62,151.68,185677,309917,-0.023392498486366754,22.38783911750334,17.553586558063717,24.926037868620483
2013-04-18,151.04,154.84,149.81,153.48,235083,321103,0.011797226872039912,22.49434699956078,17.690803013682014,24.928837274846206
2013-04-19,154.59,155.33,153.16,153.95,231562,331410,0.0030576089917578194,22.37562242629447,17.49605704156071,24.92299092756755
2013-04-22,153.83,156.06,152.94,155.55,238730,333624,0.010339348973136897,22.10111874682666,17.56669141713363,24.94297839392491
2013-04-23,155.71,156.27,153.13,155.54,288801,326264,-6.429007684894365e-05,21.486446656366244,17.568351060204513,24.934979437094253
2013-04-24,156.27,159.97,155.59,159.46,257736,327143,0.024890173807552343,22.729534787488934,18.320372875865758,25.06348749580573
2013-04-25,159.72,163.71,158.9,163.31,270121,322478,0.023857128014302568,24.562238399463126,18.84567814366673,25.181230335192197
2013-04-26,162.62,163.21,160.56,162.2,240966,314682,-0.006820093407339447,24.423898441020032,18.85952331110942,25.18882835582775
2013-04-29,161.67,165.15,161.2,164.81,214608,308591,0.01596315356477627,25.268143600656256,19.16200800218548,25.210898365716584
2013-04-30,164.67,165.02,161.95,163.0,277499,307019,-0.01104309443932634,25.474422069822012,19.263590742426647,25.218820648670885
2013-05-01,162.34,162.65,157.16,158.76,332382,294670,-0.02635657289189776,25.168365264050983,19.704746615160083,25.224813197380534
2013-05-02,158.71,164.38,158.1,163.92,310808,285835,0.03198487601577977,27.514146503343678,20.80742850379573,25.119472027685603
2013-05-03,163.92,167.5,163.17,166.75,297522,276665,0.01711718086508891,28.024159865315752,21.123197161397403,25.175249579656544
2013-05-06,166.7,169.47,165.42,167.71,271004,267425,0.005740612547803362,27.992782211397362,21.094131162136733,25.165134387379386
2013-05-07,167.06,167.88,165.55,166.77,260141,244135,-0.005620679710048596,27.9508669274972,21.123425388035137,25.170308597629486
2013-05-08,166.66,168.77,166.1,168.51,276315,221596,0.010379477578963233,28.132060820002252,21.058245631791493,25.191156493552498
2013-05-09,168.48,168.77,166.3,168.11,272196,197766,-0.002376568167483589,27.747219666097628,21.033961555705982,25.1735344653482
2013-05-10,167.71,167.85,162.84,167.5,354119,186788,-0.00363517577984624,26.163772722287554,21.024938349743323,25.150575273879745
2013-05-13,167.01,167.1,164.76,165.98,297036,160081,-0.009116052094819298,24.36810041782162,21.089014580247223,25.153589599138016
2013-05-14,165.98,167.25,164.15,164.76,107344,293275,-0.007377429602421884,24.641198993160323,20.914584892857945,25.13422153059138
2013-05-15,164.76,165.13,161.13,164.9,139800,308617,0.0008493599976733183,22.62157909133452,20.8581669747666,25.133097504324436
2013-05-16,164.95,167.12,163.05,166.45,181328,321908,0.009355734455480698,22.528928333078074,20.571198079749045,25.120781090644318
2013-05-17,166.47,168.7,165.77,167.92,156873,331247,0.008792711491343641,22.587113744244817,19.958787430212872,25.109821446876573
2013-05-20,167.85,169.77,166.49,169.03,263796,349787,0.006588538449708857,22.494093890650703,19.99053354468235,25.0946182921084
2013-05-21,168.96,169.54,166.92,167.73,259159,344082,-0.007720670255422829,22.846017235374422,20.06260452162751,25.013602828163183
2013-05-22,167.24,167.74,163.94,164.41,336497,336438,-0.019992235683877917,22.89848678521567,20.465801055348447,25.080261532962062
2013-05-23,164.24,164.73,160.8,164.36,323633,326338,-0.00030416400757654437,21.325785093129152,20.464550614279997,25.079233716873844
2013-05-24,164.57,164.6,162.25,164.19,203991,316587,-0.0010348501912726034,21.167150327173257,20.400862693745,25.079189054564345
2013-05-28,163.73,167.27,162.58,165.69,240990,315205,0.009094278757269458,20.64020890586053,20.2257320017189,24.87637895022246
2013-05-29,165.75,166.05,161.88,162.41,293461,307668,-0.019994570394694423,21.516702877079023,20.62076620139772,24.91313142238524
2013-05-30,161.99,163.91,159.83,163.24,294855,297567,0.005097508351093497,19.215400276334385,20.588701460048725,24.605913292919706
2013-05-31,163.3,163.66,159.67,160.38,267978,285093,-0.01767551115872233,16.64202228761366,20.900281128348432,24.655823681911187
2013-06-03,159.97,163.4,159.15,162.96,287474,278509,0.015958772539667782,16.47818949337613,21.000827609666757,24.704288812410063
2013-06-04,162.79,164.64,161.1,162.72,301136,261176,-0.0014738396183006637,16.27583872316693,20.987382689385104,24.690473660406827
2013-06-05,163.68,164.76,162.89,163.47,268909,251523,0.004598554962866932,16.337656069179783,21.005951991314227,24.693179924152012
2013-06-06,163.4,166.23,163.38,165.25,267164,238936,0.01082999146867898,16.379999931160672,21.09439904293716,24.700408033387667
2013-06-07,165.18,168.09,163.44,167.46,330833,213390,0.013285038044490133,17.12877928506959,21.260429563501493,24.674449389844284
2013-06-10,167.57,167.85,166.0,167.01,234601,181247,-0.0026908259127598386,17.10688026488779,21.24155345072945,24.665998529057546
2013-06-11,166.99,167.25,163.99,166.33,257474,155860,-0.004079924061082384,16.848103685479785,21.242383289962717,24.649089227508732
2013-06-12,165.48,168.2,164.73,167.2,244870,143476,0.005216933848157459,16.69868046165184,21.258838732583268,24.606522228812175
2013-06-13,167.2,169.21,165.9,168.82,113128,231524,0.00964235790497262,16.99571977029186,21.030508632682253,24.624065388594474
2013-06-14,168.79,171.54,168.34,170.83,126328,239321,0.011835851403392555,17.175904298243356,21.058078475102405,24.63385590683042
2013-06-17,171.0,172.36,170.02,170.76,145589,256724,-0.00040984806920503215,16.952540377476254,20.909947304318337,24.619124027115088
2013-06-18,170.98,172.24,170.09,171.87,149067,277283,0.0064793151988348004,16.94767049149597,20.777875066086363,24.366220656580413
2013-06-19,172.15,172.81,170.32,171.54,247539,281705,-0.0019219015263207187,16.6824145801607,20.66126954258888,24.0090109280479
2013-06-20,171.05,171.09,164.83,165.72,376229,287615,-0.0345168583530743,19.652950456857013,21.62412949360545,24.191328183306883
2013-06-21,165.41,166.94,162.2,163.2,340903,281342,-0.015323174679194442,20.431668137023635,21.835077888479375,24.232232502310726
2013-06-24,163.48,166.51,161.42,165.79,315821,278135,0.015745484721367213,21.21089567164961,22.04034528093687,24.28023942442737
2013-06-25,165.51,167.52,164.76,166.04,267541,277004,0.0015067959334642105,20.972075330989444,22.042125799022884,24.2590550423481
2013-06-26,165.77,166.7,163.18,166.35,291417,279840,0.0018652792796476363,19.582769389017194,22.044412724787154,24.037714258080825
2013-06-27,166.38,169.68,166.09,169.05,269312,280356,0.016100526689409356,20.25140100308099,21.489764329960064,22.364326239971465
2013-06-28,168.63,170.39,167.8,168.2,247607,270557,-0.005040781615047451,19.10844838492449,21.348582596627033,22.321786427135148
2013-07-01,168.23,171.19,167.34,170.69,229193,257189,0.014695298237393828,18.994291325532604,21.497797599665763,21.898042242154926
2013-07-02,170.81,173.96,170.32,173.49,285781,258114,0.016270915061995107,19.5604938261473,21.69241067543786,21.950189053586236
2013-07-03,173.51,177.99,173.47,176.35,353250,243235,0.016350695843824373,20.108732574574763,21.859513181293146,21.761064877351906
2013-07-05,176.09,180.6,175.42,179.8,256027,237944,0.01937446535545902,20.724667750150914,22.166084379320814,21.77199947669536
2013-07-08,181.07,181.36,177.9,179.66,253202,218234,-0.0007789462364594587,20.508848850434873,21.994736151874548,21.62599921954081
2013-07-09,179.41,182.48,178.21,180.34,285670,203037,0.003777782270700092,20.37730976957134,21.340915096154394,21.517354850704688
2013-07-10,182.15,185.79,181.52,185.55,404821,179841,0.028480429434846036,21.918401721250476,21.208489961436634,21.697684402929777
2013-07-11,184.9,187.17,181.7,182.74,316730,163859,-0.015260009936132116,23.121634480827442,21.5279167177249,21.727368167598083
2013-07-12,182.17,185.21,181.78,184.55,234756,151608,0.009856051905533144,23.128130544119447,20.874144692337833,21.700982346888622
2013-07-15,184.55,185.48,182.11,184.99,106059,335889,0.0023813400872901127,22.970873186135936,20.79889648906579,21.688217368121883
2013-07-16,185.06,186.49,184.05,184.59,135522,340757,-0.0021646201427891424,23.023751489515533,20.826998225611415,21.680043409234663
2013-07-17,184.2,185.86,183.01,185.74,159379,366570,0.006210696927353703,23.01994791573671,20.782208057922645,21.47403404682405
2013-07-18,185.74,188.95,185.01,188.29,206309,375907,0.013635481160474626,23.16179634510042,20.88654793032131,21.476607457061622
2013-07-19,188.38,190.25,186.72,188.39,316998,382573,0.0005309546689458996,18.084057493388197,20.396163445457052,21.064903498970974
2013-07-22,188.74,189.67,185.97,186.77,283866,388520,-0.008636368851767261,17.149816721808183,20.045958957627807,21.08269699369691
2013-07-23,186.87,187.83,184.18,187.28,241640,394167,0.0027269098571397303,16.863853469739205,19.95700478549543,21.07838740518793
2013-07-24,187.5,187.78,183.01,184.06,278262,386668,-0.01734303177194447,18.76424447811551,20.15621462182353,21.150984647059207
2013-07-25,184.03,184.9,181.77,184.24,270580,381217,0.0009774641017189032,18.7874996324438,19.977779348151667,21.13672187314872
2013-07-26,184.36,184.48,181.46,182.86,208855,365623,-0.007518422776149254,18.825101275028384,19.191602101334617,21.147507968577823
2013-07-29,182.7,184.03,181.41,182.6,206326,362802,-0.001422864575412491,18.639419763540708,18.18339837436828,21.05349605422911
2013-07-30,182.54,182.58,179.31,180.03,235605,356250,-0.014174464491336856,19.27069969032589,18.188288264722928,21.08493180653697
2013-07-31,180.15,184.13,179.77,183.43,299127,356127,0.018709619656728238,19.516959184368645,18.515478491186755,21.061182210782203
2013-08-01,183.84,188.73,183.56,188.43,267594,344860,0.02689346180813979,20.805111625712392,19.169381370299543,20.687206805784168
2013-08-02,188.27,190.05,185.91,186.77,249314,325484,-0.008848671808883447,20.321682392044263,19.216858612858303,20.691907017491122
2013-08-05,186.59,188.08,184.6,186.11,204860,320771,-0.0035400165696433915,20.393494695710203,19.228913729172472,20.637416937589638
2013-08-06,185.97,187.35,183.14,183.91,272996,304762,-0.01189138924498267,20.939403096941575,19.40034874357068,20.670632394562567
2013-08-07,184.57,184.73,181.81,182.28,294242,281082,-0.008902541115207812,18.488914855548344,19.395380071865016,20.691383699660598
2013-08-08,181.95,183.31,178.53,180.59,320070,259349,-0.00931469793142988,17.98970743348457,19.43753197857983,20.70637658556147
2013-08-09,181.41,185.55,180.97,185.08,303796,243485,0.0245588955745471,19.789269307820074,20.001278043186744,20.848569572401175
2013-08-12,184.85,185.93,183.43,185.32,257139,217158,0.0012958965096487624,19.77673536084015,19.941485092880644,20.835953253103035
2013-08-13,185.39,187.22,184.36,186.58,276773,179757,0.006776040984367429,19.895881591879892,19.91550252960377,20.826386785549552
2013-08-14,186.58,187.67,185.17,187.32,149167,301470,0.003958282782526013,19.826621119600187,19.895528364361056,20.78872880643913
2013-08-15,187.58,189.0,186.79,188.42,164958,318502,0.005855129305180553,19.324978765868956,19.81497650526395,20.791967492515774
2013-08-16,188.11,189.76,187.04,188.6,185111,325645,0.000954856578835567,19.327008787556505,19.28262048050373,20.79184841758968
2013-08-19,189.09,189.14,186.84,187.84,221204,346006,-0.004037833559625472,19.120537359974133,19.31920340988353,20.788483396569795
2013-08-20,187.6,188.04,183.92,184.77,361065,344092,-0.016478728272670003,19.990839413481034,19.686302513893352,20.852326735827333
2013-08-21,184.89,185.19,181.94,182.55,259243,331033,-0.01208770026541574,19.4904362580941,19.8368479213646,20.862581295599945
2013-08-22,182.57,185.01,181.99,184.63,204692,330397,0.011329714306005878,19.929768151039767,19.413589320857984,20.89200383613279
2013-08-23,184.96,187.98,183.34,187.07,259545,326680,0.013129055953161469,20.227559936558123,19.535294710636784,20.918805182991125
2013-08-26,187.93,188.74,185.56,186.19,165995,324685,-0.004715220652852285,20.316411307850004,19.146783259654807,20.906557899291315
2013-08-27,186.58,192.17,186.12,191.62,295934,328900,0.028746586514766404,21.73501334851744,19.70238043484609,21.08110148637772
2013-08-28,191.99,197.3,191.8,193.54,336171,319696,0.009969965230069067,21.116161187569833,19.738382857480588,21.08080067412018
2013-08-29,192.54,193.49,189.36,191.25,250038,312225,-0.011902736746151183,19.656581415453637,19.965793688194385,21.031543966102266
2013-08-30,190.15,191.17,187.65,189.23,234394,282237,-0.010618266290686233,19.78074940667757,20.072474798201256,21.022794671791175
2013-09-03,188.21,191.31,183.19,190.8,288018,294736,0.00826255259822711,19.89217251679765,19.980811924094123,21.037701455694563
2013-09-04,190.62,190.92,187.69,188.49,224377,287492,-0.012180803931220778,19.91776918126422,20.173241537074176,21.075141206122076
2013-09-05,189.13,190.8,188.32,190.5,184889,282374,0.01060723948379031,19.805032553388592,20.20818680015588,21.081285260034775
2013-09-06,190.76,194.59,190.06,194.3,269866,273580,0.01975116181663883,20.245146304625088,20.516156170749447,21.17089553235357
2013-09-09,193.86,194.17,191.18,192.52,266915,248572,-0.009203311948485829,19.139286219130373,20.59943713219042,21.183985776394668
2013-09-10,191.47,191.52,187.02,188.78,325314,227122,-0.019617728538110304,20.619531572611287,20.97545778906668,21.277870205243072
2013-09-11,188.72,190.01,187.26,189.07,238235,212812,0.0015350009630391275,20.505890716870834,20.971026375357038,21.23202821472181
2013-09-12,189.44,191.89,188.62,190.9,249780,194768,0.00963241387186457,20.724581660039853,21.011650453135342,21.241979463549058
2013-09-13,190.9,191.11,188.46,190.39,104786,274886,-0.002675130762116906,20.677761035266048,21.017839074621783,21.10043227282912
2013-09-16,189.72,189.95,186.9,188.0,162033,289372,-0.012632637139635815,21.19586701608657,19.851671476962764,21.092767455060603
2013-09-17,187.36,187.59,184.83,185.57,213571,321231,-0.013009793473701764,21.648045506260758,19.770433418400174,20.827157151672175
2013-09-18,185.48,190.67,185.08,189.93,215629,330144,0.02322341386789749,22.362981990872683,20.047671758051425,20.952332155379565
2013-09-19,190.21,191.47,186.88,187.41,301286,357471,-0.01335685305055668,22.468622573378447,20.301515502993762,20.993437155203964
2013-09-20,187.27,187.86,185.01,185.45,250360,364604,-0.010513426237988463,22.514929664285148,20.463347882921102,20.9941756789611
2013-09-23,185.7,186.1,182.56,183.4,223392,354296,-0.011115744113235255,22.315350945499578,20.411720808512328,21.016010779475952
2013-09-24,183.13,183.48,181.11,182.58,259543,341154,-0.00448112668542973,22.31032296466531,20.40454835460503,20.96179956657112
2013-09-25,183.08,184.05,180.93,181.75,236195,340830,-0.004556316723306084,19.362296780903627,20.248290048148903,20.86984316483243
2013-09-26,181.11,182.86,180.93,182.4,183778,326509,0.00356996122660234,18.93791909033774,20.00625896109373,20.869583308946734
2013-09-27,182.19,183.71,181.22,182.12,232299,314427,-0.001536267173649656,18.644178177031144,19.747912102980226,20.86860354663793
2013-09-30,181.4,181.93,178.9,181.17,226707,307186,-0.005229993478661941,18.427766679575928,19.385882103652786,20.865001814049545
2013-10-01,181.13,181.61,178.92,180.65,223028,300070,-0.002874359394270151,18.010321296780155,19.394816623132208,20.434432890723624
2013-10-02,179.91,184.53,179.57,184.3,300526,298915,0.02000340708212843,19.344990658522025,19.80720958718077,20.14606581341245
2013-10-03,183.8,184.79,182.12,182.9,226225,292028,-0.00762530927895757,18.957242810580645,18.98295340658808,20.05574011550175
2013-10-04,182.21,184.46,182.17,183.84,165197,284382,0.005126258703625494,17.372569858028626,18.75234291159325,20.04985401470799
2013-10-07,183.15,183.66,180.33,182.4,269025,265745,-0.007863736460214576,17.31314999748766,18.71016773391835,19.785935258481558
2013-10-08,182.63,184.26,182.09,183.22,194195,245284,0.004485538946831443,16.272043130203052,18.727506142790826,19.748127884163047
2013-10-09,183.22,183.68,179.13,179.89,283131,219628,-0.01834206361246788,17.27966872823134,19.091391427349553,19.81889995207604
2013-10-10,179.62,183.36,179.09,182.37,296858,195808,0.013692037454146154,17.712036191032546,19.26332939711498,19.86252911936292
2013-10-11,182.24,182.26,178.1,180.62,298216,166947,-0.009642213606088126,17.90397105621,19.13408140327877,19.885273177529015
2013-10-14,180.62,182.68,179.94,182.34,98230,331412,0.009477699334103952,17.98628943451591,19.246050383169617,19.905482480764615
2013-10-15,182.04,182.45,179.83,180.44,147498,337347,-0.010474763616561588,17.79313624761978,19.282718831207404,19.93515349215828
2013-10-16,179.83,183.53,179.62,182.36,186566,339586,0.010584442805045597,15.942519959184642,19.40702035554759,19.96154939748288
2013-10-17,182.15,182.41,178.3,179.48,263192,346795,-0.01591897423745823,16.20761338245878,19.356183446969617,19.892531144817063
2013-10-18,179.71,181.45,179.25,179.9,194736,351350,0.0023373598487049932,15.969507650694412,19.36238220865707,19.786847253355404
2013-10-21,179.78,180.12,176.88,177.36,301917,365790,-0.014219575648431343,16.252389556087028,19.51574415871569,19.705686158079835
2013-10-22,176.99,178.46,174.57,174.9,347314,365998,-0.013967183283499683,16.8089524080076,19.709202966058445,19.726178547358366
2013-10-23,174.58,174.89,171.1,172.34,356194,366540,-0.014745112212935594,17.381836055561035,19.726183508576387,19.78262278277182
2013-10-24,172.77,173.82,170.72,172.79,248742,365707,0.0026077145134096734,17.339411053967797,19.320355928385176,19.782586255074055
2013-10-25,172.93,174.48,172.57,174.1,192632,360037,0.007552862449113015,17.716804892988783,18.517809332002948,19.77455335640472
2013-10-28,174.16,175.83,173.25,175.58,230155,357575,0.008464932723919419,18.074776214844803,18.556988565427105,19.790459976995226
2013-10-29,175.33,175.38,173.82,174.73,183243,359829,-0.004852854147115766,18.10737027525931,18.566521940407032,19.788469248304292
2013-10-30,173.96,174.05,171.79,172.18,268138,354643,-0.014701484121138347,16.73762717402417,18.645360653130556,19.82442082947594
2013-10-31,171.91,172.64,170.87,171.49,255401,348486,-0.004015485361752891,16.66569105568217,18.584794552430004,19.651319531317167
2013-11-01,171.38,171.97,167.89,168.34,282138,332364,-0.018539212084625695,17.202129457547073,18.85489257985812,19.723453936557362
2013-11-04,168.18,169.23,167.36,168.36,219109,325052,0.00011880011893988725,17.222549155922067,18.07973901123757,19.409194131688263
2013-11-05,168.09,168.85,165.6,166.13,226454,315014,-0.013333929503982671,17.218957770202874,18.2284013638875,18.805737181097864
2013-11-06,166.79,169.74,166.63,168.68,282722,287959,0.01523281447997188,17.854256091321147,18.479436014073883,18.850588608538438
2013-11-07,168.87,169.58,166.9,167.61,260597,270748,-0.006363576739191969,16.71820081651072,18.465968229872775,18.829789640290034
2013-11-08,167.89,168.89,167.08,168.32,241690,246767,0.004227077410177881,16.845962285799676,18.439937822215136,18.823710304904157
2013-11-11,168.05,169.71,167.45,169.28,206721,225379,0.005687219120589514,16.508224149649113,18.496431004464387,18.827544376182868
2013-11-12,169.03,169.42,165.22,165.55,353689,197365,-0.02228088467667922,17.642298448292237,18.962632273477787,18.93640283863675
2013-11-13,165.54,168.18,165.35,167.17,144457,290673,0.00973799472128397,17.54985869729206,18.874823551435725,18.930664380456268
2013-11-14,166.48,168.15,164.84,167.03,163228,311635,-0.0008378217126831115,17.04018905377713,18.74997074687779,18.893477104192446
2013-11-15,167.24,168.34,166.73,167.17,100883,324861,0.0008378217126830561,16.97915876945163,18.56618451107212,18.703309102592254
2013-11-18,167.07,167.97,165.21,165.74,137135,338344,-0.008590963293642834,16.62924327473051,18.3598847262681,18.49616440095783
2013-11-19,165.67,166.54,164.93,166.11,263051,347515,0.00222992408208911,16.252206613205107,18.37146861104698,18.48383137924291
2013-11-20,166.11,167.15,164.98,166.04,225891,352364,-0.00042149631814765833,15.612707792359345,17.230152682971386,18.456439586136895
2013-11-21,165.83,169.19,165.37,168.85,222138,353334,0.016782023646738677,16.90790691596144,17.493382466762924,18.520106603568255
2013-11-22,168.59,169.08,166.39,167.79,257843,345927,-0.0062975493299704255,16.675187240073132,17.399076560316505,18.519787148978775
2013-11-25,166.57,167.19,164.68,166.46,270860,348419,-0.00795815718365711,16.34405352464516,17.352459241416852,18.519709608749572
2013-11-26,166.68,167.53,165.3,165.74,160178,344857,-0.004334744897052613,16.33589585542969,17.22155831787269,18.438047307884847
2013-11-27,165.42,165.6,162.36,163.3,230878,341643,-0.014831295444476955,16.348666810334407,17.294614756989862,18.475463574818114
2013-11-29,163.35,166.13,162.87,164.04,143205,334786,0.00452130054743902,16.533715246715044,17.14356399802765,18.479810637588013
2013-12-02,164.02,166.45,163.76,165.99,234800,326186,0.0118172450542696,16.06458315654378,16.777071511165957,18.504356050534792
2013-12-03,166.06,171.54,165.72,169.91,319271,317617,0.023341339519539143,18.195678422948486,17.54038826240639,18.635273403145245
2013-12-04,171.44,172.64,170.37,171.97,325857,295705,0.01205115789844079,17.871901943129124,17.38819536615579,18.574511371104478
2013-12-05,172.2,173.36,171.63,172.29,216392,278487,0.0018590605482066832,17.147297939116545,17.390781174927582,18.570094871040528
2013-12-06,172.29,173.51,171.75,172.76,223944,249065,0.002724244548185428,16.927585728828355,17.258193750700666,18.56529499538847
2013-12-09,172.78,173.33,171.79,172.21,210090,218380,-0.003188685775692178,16.974502915277608,17.25979959286604,18.567617511964976
2013-12-10,172.06,174.69,172.04,174.28,264838,189430,0.01194853893243313,17.338453501462663,17.328144697166422,18.571015664034466
2013-12-11,174.53,174.71,171.97,172.39,274194,153787,-0.010903849342354215,15.66195816406481,17.272453357978492,18.57511427919521
2013-12-12,172.59,173.7,172.16,172.5,205749,128470,0.0006378845645272557,15.398408497932678,16.51021621812335,18.56364888124822
2013-12-13,172.64,172.71,170.3,170.91,233161,101077,-0.009260134311000572,15.856438970221387,16.406682903010335,18.583902928534098
2013-12-16,170.91,172.99,170.39,172.6,110434,263688,0.009839676488913674,16.15226807080123,16.461143535889107,18.591102525061185
2013-12-17,172.2,173.27,171.7,172.07,125215,276502,-0.0030754078842612975,15.805734612600103,16.336209592414193,18.51219047381229
2013-12-18,172.2,173.54,171.72,173.11,206080,285173,0.006025859823572016,15.874354487839481,16.384147994289805,18.520605984767197
2013-12-19,172.88,175.64,172.58,174.84,192782,294214,0.00994403940647564,16.084135643772612,16.514448245684207,18.468298071075505
2013-12-20,174.24,175.48,173.96,175.34,151281,290638,0.002855676165325738,15.188145171775346,16.5073069782521,18.469638429573205
2013-12-23,175.13,175.32,174.14,174.61,107273,284276,-0.004172030626403303,15.054402808202521,16.522128621240434,18.28858681736019
2013-12-24,174.1,175.3,173.94,175.16,51877,283663,0.0031449263991614744,14.589800765551924,16.51323930997098,18.29011848123084
2013-12-26,175.13,176.01,174.86,175.74,65666,283660,0.0033057881344996315,14.362096155591006,16.524848068262656,18.292230326279125
2013-12-27,175.88,177.86,175.43,177.1,127198,277528,0.0077089147210905725,12.809900432609995,16.060147905158516,18.274805654389294
2013-12-30,176.8,177.28,175.0,175.28,118356,267603,-0.010329849501576715,13.785925644675762,16.119671403889413,18.253784342449986
2013-12-31,175.21,175.46,173.27,173.75,113907,259878,-0.008767210842309626,14.03597746558782,16.156275482021154,18.27465230928545
2014-01-02,173.89,174.72,168.22,168.49,251248,253407,-0.030741083594607525,16.23157737678674,17.22022556368497,18.536128626829278
2014-01-03,168.54,169.02,165.7,165.88,215522,248008,-0.015611765472113428,16.38212370418075,17.42210003407395,18.60263184347711
2014-01-06,166.26,166.99,164.53,164.94,189379,239297,-0.005682863972971229,16.377273773911064,17.094361226799354,18.611368906569357
2014-01-07,165.24,166.33,164.8,165.36,177182,229314,0.0025431439683034824,16.370205820822395,16.82321222282265,18.61305217844748
2014-01-08,165.88,166.26,162.87,163.0,244855,206164,-0.01437471456675052,16.932696546552066,16.946959805663514,18.652502835656115
2014-01-09,163.44,164.06,161.07,161.81,255784,181677,-0.007327393395045575,16.074376021204817,16.822576816067926,18.66466661353185
2014-01-10,162.94,164.85,162.4,163.69,255988,162409,0.011551587744546453,16.7057412098588,16.953250158310723,18.697171317184697
2014-01-13,163.88,163.97,161.41,162.06,212208,142545,-0.010007758123683954,16.859663215943442,16.84480259556944,18.701233155666287
2014-01-14,162.06,164.39,161.99,163.84,151186,277294,0.010923704818563798,17.398643231429425,16.79337847429678,18.705506560026723
2014-01-15,163.95,167.45,163.58,166.62,163430,306244,0.016825428695620218,18.19366678053026,17.193223985154113,18.734933139602543
2014-01-16,166.74,167.38,165.52,166.18,151344,325912,-0.002644232309927837,18.19018512827551,16.983457046265855,18.736419296996445
2014-01-17,166.51,167.89,166.11,167.04,199526,342443,0.005161766457438506,18.14377421092925,16.815357504584636,18.731592901708634
2014-01-21,166.44,168.58,165.38,167.71,244861,353831,0.0040029926492625,17.75274766957331,16.587086574804356,18.674818966854236
2014-01-22,168.12,171.1,167.98,170.82,252349,347368,0.018374073174464725,19.126634777421614,17.020433128817942,18.750631798646637
2014-01-23,170.75,172.78,170.26,171.86,274078,343453,0.006069821367075994,19.26806004563884,16.994306672000388,18.760211690188978
2014-01-24,171.95,172.71,169.97,170.66,239673,342555,-0.007006918776638252,19.32969805975914,16.952501330002907,18.764541391511585
2014-01-27,171.12,171.62,168.14,169.04,235110,336997,-0.009537899800637527,19.460883286450922,17.03120046134464,18.752230605714573
2014-01-28,168.93,172.46,168.88,172.02,206490,334407,0.017475375815532317,20.389965808674376,17.165478764316536,18.830932374667913
2014-01-29,171.6,172.62,170.1,171.93,200486,323459,-0.0005233318915776881,20.11919792423215,17.14562943336321,18.825360234096504
2014-01-30,172.04,174.11,171.88,173.47,199420,314926,0.0089172565415618,20.18876693788024,16.79440280740802,18.84449485861714
2014-01-31,173.01,173.75,171.47,172.16,253457,305152,-0.007580396799898011,16.935378594826325,16.875797660271637,18.786484911186633
2014-02-03,172.0,172.96,169.99,170.29,293312,289928,-0.010921410934906397,16.395569117854215,16.799178348200474,18.81243271590392
2014-02-04,170.47,172.75,170.18,171.63,204282,283583,0.00783813091003376,16.33285194047725,16.587558746340783,18.828874461410585
2014-02-05,172.48,173.52,170.94,171.97,237671,277063,0.001979046047561116,16.331536121794606,16.532673567188077,18.81131183403932
2014-02-06,171.74,174.53,171.74,172.78,234281,269707,0.004699065934629946,15.162902078919677,16.537588297601705,18.816645481451438
2014-02-07,173.01,177.02,171.49,176.38,270407,259315,0.02062164952929655,15.887552252021086,17.01642804833956,18.88445741559216
2014-02-10,176.68,177.57,175.02,176.7,251127,236221,0.0018126208656158575,15.673531138088915,16.33011815652673,18.878791447338003
2014-02-11,176.7,177.95,176.24,176.95,117229,214614,0.0014138274658217424,14.83881149929126,16.230556945708166,18.872769688365956
2014-02-12,177.75,179.35,177.29,177.8,185433,237173,0.004792116288331874,14.639285475467531,16.2451086875112,18.876319658222158
2014-02-13,177.64,178.43,176.1,178.04,129207,262006,0.0013489210678491517,13.863576839507024,16.24517276033526,18.81251858484867
2014-02-14,177.96,178.41,176.65,178.18,158099,286774,0.0007860311448441351,13.720760572068352,16.120672188196707,18.799866754522956
2014-02-18,178.16,182.68,178.04,181.68,190438,302654,0.019452622504805263,14.843992380062579,16.548119234665904,18.79344136895283
2014-02-19,182.52,183.8,181.43,183.0,246417,317434,0.007239255044117889,14.882676198816583,16.58469359209712,18.62701377126201
2014-02-20,183.09,183.36,182.0,182.84,194397,327751,-0.0008746993778773193,14.022695160837909,16.287372167559287,18.62556901658704
2014-02-21,183.05,183.14,180.95,181.86,160533,320747,-0.005374293165776804,14.318983882548665,16.270002628478373,18.63466348221934
2014-02-24,182.02,184.09,181.45,182.97,177861,324685,0.00608504467870777,13.873546939521209,16.18144340623669,18.6344854428642
2014-02-25,182.93,183.0,179.76,181.2,187216,320864,-0.009720811367595759,13.89644787415497,16.302671399514786,18.662355828749984
2014-02-26,181.58,183.11,180.76,182.56,196517,318599,0.007477492504886548,12.983506695832222,15.986969755542438,18.6577644392679
2014-02-27,182.52,183.43,181.06,182.22,196494,314186,-0.0018641378280530741,13.040001399150228,15.995094476463365,18.593857701427037
2014-02-28,181.77,183.21,181.15,182.56,178276,307986,0.001864137828053085,12.847712782029097,15.857040727224234,18.581892670213744
2014-03-03,183.29,187.24,183.2,186.7,295819,304413,0.022424164433911424,14.065553230134853,15.804320978174985,18.697420486482542
2014-03-04,186.65,186.77,183.02,183.87,210005,295307,-0.015274064381926822,14.748472800348525,16.02100445926269,18.75917165671596
2014-03-05,183.91,184.23,179.46,180.53,267837,285803,-0.01833201721718333,16.61419077908243,16.50793844037788,18.81698110922469
2014-03-06,179.8,181.65,178.18,180.72,291849,267664,0.0010519032111811245,16.62151023626584,16.50307693405141,18.813262711869776
2014-03-07,181.45,183.13,180.74,182.54,226145,250990,0.010020454928983479,16.82179824101811,16.590195901304053,18.83757900963409
2014-03-10,182.84,182.97,179.46,179.94,225290,232537,-0.014345865099758479,16.469464674002676,16.72171175062133,18.890336707943174
2014-03-11,179.62,180.65,176.74,178.0,294201,211518,-0.01083991169688753,16.99070080398422,16.719849032555082,18.924019381539665
2014-03-12,177.02,177.24,173.59,174.37,416927,180943,-0.02060407196268276,18.537806859630013,17.27181630253294,19.032654938926083
2014-03-13,174.57,175.46,173.8,174.74,268074,150876,0.0021196765405463182,18.456230118053167,17.163278243307488,19.028451927881118
2014-03-14,174.74,176.58,174.44,175.89,126249,290245,0.006559644774284718,18.631097815380706,17.09901961168085,19.036831800599145
2014-03-17,176.33,176.69,173.1,174.21,146507,306656,-0.009597331592165107,18.89085065687643,17.20615248059688,18.982645030830138
2014-03-18,173.92,176.64,173.6,176.46,198668,323427,0.012832753741890498,18.06235196011251,17.360350729480164,18.996581759417616
2014-03-19,175.96,177.14,175.48,176.97,276195,336748,0.0028860048891348514,17.849189483737547,17.253149010121035,18.962319252236316
2014-03-20,176.9,177.47,175.05,176.49,244866,345785,-0.002716009138619226,17.85020228119057,17.254329006384427,18.91822151717269
2014-03-21,175.94,178.9,175.33,177.49,191289,342278,0.005650051755780877,17.983196082416665,17.267652853809224,18.891251904969337
2014-03-24,177.55,178.97,176.76,177.74,151710,339579,0.001407539010074094,17.807105514325816,17.25897816323813,18.825005066409016
2014-03-25,177.44,178.9,176.31,177.01,217013,339276,-0.004115580157264168,17.57140382600373,17.269751135478828,18.82862632445697
2014-03-26,176.99,179.28,176.85,178.92,211367,336659,0.010732550411582206,17.820092460035067,17.33748609033291,18.846929088857074
2014-03-27,178.99,181.49,178.51,180.74,202200,339593,0.010120755909162421,18.246344549445993,17.31503315193618,18.872196488429626
2014-03-28,180.85,182.45,180.56,181.44,166326,339881,0.0038654860655774385,18.293164942826348,17.21918298160065,18.875419724296254
2014-03-31,181.47,181.97,180.03,181.28,167570,334474,-0.0008822232596910375,16.20326448010551,15.927789542432308,18.64950920435714
2014-04-01,181.19,181.26,177.17,177.99,237564,326783,-0.01831542834103462,16.57846277513612,16.058915751320015,18.69827584668952
2014-04-02,177.81,178.15,176.42,177.78,231596,324630,-0.0011805381251327428,15.359051097441718,16.003212847535806,18.68781674471371
2014-04-03,177.19,179.33,176.8,178.97,195430,316742,0.006671363215788004,15.575345838023066,16.0397887592394,18.68636957864972
2014-04-04,179.13,181.36,178.96,180.49,193532,309407,0.008457180546840144,15.444814388129528,15.765847749895363,18.68400323390207
2014-04-07,180.08,180.81,178.31,179.24,254884,273023,-0.0069496846582146775,14.778267391601723,15.756799038518936,18.693512716496087
2014-04-08,179.69,183.29,179.67,183.02,299549,248156,0.02086974656928979,15.985959532867525,16.117110815493234,18.76532326177721
2014-04-09,182.65,185.18,182.08,184.88,324660,225377,0.010111529478893039,13.972080946749427,16.011401055038707,18.627412507588947
2014-04-10,184.59,185.26,183.99,184.52,222169,209516,-0.001949107276505458,14.077487131159833,15.928811274814311,18.437247599210313
2014-04-11,184.42,186.38,183.83,185.13,261915,191003,0.003300422311465302,14.007035705984721,15.628801938290227,18.438974458721248
2014-04-14,185.13,187.43,185.13,186.94,162029,306189,0.00972942875335218,13.451187529637707,15.685637006758519,18.300264595410766
2014-04-15,186.25,187.01,185.06,186.56,138800,325830,-0.0020348065923097955,13.118046369173586,15.69226862478834,18.269083257628573
2014-04-16,186.62,188.55,185.53,186.62,181528,339859,0.0003215606437484683,13.146925477557184,15.688751495998055,18.26769737669074
2014-04-17,186.65,188.23,186.11,187.23,172449,357386,0.0032633438081853547,12.993381905026855,15.307119341291923,18.243981729401053
2014-04-21,187.83,188.06,186.49,187.74,186464,374169,0.0027202192947846245,12.954303901833972,15.2800453356266,18.244879015323086
2014-04-22,187.65,187.74,183.86,184.3,323723,373793,-0.01849316223306819,15.003446425716326,15.727092750162852,18.183828982801504
2014-04-23,184.5,184.89,183.3,183.74,250645,366950,-0.0030431498324571798,14.951990463858111,15.591997978661249,18.035275778669458
2014-04-24,183.92,185.38,183.66,184.64,202278,364576,0.004886268476414236,14.632769717877562,15.246907968896922,18.025670559631248
2014-04-25,184.62,184.84,182.0,182.21,221601,345270,-0.01324811525794733,15.16387929476509,15.528049340214464,18.010942851943025
2014-04-28,182.01,183.88,181.72,182.65,231590,340382,0.0024118851795041224,15.128620442074157,15.442803325143428,17.975040426432727
2014-04-29,182.74,185.11,182.41,183.45,218691,341594,0.004370397559999481,15.187469205098644,15.357818622308564,17.77480283307721
2014-04-30,182.5,182.5,179.95,180.66,282979,326249,-0.015325339079593575,14.723680286447404,15.530101633665232,17.562177127211857
2014-05-01,180.62,180.93,178.84,180.08,235455,315469,-0.0032156151232206167,14.776595519138294,15.486929163566105,17.48464391848488
2014-05-02,179.62,181.38,179.62,180.69,213631,308632,0.0033816591252625356,14.644130087166074,15.494152167380925,17.478828710093314
2014-05-05,181.05,181.92,179.15,180.19,190002,299958,-0.0027710059850165193,14.372576297782782,15.489994010480329,17.471402579591555
2014-05-06,180.0,181.89,179.9,180.22,251208,288088,0.00016647706816831404,14.141780521303332,14.923232175505483,17.441893483910942
2014-05-07,180.82,182.92,180.73,182.52,291271,266940,0.012681429252310627,12.794527184258273,15.13320912180455,17.48424901421109
2014-05-08,182.61,182.81,180.89,181.6,252605,242193,-0.005053289892008966,12.306535029868424,15.1752405802904,17.488082274272195
2014-05-09,181.62,183.26,180.6,181.11,271341,216508,-0.002701884690748301,12.317982336089457,15.16099133396607,17.46488558167816
2014-05-12,181.34,182.81,181.0,182.2,211648,198653,0.006000403349413243,12.477298406049714,15.204546004321031,17.456633673307977
2014-05-13,182.27,184.84,181.78,184.21,253588,171667,0.010971426338267917,12.62321488683636,15.358527565153501,17.488807246884512
2014-05-14,184.21,185.5,184.02,185.06,128173,277610,0.004603685656758452,12.751879266414337,14.871916202565775,17.47079619016364
2014-05-15,184.55,185.04,183.39,183.95,206997,294010,-0.006016115270100845,12.901634972644583,14.856116284849191,17.462267335153793
2014-05-16,183.99,185.12,183.66,184.77,144384,308068,0.004447826816278379,12.956878215267164,14.881434229288166,17.455867049495435
2014-05-19,184.95,186.43,184.66,185.73,218477,320390,0.005182197832188803,13.07106720735105,14.870552296716424,17.44351055380412
2014-05-20,185.73,187.37,184.97,186.13,249769,334056,0.0021513481109912453,11.235123866199602,14.82755535133385,17.322680007799953
2014-05-21,187.28,189.7,186.95,189.3,272127,334418,0.016887703905035602,12.553061446559658,15.061503083553513,17.400457909113495
2014-05-22,188.9,189.57,188.35,188.7,159181,335845,-0.003174605840772765,12.589903605305588,15.015779519868477,17.403774937496287
2014-05-23,188.64,190.08,188.52,189.81,160563,324336,0.005865119452398058,11.482736500152228,15.04619337760779,17.390757691201724
2014-05-27,189.79,190.08,188.39,189.37,174387,318658,-0.002320798552088908,11.585014213453757,15.05656806789045,17.269622217189916
2014-05-28,189.43,189.88,186.7,186.84,239134,300180,-0.013450137640906504,12.732121601537349,14.625462213077892,17.32121341111515
2014-05-29,187.46,189.06,186.64,188.41,205506,303623,0.008367803656001893,11.43531460368652,14.370357169411738,17.24120105970652
2014-05-30,188.28,188.37,186.26,186.83,169734,296153,-0.008421326818163068,11.896278603124582,13.955940620645057,17.195729729778435
2014-06-02,187.21,187.99,185.72,186.39,159042,287169,-0.0023578597280340834,11.971835196054137,13.968418685487965,17.197010034331676
2014-06-03,186.33,187.1,185.95,186.73,160208,281888,0.0018224704872765298,11.862327923909593,13.830496397379813,17.19264280121589
2014-06-04,186.97,188.61,186.15,186.7,208540,273093,-0.00016067268331172735,11.868806048833214,13.486730261724292,17.16140144299966
2014-06-05,186.21,186.79,184.81,186.41,200402,261735,-0.0015545016665227751,11.188621036821191,13.282596998595194,17.11402014551767
2014-06-06,186.33,187.48,186.08,186.73,197758,244426,0.0017151743498345078,10.954067780232212,12.51395548153548,17.1116086910474
2014-06-09,186.95,190.21,186.66,189.92,246719,229052,0.016939207630369383,12.135281784004498,12.925226988965829,17.185307824347635
2014-06-10,190.01,191.1,189.14,189.81,255599,208866,-0.00057935903445522,12.09926474426292,12.885976975372394,17.179162972996988
2014-06-11,189.72,190.65,189.48,189.9,187728,190151,0.00047404599133756746,11.637144022152048,12.68698298301936,17.154466115264903
2014-06-12,190.03,194.54,189.81,193.77,321499,171212,0.020174270894250786,13.36798900805261,13.052578653469226,17.230634143910287
2014-06-13,193.77,195.16,192.97,193.94,144257,261894,0.0008769441639091339,13.018635560874086,13.050352500264816,17.230427780266954
2014-06-16,193.96,195.07,193.66,194.18,140812,270921,0.0012367310655985978,13.009527595671374,13.02058059226362,17.220080263949473
2014-06-17,193.66,194.87,192.62,193.39,203712,287248,-0.004076688567791798,13.168969393226648,13.043669846383171,17.22449078562919
2014-06-18,193.74,194.49,192.46,192.88,235784,303531,-0.002640641501291488,13.2721172773774,13.070323078354667,16.862544874138415
2014-06-19,193.08,194.34,192.0,193.72,311395,312344,0.004345583662112726,12.07106217864078,13.033831100671273,16.78996437733491
2014-06-20,193.81,195.33,193.28,195.14,213130,309058,0.007303432144775536,12.145484622820575,12.948790108143921,16.734633287903513
2014-06-23,196.22,196.28,193.46,193.94,175473,302009,-0.0061684168034037345,12.344741772974803,12.912977512633864,16.748401543927272
2014-06-24,193.66,194.47,192.26,193.68,175206,299206,-0.0013415202465971376,12.313855571035457,12.910728795269112,16.749085534129485
2014-06-25,193.88,196.37,192.66,194.54,249064,304817,0.004430484811491062,11.080765225705354,12.922004335811058,16.680684418277774
2014-06-26,194.93,195.11,191.86,193.34,195723,300118,-0.006187500404834813,11.178804916649927,12.367775088694346,16.68497907338319
2014-06-27,192.97,193.98,192.4,193.15,128975,293795,-0.0009832079241689918,10.619451074987813,12.366097022439302,16.624669765648857
2014-06-30,193.06,193.19,191.18,192.48,215334,288241,-0.003474836885921619,10.682762462555553,12.355550784532413,16.55307719197921
2014-07-01,192.61,193.79,191.07,192.42,221685,280643,-0.0003117692932501917,10.70390896713415,12.266323189426828,16.475089553387747
2014-07-02,192.19,192.77,190.16,190.85,240067,266572,-0.008192703741879723,11.235763832085638,12.30360884120476,16.385140385289336
2014-07-03,190.47,190.5,189.37,190.08,169938,256892,-0.004042743016958596,11.34786624709615,11.630053626559793,16.390467379794934
2014-07-07,190.08,190.21,188.5,189.12,189250,241418,-0.005063301956546762,11.542628609135363,11.516942822900065,16.395110134542925
2014-07-08,188.86,190.34,188.17,188.88,249378,226944,-0.00126984144047593,9.811317936799686,11.511920975853048,16.14575963732944
2014-07-09,188.97,189.24,186.05,186.85,250987,208280,-0.010805736845764599,10.500749185004837,11.720650875247454,16.10910637840146
2014-07-10,186.23,188.15,185.5,188.02,238076,187456,0.00624218421891196,10.788220372956443,11.620326821376,16.09100709024363
2014-07-11,187.89,188.0,183.47,184.18,272550,172644,-0.02063479985718388,10.12171558795994,12.367211458046908,16.22299713503765
2014-07-14,184.18,185.53,183.58,184.98,151215,278613,0.004334170832892942,10.348275924647195,12.401924631692793,16.227412873115206
2014-07-15,185.09,185.25,181.66,183.23,203969,291362,-0.009505516834030316,10.552882205769263,12.527392877475297,16.243327087269545
2014-07-16,183.59,185.79,183.36,185.2,161599,301615,0.010694127919995335,11.586702612765189,12.716294388451146,16.220907584585408
2014-07-17,185.56,189.45,185.21,188.14,256902,316861,0.015750044331726325,13.211359118130334,12.550755044513902,16.29835969228818
2014-07-18,189.19,189.58,187.13,187.68,217747,323820,-0.0024479816386398902,13.049221004928189,12.544486342108648,16.277021742158073
2014-07-21,187.52,189.56,186.82,189.36,312630,342776,0.00891158030056315,13.206026948724228,12.633418218106756,16.299261612879672
2014-07-22,189.19,190.44,187.59,188.49,252395,343029,-0.004605010122763158,13.144293763845926,12.355110194203805,16.211679109629472
2014-07-23,187.7,190.24,187.39,189.84,260652,332273,0.007136657044542696,13.491384361584934,12.423037103864216,16.226858275145286
2014-07-24,189.98,190.19,187.55,187.9,194404,325007,-0.01027170570808846,13.713835319828751,12.596616113583089,16.242321606700074
2014-07-25,187.85,188.75,185.93,187.94,284919,315576,0.00021285653549916043,13.62621815827629,12.163182926551558,16.24159078655812
2014-07-28,187.53,187.96,185.75,187.17,197815,309258,-0.004105468164114255,13.658088230792714,12.17664814983361,16.183290352192817
2014-07-29,187.04,187.46,184.77,185.88,258060,307538,-0.006915990574027067,13.775771919530309,12.260340016182464,16.090195671919837
2014-07-30,185.99,187.17,183.02,184.59,263974,308055,-0.006964154796268948,13.885949664993236,12.337585644183259,15.87625514677378
2014-07-31,183.12,183.82,179.67,180.72,335785,290523,-0.021188277260760856,15.335607761906559,13.10720773455795,15.993118528512031
2014-08-01,179.86,180.59,178.73,180.19,274992,279167,-0.0029370224210249225,15.328045626127237,12.852487107303173,15.991932542543271
2014-08-04,179.8,181.64,179.36,180.94,204262,262416,0.004153634858872767,15.485656756262156,12.84292449538674,15.953588802594362
2014-08-05,181.16,181.64,178.57,179.27,242237,251744,-0.009272435330848329,15.680475383675532,12.97059734309707,15.955705585247426
2014-08-06,179.71,180.65,178.0,178.42,263598,238931,-0.004752727781109861,15.405710611725375,12.939270014977472,15.93550641222474
2014-08-07,178.37,179.89,177.74,179.2,286531,220524,0.004362179055192622,15.281268508774184,12.761965612940982,15.74778084674201
2014-08-08,179.75,181.24,178.85,179.77,266006,200800,0.0031757555174947135,13.77658367628007,12.74110641931835,15.750633192705665
2014-08-11,179.56,181.48,179.25,180.56,241493,181143,0.0043848764509555336,13.779302464665019,12.726491140710877,15.741862556173714
2014-08-12,180.12,180.3,178.22,179.25,242592,165065,-0.007281653029550532,13.623445314445629,12.766155413305372,15.752755995362252
2014-08-13,178.94,180.01,178.11,179.66,253703,154864,0.0022846963213309225,12.969343574916739,12.724760964400005,15.742996754862734
2014-08-14,179.66,180.08,174.81,175.24,219244,265475,-0.02490971285536284,13.793422055013668,13.653674126626159,15.936926929633715
2014-08-15,174.96,177.66,174.92,177.55,195325,283694,0.013095796443399114,15.008371946597832,13.462206068321434,15.988944078515175
2014-08-18,177.22,177.22,174.01,174.63,177858,298411,-0.016582809437343138,15.103584833001053,13.827313380832305,15.990018229418022
2014-08-19,174.81,175.78,172.52,172.97,277495,303429,-0.009551280895921853,15.22926217697494,13.847448245227174,15.972994253486345
2014-08-20,172.86,174.31,172.73,174.07,207152,307372,0.006339348108785927,15.152309527244286,13.940242305171498,15.944321331733224
2014-08-21,174.14,175.93,172.3,175.02,226343,301476,0.005442735943067265,15.361167747262783,13.779722315873402,15.897724776708788
2014-08-22,174.89,175.17,173.08,174.44,191457,300273,-0.003319410133119404,15.297430849190974,13.64463324002953,15.89438892553944
2014-08-25,174.22,175.0,173.32,173.88,137420,299490,-0.0032154368539743547,15.297773412223012,13.569828723880011,15.625714934342922
2014-08-26,173.9,175.74,173.88,174.83,176280,292467,0.0054486670889663585,15.578195446667456,13.635462152842884,15.601956793936916
2014-08-27,174.87,175.54,173.9,174.87,174908,288133,0.00022876751601055723,15.548578873989468,13.624944569360395,15.558973894167297
2014-08-28,174.63,176.41,174.07,176.12,262292,280113,0.007122740161984996,14.280752355061185,13.727622908247328,15.542519925941459
2014-08-29,176.14,178.82,175.99,178.74,234972,268859,0.01476665506569289,15.352272544333628,14.100491879071633,15.592367078955169
2014-09-02,178.46,178.65,172.63,173.01,320356,266274,-0.03258283965781511,19.008543009266056,15.52912746420819,15.882063285051931
2014-09-03,173.75,178.5,173.34,177.96,294395,249302,0.028209409642410182,21.643205028161574,16.248727601268552,16.101689735181033
2014-09-04,177.08,177.68,175.39,175.93,254140,235848,-0.011472617286886313,21.953048525247272,16.3870480522045,16.01364380983452
2014-09-05,176.15,176.94,172.97,173.77,261386,228674,-0.012353602916791693,22.241511049827515,16.539047124558074,16.03428645251753
2014-09-08,174.14,174.38,170.99,172.6,277990,217980,-0.006755807084835505,22.241702993801255,15.94321461965859,15.9300137189577
2014-09-09,173.43,174.98,172.34,172.76,275876,200996,0.0009265694431728202,22.14296463922666,15.943590798851865,15.929398941254178
2014-09-10,172.84,173.29,169.91,170.75,295306,190138,-0.011702849641600841,22.3321314877844,16.05405780921498,15.937959224998167
2014-09-11,170.83,174.05,168.44,172.91,403175,157469,0.01257072946579843,22.911060425132053,16.32858713291045,15.989799029018172
2014-09-12,173.32,174.48,171.29,171.87,297768,144779,-0.006032850828101822,21.323027378963406,16.35024877841049,15.952324112092345
2014-09-15,171.87,173.41,169.08,173.28,104815,261551,0.008170406164084277,20.960670301460404,16.431461571749054,15.924037478356897
2014-09-16,173.13,177.29,172.4,176.71,149068,271665,0.019601187567283872,21.37371031735313,16.910632680352144,15.874018063313708
2014-09-17,176.47,177.09,174.66,175.56,157911,280014,-0.006529105999931039,21.20977881146588,16.914906860185443,15.831876795149313
2014-09-18,174.85,176.32,172.94,173.26,168113,285808,-0.013187508358039118,21.654358994125126,17.07881986067319,15.85166584906943
2014-09-19,173.23,173.75,171.7,172.64,250463,298677,-0.00358485495216976,21.57748420763746,17.031718434581595,15.817523409170606
2014-09-22,172.72,173.15,170.31,171.17,229232,309190,-0.008551286802251597,21.741514074670672,17.06345751644973,15.833833491034893
2014-09-23,170.85,173.47,170.63,172.47,247770,302944,0.007566093595736412,21.92829016868589,17.17544141128722,15.847300191994377
2014-09-24,172.77,175.73,171.64,174.81,282634,296559,0.013476361519783207,22.39284307991104,17.457535056114633,15.90232712873777
2014-09-25,174.98,176.2,173.4,174.3,248852,291048,-0.0029217172971172352,22.41637967974935,17.457471950000663,15.904140031365488
2014-09-26,174.19,176.81,173.73,176.2,258890,279161,0.010841760976103844,22.61469792524725,17.58804530889072,15.934274308091515
2014-09-29,175.84,178.27,174.7,178.14,261246,275147,0.010950044501644303,22.32337516854076,17.75689689002799,15.970421443912528
2014-09-30,177.71,178.76,171.15,171.72,429251,264592,-0.036704514647363566,23.149806177015932,19.18644027616764,16.26176181875103
2014-10-01,172.1,175.11,170.42,170.91,389246,257942,-0.004728141195946012,20.56380878309532,19.196919671429125,16.25112085692298
2014-10-02,170.93,172.43,166.11,171.44,449554,252017,0.003096249004907584,20.324559819568904,19.125511115363746,16.245574464646904
2014-10-03,172.13,172.91,168.33,169.04,342795,234553,-0.014097977857520313,20.45945357163548,19.230781005446428,16.287035044411695
2014-10-06,169.1,170.93,167.2,170.17,276614,225572,0.0066625640755441015,20.5460637960896,18.898084714714454,16.294979204789247
2014-10-07,170.38,170.61,166.48,167.37,300113,206850,-0.016591006857798487,21.28863419841164,19.11605347686662,16.276290453443654
2014-10-08,166.58,166.95,163.56,164.47,373752,180147,-0.01747874777236904,21.746530699725376,19.324392465837803,16.306158640563982
2014-10-09,165.26,165.67,158.34,161.57,345020,165329,-0.01778969746443858,21.742245045509197,19.41923584082909,16.37320715369089
2014-10-10,158.97,162.55,157.46,161.66,396528,147930,0.0005568790169591035,21.76188955266718,19.063257746352573,16.342956824199412
2014-10-13,160.49,161.75,158.36,161.51,292345,135915,-0.0009283040552765356,21.375232692245255,19.06607466292654,16.311955302337932
2014-10-14,161.51,162.78,154.9,155.9,268985,306153,-0.03535228418669083,22.369797695714333,20.0660231405664,16.646226921787417
2014-10-15,156.92,156.98,152.41,155.4,261128,318154,-0.003212338130183733,22.39556635539046,20.06400816019842,16.576832607869196
2014-10-16,154.31,161.43,151.87,157.34,259581,322126,0.012406630967549343,23.15109585737707,20.20871249009325,16.625499081912622
2014-10-17,158.21,160.78,156.96,157.55,217690,329187,0.0013337993021873176,23.251496572669296,20.173455544750375,16.569183386184587
2014-10-20,158.19,158.84,155.1,157.27,301044,337435,-0.001778794700649552,23.222076429968936,20.164304118163468,16.513824454736948
2014-10-21,157.17,159.86,156.61,158.38,297522,336091,0.007033135279632217,23.186899352458674,20.26644968301291,16.467385191627002
2014-10-22,158.49,159.65,154.02,154.6,352217,334228,-0.02415607262894482,23.21653049343895,20.71950680077545,16.637288718086772
2014-10-23,154.4,158.15,153.69,157.61,354839,328178,0.019282491034128206,24.901836535123547,21.201471850484054,16.735741855750987
2014-10-24,157.34,157.34,154.29,155.54,272509,331898,-0.013220693920652598,24.325516524756438,20.96520793200735,16.76111726742373
2014-10-27,156.04,156.08,152.52,155.52,285327,330846,-0.00012859255466818938,23.59428801735458,20.97061154243381,16.755367253606323
2014-10-28,154.83,156.79,154.29,156.32,226066,328347,0.0051308475823436134,21.100711550882874,20.98471441866424,16.703067766446633
2014-10-29,156.57,159.13,156.36,157.82,283762,324039,0.009549954798416315,21.698219908579556,21.077206347716697,16.72874709592054
2014-10-30,157.3,157.61,154.98,155.75,270072,323258,-0.013202985425326405,21.764054099159182,21.193048253137345,16.678473341559748
2014-10-31,155.6,156.04,152.73,154.64,294183,319526,-0.007152322767487125,21.508602608189907,21.170626706794252,16.69254770409847
2014-11-03,154.73,155.48,149.91,151.26,386045,306418,-0.022099624472191926,21.955814197922596,21.514315294660044,16.78455030728398
2014-11-04,150.18,150.55,145.61,148.2,432757,302405,-0.020437497565896984,22.245015341280457,21.756465604502477,16.830855770921268
2014-11-05,148.53,152.35,146.8,151.06,447691,289919,0.019114396023315453,23.514633449058213,22.217348039328936,16.93535439084379
2014-11-06,151.43,151.64,148.07,149.59,292897,275061,-0.009778890498932307,23.070711670103222,22.23577381166318,16.954862116769505
2014-11-07,149.49,152.47,148.74,151.01,306077,260217,0.009447841401328122,23.507787364523487,21.905689313417838,16.972882056722856
2014-11-10,150.72,153.31,148.09,148.61,319492,248795,-0.01602063501721955,23.90378590360102,21.834017877963216,16.902909987797386
2014-11-11,148.18,149.84,146.72,149.64,314309,229667,0.0069069847094672095,21.136952842702726,21.73877386227567,16.8880549662693
2014-11-12,148.8,149.91,147.13,148.18,359951,210849,-0.009804658491434406,21.31386150530263,21.742309122578487,16.914151254865576
2014-11-13,148.18,148.61,142.69,142.96,189990,303848,-0.035862880137338286,23.633455428048876,22.702045713928985,17.28257749830903
2014-11-14,143.25,147.03,141.15,146.16,151861,322587,0.02213704121857869,25.433741610855098,23.227782486637302,17.41410540898466
2014-11-17,146.31,146.82,144.1,145.85,142710,335769,-0.0021232157560209077,25.430491116147714,23.228380822297662,17.41267612620617
2014-11-18,145.62,147.43,142.98,143.89,188957,347778,-0.013529577538404286,25.319237931717815,23.32874122230669,17.46158763199389
2014-11-19,143.15,145.39,142.5,143.62,351853,339546,-0.0018781960931546489,24.27340188540113,23.261550854769656,17.37417728705548
2014-11-20,143.31,147.22,143.04,146.22,236720,341803,0.017941414182998446,24.109225672130343,23.655482020350437,17.464598935167146
2014-11-21,147.07,150.04,145.77,147.49,275317,337745,0.008648040006241186,24.219357204393514,23.685357974913266,17.47289330981026
2014-11-24,147.7,148.47,145.45,146.08,194751,333880,-0.009605960024752665,24.321552521272714,23.43171089253596,17.492653773631332
2014-11-25,145.56,147.63,142.09,142.83,294447,332646,-0.022499304972121284,25.043488075377873,22.981434277246887,17.57296696749294
2014-11-26,142.4,143.58,141.3,142.05,258382,334009,-0.005476003574340136,24.4861979192412,22.032635978826857,17.572515691381497
2014-11-28,141.69,141.8,126.63,127.52,552882,342057,-0.10790589325829211,43.92111546979379,30.652492019068266,20.572901293366776
2014-12-01,127.23,134.05,122.83,133.01,504122,329651,0.042151098323299864,47.671562449082785,32.1216692900572,20.882980096771874
2014-12-02,133.48,133.63,128.52,128.93,360300,319555,-0.031154691942458533,48.14453194997879,32.58219801979386,21.059916491492007
2014-12-03,130.31,131.53,128.77,129.89,293483,309609,0.007418316996446283,48.2043928448445,32.65852956208834,21.0753517119863
2014-12-04,129.93,131.51,127.4,128.79,237011,301596,-0.008504767514613654,47.2380342314145,32.63603277046355,21.084720445396815
2014-12-05,128.77,128.95,125.63,126.92,276529,276921,-0.014626204189584066,47.29389271000014,32.4969503697652,21.127003541352966
2014-12-08,126.19,126.36,121.02,121.54,330077,251100,-0.04331354000778565,48.37597179555392,33.42492599238327,21.50355987663953
2014-12-09,121.47,123.76,120.0,123.03,322804,226433,0.012184801364868299,49.00842718207862,33.50648768752797,21.525672444817246
2014-12-10,122.08,122.28,116.49,117.48,456172,196950,-0.046160121741658226,50.26406248169755,34.09016670249127,21.989723849010858
2014-12-11,117.82,118.9,113.66,115.57,392493,183083,-0.016391699343069485,50.27857868724253,34.14664277727362,22.026700120283866
2014-12-12,114.06,114.83,110.54,111.44,414224,161331,-0.03639007751579968,50.31150793431943,34.654449475575674,22.27210368329981
2014-12-15,111.44,115.56,108.54,110.19,194955,267302,-0.011280180971864602,48.63462409842258,34.654575364947064,22.292269761598774
2014-12-16,109.25,112.5,105.64,110.19,292441,300200,0.0,48.70989726415828,34.687616377859825,22.279113360345722
2014-12-17,109.39,116.08,106.94,111.23,340243,303924,0.009393981104252292,49.4149731965778,34.72317243021422,22.276245432972274
2014-12-18,110.01,115.63,106.31,106.47,454009,316202,-0.043736874277423204,50.40371944352056,35.236161842930855,22.665264251659238
2014-12-19,107.96,114.42,106.58,111.89,383536,312752,0.04965299049311493,54.259125322627135,37.17084747483162,23.249644909994856
2014-12-22,113.11,114.63,107.98,108.23,277319,309199,-0.03325765351257475,54.04125586375118,37.345400051719416,23.45793179279767
2014-12-23,108.48,112.73,107.84,111.87,274003,305486,0.033078890551784014,56.714049289260004,38.09592413151386,23.714185186333083
2014-12-24,111.25,111.93,107.86,109.37,174969,304247,-0.022600853511704665,56.71623566749406,37.74618423176616,23.786237439958803
2014-12-26,109.41,110.83,106.76,107.19,127202,305205,-0.02013366864370637,56.685119628701564,37.829482971556224,23.841585506645124
2014-12-29,107.82,109.17,103.61,105.0,241378,310358,-0.020642610545904733,44.73022815967086,37.85091334882101,23.90559067823323
2014-12-30,105.21,106.39,103.22,106.0,218557,309473,0.009478743954543739,41.058238129714816,38.001332507078935,23.757044370019738
2014-12-31,105.51,105.8,102.71,104.33,233516,306406,-0.01588014163218914,40.434255985070344,37.91617209339062,23.758632523920774
2015-01-02,105.29,107.94,101.9,103.2,268708,303470,-0.01089009943241561,39.87138634266335,37.87997295599711,23.772871411335014
2015-01-05,103.04,103.27,97.3,98.01,375782,294918,-0.051599338766373896,42.302207205444056,38.87473830698301,24.286940349775392
2015-01-06,97.93,98.65,93.13,93.87,451642,279774,-0.04315866793218805,43.58209518705447,39.47316847853382,24.604123164356274
2015-01-07,94.01,96.58,91.72,95.28,460083,260411,0.014909078698144208,43.48000655523418,39.731111257656856,24.658519331172688
2015-01-08,95.54,97.24,93.48,95.56,362081,232826,0.0029343974105641747,42.91303184341689,39.77171068250635,24.625327434328227
2015-01-09,95.81,97.16,92.37,94.72,421007,201262,-0.008829151321913233,41.050281261861414,39.38343547255981,24.62180672635403
2015-01-12,94.38,94.38,89.35,90.23,394946,177824,-0.048563205129286205,43.16868975800612,40.220740072207086,25.02326732842512
2015-01-13,89.49,91.64,86.57,89.88,476541,158294,-0.0038865186892810474,42.30367278677213,39.987233900284075,24.948627690457396
2015-01-14,89.88,94.91,87.73,94.09,300679,464025,0.04577632370154593,46.81635097659741,41.502140481650606,25.414470498251525
2015-01-15,94.11,99.41,89.42,89.8,402345,464208,-0.04666679571052048,48.66627702738124,42.20108344258195,25.790895639374856
2015-01-16,89.8,94.82,89.17,94.41,404879,473430,0.0500620244362712,52.806309555448884,43.80496644677432,26.317308631519154
2015-01-20,94.55,94.55,89.05,89.3,438892,482136,-0.05564551186197179,54.02444582252971,44.747135080181216,26.774167148168548
2015-01-21,89.72,92.63,89.46,91.82,340252,484741,0.02782865093862269,51.38384112551591,45.012539230990924,26.93407280991516
2015-01-22,90.99,94.34,88.15,88.99,426829,495120,-0.031306134952305054,51.27064855484692,45.23692389498607,27.085218746841587
2015-01-23,89.61,91.78,86.88,87.61,374289,491567,-0.0156288571904984,48.72132717650569,45.21413488259466,27.107892304752923
2015-01-26,86.86,89.19,85.23,86.76,310638,495572,-0.009749460719598724,48.57156105231308,45.1102856397814,27.04127222724837
2015-01-27,86.73,89.46,86.11,88.84,313141,487487,0.023691313067552983,50.017525214060235,45.46127066031184,27.17031843217881
2015-01-28,88.07,88.07,84.71,85.42,365440,483963,-0.03925673361290628,50.99980163388149,45.86182213559734,27.39249672512047
2015-01-29,85.38,86.4,83.75,85.57,300732,485159,0.001754489016642863,50.674773269109274,45.92182300607516,27.39215898752264
2015-01-30,85.77,92.91,85.15,92.7,454142,487331,0.08003371814184615,59.96168030184615,49.39800701471651,28.61402060752345
2015-02-02,91.45,97.16,89.69,95.26,511409,476193,0.027241522800904902,61.059246696557956,49.85617441171517,28.750494736845184
2015-02-03,95.68,104.23,95.49,101.95,644919,466525,0.06787250164774987,63.39002360084351,51.92090058745473,29.59963172253324
2015-02-04,99.29,101.0,92.15,93.11,577515,456217,-0.09070090712002585,69.80131421769283,54.70931708941124,30.899282047928562
2015-02-05,93.53,100.12,91.01,97.01,596851,444039,0.0410324760727538,71.16417691886619,55.51413497151636,31.12083161596577
2015-02-06,97.74,102.16,97.47,99.33,584976,393894,0.023633574254072448,71.62051002423661,55.84422834019114,31.22759311162997
2015-02-09,99.95,103.75,99.26,101.58,536364,333388,0.022399025145834448,71.85546926177796,56.095317607027816,31.323805380622723
2015-02-10,100.75,101.18,95.82,96.12,501701,280063,-0.055249254504830765,72.53393318528815,56.977377228077295,31.764712365323106
2015-02-11,96.12,96.22,90.54,92.11,231099,316675,-0.04261389586812396,74.31388972255077,57.13893183306913,32.01701539409591
2015-02-12,93.11,97.18,92.65,96.51,270197,339728,0.0466631149189006,74.38503303952034,57.89517024785277,32.39571726453316
2015-02-13,96.6,100.56,96.14,99.31,225169,350247,0.028599640996222513,72.73138910873269,58.34446782645131,32.47124110769323
2015-02-17,98.99,101.62,95.55,100.45,278386,367102,0.011413820345676234,70.8267230826225,58.43824600884159,32.48650497763042
2015-02-18,100.01,100.32,94.37,97.73,280306,371382,-0.027451516910199075,68.39027555535907,58.59619661802514,32.58331839429551
2015-02-19,94.83,97.55,92.18,95.9,554332,385773,-0.01890259246135188,68.28861056885836,58.42830617794908,32.623656243428954
2015-02-20,96.48,97.12,93.83,94.01,366125,402083,-0.01990482229893299,67.66430452906596,58.394072411339636,32.65829219930344
2015-02-23,93.9,94.35,90.05,91.5,475383,418014,-0.027062187308983937,68.195677913198,58.53031143654793,32.742517245561594
2015-02-24,91.44,93.13,90.07,91.18,293101,420483,-0.0035033974961801552,68.08681052912891,58.45592573943319,32.72641818990891
2015-02-25,90.96,94.88,89.61,94.35,429524,423040,0.03417569702926376,68.61955044347809,59.075537196497066,32.935952243257425
2015-02-26,94.37,94.77,88.44,89.13,459584,414582,-0.05691529367193324,70.32717089845085,56.20327246429654,33.38043302121621
2015-02-27,90.61,92.4,89.67,92.07,399494,407565,0.03245317915712859,71.1451405148118,55.88285208291596,33.47239734847157
2015-03-02,91.5,94.44,90.13,91.76,427177,381560,-0.0033726844786391187,65.18006306551472,55.641025694311466,33.44892972916359
2015-03-03,92.15,94.05,91.5,93.48,370597,373277,0.018571036849541846,64.76176710515098,55.79978016561065,33.48046782636337
2015-03-04,93.64,96.2,91.78,95.35,463989,354820,0.019806822375770767,60.06481949399198,56.0354416379154,33.55422532493058
2015-03-05,95.51,96.96,93.64,93.92,370953,339273,-0.015110975966641717,50.755900932457166,56.039082670592265,33.55375095919021
2015-03-06,94.16,94.77,90.44,91.79,406840,302172,-0.022939996848786667,49.01898281334334,55.59823943572674,33.595116166688435
2015-03-09,91.78,93.98,91.13,92.52,409877,251098,0.007921478132238606,48.207250704432745,55.54985154239566,33.60187362607498
2015-03-10,92.66,93.18,89.18,89.35,395761,215728,-0.034863595757801374,48.403715920564494,55.237535550427474,33.709448798698496
2015-03-11,90.24,90.76,87.58,89.13,404590,181658,-0.002465263462811035,44.83530221384642,55.18385280131686,33.70599238176505
2015-03-12,89.63,90.22,86.71,87.06,358381,159596,-0.0234984420184744,43.119689918817684,54.92659828443064,33.757545070731396
2015-03-13,86.84,87.48,82.8,82.97,395722,139207,-0.04811843944795758,41.79885812463649,55.645988394297675,34.05611625691248
2015-03-16,82.97,83.27,79.39,81.24,224567,469285,-0.02107135996401007,39.76932048235069,55.736992503976936,34.0670398238908
2015-03-17,81.14,81.44,78.12,79.59,273298,495363,-0.02051927989442588,39.09398004114566,55.742342412186815,34.1064210466772
2015-03-18,78.37,83.62,77.54,82.16,385529,515236,0.03178010880254462,41.49630722760988,55.68275914645092,34.28670849304367
2015-03-19,82.09,82.44,78.85,80.19,375989,527600,-0.02426974680136542,41.7148819178386,54.67408849343393,34.34134624635617
2015-03-20,80.41,83.53,78.93,82.02,379180,527303,0.022564301144975877,42.94094235424098,54.6627533583947,34.435500044478374
2015-03-23,81.73,83.85,79.83,83.57,292417,529039,0.018721484049431608,43.153518072119226,54.317916255529596,34.504901392030206
2015-03-24,83.58,85.52,82.19,83.67,309553,523027,0.0011958862941625044,43.2005984974971,54.20477896541512,34.47975871550437
2015-03-25,84.04,87.11,82.77,86.67,398795,521512,0.03522731283874639,43.32624392138227,54.706292712390024,34.66836805561936
2015-03-26,86.33,92.43,85.82,90.58,515277,507568,0.04412563498181422,41.85503342052109,55.44681893266107,34.98256525592023
2015-03-27,89.84,90.49,84.91,86.07,384092,482507,-0.0510725194666848,43.92861711000718,56.27234304035983,35.31636104462466
2015-03-30,85.54,86.58,83.85,85.73,355866,479356,-0.00395809597071842,43.929114382362386,56.21306600388457,35.282665282543704
2015-03-31,85.82,85.82,83.27,83.83,365748,471923,-0.02241188404089868,43.61832362898083,56.32922644359565,35.33640910531328
2015-04-01,83.74,88.85,82.86,88.22,451104,461361,0.05104275602702774,47.273119376886974,56.51035333548751,35.73793320123411
2015-04-02,87.34,88.53,84.73,86.54,453394,440920,-0.019226959880054885,47.42507805376305,55.97168363177937,35.75752710132289
2015-04-06,87.12,92.0,87.12,91.83,325282,439250,0.05933230682869205,51.87156682716526,57.248862808451015,36.297467711621536
2015-04-07,91.49,95.33,90.12,95.07,548870,411524,0.034674420745508104,53.26256555228137,57.70066822099496,36.41436543512019
2015-04-08,93.66,93.75,88.71,88.8,552627,336102,-0.0682268123728147,57.425838928007,59.34568784965059,36.98213577567195
2015-04-09,89.82,91.7,88.96,89.45,449531,284295,0.00729315995660385,57.48167760798093,58.53514256069834,36.99626341826286
2015-04-10,89.34,91.46,88.2,90.95,395135,232250,0.01663009500940301,57.05262066939283,58.6300614615471,37.04303491408677
2015-04-13,90.95,93.1,90.52,91.25,167958,388435,0.003293087498469677,53.87032572490078,57.86083992055884,37.02655949126615
2015-04-14,91.37,93.99,91.13,93.17,226502,417715,0.020822788999732757,53.25538589802491,57.210848809225226,37.10280890996129
2015-04-15,93.41,98.35,93.19,97.96,333568,424588,0.05013345062163336,54.333634983807265,57.213487416359186,37.480042378086715
2015-04-16,97.11,99.88,96.04,98.67,269515,428421,0.007221716785108484,53.74709046162419,56.011064514707456,37.48839204575925
2015-04-17,98.43,99.06,96.53,97.33,259079,430515,-0.013673682430673038,52.99949419896557,55.82846303722583,37.50114362810184
2015-04-20,98.06,99.55,95.77,98.28,384481,433577,0.009713281214576255,52.78117359418361,55.447137643922254,37.487298068268146
2015-04-21,98.38,98.57,95.28,96.12,354244,434424,-0.022223136784710124,53.777003639537114,55.55130533686563,37.53945541840435
2015-04-22,95.67,97.11,94.63,95.36,329631,428255,-0.00793820755122859,54.004916060864915,55.53681464987207,37.535681875133015
2015-04-23,95.56,99.18,94.68,98.04,415569,440126,0.027716355342872232,53.539527695602644,55.61135214658998,37.64371387165144
2015-04-24,97.69,98.4,95.94,97.04,328322,426707,-0.010252294024117158,51.879407472833485,55.01473510431217,37.64853380593689
2015-04-27,97.3,98.3,95.97,96.77,250558,424309,-0.0027862357429436014,47.822223607947144,55.02391331124843,37.64211507092032
2015-04-28,96.19,98.2,95.21,96.89,281864,421193,0.0012392855040615543,47.71618567386236,52.56889956698786,37.62198961662486
2015-04-29,96.67,100.74,96.01,99.47,411097,426816,0.026279776767409814,46.97937130307871,52.54855401799553,37.73263269244978
2015-04-30,99.42,101.63,99.13,101.25,340322,425000,0.017736614822325962,44.40093320637857,50.78705506227724,37.78228564610329
2015-05-01,101.52,101.71,99.03,100.44,244753,404717,-0.008032171697264267,43.699927719237834,47.18740027265207,37.78661793220419
2015-05-04,100.69,101.42,99.25,100.06,215046,400321,-0.0037905282293252095,39.28059640690013,46.4624330695922,37.78605231172818
2015-05-05,100.1,103.75,99.55,102.56,389743,380717,0.024677987112301004,38.40560433456465,46.48511591621269,37.85349758032026
2015-05-06,103.1,106.26,102.8,103.46,423583,361434,0.008737071403009028,27.405038941253707,46.29456555712383,37.86868473457896
2015-05-07,103.05,104.11,99.32,100.08,437022,317625,-0.033215198416713325,31.00837061645621,45.37632231667993,37.99606801044712
2015-05-08,100.22,101.71,98.72,100.85,434575,277755,0.007664398241564995,30.748160188327457,44.488962636707704,38.00014608462916
2015-05-11,100.91,101.63,99.76,100.61,332694,239092,-0.0023826080962613505,30.8598178159399,43.48706748887569,37.97635601495986
2015-05-12,100.64,104.19,100.39,103.15,397345,207603,0.024932583213301503,31.174257909969267,43.392949849583786,38.06913593815863
2015-05-13,103.97,105.02,101.92,102.73,426835,165577,-0.004080052289088508,26.35087657138278,43.34467440302348,38.06773905184605
2015-05-14,102.73,103.86,101.47,102.24,187240,434507,-0.004781196598947749,26.4025955830159,42.97045333088533,38.06238493800599
2015-05-15,101.99,102.21,99.69,101.74,190734,445509,-0.004902451234605701,25.900611951697854,42.7923630997165,38.05560783793832
2015-05-18,101.87,103.7,100.58,101.23,305118,441680,-0.005025383783958578,25.86309313917962,42.59028735390687,38.05372817046882
2015-05-19,101.37,101.54,97.35,97.45,336779,446845,-0.03805572965709055,28.28475418087911,42.960227032109024,38.171000367170535
2015-05-20,98.01,99.22,97.64,99.12,287129,439497,0.01699181136731722,28.658292995637087,43.07262889219561,38.221890961564064
2015-05-21,98.83,102.41,98.63,102.04,329765,432754,0.029033655952723614,28.81884287140531,42.91807743928245,38.3442547258672
2015-05-22,101.94,102.18,99.74,100.36,230307,418738,-0.016601171775389122,29.261545076915326,41.34875877177834,38.370440405317815
2015-05-26,100.92,101.25,96.98,97.52,330128,405472,-0.028706236325205532,31.170702975465176,41.323143398236525,38.44484240789923
2015-05-27,98.01,99.07,96.39,96.65,314917,397862,-0.008961279518676105,31.3434910162328,41.36401369669821,38.434172181395404
2015-05-28,96.85,97.59,94.97,96.93,340682,399553,0.002892862850176746,29.79142584309801,41.2018494885464,38.433824312240425
2015-05-29,97.42,102.01,97.0,101.34,452222,389811,0.044492131543247035,33.358471203738574,41.99617674011492,38.723853584534524
2015-06-01,101.32,101.91,99.71,101.17,292189,372076,-0.001678929829964714,33.23043921689941,41.86589049572278,38.721550951324915
2015-06-02,101.13,103.49,100.98,102.95,344508,370176,0.017441163255999464,33.729415914705804,41.687322121507655,38.77238311847575
2015-06-03,102.55,103.23,99.72,100.23,371298,355247,-0.026775888437023616,33.96858476465457,42.078331218293286,38.84955359258416
2015-06-04,100.11,100.73,97.18,97.47,363345,355370,-0.027922906687656245,35.02949077593903,41.84671631530501,38.931020957760495
2015-06-05,97.45,99.54,95.5,99.37,461016,320038,0.019305618894153474,33.962103444442654,41.99730426295798,38.943764074670845
2015-06-08,99.08,99.37,97.23,97.71,339845,271926,-0.016846349287020272,34.30707588410657,41.8479292574956,38.969497349545016
2015-06-09,97.99,101.97,97.86,101.07,405486,228108,0.0338094381303194,36.52844844669729,41.02363086028017,39.13994288452024
2015-06-10,101.81,103.89,101.59,103.23,459765,190185,0.021146162390927665,36.21216450308757,40.864940598207696,39.14576792336552
2015-06-11,102.75,103.4,101.18,102.13,352421,149983,-0.010712996887491244,36.38834023347791,40.66262343258998,39.152886677557376
2015-06-12,101.76,101.89,100.38,100.76,246898,136961,-0.013505060105598092,36.661793840944036,40.40690902969874,39.166371688905116
2015-06-15,100.76,100.91,98.86,100.21,128256,287587,-0.005473467414172043,36.67097422041947,40.03906930326425,39.16714698449328
2015-06-16,100.23,101.57,100.01,100.96,129301,292689,0.007456414722665517,36.745886604516,39.854566275916504,39.18023533905085
2015-06-17,101.08,103.24,99.11,100.76,232091,302384,-0.001982947308493416,33.931519485664204,39.741706978571024,39.174050221890624
2015-06-18,100.38,102.43,99.66,101.58,171476,311420,0.008105213888689499,33.543714335572766,39.75266104660561,39.17618728663162
2015-06-19,101.68,101.77,98.94,100.16,299894,326906,-0.014077758021310522,32.27005221304333,39.33980538317237,39.19149998306201
2015-06-22,99.8,101.26,98.99,100.85,255306,332929,0.006865357048432413,31.83065265509023,38.381716065010984,39.202918294827555
2015-06-23,100.56,102.7,99.46,101.9,336224,338243,0.01035767582845842,30.09121747872172,36.80012208535427,39.21820528539091
2015-06-24,102.12,102.83,99.88,100.66,312985,330042,-0.01224343888046526,30.274630818019755,36.90426941991781,39.228544415796414
2015-06-25,100.58,100.98,99.26,99.71,222341,329016,-0.009482528507512463,30.54547828427998,36.62290978684531,39.234256172810966
2015-06-26,99.64,100.15,98.14,99.59,231957,332326,-0.0012042148971532557,25.96070105637204,35.22755131550033,39.23443231645377
2015-06-29,98.28,98.99,96.94,97.42,286035,331764,-0.022030229565151632,27.027871156653205,35.30436874294565,39.28197696285966
2015-06-30,97.32,99.69,96.77,99.33,282475,319172,0.01941611184886792,27.223587881005162,33.43256653150108,39.34082238182715
2015-07-01,98.51,98.51,94.67,95.14,297050,323662,-0.043098149223129184,29.713201626598156,33.913209882791065,39.550050340147145
2015-07-02,94.98,96.79,94.37,95.09,271833,323662,-0.0005256794527825586,28.168426874572855,30.789032200663733,39.55000948703927
2015-07-06,94.23,94.85,87.54,87.74,540608,319366,-0.08044591581328502,38.7771328684268,35.002475993120115,40.31154664004908
2015-07-07,88.1,89.24,84.48,87.4,527267,314632,-0.003882613076578004,38.57864608660172,34.830181772421376,40.30408763073306
2015-07-08,88.37,88.45,85.03,86.27,434752,280445,-0.013013369573002509,35.71241714281484,34.91128637134639,40.305576040222576
2015-07-09,86.57,89.42,85.98,88.15,382334,246612,0.02155799575539195,35.75713976683777,34.931176888196234,40.34257019615806
2015-07-10,87.65,90.01,86.78,88.09,349075,207929,-0.000680889722174976,35.82956299124562,33.27178182377994,40.3365508075692
2015-07-13,87.1,88.81,85.61,87.18,359477,170566,-0.010384072311457755,35.77605291537924,33.26419739867376,40.33808838718894
2015-07-14,87.18,89.43,85.36,88.8,205986,457620,0.01841170318787783,36.91870826603974,33.4353504857455,40.3719754976046
2015-07-15,89.44,89.56,85.64,85.99,174984,469013,-0.03215563957531927,37.66751359808973,33.931415476222995,40.43397604029909
2015-07-16,86.26,87.23,84.94,85.08,205857,483204,-0.010639020090768671,37.6086404282809,33.72223542009054,40.440936439468906
2015-07-17,85.04,85.59,83.85,85.03,188364,491455,-0.0005878549343352473,37.22551332535872,33.70090121867154,40.423470586229996
2015-07-20,84.86,85.64,83.27,83.75,288564,505887,-0.015167964692525321,37.247660881202656,33.23336783813256,40.441086847468775
2015-07-21,83.43,85.36,83.15,84.45,254321,508314,0.008323472548633262,37.333255432101325,33.269312977195725,40.44434559503146
2015-07-22,84.2,84.2,81.42,81.67,347986,509959,-0.03347290588362476,37.57973458745983,33.87668670265349,40.55210551793786
2015-07-23,81.74,82.4,80.05,80.44,316060,509457,-0.01517517246573312,37.60632495424288,33.959442851901564,40.56791503506593
2015-07-24,81.01,81.41,79.23,79.93,278233,502179,-0.006360313266523558,37.64168154748944,33.407614461934756,40.56894664122886
2015-07-27,79.7,80.03,77.89,78.68,273614,505394,-0.015762258117069338,37.490751680310964,33.19659925180868,40.58641643412815
2015-07-28,78.07,80.43,77.51,79.66,338107,509654,0.012378584232639753,38.22579750380235,33.35919132030779,40.615863076065274
2015-07-29,79.38,82.22,78.68,81.01,366893,514209,0.016805026088901737,37.969099690594476,33.62705691293438,40.62621739097217
2015-07-30,81.07,81.95,80.26,80.56,247662,508226,-0.005570355432093026,35.93811379442848,33.11111541516232,40.62689890982995
2015-07-31,80.48,80.73,77.54,78.24,334474,504271,-0.029221222683745073,36.5512168554834,33.39883724607744,40.70370536833883
2015-08-03,77.8,77.94,74.85,75.0,371085,496581,-0.042292912190251435,28.353855208378135,33.78000973329653,40.886897281115765
2015-08-04,75.3,76.76,75.2,75.94,285786,482180,0.012455441267345779,29.23601974239794,33.869716627375226,40.91799021792089
2015-08-05,76.31,77.54,74.43,74.96,367326,483086,-0.012988916873489516,29.235357010508086,33.908071092819334,40.92168884725283
2015-08-06,74.98,75.16,73.39,74.15,360977,455323,-0.010864569346225489,27.227192952184133,33.35171098598595,40.922835178269985
2015-08-07,74.42,74.98,72.56,72.84,400070,384492,-0.01782481372453395,27.2419508523796,33.44551026708499,40.94004095663602
2015-08-10,72.36,74.73,71.98,74.65,491433,304576,0.024545269125792118,29.794351848717028,34.016208621591645,41.03590945164004
2015-08-11,74.4,75.28,70.88,71.53,538005,242080,-0.042693581864907015,30.561109888413757,34.871045641595245,41.21975519641065
2015-08-12,71.84,72.84,71.06,71.89,492271,197048,0.005020230875487766,29.96090570824711,34.94215939648454,41.17328024906824
2015-08-13,71.96,72.59,69.59,70.12,420146,164463,-0.024929112942746322,30.492139898514996,34.524121850738844,41.194552593579594
2015-08-14,70.12,71.01,68.76,70.31,185423,425588,0.0027059761580362014,30.64428608077334,34.249910422995086,41.17909740720865
2015-08-17,69.87,70.49,68.94,69.17,212805,446509,-0.016346793598576673,30.676022018924737,33.538211429665985,41.19462058741067
2015-08-18,69.15,70.75,68.4,70.33,248262,451838,0.016631207707433447,31.450480149896755,33.800349323999825,41.23286057248837
2015-08-19,69.92,70.43,66.56,67.31,458073,464644,-0.043889636297305086,32.71113795391396,34.37575423800577,41.42011382596698
2015-08-20,66.84,68.19,66.06,67.39,380433,466273,0.0011878249355038247,32.861143621985356,34.40358442444273,41.4231395633408
2015-08-21,66.92,67.52,65.01,65.97,377181,462982,-0.021296545723346147,33.13754751567869,34.493268395843025,41.46029890536505
2015-08-24,65.73,66.01,61.57,62.37,468366,451548,-0.05611570269674829,37.00357019595841,34.31343494778601,41.779669898275976
2015-08-25,62.27,65.06,62.24,64.11,375650,449091,0.027515967461134664,38.6585102944084,35.059932337443875,41.89808846364297
2015-08-26,64.73,65.01,62.83,62.96,368722,438571,-0.01810075389001818,37.30762925286542,34.73062272767501,41.90676843093364
2015-08-27,63.54,69.9,63.53,69.42,533682,444409,0.09767540632449238,54.1073260136247,40.73315597949006,43.094680673447336
2015-08-28,69.61,74.86,68.14,73.75,666328,440212,0.06050598478628898,58.51184223493922,42.69578669698774,43.476835403858686
2015-08-31,73.4,80.46,71.11,80.25,757503,446046,0.08446576679019599,64.22974267458895,46.20157301059491,44.250891787321784
2015-09-01,78.45,79.71,72.01,74.06,713418,410922,-0.08027118652465862,70.60935057967858,48.73925602496001,44.915392998296056
2015-09-02,72.19,76.28,70.48,75.43,689301,401614,0.018329498380073004,70.79387247905389,48.31939287548313,44.959531506335324
2015-09-03,75.21,78.97,74.46,76.25,539450,392092,0.010812341621981409,70.75810267374534,48.12771501341631,44.98060962962194
2015-09-04,76.14,77.03,74.39,75.11,385631,375040,-0.015063709789600636,70.66535019702184,48.157834178227965,44.99416664348978
2015-09-08,74.73,75.69,71.99,74.93,508815,327703,-0.0023993613217009177,70.1469973466927,48.12903251354445,44.9863439224192
2015-09-09,74.68,75.45,71.85,72.01,422735,279402,-0.03974934611544392,69.91568997109749,48.6551050178763,45.10612516328411
2015-09-10,72.02,75.09,70.72,74.9,498992,239586,0.039348892262398454,71.26962214476146,49.45055971279307,45.3100348969892
2015-09-11,74.55,74.83,72.02,72.79,395838,199874,-0.028575307393007253,71.46418132237018,49.6815744099586,45.36586617629662
2015-09-14,72.79,73.03,70.82,71.36,171247,428382,-0.019841094858412747,71.8761098913018,49.68675586398948,45.335690904699035
2015-09-15,71.54,73.29,71.23,72.28,170349,436629,0.012809977452273925,71.70165905466865,49.802815498916175,45.364731027900284
2015-09-16,73.13,76.66,72.6,76.31,249589,446894,0.05425652557751416,73.91578842325825,51.22941824706076,45.72365752004159
2015-09-17,76.31,77.21,75.02,75.81,221847,443979,-0.006573781233329273,71.86211908907063,51.13503083477935,45.7248439518866
2015-09-18,75.76,76.04,71.62,72.31,283487,447336,-0.04726777788135207,74.304544415466,51.84781592904534,45.93465461463728
2015-09-21,72.78,75.52,72.33,75.43,344190,458585,0.04224264167867917,74.91012986970331,52.75440826731652,46.150223303797624
2015-09-22,74.99,75.07,72.87,74.46,345875,456794,-0.012943005420968887,71.60307582603892,52.77649861538738,46.12920165000742
2015-09-23,74.75,75.73,71.33,71.44,411957,449524,-0.04140413187632713,73.37853803664342,53.193628152513654,46.286579306352316
2015-09-24,71.67,72.57,70.21,72.13,371976,455137,0.009612109947337669,72.85825101280513,53.037804335146745,46.28286966086711
2015-09-25,72.36,74.49,72.05,73.4,338622,456297,0.017453889104888858,64.69430894390284,52.64655985116556,46.308122700463564
2015-09-28,72.89,73.08,71.15,71.36,273906,449964,-0.02818644734871604,61.794650949902504,52.86606467477342,46.25426163433508
2015-09-29,71.47,73.4,71.15,72.65,265176,448642,0.017915901744538113,53.44573876005859,50.65012404919166,46.30408294914677
2015-09-30,72.15,73.64,71.76,72.42,355853,440630,-0.0031708856787968608,45.447705719859734,50.649891615646226,46.29942936489101
2015-10-01,72.89,75.65,71.68,71.86,478979,434715,-0.007762722652122503,44.90725718040706,50.61756647103985,46.28904765358231
2015-10-02,72.39,73.58,70.62,73.14,420740,431407,0.017655631035862453,45.23925786758977,50.54281120695511,46.32642787489375
2015-10-05,73.32,75.39,72.61,74.3,323061,424445,0.015735539002478215,45.387825805895964,50.68828962090647,46.346799592273385
2015-10-06,74.21,78.83,73.45,77.95,453101,411111,0.04795664378007214,48.52574912067102,51.71697666864773,46.60835240131651
2015-10-07,78.7,79.84,76.61,76.79,547488,348212,-0.014993172161333314,46.45390961256957,51.61057598495519,46.60020844560936
2015-10-08,77.27,80.42,76.71,79.39,509760,295296,0.03329799239456971,45.875687838095295,51.74298795542126,46.74105166284085
2015-10-09,79.81,81.79,78.98,79.71,508680,236471,0.0040226327028096654,44.341933719178684,51.71757347051673,46.74574861664184
2015-10-12,79.52,80.52,75.55,75.65,408663,191987,-0.05227760820546675,48.04750076419301,52.77046519358316,46.89558677892244
2015-10-13,76.23,77.79,74.59,74.94,465388,150866,-0.009429646868823777,48.0887893418211,52.72214681658124,46.900170199597156
2015-10-14,74.94,75.34,73.78,74.88,191873,454297,-0.0008009611962046845,43.91432909952086,52.68007133747359,46.87523570231997
2015-10-15,74.32,75.47,72.7,74.42,276935,464744,-0.006162109250860035,43.90757425325171,52.27907315776042,46.87431171512948
2015-10-16,75.25,76.17,74.05,75.77,284312,491337,0.01797771302480546,40.7700095390892,52.35146036085769,46.92146521634096
2015-10-19,75.77,76.07,73.39,73.48,395602,503800,-0.03068917559635703,39.50157565397605,52.69422812921193,46.993266408656005
2015-10-20,73.94,74.51,72.59,73.5,361314,513129,0.00027214587186608714,39.2631926379246,52.609988264545315,46.94632189444215
2015-10-21,72.85,73.17,71.23,71.77,384288,522758,-0.023818844776810566,37.28874378828514,52.73571586042102,46.938960061621856
2015-10-22,71.88,73.2,71.29,72.05,322742,522907,0.003893761003550493,37.152924387189465,52.608033064657214,46.9332362165535
2015-10-23,72.15,72.64,70.18,70.82,406577,527608,-0.0172188757617735,37.023995142033584,52.696328055191465,46.95372697216692
2015-10-26,71.04,71.36,69.29,69.83,302084,534536,-0.014077729825813625,36.01478410052576,52.45485632975364,46.959061346818785
2015-10-27,69.51,69.72,67.61,68.59,370825,530322,-0.017916965346713824,35.75268112519485,51.887845021926914,46.9644194883634
2015-10-28,68.97,73.39,68.37,72.94,521518,524430,0.06149043386930411,42.42642641154547,53.40172695786117,47.40223987458225
2015-10-29,73.13,74.29,71.7,73.13,436513,511782,0.0026014939023255574,42.322701646627756,53.343688833449896,47.40377990838827
2015-10-30,72.63,74.67,72.21,73.98,363307,505296,0.011556107121448151,42.05650512641956,53.35393600593273,47.38693717267883
2015-11-02,73.72,74.2,72.34,73.26,305518,493387,-0.009780029053639606,41.81079076087992,53.264786376535824,47.359002544981756
2015-11-03,73.21,76.79,72.97,76.06,434574,485518,0.037507745149445236,40.33637944008173,53.584209375258055,47.481057520244185
2015-11-04,75.8,76.66,73.31,73.55,459307,463203,-0.033557055452667135,41.69212214520449,53.30299020113157,47.57662884617376
2015-11-05,73.94,74.07,71.64,71.77,437646,444366,-0.024498885605466047,40.194317418204854,53.53800393806656,47.60996362761675
2015-11-06,72.1,72.47,70.04,70.32,448133,400803,-0.02041030806505901,40.398397604051645,53.45618084947883,47.62417395539595
2015-11-09,70.69,71.64,69.29,69.66,487992,349121,-0.0094299884390664,36.61152604408808,53.48825130845043,47.6180485746956
2015-11-10,70.02,71.07,69.18,70.2,445973,314042,0.0077220460939103185,36.78768770949248,53.40442351576367,47.62543125542993
2015-11-11,69.28,70.04,67.67,68.16,502371,271096,-0.029490428510705265,37.924606103646795,53.63600163109324,47.58519434919475
2015-11-12,68.35,68.8,65.96,66.29,545351,233239,-0.027818826267759954,38.80415624305516,53.18018609392339,47.582837235732356
2015-11-13,66.29,67.23,64.17,64.87,248589,487898,-0.02165378902833616,38.1295241786122,53.35945057252249,47.618908435063226
2015-11-16,65.02,66.78,63.65,66.09,354422,500747,0.018632182257397416,38.21594961698278,53.326528990806224,47.658043619575025
2015-11-17,66.44,66.6,64.28,64.42,272900,509963,-0.025593305579308747,38.81398749285101,52.31113720696756,47.71127614184454
2015-11-18,65.15,65.87,63.76,64.79,372472,530556,0.005727126558813228,38.49042488550935,52.020985381283246,47.672226686743834
2015-11-19,64.95,65.44,63.71,64.44,422086,545943,-0.005416712153092435,38.3429791680058,51.89544350094564,47.65759486302152
2015-11-20,64.7,66.04,63.9,64.71,432642,561919,0.0041811907604011106,38.23381837911114,47.783492401591985,47.659269966235925
2015-11-23,64.08,66.03,62.41,64.48,516190,561081,-0.0035606508708016676,38.066693957675135,46.02288732788378,47.61979773500341
2015-11-24,64.93,67.12,64.65,66.21,430304,561036,0.02647641073838161,39.157805182009504,42.77659319766106,47.71218106370077
2015-11-25,65.94,66.8,64.44,66.48,383158,561223,0.004069641610438166,31.389168413535252,39.665616677790425,46.5316351486795
2015-11-27,66.8,66.88,64.36,64.42,316475,559391,-0.031477006644140056,32.65236178528498,39.89871846025848,46.40190539494287
2015-11-30,64.51,65.81,64.1,64.33,369509,551240,-0.0013980584801438867,32.02846570604632,39.80136766670046,46.31462349545456
2015-12-01,64.45,65.22,63.59,64.64,415537,550996,0.004807328789931032,32.2774261892649,39.74886304334997,46.309545948976194
2015-12-02,64.39,64.82,61.53,61.69,545289,559893,-0.04671157099129267,30.947921861809075,40.768291552243305,46.51566189133724
2015-12-03,62.01,64.53,61.89,63.45,496884,545083,0.028130350938849507,32.54941044815236,40.544757815318576,46.604981686668054
2015-12-04,63.8,64.87,61.16,61.73,510758,539723,-0.027482157754592187,32.77389351316321,39.93473640422581,46.49257850537541
2015-12-07,61.93,62.01,57.92,58.15,635413,471215,-0.0597441574411311,37.46210998925283,41.26848564960445,46.81907893444745
2015-12-08,58.2,59.59,56.59,57.93,767184,389020,-0.0037904938561406855,37.51698257955615,41.13192514665218,46.616578159037125
2015-12-09,58.48,60.22,56.95,57.39,646166,329005,-0.009365312988261536,36.980034412722894,41.00780242256792,46.60122303034344
2015-12-10,57.56,57.98,56.19,56.78,513940,261885,-0.010685921075446102,36.26603618371549,39.19760600423062,46.4850271865464
2015-12-11,56.58,56.9,54.3,55.02,505406,220602,-0.03148739554839656,36.53907943749887,39.573045475624276,46.56698708084498
2015-12-14,55.02,56.47,53.69,55.92,234759,390114,0.016225342429126346,37.30863966964412,38.83229475214643,46.605260622227206
2015-12-15,55.82,58.2,55.54,57.28,273412,404424,0.02402942472683526,37.85377342301594,38.07218601726861,46.66686161758248
2015-12-16,56.61,57.31,54.35,54.66,300698,419269,-0.046819342152468295,39.918704763962474,39.01115427339163,46.695341951999794
2015-12-17,55.1,55.15,53.48,53.94,292565,433854,-0.013259862788338019,39.60692540522645,38.31425053047682,46.40826236082279
2015-12-18,53.77,54.94,53.07,53.63,402547,454984,-0.005763704716750018,39.60276251866692,38.19862670666724,46.30834311501251
2015-12-21,53.39,53.69,52.58,53.26,298080,463251,-0.006923032609047719,39.300830956276144,37.91387547978878,46.168548819028956
2015-12-22,53.25,54.35,53.04,53.75,302263,460233,0.009158086621985998,39.82177859958895,37.72493970487037,46.14197293154276
2015-12-23,54.24,56.44,53.96,55.77,374658,453317,0.036892423393690255,41.20367527950839,38.40565954059541,46.28068654488672
2015-12-24,56.31,56.93,55.6,56.67,205873,450492,0.01600887978006542,41.9018469006744,38.632500985533774,46.28247620949416
2015-12-28,56.52,56.65,54.44,54.75,220644,444681,-0.03446760148491767,42.13703235135987,39.12552822614528,46.37789459975522
2015-12-29,54.58,56.43,54.52,56.32,241945,443071,0.02827234315317687,44.03922493841936,39.44190280831684,46.46212737877241
2015-12-30,55.57,55.63,54.14,54.44,267912,436421,-0.0339505340665217,44.84357217594529,39.67462478011723,46.562020153746936
2015-12-31,54.75,56.21,53.87,55.09,283623,437108,0.011869033701360021,43.022155246897796,38.274741847175584,46.320893597731065
2016-01-04,55.92,57.1,54.03,54.67,431985,437506,-0.007653098577717272,41.128167461106855,38.228850389875895,46.140783279665186
2016-01-05,54.88,55.18,53.16,53.5,410131,436383,-0.02163345900494709,40.80138009809493,37.488099943123544,46.14981331125401
2016-01-06,53.81,54.12,50.23,50.52,563811,431502,-0.05731235641967039,40.39274467504722,38.83063567721751,46.475787539884244
2016-01-07,50.7,50.96,47.74,49.48,617409,404315,-0.020800749958003354,40.662042821897955,37.80608949918279,46.5076890348725
2016-01-08,49.53,51.07,48.55,49.32,596496,337703,-0.0032388692281435805,40.6905706925637,37.81091489109048,46.27637683474596
2016-01-11,48.99,49.38,45.93,46.72,648640,283331,-0.054157339776171945,43.92815403722711,39.0013504686413,46.56686531424312
2016-01-12,46.27,47.91,44.52,45.27,627218,237424,-0.03152777707210429,43.930806518645824,39.29943614672421,46.40030638778983
2016-01-13,45.42,47.16,44.77,45.33,637903,176000,0.0013245035048904666,43.07215557096634,38.97092756635366,46.192157044344114
2016-01-14,45.33,46.86,44.89,46.26,407645,548320,0.02030859185053528,42.69516113790595,39.135295372288596,45.943909299952864
2016-01-15,46.26,46.28,43.3,43.78,358984,563055,-0.05510056470857616,43.71380778747792,40.281282452226804,45.937604264456034
2016-01-19,43.46,45.17,42.28,42.6,743931,583386,-0.02732283881939214,44.08946786521101,40.344048410986225,45.89853014793322
2016-01-20,42.45,42.86,39.7,40.84,690039,594349,-0.042192259978859836,45.30728191560338,40.832496336009505,45.97924442597757
2016-01-21,40.84,43.58,40.15,42.54,694040,598241,0.040782816475626225,49.23701469876805,42.07319881207694,46.172287417638216
2016-01-22,42.99,46.6,42.54,46.37,636573,606884,0.0862078886312783,59.90951108252602,46.31123220977396,47.025222742256275
2016-01-25,46.17,47.16,42.75,43.71,606892,595758,-0.05907578952814618,60.18675314333557,47.48562077306099,47.29202464573785
2016-01-26,42.94,46.69,42.14,45.3,642432,596640,0.035730123613765145,61.79749693715178,46.16186608861259,47.306846082879424
2016-01-27,44.01,47.31,43.42,46.53,738551,601798,0.026790233367568965,62.55887120840155,46.66123956969647,47.39652374571807
2016-01-28,46.37,50.16,45.72,47.85,833378,608831,0.027973852042406162,62.53591756702189,47.067692042195034,46.76373362207216
2016-01-29,48.55,49.55,47.03,48.43,618110,599412,0.012048338516174355,62.14915720189577,47.23012321850483,46.69028459286187
2016-02-01,48.73,49.24,45.07,45.55,595612,595921,-0.061308832709170535,64.75582083162233,47.6020914275587,46.51505671145688
2016-02-02,45.19,45.42,42.6,43.04,602564,577905,-0.056680707852438277,66.87347394372436,48.35103705561007,45.98999006623956
2016-02-03,42.86,47.18,42.35,46.5,811699,580589,0.07732239673978172,73.83728788506201,51.3599900605001,46.48399174536423
2016-02-04,47.12,48.4,45.42,45.69,696721,562200,-0.01757285701813053,71.5589598080282,51.33218166415953,46.429644839311706
2016-02-05,45.58,46.74,44.12,44.5,616531,507532,-0.02639026640298551,71.7496526259369,51.481306561670415,46.41679373893658
2016-02-08,44.61,45.2,42.6,42.77,603646,428564,-0.03965226693337714,72.76766772687729,51.79874800943311,46.26630561178005
2016-02-09,43.46,44.09,39.96,40.25,738219,372204,-0.060726918374244966,73.36575421509721,52.732763552568244,46.457657113566434
2016-02-10,40.85,42.09,39.24,39.54,781280,312143,-0.017797186122101565,72.9287553323024,52.61808563088246,46.20599329642811
2016-02-11,39.38,39.59,37.53,37.76,795965,242314,-0.04606247646517094,74.1608686750141,53.111946258515545,46.28789542965421
2016-02-12,37.76,40.18,37.42,40.09,426183,475345,0.05987658537711572,77.49936170553359,54.67857732222835,46.70368269715442
2016-02-16,39.33,42.44,38.52,38.91,481273,476726,-0.0298756396579536,75.93106085111097,54.74332487991058,46.71680518020842
2016-02-17,39.19,42.29,38.71,41.44,458686,486921,0.06299531095476552,79.24654868669958,56.60125066879272,47.16822133138491
2016-02-18,42.15,42.98,40.77,41.37,432126,480177,-0.0016906174779074388,77.77041545505278,56.61211336462314,47.13898810234069
2016-02-19,41.09,41.45,39.38,39.89,510897,497479,-0.03643031455600482,77.31320710178194,56.868901255252936,47.1961627027144
2016-02-22,40.16,42.52,39.72,41.95,521016,507820,0.050352766995899995,72.72415194635029,58.11099538349397,47.50279660906222
2016-02-23,41.89,42.13,39.23,40.04,539379,514202,-0.04659947846619543,71.62038767964661,58.23375448678353,47.55344909145102
2016-02-24,39.3,40.71,38.4,40.39,652245,504868,0.008703275128301671,70.24188919821273,58.283795146926344,47.26195863996098
2016-02-25,40.44,42.08,39.04,41.55,611874,504402,0.028315291726135648,70.33757436342013,58.55597461532519,47.23221403321842
2016-02-26,41.51,43.59,41.01,41.19,646294,475519,-0.008702012853467837,69.20725368589143,58.54361526230573,47.235461635050584
2016-02-29,41.11,42.69,40.61,42.4,512468,476879,0.0289528537899227,70.09479119127818,58.96679515519628,47.295359454866244
2016-03-01,42.59,43.67,41.93,43.22,566226,485373,0.01915498884082786,67.54541990431082,58.61752368931425,47.2922008257704
2016-03-02,42.58,44.19,42.15,43.55,597834,479993,0.007606352219771879,64.50825273383161,58.25795690380014,47.28912465724493
2016-03-03,43.64,44.38,42.96,43.44,512962,471316,-0.0025290276728318216,57.787392055857545,58.09415339995425,47.246728772125365
2016-03-04,43.55,45.66,43.22,45.13,578290,478769,0.038166538213229954,59.34094905808419,57.67887785634965,47.41471934823158
2016-03-07,45.48,47.88,45.34,47.62,709870,429683,0.05370562721980674,61.498641682821464,58.88827609155717,47.64320714316067
2016-03-08,47.67,48.23,45.38,45.86,706933,361251,-0.037659563628958254,61.317472824587114,59.29750339425121,47.773671031644774
2016-03-09,45.68,48.39,45.53,48.11,740632,311063,0.047896778281604026,58.27731368658311,60.212664500728074,47.99570319778104
2016-03-10,47.96,48.35,46.75,47.54,701435,251772,-0.011918593779314517,57.956354700209104,59.94688582410126,47.78365455408676
2016-03-11,47.73,49.03,47.64,48.37,564791,219070,0.017308324902843838,54.18266304787094,59.9616938706306,47.785844009639575
2016-03-14,48.37,48.92,46.62,47.15,229532,501504,-0.02554577775542533,52.71593145599556,59.88846849006384,47.80813945974066
2016-03-15,47.35,47.44,45.78,46.22,246022,514318,-0.01992140423323177,51.87632077035866,59.30337872843736,47.71910953762421
2016-03-16,46.71,48.72,46.6,48.55,374538,542359,0.049181589891099116,50.158809965322426,60.206547422956206,47.946162966952585
2016-03-17,48.63,50.63,48.55,50.57,442919,556041,0.0407643203545577,51.33038746316576,60.826128554872064,48.075204124794766
2016-03-18,50.53,51.58,49.79,49.94,671720,543544,-0.012536230240264555,49.11420996067514,60.86042503146063,48.04170226435448
2016-03-21,49.85,50.74,49.05,50.4,479337,544913,0.009168890225695763,46.88890329156198,60.86050264138934,48.053837308925715
2016-03-22,50.48,50.86,49.49,50.31,463693,544879,-0.0017873105740956402,42.29177136088893,60.34397492660493,47.90688809862608
2016-03-23,50.0,50.18,48.15,48.3,492003,542210,-0.04077230384470029,46.18036407796513,60.75218482721256,47.834697919313946
2016-03-24,48.23,48.28,46.53,47.9,495168,546134,-0.008316056241657393,45.97232996662935,60.40283815567068,47.58742137182817
2016-03-28,48.01,48.72,47.17,47.81,299775,547014,-0.0018806817788574245,45.7242313618173,60.06769474190827,47.58716540521333
2016-03-29,47.73,47.92,46.02,46.47,488032,551210,-0.028427879541125137,46.672278197209515,59.9556525958003,47.6166753942267
2016-03-30,46.76,48.37,46.3,46.52,542469,548529,0.0010753845535767608,46.36380031853303,59.88486649879965,47.312831956347075
2016-03-31,46.49,47.39,45.61,46.54,532152,549954,0.00042983022368199515,46.3531533247805,59.879903229943096,47.28390288980705
2016-04-01,46.3,46.81,44.46,44.66,547190,542223,-0.041233911462133954,48.963501746277274,60.278248294895064,47.03070609898718
2016-04-04,44.44,45.17,43.04,43.34,549477,533216,-0.030002250303798675,48.14388755057906,59.482006132959434,46.95620297615068
2016-04-05,43.09,44.4,42.78,43.57,485543,525390,0.005292844021137724,43.559970729047585,59.38043098997673,46.50285749147835
2016-04-06,44.33,46.01,44.22,45.82,751048,508000,0.05035183689599879,45.804104180864314,60.34514023176541,46.797896925015024
2016-04-07,45.84,46.49,44.54,45.23,626749,421169,-0.012960093535597711,42.31735153094427,59.3847170380927,46.76864353329562
2016-04-08,45.54,48.36,45.46,48.21,817230,344954,0.06380588492777915,48.33070432279768,60.46409338449069,47.24058511598721
2016-04-11,48.21,49.47,47.64,48.99,679351,278754,0.01604972723295252,48.27537302784832,60.54222057724053,47.21910885792904
2016-04-12,48.98,51.29,48.66,51.19,796837,226492,0.04392800481900827,49.55955280973166,61.05043818299233,47.15307484144308
2016-04-13,51.19,52.05,50.72,51.24,341985,471702,0.0009762765590418062,48.7643002092191,59.89321270999878,47.14408277697535
2016-04-14,51.01,51.63,50.1,50.83,260593,477394,-0.008033745569722422,46.06776537919303,59.611086997265026,47.134100498526834
2016-04-15,50.78,51.08,49.07,49.69,387546,475685,-0.02268302584458189,44.51972578872692,59.112144505726185,47.16067615558893
2016-04-18,47.53,49.63,46.46,49.07,609487,487851,-0.012555855512417103,44.5204079644095,58.67545338972002,47.130210223931776
2016-04-19,49.37,51.08,48.7,50.59,711459,491008,0.030506078202032747,45.785375729146494,56.34046094158737,47.24479046483325
2016-04-20,50.38,52.73,49.2,52.63,796240,513527,0.039532371061842805,47.851545235239044,55.432712881154146,47.33616871694589
2016-04-21,52.38,53.0,51.28,51.44,671103,496153,-0.02287021943632372,46.10671455850765,55.259818997746514,47.37405015096625
2016-04-22,51.72,52.95,51.36,52.09,575107,487833,0.01255691182773626,46.01351536019024,55.06504146304854,47.39827789816216
2016-04-25,52.12,52.46,50.72,50.8,606383,486525,-0.025076637172664118,47.14243289324439,55.06465331120546,47.451002829529045
2016-04-26,51.18,53.4,50.63,52.46,564392,498333,0.03215461985429144,46.68267300060441,55.390217429303256,47.490816793184074
2016-04-27,53.18,54.35,52.14,54.0,648028,501015,0.028933072125546685,47.33078998069891,54.103792045993096,47.552506780814
2016-04-28,53.96,54.97,53.54,54.83,487412,491482,0.015253442851682598,47.33145295181497,52.71456758419881,47.582621189186675
2016-04-29,54.68,55.73,53.89,54.7,598439,489408,-0.0023737799880215143,43.8292828220095,50.46436508544362,47.58242119597692
2016-05-02,54.68,54.98,53.06,53.35,464027,483665,-0.024989731680173176,43.2527246585203,50.614339140909394,47.55749322957906
2016-05-03,53.51,54.02,51.61,52.0,625551,469947,-0.025630259166334986,45.08984516415701,50.59599341178161,47.59962665393812
2016-05-04,52.24,53.46,51.49,52.15,711125,470121,0.0028804628653540877,42.35979584508067,49.82402490608327,47.503691840200915
2016-05-05,52.46,54.88,52.37,52.8,746159,473904,0.012387009265434302,41.769149578073176,48.03155280772911,47.51639122271782
2016-05-06,53.04,54.01,51.87,53.2,695306,426877,0.007547205635383124,36.14870418845821,47.80882788720948,47.52728390507108
2016-05-09,53.61,54.73,51.51,51.75,767568,365652,-0.027633964202120307,37.659737159461386,47.11314930213246,47.51269406272029
2016-05-10,51.52,53.36,51.26,53.2,709415,320017,0.02763396420212028,35.68875028831212,45.96588176101854,47.610359798413214
2016-05-11,53.13,55.23,52.37,55.07,869957,271945,0.03454670692679129,37.513076305616536,45.79094146349842,47.75590273047211
2016-05-12,54.8,56.01,54.33,55.63,715102,255238,0.010117520812811769,37.3190121231715,44.22492478957387,47.77198195095813
2016-05-13,55.29,55.38,54.5,55.05,519363,228868,-0.010480760918512995,36.37918315206443,44.31753531030561,47.77813850342671
2016-05-16,55.05,57.05,54.91,56.76,273392,492904,0.030589989123153062,36.819559535470916,43.782055216686835,47.75728914980765
2016-05-17,56.97,57.94,56.48,57.43,313961,509119,0.011734962584363282,35.83885338214913,42.81108596823868,47.7388644914019
2016-05-18,57.66,58.1,56.63,57.18,522016,518172,-0.004362627982039404,33.77456404913443,41.48126601221935,47.63548961493556
2016-05-19,56.8,57.18,55.4,57.05,620753,513769,-0.0022761105860811715,32.3508076573449,41.51102932417716,47.61372195648434
2016-05-20,57.11,57.78,56.21,56.75,538047,517172,-0.005272419946572511,32.430211522656535,41.301569982608285,47.54006222931148
2016-05-23,56.81,56.85,55.56,56.36,475453,512630,-0.0068959693310326016,30.850756691451092,41.27726386282375,47.537526520417714
2016-05-24,56.36,57.76,55.85,56.99,475965,525390,0.01111612681642872,29.275831293925712,41.00027735042194,47.55353456059259
2016-05-25,57.55,58.32,57.03,58.1,550501,525132,0.019289850010957323,28.379111406479268,41.002285270249274,47.3704658070417
2016-05-26,58.26,58.86,57.7,58.0,488465,527217,-0.0017226533114461818,28.0975920592632,41.02085646404707,47.37046090697684
2016-05-27,57.8,58.14,57.08,57.83,406386,525695,-0.002935338376292492,28.112037176951382,41.02403113320905,47.329002816426666
2016-05-31,58.07,58.73,57.22,57.56,476988,526199,-0.0046797901509597305,26.318057462554833,40.47018861746285,47.265339269391916
2016-06-01,57.23,57.73,55.97,57.45,568839,510945,-0.0019128777244023982,24.04943759061779,39.138997312847785,47.194269947756645
2016-06-02,57.32,57.99,56.23,57.64,564846,505632,0.00330176683655666,24.045015657347474,38.20487550590525,47.14808735056511
2016-06-03,57.49,57.92,56.65,56.99,481034,499269,-0.011340957284413162,24.548665927696884,37.20086553891138,47.133991547271535
2016-06-06,57.3,58.5,57.1,58.25,450472,499645,0.021868278598901652,25.350435091796893,37.27334353121143,47.056960041512255
2016-06-07,58.27,59.23,57.96,59.03,542254,444584,0.01330169680678817,22.460637445100105,37.21842780838603,47.02414481384484
2016-06-08,59.09,60.51,58.99,60.05,656416,374159,0.017131759273394425,21.44125460836549,36.830365728935796,47.056430554595345
2016-06-09,60.31,60.57,58.88,59.27,560723,308749,-0.013074272726245671,19.635863084133902,36.66653997867811,47.05539599053229
2016-06-10,59.16,59.47,57.21,57.52,596119,257331,-0.029970562386955505,22.793550317003415,36.09782703167472,47.13725607989222
2016-06-13,57.52,57.98,56.67,57.52,204415,374730,0.0,22.351825815553656,35.224056776943215,47.12770782712703
2016-06-14,57.12,57.23,56.23,56.99,224661,387999,-0.00925689956588308,19.988155259665795,35.17204580080989,47.13294823197728
2016-06-15,56.3,57.19,55.51,56.34,285231,403972,-0.011471051398681618,19.909482930525527,35.25166019168837,47.13027603516302
2016-06-16,55.73,56.05,53.94,54.29,370737,422028,-0.03706471453086693,23.67843619852922,36.13765700178391,47.24449437113688
2016-06-17,54.07,56.8,53.9,56.41,417372,439071,0.038306399834525,27.777623306138526,35.84100864114384,47.412390864801225
2016-06-20,57.02,58.08,56.59,58.03,453610,459768,0.028313670450632263,29.5259252202557,36.149895315716044,47.49519842151012
2016-06-21,57.85,58.54,56.74,57.91,475407,462740,-0.0020700369648185297,29.401688527535686,36.151052233168066,47.48452093598621
2016-06-22,58.34,58.71,56.22,57.07,569939,452185,-0.014611496689081651,29.685934410464277,35.743448813240285,47.49526025582186
2016-06-23,57.01,58.35,57.01,58.21,401885,451092,0.019778576735027538,29.72837808811591,35.89614061052768,47.546548093261556
2016-06-24,58.43,58.6,54.25,55.34,649446,443760,-0.0505611869248643,34.75419785556706,37.57843350050276,47.753129439781674
2016-06-27,55.54,55.71,53.24,53.82,504613,452462,-0.027850829060020198,35.915997244716785,37.00299136733866,47.77176508325907
2016-06-28,54.12,55.97,54.06,55.58,498851,457153,0.03217827901559777,38.08553039809528,36.820263017307845,47.72135633135469
2016-06-29,55.83,58.08,55.73,57.94,511476,456058,0.041584568026846735,41.073426584954504,37.61124276624037,47.92271927908479
2016-06-30,57.56,57.64,55.95,56.14,508736,428546,-0.031559421407467876,42.58577997203146,37.11231121769193,47.360700622061245
2016-07-01,56.2,57.27,55.64,56.91,405187,418068,0.013622501681296076,42.72821609309921,37.01195817856401,47.38546124024364
2016-07-05,57.05,57.32,53.82,54.13,609194,414794,-0.050082511806145924,45.3792432179863,36.48482785462577,47.620474533582986
2016-07-06,54.4,55.7,53.34,55.09,607663,387673,0.01757965067573869,45.616206619877694,36.511453757671774,47.602342740426
2016-07-07,55.62,56.05,52.12,52.43,710893,373022,-0.04948926490018377,47.7103788691424,36.9414598627271,47.84152245943108
2016-07-08,52.49,53.4,52.0,52.75,583078,333076,0.006084825771734534,47.859873474655494,36.95970101388165,47.84114954285774
2016-07-11,52.35,53.17,51.6,51.99,533657,269871,-0.014512379960551467,47.134652026318996,37.04721786190829,47.81310662933749
2016-07-12,51.78,54.51,51.7,54.36,658257,227946,0.04457719688731843,50.31715525227614,37.8155114331321,47.946083019396326
2016-07-13,54.11,54.26,51.76,51.98,686245,177429,-0.0447695600695988,52.452919218611804,38.88789451945315,48.13160644790101
2016-07-14,51.98,52.72,51.73,52.62,312794,484434,0.01223724639880248,52.71550913183244,38.473065572774765,48.152555139134904
2016-07-15,52.43,53.33,51.89,52.88,265014,496045,0.004928919931284199,51.24733983859038,37.62379327296163,48.13886749547888
2016-07-18,53.08,53.09,51.62,52.07,334568,502328,-0.015436228368623177,49.24795442250927,37.46060963870818,48.1472067055598
2016-07-19,52.06,52.57,51.32,51.52,481709,517904,-0.01061888537870952,47.77656064723482,37.43525290785139,48.05027565779538
2016-07-20,51.48,52.29,50.5,51.86,541014,516875,0.006577698314420157,47.96792313528042,37.09676386208066,48.03882302651563
2016-07-21,51.74,52.24,50.46,50.72,432972,522140,-0.022227469981547843,48.234871633733626,36.77778086905336,48.080610682883176
2016-07-22,50.55,50.97,49.58,50.09,428407,529218,-0.012498922759444918,47.30783636482015,36.33608370460444,48.07214885754731
2016-07-25,50.1,50.29,48.71,48.89,389837,534151,-0.02424851077897129,44.99769851733595,36.47121504525483,48.10341013938972
2016-07-26,48.82,49.18,48.01,48.65,461324,534540,-0.004921067958540196,44.264292012496114,36.47633116045829,48.067111239686945
2016-07-27,48.35,48.97,47.24,47.52,537390,533177,-0.02350113357762449,42.42766661614487,36.43743245186386,48.114129326907516
2016-07-28,47.53,47.86,46.52,46.63,447913,535100,-0.018906564234159973,38.317036461083894,36.27632746603582,48.06643240095337
2016-07-29,46.61,47.23,45.99,47.15,478763,536032,0.011089898259236846,38.25161109526109,36.36064518696966,47.91289662842972
2016-08-01,46.87,47.47,45.14,45.41,533020,541325,-0.03760166396960677,38.60225262080903,36.97269860948769,48.02501664085292
2016-08-02,45.43,46.37,44.5,44.78,534512,535407,-0.013970733939250853,35.81644725124954,36.985609327529374,48.02737961155866
2016-08-03,45.0,46.7,44.42,46.28,655186,541095,0.032948291154867054,37.7213331116049,37.33543786967227,48.14738923214124
2016-08-04,46.65,47.7,45.83,47.53,598836,534330,0.026651188300442157,36.466381852273145,37.302804690164365,48.2054078176441
2016-08-05,47.42,47.72,46.54,47.38,550189,488998,-0.003160891895278666,36.24379440435579,36.52243240067227,48.13290417442457
2016-08-08,47.59,49.18,47.39,48.76,562530,415003,0.02871010588243136,38.00213695220522,36.99266515583254,48.05302496446872
2016-08-09,48.55,49.33,48.14,48.48,624703,352351,-0.0057589628520117436,33.54670229524089,36.960145356373516,48.05033464291162
2016-08-10,48.44,49.18,46.95,47.28,676148,300284,-0.02506396866321616,31.14819318239304,36.61477110461,48.05099986109689
2016-08-11,47.02,49.71,46.59,49.3,682235,270175,0.04183670795080148,34.840928440035505,37.639147804365884,48.24650372003481
2016-08-12,49.26,50.76,49.09,50.43,536081,243440,0.022662155039989623,35.944779061883445,37.98922713900315,48.283308994854195
2016-08-15,50.43,51.78,50.08,51.57,242999,428589,0.022353871974233577,36.61975080517978,38.31809182643014,48.30818636081016
2016-08-16,51.41,52.65,51.13,52.49,272462,439867,0.01768256720134095,36.95715090496991,38.514530325403605,48.153332077379964
2016-08-17,52.26,53.0,51.68,52.82,397540,447996,0.006267231604777779,36.951024969917604,38.52732293162015,48.15836222743902
2016-08-18,52.89,54.52,52.55,54.34,474898,464434,0.028370697129215566,37.112230812582986,38.92090765432937,48.20439255751508
2016-08-19,54.41,54.86,53.96,54.59,555574,464100,0.004590111795464583,36.63099382843213,38.712964342565336,47.88331234036642
2016-08-22,54.49,54.55,52.61,52.7,515256,459365,-0.03523526024634965,37.950553079287715,39.3423681230718,47.92575092427322
2016-08-23,52.67,53.71,51.78,53.46,623904,454380,0.014318255163456285,37.98183851025732,39.47597263997615,47.917725819117344
2016-08-24,52.9,53.06,51.63,51.98,603495,431386,-0.028074681497428842,38.46408949939818,39.850661438039296,46.9598289846051
2016-08-25,52.02,52.75,51.6,52.61,458816,436967,0.012047186529371643,37.52522043187218,39.95004179512981,46.566225752041895
2016-08-26,52.65,53.86,52.17,52.95,558344,433916,0.006441856304699751,37.478387303652475,39.97122816862654,45.762964481062
2016-08-29,52.49,52.55,51.82,52.22,309254,432345,-0.013882508776432803,34.676174940702026,40.00156878956438,45.08929977133465
2016-08-30,52.22,52.79,51.36,51.52,464449,435848,-0.013495481474884509,34.638468965000094,39.776721525900705,45.06158760042595
2016-08-31,51.4,51.58,49.47,49.68,549007,441516,-0.03636764417087495,36.44580849468456,40.25770792357818,45.17966965182356
2016-09-01,49.85,50.11,47.79,47.97,605003,446661,-0.035026622111250814,37.80974929003339,40.56854363261364,45.283705079733934
2016-09-02,48.41,49.65,47.97,49.4,576915,443876,0.029374608679904317,39.1369288297568,41.08103753352156,45.391639324890484
2016-09-06,49.07,51.72,48.73,49.83,932145,430573,0.008666788099436275,37.957502236463625,40.76091213958159,45.24056597230887
2016-09-07,49.85,51.32,49.52,50.57,572884,408551,0.01474130279857858,38.16419445444856,40.909544842788925,45.08303548307098
2016-09-08,51.26,53.07,50.87,52.93,761943,366551,0.04561177077800461,39.70425669934683,42.03220847175985,45.248289815259426
2016-09-09,52.64,52.64,50.64,51.0,688191,287665,-0.03714465314557045,40.051943872790076,42.6244802735568,45.35337491400231
2016-09-12,50.65,51.7,49.71,51.45,745016,242807,0.008784829555732811,39.38579051220107,42.029383280100966,45.34246126874983
2016-09-13,51.45,51.48,50.02,50.15,319462,427858,-0.025591947872114152,39.6146541060365,41.52076613935473,45.059061931770486
2016-09-14,50.28,50.58,48.52,48.68,350533,468176,-0.02975024628861804,40.159105282704466,41.417541958440566,45.144541897878184
2016-09-15,48.82,49.58,48.37,49.09,392520,499814,0.00838707995063478,40.236336578533745,41.48219038284895,44.92216117403407
2016-09-16,48.87,48.9,47.8,48.1,421422,526196,-0.020373170958245694,38.7834578111946,41.5692494297853,44.74393383364747
2016-09-19,48.19,49.29,48.14,48.36,515314,545866,0.005390848634876373,38.81375790870735,41.33866380499476,44.7355851721194
2016-09-20,48.23,49.17,47.48,48.57,694130,547474,0.004333030611061542,37.38374155297504,40.160185343433604,44.56036967622052
2016-09-21,49.07,50.34,49.07,50.0,585987,548228,0.02901694907049264,38.684669673708974,40.29808684901295,44.65202939896476
2016-09-22,50.3,51.3,50.19,51.08,521680,541374,0.021370025736192545,38.473391211698655,39.97498807578404,44.670549715951424
2016-09-23,50.8,51.33,48.76,49.05,718395,531477,-0.040552845152966435,40.6021723013937,39.74549153594949,44.76261648699792
2016-09-26,49.2,50.94,48.99,50.65,527119,531922,0.032099044683320345,42.41658777533488,39.91720176984089,44.847445319144626
2016-09-27,50.3,50.68,48.73,49.26,630757,523603,-0.02782683800230059,43.20652632470519,40.14018040678584,44.925310631870914
2016-09-28,49.58,52.32,48.9,51.88,1008434,547395,0.051820966755851336,47.128315222760754,40.4023815906723,45.23899534959385
2016-09-29,52.05,53.28,51.38,52.74,702649,539955,0.016440821476897585,45.36671018045172,40.38103355979381,45.23400712018289
2016-09-30,52.66,53.26,51.87,53.19,496515,524230,0.008496227829085599,43.10367177870422,39.11914014421411,45.2122358183405
2016-10-03,52.97,54.05,52.69,53.82,458021,507789,0.011774736544533537,42.23658993269855,39.17279471455315,44.95822283861744
2016-10-04,53.65,54.32,53.22,53.69,513710,492253,-0.002418380864281638,42.26732975646851,39.05524606456024,44.9376977875216
2016-10-05,54.32,55.1,54.14,54.95,520070,487416,0.023196916415152386,42.66418531178004,38.2632394854649,44.87008522935424
2016-10-06,54.75,55.83,54.4,55.62,547915,472270,0.012119167956188288,39.91543165156126,37.16937766712069,44.88747896295508
2016-10-07,55.78,55.95,54.47,54.92,618809,401752,-0.012665267906048435,37.56930949187044,37.20182969616586,44.608754911374476
2016-10-10,54.66,56.9,54.2,56.62,686070,358742,0.030484698783983095,38.73033258920196,37.69097826036753,44.71483705791652
2016-10-11,56.35,56.83,55.56,56.01,765608,281697,-0.010832033462012634,37.5305817046496,37.616233748272556,44.72545008679853
2016-10-12,56.06,56.42,55.01,55.33,533884,235995,-0.01221498931172257,35.821832178462465,37.63909702803203,44.73642648139629
2016-10-13,55.13,55.78,54.43,55.62,740676,181562,0.005227591895800481,35.81617015147566,37.631857613794395,44.69945121189568
2016-10-14,55.62,56.21,54.89,55.38,353204,460885,-0.00432433106300287,34.66894802003431,37.334178481689875,44.60190864509991
2016-10-17,55.27,55.65,54.45,54.96,310442,475192,-0.0076128698287219404,35.056443771812425,37.26949493854339,44.60642321794961
2016-10-18,55.05,55.76,54.7,55.24,380490,488586,0.005081680626997499,35.0516056850175,36.885188966706444,44.55220487933183
2016-10-19,55.75,56.98,55.66,56.55,631938,512202,0.02343787402103794,34.62825456028485,37.11391874954915,44.617303943237715
2016-10-20,56.29,56.56,55.04,55.25,548947,497391,-0.023256862164267235,35.63622144995627,37.106640265427025,44.64367011047366
2016-10-21,55.28,55.67,54.79,55.49,551300,497645,0.004334483939947706,31.531463722045515,36.83837545958578,44.62732461977916
2016-10-24,55.49,55.63,54.15,55.13,623398,491365,-0.006508791736217686,30.27341714278029,36.84780328445311,44.59803851776443
2016-10-25,55.1,55.58,53.76,54.52,553778,490187,-0.011126425773260309,28.453039351848503,36.00369166642159,44.164168906921425
2016-10-26,53.81,54.67,53.33,53.67,679320,482724,-0.015713420639594397,23.383384527133657,36.0406267869535,44.186638205670306
2016-10-27,53.71,54.63,53.47,54.26,543173,484879,0.010933121042048225,23.001366823139115,35.538651851690275,44.18485693405682
2016-10-28,54.14,54.35,52.84,53.14,550081,483961,-0.02085736689911819,24.13576758597574,35.50200327255272,44.22050743056794
2016-10-31,52.65,53.19,50.88,51.13,649237,492724,-0.03855853123975949,27.274704207674468,36.44445817516528,44.20464376795007
2016-11-01,51.04,51.67,50.41,50.93,834989,481979,-0.003919268195394688,27.2788466481588,36.005960001509344,44.08771934219367
2016-11-02,50.55,50.71,49.06,49.48,674322,485531,-0.02888359337222615,26.99953284453414,36.49244224468332,44.113088950197856
2016-11-03,49.63,50.09,48.42,48.73,540439,494261,-0.015273690668872316,26.40765034298287,36.25572896465818,44.09379978485703
2016-11-04,48.7,48.96,47.54,48.09,736685,497832,-0.01322060156584338,26.42526253106876,35.31846856530351,44.10236930730349
2016-11-07,48.5,49.12,48.13,48.98,605733,460444,0.018337796234450317,24.438994851745154,35.20873708465729,44.137656047819576
2016-11-08,49.07,49.53,48.46,49.08,669639,413672,0.002039568318689089,24.61505756858554,34.89057706520779,44.04828876190511
2016-11-09,48.91,50.14,47.0,49.4,946512,375825,0.006498804351166163,24.94340160355895,34.71202098124767,43.97399075319407
2016-11-10,49.44,49.8,48.29,48.73,686338,333522,-0.013655567338462042,24.749227657844237,34.77366719933687,43.94361806877999
2016-11-11,48.4,48.7,46.96,47.37,631135,304212,-0.028305739919754346,25.892713083992895,34.64477817893369,43.98250141571079
2016-11-14,47.37,47.9,46.34,47.41,378509,570363,0.0008440599783665425,26.074692528415973,34.62151173591068,43.91495296177833
2016-11-15,47.8,50.39,47.63,50.06,407942,580113,0.05438910908960129,33.9017443955878,35.836382994203525,44.26331851366292
2016-11-16,50.1,50.7,49.26,49.74,419130,591782,-0.0064128476283695215,32.20296143547024,35.7130725974075,44.2644302079188
2016-11-17,49.5,50.84,49.06,49.61,490898,612583,-0.002617012062301132,31.599088801276032,35.27327438994859,44.2615835561472
2016-11-18,49.11,50.12,48.75,50.02,660408,626277,0.008230499136515444,31.787709927140227,35.222639154827895,44.2706797797704
2016-11-21,50.28,52.34,50.13,52.05,665326,642793,0.03978186961150482,35.55627139793174,36.1671476281556,44.374335571945686
2016-11-22,52.19,53.09,50.9,51.83,826208,640520,-0.004235662859362633,35.42806464741147,36.066140044789634,44.37263813759222
2016-11-23,51.73,52.26,51.15,51.75,556861,637255,-0.0015447000561366554,35.084087864539,35.95991136158908,44.26618090151395
2016-11-25,51.76,52.07,49.51,49.7,465977,633895,-0.040419499042895345,37.27497840090258,36.14440747672488,44.443848312741665
2016-11-28,49.02,51.42,48.71,50.8,734381,629240,0.021891421481852982,37.854183329664295,35.66716565908274,44.49962836681758
2016-11-29,50.59,50.69,48.36,48.8,732818,625493,-0.04016604172533476,38.062402915817806,36.144600801690004,44.43633380995476
2016-11-30,48.82,53.84,48.79,53.35,1311000,640275,0.08914366488866093,50.00813632846395,40.48984417205045,45.25494197127109
2016-12-01,52.95,55.89,52.85,55.1,974805,607672,0.032275738411106515,49.657513336037454,40.89886345429325,45.294625627740174
2016-12-02,55.04,55.82,54.15,55.76,667099,574894,0.01190705029339955,49.092251644788895,39.91517949709455,44.915093041811076
2016-12-05,55.53,56.56,54.96,55.88,600782,553163,0.0021497679364926646,48.56378277282063,39.12128827799686,44.91420378572018
2016-12-06,55.0,55.68,54.25,54.96,642746,516169,-0.01660088647466719,49.110771195816035,39.26568343008551,44.935107828343156
2016-12-07,54.96,55.25,53.65,53.7,816879,439340,-0.02319264639927481,50.169582010695436,39.19904312460737,44.9822400838718
2016-12-08,53.82,55.01,53.53,54.86,780062,378530,0.02137148399463804,50.52475610426485,38.87713363802477,44.923445041300155
2016-12-09,54.94,55.74,54.88,55.57,652040,310792,0.01285900178237272,50.084138231221054,38.91933242977327,44.912401268023004
2016-12-12,56.74,58.82,56.3,57.01,847025,268379,0.025583203751660493,48.74242388813156,38.927178139947635,44.921093463859904
2016-12-13,56.66,57.63,56.49,57.17,638396,234047,0.002802594232389549,48.70250425234131,38.92352619736687,44.67346887621517
2016-12-14,57.17,57.57,55.37,55.74,356887,403828,-0.025331263222077766,47.121940753589875,39.34574570602632,44.726629855672314
2016-12-15,55.48,56.24,54.68,55.62,395078,428783,-0.002155173247983487,47.00478197172636,38.95821547905912,44.723283675236544
2016-12-16,55.85,56.88,55.19,56.66,413536,447300,0.018525645596551683,47.1143689842511,38.90143034782511,44.755548278553356
2016-12-19,56.99,57.35,56.26,56.78,482552,475902,0.0021156566424547917,47.13704891720422,37.89033179198908,44.74694254848127
2016-12-20,56.87,57.54,56.55,57.04,416592,479955,0.004568625061215358,45.4504872355642,37.38659070046434,44.596264850345115
2016-12-21,57.32,57.56,55.99,56.17,471993,471832,-0.015369969561699141,45.90639310083795,37.04802822624798,44.59418443574542
2016-12-22,56.2,56.92,55.73,56.66,393487,472794,0.008685687858029145,45.88552234159949,35.60641543057784,44.46725844959844
2016-12-23,56.38,57.02,55.93,56.74,285166,458071,0.0014109349783349007,42.745370829753924,35.469451005699035,44.37694255376522
2016-12-27,57.03,57.9,56.75,57.68,277306,459982,0.016431063595988286,42.53009833530652,35.57610728425217,44.27467712901229
2016-12-28,57.71,58.18,57.32,57.85,322535,458989,0.002942960662991999,38.872048913939395,35.51156224067019,44.25999921376019
2016-12-29,57.42,58.01,57.21,57.54,360194,457983,-0.0053730955162838165,24.797544815577403,35.529591786939115,44.25649918307425
2016-12-30,57.65,57.88,57.16,57.49,271094,456845,-0.0008693384882022527,22.423310024353007,35.232962416424996,44.2018715309215
2017-01-03,58.0,59.12,55.77,56.0,727793,454577,-0.026259328900050304,24.23409145176181,35.58034549491404,43.90126831950546
2017-01-04,56.17,57.18,55.81,57.0,512641,451079,0.017699577099400857,25.014777968290915,35.65865206554658,43.88316303455208
2017-01-05,57.14,57.92,56.49,57.53,517362,441948,0.009255283040651976,24.275699428507007,35.161172681143675,43.89012775915729
2017-01-06,57.5,58.13,57.06,57.78,528333,417847,0.004336144162887214,22.33269073679996,35.09403833062872,43.542879215396326
2017-01-09,57.52,57.61,55.39,55.6,564893,377643,-0.03845949378155245,25.859668845013978,35.90358449896219,43.600566470385225
2017-01-10,55.47,56.04,54.27,54.39,632573,333402,-0.022002887821667334,26.629634646245965,36.16958680567153,43.66070783018755
2017-01-11,54.37,56.48,54.31,55.92,815846,287142,0.027741784490685446,26.925596615310265,36.61421309051853,43.700803453036144
2017-01-12,56.04,57.25,55.78,56.73,660703,223091,0.014381073412920824,27.44907548343271,36.69210353082306,43.35740419983596
2017-01-13,56.77,56.9,55.94,56.04,477986,188773,-0.012237449869669506,26.237620104755106,36.77188980239768,43.28393550116647
2017-01-17,57.05,58.13,56.61,57.0,424660,603601,0.016985546365743807,26.8750771157609,36.62149641267525,43.092307718096976
2017-01-18,57.07,57.37,55.35,55.53,559512,603791,-0.02612785258103427,27.723377375209772,36.70444588715501,42.99590625340924
2017-01-19,55.85,56.36,55.44,55.78,577762,625833,0.004491966945827068,27.77167037459998,36.705238958354094,42.1323092101655
2017-01-20,55.86,57.43,55.79,56.95,567231,637496,0.020758307693848215,28.770236567407164,36.9207033746374,41.74590096515413
2017-01-23,57.07,57.22,55.87,56.45,455333,624612,-0.00881839929752016,28.40001256185794,36.89256909164979,41.61082842710527
2017-01-24,56.57,57.32,56.36,56.91,520285,609475,0.008115782019361308,28.37826922315377,36.76607701773095,41.53531732180183
2017-01-25,56.66,57.22,56.25,56.45,589709,594791,-0.008115782019361443,28.526346488075273,36.75300807215436,41.454375083994925
2017-01-26,56.68,57.85,56.49,57.55,578065,588400,0.01929884457222059,28.766003779266935,36.670157462258565,41.48091454851451
2017-01-27,57.51,57.87,56.27,56.9,495556,582198,-0.011358794035606405,29.011415727434155,35.82031466136799,41.02600012621794
2017-01-30,56.88,57.21,56.09,56.32,486309,574920,-0.010245629282498269,29.16381931402492,35.88672490498085,40.62951182017356
2017-01-31,56.29,57.32,55.9,56.51,586676,556835,0.0033679017919650374,29.20646930744839,35.317828099240444,39.89677871235842
2017-02-01,56.46,57.69,56.33,57.66,577243,554677,0.0201460785685041,28.490231007553724,35.31469577313618,39.900905304721235
2017-02-02,57.33,58.15,57.09,57.3,492553,542680,-0.006263068489562185,27.94319185964285,35.20847228657573,39.81250160078841
2017-02-03,57.45,58.02,57.15,57.61,462616,526144,0.005395540023598016,27.811720522853804,35.06603125931577,39.60319731729609
2017-02-06,57.58,57.93,56.62,56.73,425085,518334,-0.015392992405815946,28.287924603385633,35.261602909059306,39.14476811246322
2017-02-07,56.87,56.97,55.25,55.83,624057,464696,-0.01599181201620669,25.299473493937036,35.4510637375015,39.13623904561547
2017-02-08,55.26,56.36,54.81,56.01,767379,385634,0.0032188868994719303,23.90873262773903,35.300331636830286,38.843301266646755
2017-02-09,56.04,56.94,56.04,56.72,610196,320938,0.01259663600213104,22.247992633913142,34.77599999258574,38.41279361568334
2017-02-10,56.88,57.93,56.61,57.64,596449,278708,0.016089888907449366,22.395041806771594,34.87580346435792,38.31126161585124
2017-02-13,57.64,57.74,56.51,56.69,266515,398162,-0.01661894279510911,22.783865291463492,33.43549410899904,37.85052359879721
2017-02-14,56.68,57.5,56.62,56.99,253676,430570,0.005277985510695962,22.03214931191588,33.3945821160191,37.851504301412305
2017-02-15,56.77,57.31,56.48,56.87,258043,450098,-0.002107852528200003,19.791203460300334,33.39156394353021,37.66181018873137
2017-02-16,56.81,57.36,56.37,57.03,453226,457769,0.00280948384973922,19.762988955466856,33.368750414591155,37.33772843236456
2017-02-17,57.16,57.2,56.55,57.07,411983,472892,0.0007011393801692933,18.349844083988362,32.43623095075064,37.0252285193796
2017-02-21,57.19,58.39,57.0,57.65,665310,489907,0.010111662166451254,18.359164335209048,32.46047748596543,37.028303157582606
2017-02-22,57.57,57.94,56.61,56.86,499480,473806,-0.013798140492214256,18.881305912811477,32.61076866527672,36.96010410534042
2017-02-23,57.2,58.3,57.16,57.78,529880,472690,0.01605058881523548,19.4511013169377,31.541161552126074,36.97616403635268
2017-02-24,57.65,57.84,57.04,57.29,395258,467131,-0.00851660661760282,18.493993357804193,31.3582076409345,36.88437339540675
2017-02-27,57.32,57.95,57.24,57.35,394380,465689,0.0010467551548933355,18.021796292349013,30.103368410808386,36.83996118540446
2017-02-28,57.34,57.54,56.43,57.31,593909,456844,-0.0006977150117336135,17.587633712256785,24.11895645818987,36.83462393122285
2017-03-01,57.25,57.77,56.91,57.12,491289,444178,-0.00332081053231725,17.621925625337084,23.247104220335753,36.83549880311915
2017-03-02,56.97,57.09,55.75,55.82,638390,457323,-0.02302208992315275,17.910559203246645,23.62058943930369,36.72438388758516
2017-03-03,55.79,56.65,55.76,56.59,436360,449836,0.013700063046256428,18.61245616136231,23.7831634005874,36.35949983315066
2017-03-06,56.44,56.83,55.98,56.45,503692,439860,-0.0024770005587614148,18.48413525762948,23.531555221632377,36.154948739382704
2017-03-07,56.42,57.09,55.93,56.39,494677,400322,-0.0010634527765802798,17.68872951132778,23.013395195408325,35.84272427667479
2017-03-08,56.01,56.15,53.11,53.35,963392,365391,-0.055417860071328366,25.939364472622135,25.346171575178865,36.2605478245158
2017-03-09,53.29,53.95,51.56,52.29,1073506,331486,-0.0200688295477232,26.594439555890176,25.504668087966053,36.27897367456526
2017-03-10,52.64,53.17,51.26,51.45,796960,288689,-0.016194685919980606,26.25381980315673,25.07735919511438,36.223627347775704
2017-03-13,51.41,51.65,50.83,51.36,601362,264173,-0.0017508028983529158,25.102746144370712,25.05971642652846,36.16661442133429
2017-03-14,51.36,51.73,50.0,50.68,393761,510406,-0.013328303928767405,24.94073928863321,24.696127083975902,35.85690470171155
2017-03-15,51.59,51.96,51.13,51.75,388673,530479,0.020893076692540195,26.416562104895082,25.121496804319598,35.68432432079328
2017-03-16,51.99,52.55,51.37,51.61,376317,558362,-0.0027089799848427345,26.409229515526466,24.783927412668813,35.662760757811995
2017-03-17,51.66,52.1,51.46,51.68,345780,571386,0.0013554073137106541,26.35827072484094,24.779606353392243,35.65134808634024
2017-03-20,51.62,51.73,50.79,51.26,593698,609101,-0.008160138538421341,26.294996235464925,24.782263800631483,35.660503195998004
2017-03-21,51.26,51.86,50.3,50.56,628119,625764,-0.01374997109732298,25.791193269371593,24.746520057150146,35.449827950026716
2017-03-22,50.48,50.64,49.27,50.35,680849,625344,-0.004162130674030676,25.6590647508391,24.654933113389983,35.442201455799015
2017-03-23,50.47,50.81,49.87,49.99,499878,632705,-0.0071756337390923245,24.290190069870697,24.66746921966651,35.44933284189235
2017-03-24,49.96,50.52,49.83,50.28,421027,619275,0.005784398296567737,24.717273077060053,24.420918445638414,35.336158846846246
2017-03-27,50.43,50.6,49.34,50.03,466176,615742,-0.004984558221933019,24.564438161955856,24.402420227783264,35.34007704607707
2017-03-28,50.19,51.08,50.1,50.7,502377,606895,0.013303085097023852,25.512268326042275,24.60522667319747,35.36421488848569
2017-03-29,50.8,52.02,50.71,51.89,548615,597562,0.023200182782510837,27.554391455052503,25.14555449541091,35.188820993983605
2017-03-30,51.99,52.9,51.64,52.77,580668,586474,0.01681675403792818,27.688828589247166,24.897595483653284,35.090567278886546
2017-03-31,52.74,53.3,52.3,53.03,527607,582782,0.004914943731462084,27.164727198344973,24.624048689777325,35.09009674454437
2017-04-03,53.13,53.27,52.53,52.66,440724,561505,-0.007001637080875356,27.195140731914442,24.55442602995736,34.74092309405755
2017-04-04,52.66,53.77,52.28,53.48,532054,545892,0.015451598165579034,28.00903765011768,24.77147775412002,34.74615677412867
2017-04-05,53.64,54.37,53.18,53.61,651398,511207,0.0024278656057038885,19.910251802105392,23.53748385385223,34.15893374662977
2017-04-06,53.24,54.31,53.21,54.19,473019,482370,0.010760771738576418,18.710069035429385,23.22104565534298,34.13857064676477
2017-04-07,54.19,55.49,53.97,54.75,796437,415815,0.010280979118587453,17.666894394134943,22.595388828130314,33.87051115810412
2017-04-10,54.83,55.74,54.8,55.63,565439,348279,0.015945255390591606,18.131925723444578,22.641179715230418,33.906997370756095
2017-04-11,55.69,56.02,55.23,55.97,598003,287890,0.006093208816066256,16.94274058637553,22.540724984478675,33.90140011118463
2017-04-12,55.97,56.35,55.24,55.66,629805,211355,-0.005554076805523499,16.230811567151544,22.286258981016402,33.82697840099077
2017-04-13,55.66,56.13,55.55,55.93,262721,547542,0.004839152735752017,16.05932996602401,21.653772404337857,33.80434786044018
2017-04-17,55.65,55.96,55.32,55.41,227346,565300,-0.00934082595423842,16.72949174442692,21.719940734623087,33.68317832721371
2017-04-18,55.5,55.61,54.82,55.14,471804,584650,-0.004884677283607573,16.46542395252789,21.29927243765164,33.45488024521697
2017-04-19,55.04,55.38,52.7,53.06,832193,610285,-0.03845205688605703,21.49411958471051,22.616406361188165,33.59982467567992
2017-04-20,53.24,53.61,52.69,52.91,606263,620206,-0.0028309917935533495,21.445248929317525,22.53841980616583,33.577710117714474
2017-04-21,52.91,53.14,51.33,51.77,687474,620044,-0.0217815260022303,22.895134163432218,22.888429732566802,33.55436452792074
2017-04-24,51.84,52.4,51.16,51.37,517897,621205,-0.007756486434633653,23.082388078367625,22.509716387804485,33.407141897508666
2017-04-25,51.36,51.99,50.99,51.71,587240,607386,0.006596841928953652,23.04537559818176,22.487993537250155,33.28584239258987
2017-04-26,51.5,52.38,51.06,51.77,655717,602246,0.0011596445056798086,22.630449778299056,22.421957407499924,33.24979275707277
2017-04-27,51.36,51.57,50.29,51.09,771189,591781,-0.0132220475711034,21.569124836529394,22.528672586893617,33.27470175073195
2017-04-28,51.41,51.92,50.92,51.47,633992,572455,0.007410330321956441,20.796069856776477,22.14966317136246,33.19002893876192
2017-05-01,51.3,51.46,50.7,50.96,364386,565908,-0.009958102400755255,20.881508352311158,22.19370364198758,33.10542155880872
2017-05-02,50.9,51.42,49.4,49.73,702375,573547,-0.024432638537260822,22.30448717251155,22.609754947423948,33.19414935196745
2017-05-03,50.21,50.32,49.35,49.89,691319,571277,0.003212209146298799,21.375359879394377,22.476013034756022,33.17174109196625
2017-05-04,49.66,49.82,47.25,47.49,943959,577422,-0.04930141931191553,26.703599401918176,24.314231964374613,33.52603959051014
2017-05-05,47.48,48.7,45.66,48.23,1021610,541514,0.015462071519849921,27.144889060727877,24.56957846204035,33.45156954566718
2017-05-08,48.36,49.02,47.71,48.44,785055,491012,0.004344684604011113,26.756723092343726,24.41081020639137,33.336397436701404
2017-05-09,48.51,48.81,47.51,47.87,701944,447630,-0.011836915280473814,25.50577273656846,24.165787762895544,33.16950047641451
2017-05-10,48.18,49.85,48.01,49.38,819796,389964,0.031056480512615815,28.620841667658137,24.987459593017334,33.30406629155523
2017-05-11,49.45,50.31,49.39,49.9,661783,338671,0.010475518840439384,29.232594869096474,25.077334330967588,33.30681836346744
2017-05-12,49.88,50.16,49.4,49.92,537490,320540,0.0004007213036992667,29.0671400562382,25.08305803053022,33.160195859043775
2017-05-15,49.92,51.76,49.8,50.92,295658,573423,0.019834049628033583,30.394833636321316,25.46719699471007,33.200417819763956
2017-05-16,50.88,51.47,50.25,50.75,293864,595909,-0.0033441557673091105,30.39531955661326,25.463119884178635,33.19937025103105
2017-05-17,50.27,51.62,50.1,51.18,418356,614997,0.008437212809745978,27.824955487898116,25.43151756543055,33.21091723330469
2017-05-18,51.01,51.72,50.11,51.44,601366,620605,0.005067249197721177,27.92733551556772,25.350955519475004,33.21189729616543
2017-05-19,51.45,52.72,51.38,52.48,652624,635256,0.020016064706469536,27.82414992397116,25.482033558594537,33.26842771144592
2017-05-22,52.75,53.27,52.57,52.96,564310,631530,0.009104766992919287,27.78969185974261,25.533691490025458,33.26206379642173
2017-05-23,52.87,53.64,52.38,53.31,584139,610234,0.0065870192059168525,27.789454264541625,25.580732346096802,33.210784850953615
2017-05-24,53.28,53.74,52.86,53.2,736341,580233,-0.002065534487070982,27.81862318689437,25.58108118635754,33.21094672740605
2017-05-25,53.08,53.86,50.18,50.65,1147389,578141,-0.04911916565290636,32.78895172637732,27.39755208841433,33.569153036653
2017-05-26,50.5,51.73,49.9,51.58,763920,576777,0.018194769758506372,33.34974827977139,27.34908939893853,33.61905874694996
2017-05-30,51.72,52.08,50.79,51.44,663486,569166,-0.0027179205238347624,33.1584164736599,27.17044527254781,33.6195131446038
2017-05-31,51.43,51.49,49.44,50.05,779144,560137,-0.027393574168134364,33.468544510163994,27.680237882104002,33.72599988168968
2017-06-01,50.37,50.93,49.61,50.09,774478,551317,0.0007988816082958577,33.45185002900434,27.685575896651777,33.70876251018209
2017-06-02,49.76,49.92,48.41,49.37,802662,545587,-0.014478435098754008,28.540521125260277,25.49475716213263,33.66198280206116
2017-06-05,49.42,50.15,48.54,49.1,710199,535691,-0.005483917470296521,28.19072850542586,25.209583317665018,33.63594684624125
2017-06-06,49.1,50.13,48.62,49.92,825056,507975,0.016562689260697264,28.71777126853738,25.26281395441059,33.63293572840188
2017-06-07,49.7,49.96,47.28,47.36,1182327,467851,-0.05264373348542203,34.33573987533675,27.430233500954408,34.01230137697445
2017-06-08,47.49,47.83,46.82,47.27,927695,399576,-0.0019021457706051288,32.24303398337688,27.316859860191006,33.88599397285527
2017-06-09,47.35,47.83,46.89,47.47,735933,338685,0.004222087758081629,31.99283839608624,26.953227830058168,33.889635017544464
2017-06-12,47.44,48.38,47.29,47.73,666765,290323,0.005462198454578381,32.10387917379553,26.98877792815771,33.88454170575315
2017-06-13,47.73,48.3,47.29,48.19,336773,442660,0.009591399634436261,31.367091762787663,27.076061214031327,33.88282622602371
2017-06-14,47.64,48.2,46.2,46.4,460269,478188,-0.03785207142003181,33.753900113177934,28.069242409212148,33.891487079709
2017-06-15,46.37,46.5,45.9,46.14,339519,491200,-0.005619206486601915,33.40741215169361,27.968944897245517,33.666975730569284
2017-06-16,45.91,46.66,45.91,46.44,393720,507715,0.0064809040840831415,33.46865541254372,28.011096105024873,33.54702034088118
2017-06-19,46.36,46.76,45.71,45.88,620967,522541,-0.012131864568520691,32.188205412729346,28.07348935392624,33.565803443306386
2017-06-20,45.78,46.15,44.34,44.93,894104,538309,-0.020923569179101396,31.99442102629782,28.31290675262738,33.5978059947952
2017-06-21,44.8,45.64,43.42,43.92,1071747,536841,-0.022735925880793394,31.887249450906403,28.628143633443965,33.60340134220522
2017-06-22,43.94,44.73,43.64,44.14,668830,535511,0.004996603627315063,32.20806703061733,28.48663958467814,33.237193535502826
2017-06-23,44.2,44.61,43.92,44.41,690906,540999,0.006098268475420546,28.962020545112228,28.04470587387753,33.13324850598377
2017-06-26,44.57,45.08,44.02,44.8,661354,543105,0.008743470116928522,28.070575329686154,27.854194061559234,32.98059749693938
2017-06-27,44.91,45.89,44.73,45.68,759115,541143,0.01945242592681545,29.586218273969216,28.181994785175803,32.766477829261866
2017-06-28,45.13,46.37,45.1,46.2,753375,534351,0.011319232739938529,29.04904180165048,28.306468187862443,32.64367818913963
2017-06-29,46.36,46.93,46.11,46.4,768946,519676,0.00431966114451638,29.152916496011443,28.101479119798654,32.61549030032082
2017-06-30,46.36,47.86,46.35,47.54,677408,517659,0.02427200269983832,30.48930344416947,28.61260222640407,32.33191951143507
2017-07-03,47.79,48.64,47.42,48.61,517621,510718,0.022257809125316164,31.62451634342191,28.92694139207852,32.36182034916458
2017-07-05,48.58,48.87,45.96,46.6,1173581,487969,-0.04222872992576385,34.19796950867654,29.97220789287619,32.2586328826306
2017-07-06,47.14,48.05,46.66,47.01,969676,448574,0.008759803904438928,29.037095564447256,29.817202233997627,32.26525236701068
2017-07-07,46.83,46.9,45.21,45.67,975914,423083,-0.028918717839131507,30.758633121056178,30.231346531256705,32.36102517454527
2017-07-10,45.8,46.3,45.08,45.85,848570,379928,0.003933571505566186,30.75140817541747,30.264842548040967,32.043540569369235
2017-07-11,46.04,47.31,45.26,46.51,1010691,319208,0.01429214453353165,31.182261531441576,30.434041132094013,31.768601696684414
2017-07-12,47.23,48.0,46.58,46.98,963505,273833,0.010054635994761002,31.204136644989866,30.52289838066542,31.760538487514157
2017-07-13,46.92,47.79,46.46,47.58,748971,215983,0.012690525644044917,28.37486015258765,30.682514398051204,31.783401960678454
2017-07-14,47.58,48.27,47.29,48.09,367342,569117,0.010661750414759849,28.44012550688037,29.86157998488913,31.7666361430446
2017-07-17,48.23,48.43,47.42,47.55,397385,598573,-0.01129246629817212,28.7723142347648,29.926284253261137,31.768918552123598
2017-07-18,47.49,48.49,47.34,47.92,639640,608971,0.007751164815794725,28.415539997204895,29.69435611467517,31.77171570801882
2017-07-19,47.81,48.82,47.65,48.68,846615,634987,0.015735314312132452,27.425406744145388,29.865571310945583,31.73534530349566
2017-07-20,48.62,49.11,48.15,48.26,720621,626118,-0.008665207922440835,26.02457304426763,29.865801902649036,31.722596690750365
2017-07-21,48.25,48.56,46.84,47.08,769438,621054,-0.024754777804809648,28.045639577041047,30.24990707973781,31.72652961437049
2017-07-24,46.93,47.86,46.7,47.67,707910,621022,0.012453986824658394,28.222214096574977,30.28558549385652,31.748041630134587
2017-07-25,47.79,50.05,47.71,49.26,885700,621693,0.032810123475657434,30.044633144292586,31.030582699975124,31.83092402019121
2017-07-26,49.9,50.27,49.23,50.15,887864,620484,0.017906121715552614,29.949101579041766,31.201676152399056,31.822522733906965
2017-07-27,50.09,50.65,49.63,50.44,880757,602086,0.005765996688774285,29.85023370575936,30.814076408973705,31.808724769710338
2017-07-28,50.58,51.24,50.26,51.13,771225,596827,0.013586897995189235,30.02805444220977,30.93000728989076,31.606461917765756
2017-07-31,51.28,51.85,50.59,51.61,781539,592595,0.009344043068727931,29.2039151767104,29.190403397042775,31.58529374933785
2017-08-01,51.65,51.87,49.76,50.57,1008583,567795,-0.020356937068744085,29.605912319127576,29.3751202540591,31.485483674256077
2017-08-02,50.2,51.07,49.94,51.01,847722,563988,0.00866317684294356,24.618882034250802,29.410753689980883,31.38507293395108
2017-08-03,51.01,51.39,50.18,50.43,837763,544546,-0.011435455846201228,25.194663204097665,29.403464369536174,31.40524964852579
2017-08-04,50.35,51.06,49.89,51.0,745664,538718,0.011239396635691914,22.192528476960298,28.808918137344342,31.29380198751725
2017-08-07,51.01,51.15,49.93,50.8,831374,472032,-0.003929278139889661,22.44115370640485,28.74787748277821,31.29082698892377
2017-08-08,50.72,51.22,50.26,50.58,924240,411744,-0.004340113342617066,22.406354682815802,28.76356723170804,31.190590854882917
2017-08-09,50.4,51.14,50.3,50.98,858250,364643,0.007877157706150342,22.34406573866584,28.51863382064257,30.917725779458376
2017-08-10,51.1,51.66,49.73,49.98,1135440,322477,-0.01981047354116312,23.625556278494006,28.799859097296952,30.898579165824497
2017-08-11,49.91,50.38,49.35,50.22,804237,288171,0.004790428322632739,23.446480918761953,28.762522270980078,30.819994283351754
2017-08-14,50.22,50.61,48.82,48.99,158995,428115,-0.02479715807895551,24.918518785775447,29.172066181634015,30.86691488062466
2017-08-15,48.88,49.32,48.4,48.96,313076,467672,-0.0006125574464128071,24.81651440185924,28.847480147798265,30.859882757835745
2017-08-16,49.16,49.4,48.07,48.18,403773,494944,-0.016059641017345392,24.891309876942884,28.92601110382912,30.76432548736751
2017-08-17,48.19,48.59,47.85,48.48,437626,499651,0.006207344574333731,24.805214709637156,28.921538720911126,30.767451870727037
2017-08-18,48.32,50.19,48.17,49.94,733134,513832,0.029670943090568138,25.057121864386723,29.621773431542614,30.715374383923415
2017-08-21,50.18,50.2,48.45,48.78,885024,517907,-0.023501892063852874,26.459329102235507,28.28125683257079,30.768924470193976
2017-08-22,48.84,49.48,48.61,49.09,864387,522164,0.006334955282186925,23.792325457671556,28.047611500003562,30.64903460742958
2017-08-23,48.89,49.78,48.78,49.68,701693,519698,0.011947089555262158,23.280278635452913,28.166102926079773,30.64863049888692
2017-08-24,49.63,49.71,48.3,48.68,831358,518796,-0.02033416950589688,24.179019493533854,27.9151015329686,30.7074897339277
2017-08-25,48.87,49.17,48.64,49.13,646518,516590,0.009201578061230547,23.857435083607054,27.984348730920328,30.691887011947678
2017-08-28,49.15,49.47,47.37,47.8,921285,535948,-0.027444206683146646,25.080847703816715,28.387731721769434,30.784647690611095
2017-08-29,48.09,48.2,46.96,47.66,895643,525791,-0.002933167826814219,24.30917819318549,28.373562077534785,30.57047299860821
2017-08-30,47.53,47.95,47.05,47.17,895643,517701,-0.010334374374425635,24.037897545642995,28.217882712416685,30.38546570158285
2017-08-31,47.16,48.72,46.78,48.47,882983,527656,0.02718695256111435,26.243228203352466,26.671183677865407,30.364799897784845
2017-09-01,48.32,48.6,47.79,48.54,915708,519924,0.001443150441170797,25.81553301003917,26.667736112007624,30.35240914490433
2017-09-05,48.52,50.27,48.39,49.94,742808,518140,0.028434084553171778,28.033925565399322,27.269176047257844,30.451163660537016
2017-09-06,49.87,50.72,49.8,50.45,788963,453038,0.010160461947990931,28.26630891086247,27.32010203306642,30.119367609416386
2017-09-07,50.43,50.63,49.91,50.38,702514,421000,-0.0013884758751537916,28.109154775698496,27.263925028714898,29.888450899608383
2017-09-08,50.38,50.56,48.51,48.73,843760,384975,-0.03329941406904945,29.69539718329769,27.00339244643827,30.060725213215633
2017-09-11,48.83,49.54,48.24,49.34,774468,332807,0.012440254245795961,30.024668843057167,27.073099413998907,29.978221319278898
2017-09-12,49.39,49.72,48.99,49.5,676040,300216,0.0032375584734339593,28.682349024752863,27.053808731713154,29.830217307838165
2017-09-13,49.5,50.5,49.26,50.41,346440,473285,0.018216898519894865,29.354799639873853,27.136386109493582,29.874257965808305
2017-09-14,50.42,51.56,50.23,51.02,463265,530077,0.012028144619126031,28.81980384993123,26.80808374746617,29.82654364289075
2017-09-15,50.86,51.28,50.54,51.11,396714,548058,0.0017624600665228753,28.794584346331646,26.303355785028813,29.82242124946496
2017-09-18,51.06,51.53,50.34,51.02,551173,561995,-0.0017624600665227387,26.986073650812575,26.31272106480284,29.820194889425807
2017-09-19,51.05,51.5,50.39,50.56,748119,589237,-0.00905696287506335,25.698003745985492,26.405234768606938,29.692523161819732
2017-09-20,50.94,51.79,50.8,51.36,754413,589197,0.015698909543103615,26.12890721485646,26.51752223143359,29.656739425251956
2017-09-21,51.4,51.49,50.74,51.22,580569,584674,-0.0027295786103265643,25.925817878176428,26.292594489059596,29.37481019481209
2017-09-22,51.41,51.46,50.96,51.33,473795,580896,0.002145295800832653,24.606203564583655,26.21945530263966,29.198751518534333
2017-09-25,51.35,52.98,51.06,52.92,701244,580784,0.030505962674543134,26.451397849965108,26.87000768241536,29.222388585286406
2017-09-26,52.81,53.13,52.11,52.57,709515,546765,-0.006635724415398268,24.129653413743256,26.529623337756682,28.76485398481267
2017-09-27,52.78,53.04,52.32,52.83,637035,540544,0.004933596344867649,23.958137262115915,26.19098429636176,28.721673656199005
2017-09-28,52.74,53.56,51.9,52.25,801816,529373,-0.011039320331304012,24.019790832961718,24.710665424429294,28.73020323064826
2017-09-29,52.27,52.46,51.93,52.36,551982,522982,0.00210305019677889,22.569019308589596,24.66944421462848,28.70624394340875
2017-10-02,52.33,52.4,50.74,51.25,600933,518158,-0.021427323023181625,24.288426415518412,24.316304277843248,28.785046725476686
2017-10-03,51.26,51.41,50.81,51.09,462735,513316,-0.0031268346758108476,22.36353756403419,24.33439195476248,28.6898045335163
2017-10-04,50.83,51.34,50.42,50.65,598836,511107,-0.008649552648014303,22.353787606151194,24.285663223011568,28.674652100942776
2017-10-05,50.54,51.9,50.51,51.47,654385,495395,0.01605988296997078,23.03714124815072,24.407723289815134,28.69506613535438
2017-10-06,51.43,51.5,49.75,49.95,743114,453631,-0.029976608570100583,22.401049483712168,25.129421243719264,28.68153317079485
2017-10-09,49.91,50.45,49.78,50.24,505079,407051,0.005789017065380603,22.081979522861538,25.067595569247242,28.669487799206582
2017-10-10,50.21,51.74,50.2,51.6,664839,358344,0.026710150327573862,23.907444893705495,25.49539681727323,28.77379128275766
2017-10-11,51.62,52.1,51.28,51.98,651948,295989,0.00733735672582712,23.235798540428224,25.49110848443356,28.778656867492842
2017-10-12,51.68,51.81,50.82,51.27,729273,266908,-0.013753243417734833,23.492136983538572,25.496970837897997,28.8076531011595
2017-10-13,51.41,52.41,51.37,52.13,667497,222493,0.01663481298440525,24.202043553649432,25.620005869614975,28.84826565674888
2017-10-16,52.13,53.09,52.06,52.58,331180,542279,0.008595220521720497,24.324872232706944,25.078118448361753,28.85694549356402
2017-10-17,52.64,52.95,51.91,52.55,503671,572028,-0.0005707219787750141,24.020731151900012,24.98458185296234,28.758438941178404
2017-10-18,52.61,53.0,52.36,52.7,555505,588144,0.002850358224356616,23.470602066123153,24.127061956567143,28.66676689301771
2017-10-19,52.7,52.83,51.71,51.94,690484,600167,-0.014526249312714354,24.103417618170358,24.079064079107514,28.69917015972396
2017-10-20,52.02,52.53,51.3,52.28,674142,608176,0.006524682521418816,24.188275221586604,24.086538007315458,28.700302314845622
2017-10-23,52.51,52.74,52.11,52.34,583563,596864,0.0011470083459785806,21.523084825981105,23.934434342389835,28.67951231807605
2017-10-24,52.33,53.06,51.98,52.91,709553,601728,0.010831459814040491,21.75989972776644,23.960129330917727,28.657670504485427
2017-10-25,53.0,53.01,52.33,52.62,681739,603459,-0.005496081303893699,21.781683450741234,23.600729493923925,28.641371419310758
2017-10-26,52.63,53.3,52.35,53.08,594647,600132,0.008703933851860185,21.605192422881924,23.6013211156734,28.578492578222953
2017-10-27,53.24,54.66,52.69,54.35,730915,591778,0.023644404103211645,23.081732693131897,23.925982138403935,28.411098156440033
2017-10-30,54.62,54.92,54.2,54.61,565043,585325,0.004772402596843937,21.386395990623427,23.847208475004482,28.41160867272502
2017-10-31,54.53,55.31,54.38,54.84,497295,577849,0.004202838530051465,21.25780861072407,23.831606383726022,28.261704448940772
2017-11-01,55.11,55.68,54.34,54.76,671038,560089,-0.001459854273865628,20.860421217244223,23.809918890760358,28.21811099187805
2017-11-02,54.74,55.3,54.44,55.0,482846,552399,0.0043731848122228485,20.363523395638037,23.779533603352913,28.18701336488363
2017-11-03,55.19,56.23,54.86,56.11,614159,540082,0.019980864530409606,16.968753460777577,23.671265221953607,28.19799532100712
2017-11-06,56.44,58.09,56.13,57.83,861713,523646,0.030193622407246334,19.047750697034168,24.36480045995024,28.3543533785858
2017-11-07,57.75,58.18,57.31,57.68,750187,473708,-0.0025971791934332523,17.83483981382518,23.724623396691673,28.350090962723513
2017-11-08,57.44,58.41,56.88,57.29,919147,424295,-0.006784404556207252,18.34629038497944,23.79528174702033,28.323455908410295
2017-11-09,57.33,58.01,57.17,57.65,666949,404002,0.006264158294581604,16.977109175563516,23.484610712694877,28.178099076186797
2017-11-10,57.5,57.83,57.03,57.22,541296,364546,-0.0074867590931037885,17.106111567929524,23.572025450080066,28.19033501455786
2017-11-13,57.22,57.43,56.58,57.03,288046,529659,-0.0033260424535166673,17.26486688168385,22.924279989330962,27.669708418335404
2017-11-14,57.02,57.04,55.05,55.95,350787,542284,-0.019119010410513202,19.08451617483027,22.73107705249446,27.731273592538574
2017-11-15,55.31,55.8,55.14,55.58,319259,563199,-0.006635010443576681,19.39769603684727,22.787731084095526,27.738734275384264
2017-11-16,55.57,55.89,55.21,55.41,438927,579065,-0.0030633414350993756,18.45447298315048,22.717356470933897,27.729866886594976
2017-11-17,55.52,56.88,55.45,56.77,734878,587805,0.024247934303376708,19.890163611069152,22.697739889865673,27.549923292710567
2017-11-20,56.86,56.99,55.81,56.48,593241,596888,-0.005121423997648378,20.137341246866058,22.708596310686378,27.551557973105055
2017-11-21,56.44,57.28,56.38,56.89,619066,592315,0.007232985577569354,20.010953488427404,21.863343641121006,27.559562474211987
2017-11-22,57.18,58.21,57.09,58.08,837411,577680,0.02070179175398459,20.57962073613355,22.1288775801564,27.32604476341358
2017-11-24,58.11,59.11,57.81,59.01,577826,576294,0.015885550552536813,20.90925190689808,22.09147726370922,27.28535976882099
2017-11-27,59.01,59.05,57.61,58.17,690078,556293,-0.014337163146407218,20.834957492176894,21.84617931154818,27.016724272715653
2017-11-28,57.92,58.17,57.48,58.05,546526,548443,-0.002065049778769669,20.916264022050598,21.86895372775257,25.50457715948726
2017-11-29,57.79,58.36,56.81,57.36,741564,543363,-0.011957511852535525,21.574817341483037,21.42319417165153,25.330040015173445
2017-11-30,57.47,58.04,56.88,57.46,735128,539699,0.0017418572597787045,21.53175990210617,21.36079028910317,25.30287875451844
2017-12-01,57.48,58.94,57.35,58.42,685215,534868,0.01656924340845152,22.10703761374701,21.54927254628876,25.355944043910387
2017-12-04,58.38,58.4,57.41,57.53,529965,523445,-0.01535174608439288,22.06850470279911,20.5685073141158,25.34788743622905
2017-12-05,57.54,57.98,57.14,57.68,499245,510858,0.0026039421014915766,19.26399513465755,20.46946529138749,25.23921223458871
2017-12-06,57.51,57.63,55.93,56.02,678992,483234,-0.029201723144731156,21.85627863338837,21.48109109436381,25.322218768385486
2017-12-07,56.06,56.84,55.88,56.75,557325,422698,0.012946886529549475,22.335718482359663,21.338490679167972,25.322669030747345
2017-12-08,56.71,57.85,56.6,57.42,681599,357318,0.011737018331405922,22.637131248809094,21.33271472433078,25.21950982789818
2017-12-11,57.31,58.14,56.97,58.05,606724,312042,0.010912033450982501,22.79317646681856,21.41118514939954,25.241669673650375
2017-12-12,58.08,58.62,56.91,57.2,826488,233823,-0.01475080975814814,23.414463083323735,21.675656319750004,25.156158507087255
2017-12-13,57.51,57.89,56.61,56.66,658143,177617,-0.00948540398338183,22.598514917677353,21.68508717632688,25.17357825887208
2017-12-14,56.66,57.26,56.1,57.07,367227,480553,0.007210090146246313,22.542451631383017,21.523526215347903,25.115206624183855
2017-12-15,57.18,57.5,56.98,57.32,357145,500987,0.004371018411354387,22.50503164878484,21.509495366549093,25.118123773300766
2017-12-18,57.39,57.8,56.87,57.21,539953,504387,-0.0019208946795337167,20.885510074184054,21.523453276229247,25.11472705762463
2017-12-19,57.33,57.79,57.19,57.55,420784,511064,0.005925426887454295,20.86724822036137,20.697240377501085,25.073702182346867
2017-12-20,57.65,58.11,57.43,58.08,420844,510084,0.009167235348649007,20.955742061541514,20.68863508554842,25.07541807314707
2017-12-21,58.01,58.37,57.62,58.35,405320,496545,0.004637988216024312,19.69401980833411,20.68672663893882,25.079219614506854
2017-12-22,58.2,58.49,57.86,58.46,324554,481977,0.001883400950534989,18.825949050053254,20.516814990314046,25.025890953162882
2017-12-26,58.39,60.0,58.31,59.96,437785,484886,0.025334913551297127,20.168637328666765,21.072897597223506,25.152710103433417
2017-12-27,59.78,59.92,59.32,59.63,402396,481286,-0.005518870099382401,20.28687436044288,20.55499196316803,25.153037918246334
2017-12-28,59.52,59.93,59.43,59.83,345962,477796,0.003348404266925733,19.674228686837566,20.52176829858111,25.154884875696297
2017-12-29,59.9,60.5,59.81,60.41,464478,466495,0.009647446748709317,19.85402329139971,20.434547700957705,25.031248459644438
2018-01-02,60.19,60.73,60.09,60.36,510313,471247,-0.0008280202510016337,19.167828485066288,20.263702752629452,24.969975111591765
2018-01-03,60.38,61.96,60.27,61.62,673859,477484,0.020659859268873704,19.197794007982633,19.420504553936155,25.037857458131228
2018-01-04,61.95,62.2,61.58,62.0,654363,456748,0.006147891876569838,19.218675404693244,19.42245087098495,25.04149219978101
2018-01-05,61.89,62.03,61.08,61.43,563036,441715,-0.009236069869255478,15.678083993828876,18.98017725152465,24.754166632090886
2018-01-08,61.6,61.96,61.33,61.72,616474,387896,0.0047097123191239655,15.366657160441008,18.96160604904567,24.654596061233388
2018-01-09,61.91,63.46,61.79,62.94,844720,347408,0.019573864141300645,16.110421821613436,18.944339498192953,24.57679284289811
2018-01-10,63.39,63.65,63.07,63.55,697844,306294,0.00964510599920227,16.05064212896215,18.789580288207897,24.554258345994757
2018-01-11,63.48,64.75,63.41,63.78,876642,272351,0.0036126639464485436,14.360070610755676,18.757340689731116,24.522892172495137
2018-01-12,63.48,64.39,62.96,64.21,323616,555021,0.0067193002240453535,13.233398245540585,18.753939746874824,24.47473371618902
2018-01-16,64.31,64.81,63.32,63.65,458597,573642,-0.008759636802541347,14.255136989822159,18.91710943905968,24.34544210881956
2018-01-17,63.8,64.12,63.23,63.9,369424,605822,0.0039200363800735005,14.260587529435723,18.555336051813804,24.344571620352376
2018-01-18,63.98,64.26,63.42,63.87,511528,612107,-0.00046959380999128837,14.170338092178197,18.561259955449064,24.25932283192984
2018-01-19,63.66,63.71,62.76,63.29,674501,623326,-0.009122428786283816,15.088262796278073,18.73155513098142,24.260518665124504
2018-01-22,63.48,64.11,63.03,63.55,625662,633247,0.004099658848249022,14.99861612843891,18.664578063494652,24.251037182493825
2018-01-23,63.86,64.86,63.68,64.45,662456,632941,0.014062731749733336,15.378387681118552,18.71224845112572,24.274051297333724
2018-01-24,64.4,66.03,64.32,65.59,887018,642781,0.017533515920447645,15.95416836130231,18.906039149523064,24.260880795859467
2018-01-25,65.86,66.64,65.06,65.49,771758,616632,-0.0015257860756820558,14.350166609173181,18.46055190795036,24.232212219532563
2018-01-26,65.23,66.33,64.89,66.12,678186,613470,0.009573813722861292,13.9597345757695,18.50521746801692,24.22444704481293
2018-01-29,66.16,66.44,64.96,65.54,656168,600810,-0.00881062968215492,14.81092338467596,18.66620360756216,24.241428173587366
2018-01-30,65.51,65.54,63.87,64.48,688380,587826,-0.0163055450722957,16.40706632135247,19.060493616506477,24.220110476693872
2018-01-31,64.01,64.92,63.65,64.71,613258,578697,0.0035606508708017678,16.33583588544816,19.058216717501523,24.212646555447265
2018-02-01,64.74,66.23,64.61,65.78,685750,575850,0.01640009169173642,15.802934023158393,18.933335508910325,24.260387560649203
2018-02-02,65.97,66.28,64.45,65.43,857572,540626,-0.005334971879263406,16.048982413038964,18.107805102862088,24.214548747483665
2018-02-05,65.08,65.38,63.4,64.13,891063,509407,-0.02006859572087596,17.510882753797414,18.64566128698965,24.24620813842363
2018-02-06,63.41,64.27,63.1,63.37,797814,472560,-0.011921709825345907,18.171228117996368,18.775563278720252,24.277000773157965
2018-02-07,63.9,64.16,61.24,61.78,1029408,402144,-0.025410875844989838,19.166128675262684,19.551465361419805,24.384898130235282
2018-02-08,61.69,62.08,60.26,61.14,929578,340177,-0.0104133710277472,19.020181332017,19.615797905785858,24.3568388384893
2018-02-09,60.42,60.76,58.06,59.19,933307,267646,-0.03241370776005485,21.732587003928504,20.768341657752494,24.518539602028238
2018-02-12,59.19,61.04,59.19,59.5,298895,430124,0.005223703848950361,21.643473229007327,20.375635600736334,24.51842581781567
2018-02-13,59.66,59.95,58.64,59.45,320334,453594,-0.0008406894147932353,21.585696768535414,20.317110981334952,24.517563188885354
2018-02-14,59.3,61.22,58.5,60.94,451588,481127,0.024754150420772027,23.68883956735573,20.864801218535327,24.640093443241533
2018-02-15,60.98,61.89,60.01,61.6,576514,486361,0.01077209698191126,24.140337241161518,20.41761603593364,24.662631957981436
2018-02-16,61.71,62.31,61.19,61.99,524971,480694,0.006311211174354014,24.1418588494947,20.397007298521288,24.650287430764468
2018-02-20,61.94,63.09,61.86,62.23,794481,506478,0.0038641168672983494,24.13535483633794,20.36859185222255,24.611877942134143
2018-02-21,62.07,62.3,61.35,62.12,466924,495317,-0.0017692003006402372,23.465539593177624,19.980472893187617,24.561887305151384
2018-02-22,61.77,63.54,61.18,63.21,592603,498650,0.017394518203721007,23.45036507849794,20.03043019747844,24.605594333670506
2018-02-23,63.04,64.18,62.77,64.0,460597,494261,0.012420566875464544,23.99205844519382,19.897204192639812,24.635131082161212
2018-02-26,64.05,64.69,63.51,64.36,469853,496310,0.0056092387645105945,23.797495722331412,19.89911923816603,24.64032367705225
2018-02-27,64.51,64.53,63.08,63.46,562670,485041,-0.014082535969132984,24.088533654788623,19.96615671200241,24.680709369259517
2018-02-28,63.23,63.89,61.79,62.08,768409,482408,-0.021985910280086236,24.62645592261201,20.546951045519382,24.67096590574147
2018-03-01,61.99,62.27,60.61,61.42,812505,476194,-0.010688360862286963,24.726864477055653,20.440225177596723,24.659663532602437
2018-03-02,61.77,62.04,60.56,61.68,613514,461949,0.00422421424239765,23.84746848663501,20.170034575408778,24.661128233451006
2018-03-05,61.99,63.23,61.53,63.01,599266,463667,0.02133371469889,25.364109037969584,20.58817428699061,24.750453121374186
2018-03-06,63.02,63.73,62.61,63.04,634953,434038,0.0004760015956595227,24.442200171780286,19.572915498064077,24.101390386922525
2018-03-07,62.74,63.02,61.01,61.58,879119,400976,-0.023432303053269394,25.45386436527357,20.113782224668718,24.13302274730327
2018-03-08,61.76,61.83,60.37,60.55,720510,344074,-0.01686767249725307,24.551092638129624,20.33658523427968,24.13787200793191
2018-03-09,60.7,62.62,60.57,62.48,659722,283297,0.03137703553232926,26.805166208726895,21.182466518257577,24.332866710554786
2018-03-12,62.54,62.77,61.1,61.79,537990,228921,-0.011104966458542352,24.21539807459296,21.077936604369846,24.320837642047607
2018-03-13,61.8,62.41,60.7,61.14,747738,180109,-0.010575222610199742,24.595772954389542,21.102893559883682,24.2627715479943
2018-03-14,61.14,61.6,60.44,61.28,316240,460013,0.002287208969647423,24.58371954242606,21.067777981422715,24.26092119937576
2018-03-15,61.26,61.86,61.12,61.51,321844,476611,0.0037462377879409173,23.031913943413272,21.064132766231943,24.262775269610497
2018-03-16,61.5,62.87,61.4,62.68,437177,500732,0.018842654267543127,23.679960225697545,21.361466878535133,24.314427579847756
2018-03-19,62.57,62.71,61.71,62.39,557264,503568,-0.004637411365125052,23.66514060976501,21.378142452215336,24.276405947479557
2018-03-20,62.46,64.25,62.39,63.81,717709,529110,0.02250491175756055,24.926652854393883,21.757937309285825,24.368249364637986
2018-03-21,63.99,65.83,63.85,65.45,763768,535408,0.025376574475653384,26.313870696443313,22.29147843575824,24.477346257643035
2018-03-22,65.78,66.02,64.41,64.57,689172,515290,-0.013536585717533488,26.299629812130576,22.51525318504725,24.51658081151016
2018-03-23,64.55,66.28,64.38,66.16,752994,517104,0.02432614407706022,27.301909255017144,22.470846759746625,24.62055642332405
2018-03-26,66.18,66.83,65.36,65.83,585899,512488,-0.0050003892356504966,27.35803054295458,22.464041831576846,24.59744646318679
2018-03-27,65.83,66.69,64.8,65.53,670811,512247,-0.004567608428379843,26.860293636012173,22.497013317082125,24.502124041792904
2018-03-28,64.98,65.41,63.99,64.65,697678,496529,-0.013519947833538921,26.029368259454884,22.639943412912533,24.49240415897996
2018-03-29,64.97,65.54,64.43,65.22,562819,490954,0.008778065143306433,25.682869405066448,22.689986378588284,24.502022386162594
2018-04-02,65.19,65.7,63.07,63.28,582742,482873,-0.030196846901774647,28.244148207959753,23.223210604965356,24.68700287438148
2018-04-03,63.16,64.13,63.13,63.78,527289,474723,0.007870338122513022,27.367025929913645,23.243956536666197,24.652974461819593
2018-04-04,63.86,63.91,62.32,63.64,760596,452022,-0.002197458112325452,27.385174814864733,23.163016037346633,24.654075867047855
2018-04-05,63.87,64.39,63.34,63.81,588597,436292,0.002667714410669448,25.889585302117794,23.15127763677587,24.633986999384135
2018-04-06,63.97,64.06,62.07,62.32,753262,377656,-0.023627516317762765,26.635759027689005,23.32769187361817,24.7349051884986
2018-04-09,62.26,63.88,62.19,63.69,655831,324168,0.021745162820781597,25.390276668422622,23.674258517098075,24.778331388522005
2018-04-10,63.57,66.14,63.47,65.79,840280,271965,0.03244028671463231,27.280672117945066,24.580072189000937,24.978465658593294
2018-04-11,65.87,67.74,65.43,67.1,963017,238541,0.019716192879729314,27.38017473191295,24.862833005896555,25.04374336941371
2018-04-12,67.03,67.62,66.28,67.36,687468,218424,0.0038673259564351707,27.36782478493385,24.791469974374554,25.042326568934538
2018-04-13,67.36,67.88,66.83,67.58,290829,511004,0.0032607113520725837,27.370681819752562,24.788457722647088,25.022920551310012
2018-04-16,67.54,67.93,66.33,66.44,370368,530955,-0.017012796541049792,27.869020335764212,25.05882107466529,25.08033718147813
2018-04-17,66.64,66.96,65.83,66.75,471089,552205,0.004655012535264776,27.729972570737527,24.988130715757652,24.770002092648294
2018-04-18,66.93,69.15,66.78,68.72,674700,567907,0.029085980395640986,28.421815032137793,25.641468187563966,24.92788374614831
2018-04-19,68.98,69.8,68.25,68.58,860388,573374,-0.002039330641225705,27.293061823876474,25.511257807467313,24.823502790181294
2018-04-20,68.47,68.91,67.74,68.65,724906,567940,0.0010201851792058312,26.651859885468067,25.278532716003443,24.807358071083847
2018-04-23,68.47,69.28,67.39,68.89,740941,553193,0.0034898973911243877,25.446104862030083,25.280060611905775,24.802427295012066
2018-04-24,69.2,69.63,67.79,67.95,832296,537498,-0.013738889007951775,25.95001188771166,25.387433476757664,24.847417158506477
2018-04-25,68.0,68.43,67.36,68.3,764049,547393,0.005137625979591613,25.873387494670574,25.330868784567702,24.808749975697435
2018-04-26,68.28,69.03,67.96,68.44,660549,547156,0.0020476824472484547,25.21089218255363,25.083032937634435,24.800920389512292
2018-04-27,68.46,68.61,67.89,68.35,542549,536864,-0.0013158858540342423,25.150549470349855,25.081624166612375,24.776948560351784
2018-04-30,68.4,69.59,67.42,68.82,755186,534133,0.006852837199375764,22.038630893481955,24.90551650699406,24.648482312785035
2018-05-01,68.81,69.15,67.09,67.5,694771,519550,-0.01936680249085009,23.508095343896233,25.216097129059573,24.734842933042895
2018-05-02,67.74,68.39,67.16,68.18,789367,516664,0.010023668831272948,23.561346612842975,24.91910495379036,24.220562358882322
2018-05-03,67.93,68.85,67.46,68.68,691219,518182,0.0073067693195177814,23.59855115458862,24.803869173764607,24.18661797439497
2018-05-04,68.75,70.23,68.37,69.98,690876,506546,0.018751450910267035,21.822792441796274,24.417673654091214,24.247459192879365
2018-05-07,70.11,71.1,69.76,70.99,758916,469303,0.014329535111752435,21.255362063021828,24.403591564438226,24.244427679375303
2018-05-08,70.29,70.66,67.88,69.31,1253566,405418,-0.023949826121401133,21.174485774500244,23.94385987571903,24.196456196650026
2018-05-09,70.31,71.62,70.11,71.4,863386,369384,0.029708673415645457,22.500947468734793,24.57461518321494,24.34640356545062
2018-05-10,71.49,72.15,70.82,71.62,749808,333342,0.0030764952247479293,22.499148087478005,24.561312112119982,24.34673741444982
2018-05-11,71.71,71.89,70.71,70.96,634145,291830,-0.009258026568962748,22.919688935852438,24.26811511431006,24.299499928218765
2018-05-14,70.96,71.7,70.7,71.45,243623,454054,0.0068815663745524355,21.770433117069636,24.2247866268881,24.301292058325156
2018-05-15,71.68,72.42,70.94,71.83,349961,486617,0.005304311710833702,21.775687641743684,24.21884946023237,24.29410368662076
2018-05-16,71.6,72.14,71.21,72.03,320924,500055,0.002780482814561421,19.59597244481718,24.21717559801515,24.29165281437759
2018-05-17,72.09,72.84,71.68,72.04,460639,514279,0.00013882140648379014,19.546422061441255,24.206173957692478,24.218912210677026
2018-05-18,72.11,72.33,71.55,71.83,462168,515453,-0.0029193042210452005,19.634759115641533,24.028537551289094,24.209616888673928
2018-05-21,71.97,73.15,71.78,72.82,579265,524259,0.013688426660577107,20.048573310364493,24.05312000358577,24.236036616309498
2018-05-22,73.09,73.37,72.29,72.67,723458,540497,-0.0020619981187426947,19.1827420702491,24.057400289087376,24.2360317265464
2018-05-23,72.58,72.73,71.65,72.31,702791,532927,-0.0049662124416839995,19.392535812935606,23.868516811736388,23.707033498244076
2018-05-24,72.3,72.47,70.98,71.17,640725,523442,-0.015891050875680733,20.504813070814727,23.636551207624432,23.7100026479068
2018-05-25,71.11,71.26,67.86,68.32,955354,516813,-0.040868831830865454,25.532165622696102,25.107175354295304,24.08171108130335
2018-05-29,67.99,67.99,66.23,67.16,1059750,509692,-0.017124717270974317,26.08841995869599,25.397740766100984,23.980450366362568
2018-05-30,67.29,69.12,66.78,68.65,726886,506464,0.021943300004640058,26.39665304834696,25.418455537574726,24.070877338626907
2018-05-31,68.68,68.74,66.99,67.48,917563,485153,-0.017189874536212582,26.9041843113,25.702980788337243,24.090351720353286
2018-06-01,67.51,67.78,65.94,66.24,781103,470649,-0.01854674760076346,27.46644567388334,25.522401808632765,24.162895863379624
2018-06-04,66.14,66.47,64.99,65.17,696050,448471,-0.016285269732715178,26.795426210689104,25.505049883985738,24.176557937044798
2018-06-05,65.36,66.0,64.64,65.95,714674,434608,0.011897638819034662,26.593219241455646,24.82482822209947,23.586635703761583
2018-06-06,65.94,66.39,64.69,65.15,708829,414114,-0.012204575592469473,25.718386008449272,24.848553641444568,23.623550252966396
2018-06-07,65.49,66.5,65.23,66.38,675041,368036,0.01870350272097427,24.10256230485003,24.995958435774586,23.686439966052898
2018-06-08,66.41,66.67,65.57,66.17,571224,324550,-0.003168618267860352,23.97316627922027,25.012414309016123,23.687093191928273
2018-06-11,65.99,66.78,65.27,66.53,558281,286575,0.0054257857298279704,24.108787058186472,25.02185542089449,23.676037669205428
2018-06-12,66.48,67.13,66.3,66.79,524411,246100,0.003900394983748461,23.965864280323785,24.760622380300237,23.34625319933768
2018-06-13,66.79,67.64,66.29,67.38,258193,388996,0.008794869240861954,24.164676331607826,24.781658750019258,23.346890452785694
2018-06-14,67.35,67.9,67.04,67.55,294351,414164,0.0025198264278011137,24.156299307337363,24.385947969209806,23.341749669028857
2018-06-15,67.68,67.75,64.92,65.69,387347,428307,-0.027921357501826248,25.647690734555574,24.551322880598825,23.488435412931395
2018-06-18,65.05,66.67,64.22,66.54,543015,440468,0.012856563685949157,26.386615415060287,24.522794368347363,23.40771024673681
2018-06-19,66.55,66.59,65.06,65.74,629988,449728,-0.012095702354257483,25.695074331536127,24.144467405781434,23.320102951142633
2018-06-20,65.77,67.21,65.63,66.56,801625,455623,0.012396228276879997,26.42501953449924,24.256813884296793,23.342790212761248
2018-06-21,66.18,67.08,65.17,66.39,760719,440211,-0.002557353781885197,26.431900987517626,24.24349022709192,23.34224674054419
2018-06-22,66.78,70.28,66.56,69.47,1136232,418038,0.04534856197372158,31.343507535999958,25.772396462959236,23.74138984744619
2018-06-25,69.64,70.34,68.66,68.96,816207,403197,-0.007368378349352004,27.77384781514463,25.782002540648836,23.69170738896508
2018-06-26,69.09,71.83,68.59,71.44,848537,405874,0.035331310212806076,29.552006239986795,25.90025689060662,23.91254211483445
2018-06-27,71.59,74.0,71.47,73.7,775155,406652,0.03114486262704732,30.496058254319852,26.55566869898889,24.09277730215469
2018-06-28,73.2,74.99,73.13,74.4,717347,402545,0.00945314264375533,29.544542279728837,26.576673383328515,23.99896416540091
2018-06-29,74.28,75.42,73.87,75.11,602399,394727,0.009497763858874207,28.24346700948229,26.61421198776031,23.922908587410042
2018-07-02,74.57,75.31,73.45,74.9,652167,391048,-0.0027998151747464935,27.20063863348448,26.070351978040485,23.51351508998622
2018-07-03,75.04,76.24,73.67,75.1,667235,388978,0.002666668246915076,27.175637447442636,25.778012021215552,23.503475883686225
2018-07-05,75.19,75.87,73.47,73.88,841632,377643,-0.01637840343904984,27.59375075748693,25.3134742429367,23.370548540479554
2018-07-06,74.11,74.97,73.07,74.75,611419,371200,0.01170705693975668,27.28625933097295,25.125670628303947,23.39033636692283
2018-07-09,74.82,75.24,73.93,74.8,533003,341953,0.0006686727096356619,27.150065483516485,25.122977649707224,23.35758345490226
2018-07-10,75.0,75.67,74.6,75.07,586829,302742,0.0036031266044794855,27.164036708337708,25.123957354095726,23.34376708515464
2018-07-11,75.16,75.22,70.92,71.29,861726,285706,-0.051664946455373714,34.03562565532022,27.15126261400632,23.928859332536966
2018-07-12,71.51,72.16,70.12,71.24,707887,220606,-0.0007016067080763915,33.99771348000989,27.144123876121995,23.912583369761098
2018-07-13,71.29,72.59,70.74,71.93,530277,172793,0.009638965457804103,34.08414761206237,26.573878947690716,23.890953446674125
2018-07-16,71.93,72.2,69.01,69.39,298477,468777,-0.035950658967807386,35.15696085741626,27.614885172447096,24.17926888951066
2018-07-17,69.43,69.95,68.65,69.49,362131,477298,0.0014400924147783978,34.954211800560614,27.615554729930864,24.136536762580597
2018-07-18,69.03,70.37,68.59,70.1,472612,474641,0.008739936714308399,34.60717653982071,27.663165815526586,24.126163314222445
2018-07-19,70.31,71.17,68.93,70.6,719522,472462,0.007107350458652018,34.4716473220625,27.54124215758953,23.987017788953604
2018-07-20,70.39,71.3,70.03,70.62,500967,481171,0.00028324600104410666,34.426212573529064,27.525328268589128,23.962499770432114
2018-07-23,70.53,71.71,69.94,70.24,555915,460205,-0.005395441173379212,30.671877443930214,27.550363368279466,23.764634827348818
2018-07-24,70.15,71.44,69.9,70.89,524591,454919,0.009211430540064925,30.66871437871552,27.606243781645865,23.719578011400383
2018-07-25,71.15,72.11,70.56,71.7,622913,453243,0.011361367738648522,28.232803256177615,27.66520344390498,23.73668475917963
2018-07-26,71.78,72.34,71.31,72.02,489059,447434,0.004453110615154426,25.838532105829977,27.356830605745397,23.706946807526002
2018-07-27,71.99,72.19,70.62,71.07,460450,431821,-0.013278551381925453,25.860863333536738,27.448124047112167,23.738721128143165
2018-07-30,71.4,72.87,71.18,72.56,463011,431396,0.020748498968077584,26.83116250897905,27.72333948436177,23.718274854521855
2018-07-31,72.48,72.65,70.33,71.14,519070,416984,-0.01976403928657208,27.586225769893886,27.788610119470952,23.80227995703729
2018-08-01,70.8,70.89,69.64,70.0,576561,405238,-0.016154524470950164,27.918870526755857,27.83226635413762,23.83259102373418
2018-08-02,70.21,71.76,69.24,71.35,531071,403537,0.01910210187348628,28.583671456461175,27.663374772027144,23.878767818503736
2018-08-03,71.38,71.64,70.22,70.86,476615,388488,-0.00689124448551939,28.182581754975246,27.021305066093387,23.887236784885467
2018-08-06,71.03,72.34,70.87,71.4,495605,375506,0.007591769908212883,28.39775066077383,27.05998253686778,23.888605336109446
2018-08-07,71.29,72.25,71.19,71.57,485027,326463,0.0023781224049671977,28.36714052723292,26.995886953800834,23.879844885227886
2018-08-08,71.48,71.77,68.62,69.26,760313,285802,-0.032808452776230006,24.556311087210545,27.786549973609944,24.031624153577713
2018-08-09,69.1,69.74,68.79,69.12,509401,245932,-0.0020234144784757064,24.555490339726965,27.761529206245577,24.031359707634493
2018-08-10,69.05,70.22,68.43,69.97,524490,200495,0.012222454262005198,24.727593315993772,27.878423068838288,23.911966974566
2018-08-13,70.13,70.3,67.99,69.53,578219,177792,-0.0063082646468788734,21.221374456448512,27.903573419375572,23.923715559416124
2018-08-14,69.53,70.54,68.64,69.09,170899,371051,-0.0063483116102229405,21.33595098175922,27.924634955085846,23.871787392705794
2018-08-15,68.66,68.98,66.59,67.14,291030,373594,-0.028630010948814753,23.27411230193051,28.340325404098976,24.05691998550675
2018-08-16,67.03,67.65,66.55,67.58,233783,386033,0.006532089734255002,23.244618315356046,28.38584094913006,23.892380943248163
2018-08-17,67.55,68.5,67.38,67.92,309208,394495,0.0050184607169480085,23.37175494369826,28.403161062692373,23.765087877143372
2018-08-20,67.92,68.35,67.55,68.14,496524,405245,0.0032338702297286534,23.403692249837242,28.24615747829884,23.760509434269576
2018-08-21,68.16,69.26,68.03,68.58,437164,413948,0.0064365348019536734,23.255226532481508,27.011333336206906,23.74198038974566
2018-08-22,68.83,70.99,68.73,70.68,581899,415834,0.030161700416721497,25.500210910168526,27.46079668687966,23.817695568690553
2018-08-23,70.9,70.95,70.12,70.65,450690,410828,-0.0004245383209591776,25.427737766797858,27.107334874897166,23.805764541083743
2018-08-24,70.73,72.19,70.6,71.58,517796,412703,0.013077596207343296,25.455342195640068,26.974092906368064,23.65511346233877
2018-08-27,71.42,71.84,71.18,71.74,332612,404447,0.002232766766256654,24.310906591129346,26.665898026905744,23.650746448801645
2018-08-28,71.8,72.08,71.05,71.38,426833,404963,-0.005030754042122196,23.30987097909592,26.447215740011394,23.62956487769852
2018-08-29,71.39,72.66,71.21,72.4,497095,412879,0.014188581329656563,22.977752259919342,26.489755732380814,23.523233626557044
2018-08-30,72.61,73.43,72.44,73.17,445584,413062,0.010579201504267808,22.310405282935626,26.39562754423524,23.54047437906284
2018-08-31,72.98,73.29,72.54,72.7,419739,412237,-0.0064441163564649484,22.289294581431502,26.21579048523925,23.39874968688285
2018-09-04,72.8,74.37,71.95,72.78,785981,408792,0.0010998076445401382,22.164310744020717,26.19780234007437,23.382495430897965
2018-09-05,72.32,72.49,71.41,71.58,542104,398883,-0.016625486846134078,23.012974025578973,26.448372223272433,23.451260812058507
2018-09-06,71.5,71.89,69.79,70.59,633824,378062,-0.013927213930498833,20.252409629869046,26.622961226079923,23.240837014298727
2018-09-07,70.7,70.91,69.64,70.57,530895,360833,-0.00028336639464209305,20.227918086059084,26.57326247747116,23.215216720482836
2018-09-10,70.64,71.37,70.13,70.35,571174,309579,-0.0031223414523407593,19.832092123165516,26.582558069005497,23.21899026938687
2018-09-11,70.34,72.92,70.29,72.13,676869,278774,0.024987262955183186,21.496535109914433,26.361898769211166,23.278472730575025
2018-09-12,72.8,74.23,72.39,73.3,800543,233987,0.016090562377024602,21.83644099162466,26.429341995875582,23.30074773261473
2018-09-13,73.3,73.32,71.35,71.61,247837,363159,-0.02332587987375732,20.878976087267105,26.77606669191887,23.433105998726163
2018-09-14,71.84,72.96,70.96,71.99,225309,383664,0.005292491462363085,20.857542375687412,26.691193797397993,23.434330498186338
2018-09-17,71.92,72.75,71.51,71.89,235309,399222,-0.0013900474854313468,20.905831198303794,26.68504662602426,23.412413907416692
2018-09-18,71.79,73.45,71.49,72.85,513859,412460,0.013265359645433636,21.231591007525846,25.19273472200345,23.39865130231705
2018-09-19,72.71,74.4,72.61,74.08,606342,427285,0.016743057696710223,21.739946292829636,25.343315644603358,23.44551388505215
2018-09-20,74.3,74.69,73.31,73.61,607520,432557,-0.006364704267309388,19.643442950610172,24.366176487670828,23.458619738471096
2018-09-21,73.49,75.16,73.26,74.09,855943,422544,0.006499684357951063,19.68237477285526,23.552110438009656,23.28075369450908
2018-09-24,74.47,76.14,74.47,75.45,576894,423509,0.018189614785292338,20.12954956816083,23.76755873990448,23.32798845850354
2018-09-25,75.63,76.19,75.26,75.66,551280,424242,0.0027794339910252558,20.129044245235463,23.695480451163938,23.325730921263577
2018-09-26,75.46,75.77,74.82,74.92,464463,421937,-0.009828741628995392,20.441803976816875,23.77614272586669,23.31949382582809
2018-09-27,75.38,76.0,75.07,75.5,454549,415345,0.007711778679091166,20.073218396353088,23.82270632763244,23.327901486143183
2018-09-28,75.56,77.18,75.24,76.68,544047,408198,0.015508261922464841,20.42270064268706,23.777537801679056,23.255724192736565
2018-10-01,76.72,79.32,76.36,78.82,601451,393833,0.027525853589413663,21.98424525574974,24.307676157273818,23.395721205044968
2018-10-02,78.95,79.46,78.44,78.75,463615,388829,-0.0008884940611150559,22.030809242685113,24.31035897115797,23.373825422369418
2018-10-03,78.64,80.5,77.78,79.99,698817,383470,0.01562334915498794,20.98697526784246,24.492468637064235,23.371164524403493
2018-10-04,79.75,80.05,77.34,77.81,687949,352392,-0.027631669231891687,23.12873400570643,22.7134163502956,23.34009953094256
2018-10-05,78.17,78.74,77.29,77.82,613218,327679,0.00012850992756852856,23.117023568116156,22.710681251009877,23.33716113930679
2018-10-08,77.88,78.07,76.49,77.77,554938,286968,-0.0006427148495555939,23.019590968508453,22.650437011244062,23.202279695842762
2018-10-09,77.68,78.8,77.46,78.47,623537,252372,0.008960633432530004,21.848380095564007,21.327014423411736,23.2068849622408
2018-10-10,78.15,78.59,75.77,76.6,652737,229827,-0.024119309392836297,23.545213058037096,21.99113755213113,23.299656985844607
2018-10-11,76.08,76.17,73.81,74.29,783962,210329,-0.030620723582830627,24.707885010394946,22.90745542051703,23.47356945361551
2018-10-12,74.31,75.38,73.95,74.68,626668,187390,0.005235965509807004,24.706844658626988,22.889235244592676,23.465594554332807
2018-10-15,74.68,75.59,73.68,74.63,211953,433429,-0.0006697475302259289,24.695697630458366,22.891229848926578,23.465680977160964
2018-10-16,74.55,75.18,73.86,74.78,249389,449744,0.0020078984056716804,24.327301869892402,22.85423540518965,23.465307565005524
2018-10-17,75.11,75.34,72.3,72.64,431861,467215,-0.029034735255929853,25.853941372399248,23.602286263590372,23.609730576681827
2018-10-18,72.89,72.94,71.42,71.61,531313,478775,-0.014281005274189499,26.222636250753133,23.678847534149835,23.655867819000854
2018-10-19,71.66,72.85,71.51,72.2,547544,485983,0.008205316879932088,26.297473012365014,23.72157656485976,23.666143305232307
2018-10-22,72.53,72.78,71.34,72.28,513770,489092,0.0011074198252471437,25.299157098111934,23.559205671781523,23.646581973976012
2018-10-23,72.48,72.6,68.51,69.23,853265,476388,-0.043113171034093685,29.07675835891735,24.79255816924368,24.053260597435113
2018-10-24,68.96,70.57,68.83,69.64,775963,472374,0.0059048202100541215,29.226043907870014,24.509672149560288,24.04594265733086
2018-10-25,69.16,70.5,68.77,70.17,573096,463771,0.0075817543642090176,29.219372964684514,24.338280082517795,23.947314445563237
2018-10-26,69.77,70.74,68.99,70.44,595211,459476,0.0038404143638079676,28.488535827721652,24.026726347082704,23.946020003365618
2018-10-29,70.4,70.81,69.08,69.87,477487,454348,-0.008124911063645993,25.909413467767855,24.04269503344707,23.9614087988071
2018-10-30,69.49,70.09,68.08,68.97,680441,443231,-0.012964745121159537,25.94636678917956,24.125838942338905,24.00101877128008
2018-10-31,69.11,69.82,67.54,68.06,666487,432487,-0.013281958370440184,24.654789997817815,24.25701494713073,24.040754485905595
2018-11-01,67.61,68.15,65.77,66.37,790286,435959,-0.025144521914926006,24.407703778112584,23.873401153368572,24.104191424249734
2018-11-02,66.18,66.64,65.27,65.8,708906,424118,-0.008625308826562202,24.22043745021727,23.927188587668017,23.93753065747817
2018-11-05,65.64,66.84,65.15,65.76,609129,399347,-0.0006080875833469466,24.22190935862725,23.772444365819485,23.935745176839543
2018-11-06,65.34,65.99,63.89,64.83,761240,377866,-0.014243291561020253,23.40435059048852,23.902898660408148,23.97048489092917
2018-11-07,64.34,65.84,63.78,64.27,866628,349107,-0.008675499803709548,22.762242237790936,23.92919049489588,23.981018566551874
2018-11-08,64.24,65.05,62.95,63.23,764546,314185,-0.016314087312673003,21.471028812343597,23.454722554386322,24.02686159552771
2018-11-09,63.31,63.35,61.76,62.73,821729,279121,-0.007939069961869898,20.890413345372345,23.44372778847307,24.03856157744095
2018-11-12,63.26,63.86,61.15,62.46,806219,228816,-0.004313450253719354,20.7437377042008,23.415292607151308,23.962851885966842
2018-11-13,62.46,62.96,58.09,59.08,422819,397595,-0.055633894191753464,26.118009776452674,25.89473599860422,24.605617324696265
2018-11-14,58.71,60.89,58.51,59.72,417864,409191,0.010774515007810508,26.450976157860367,25.972948092321623,24.626005559203243
2018-11-15,59.5,60.82,59.04,59.97,589346,422519,0.00417746450942876,26.844117386686055,25.117423953225888,24.51064498850775
2018-11-16,60.07,61.54,59.38,59.97,715914,436697,0.0,26.304473617335777,25.119245173803407,24.504743786915892
2018-11-19,60.34,60.92,58.49,60.52,699684,435803,0.009129451739736835,26.872611476720042,25.02597228067759,24.510960057993355
2018-11-20,60.72,60.77,55.83,56.53,983120,441513,-0.06820241823295578,32.08254530726062,28.361957978422943,25.37028334669591
2018-11-21,56.49,59.1,56.49,57.8,734277,433772,0.02221730499113231,33.64841508899904,28.863779829585525,25.418598850872854
2018-11-23,57.83,58.0,53.06,53.35,1014667,447493,-0.0801147979305693,41.32940970326739,32.61895557008374,26.621353779337426
2018-11-26,53.56,55.28,53.01,54.63,663108,434636,0.02370920465986396,43.015338589051524,32.99712811304294,26.7300563816259
2018-11-27,54.53,55.42,53.22,54.55,764010,426713,-0.0014654701285465503,43.17412264928758,33.00275848533161,26.70426419886185
2018-11-28,55.11,55.61,52.96,53.21,831688,427800,-0.024871363670801793,43.40192710473652,33.23327854017012,26.818100118795734
2018-11-29,53.23,55.23,52.28,54.44,812721,421193,0.02285282917498744,45.22466452338719,33.636964677103585,26.86549745281174
2018-11-30,54.25,54.8,52.53,53.89,796714,414833,-0.010154245837859937,44.92208725175471,33.6009648417532,26.841048895262436
2018-12-03,55.49,56.97,55.05,56.02,758010,401077,0.0387638378865571,48.20221649690657,34.74367943234923,27.12414236994785
2018-12-04,56.21,57.72,55.47,56.34,738130,398555,0.0056959926162640515,48.38283088620001,34.79850783348082,26.971290524808257
2018-12-05,55.64,57.6,55.19,55.96,624914,380601,-0.006767612650946178,48.32209249818002,34.285078524860296,26.948301994224856
2018-12-06,56.0,56.39,52.99,54.48,987266,363183,-0.026803487956023542,48.81366186382835,34.326118223782714,27.055198398164087
2018-12-07,54.76,57.37,53.54,55.66,987717,324223,0.021428094256487687,49.81618602897804,34.52731710003379,27.119474841688636
2018-12-10,55.05,55.87,53.46,53.96,733225,278005,-0.03101872475818946,50.58002719374536,34.90085993620306,27.256839211712634
2018-12-11,53.84,55.47,53.64,54.65,665262,235703,0.01270618328299239,51.08187818603741,35.078873802107836,27.271660552884867
2018-12-12,54.96,55.95,53.9,54.12,730810,186783,-0.009745411319960264,47.73653504999486,34.89567650247633,27.27851357624659
2018-12-13,54.17,56.36,53.27,55.63,733627,146352,0.02751882078461471,48.79994183923685,35.24991902377417,27.416524496400505
2018-12-14,55.63,55.79,53.61,53.98,271679,356181,-0.03010901649734337,49.591326996589636,35.62952589895241,27.580840430767196
2018-12-17,54.04,54.7,51.73,52.65,563280,388452,-0.024947369009874088,50.028987757813006,35.772203483446916,27.685055004790065
2018-12-18,51.88,52.34,48.36,48.88,949316,404645,-0.07429792371664454,55.07990016103855,38.08180654113334,28.646034553006732
2018-12-19,48.57,50.72,48.56,50.52,817721,401813,0.03300098261895054,52.726568614508466,38.9157817735688,28.840300050170164
2018-12-20,49.71,49.83,47.9,48.12,794130,401712,-0.048671406375812395,53.75693579645351,39.85076068860068,29.240523865354017
2018-12-21,48.51,49.05,47.33,47.82,694003,391671,-0.0062539290762993445,46.76638157733366,39.72746966213897,29.12679082539899
2018-12-24,47.67,48.5,44.43,44.61,415859,392668,-0.06948591289000529,50.59706564906521,41.398296278714845,29.926393466725116
2018-12-26,44.94,49.3,44.6,48.48,698408,390595,0.08319329262088551,60.47912612659315,44.91989224571938,31.098852122950404
2018-12-27,48.86,48.98,46.54,46.79,665590,385866,-0.03548183688293399,61.03532555518816,45.240984371733454,31.274380769041706
2018-12-28,47.66,48.48,46.59,47.54,564385,387024,0.01590195705392304,60.64164213823962,45.24741168565537,31.320502433377495
2018-12-31,47.43,48.8,46.92,47.63,476970,381003,0.0018913528807212555,60.70335900437887,45.123393149887306,31.246012342638497
2019-01-02,48.04,50.11,46.52,48.81,850480,381544,0.024472395086287152,59.50019550895056,45.58825528756001,31.3426287978969
2019-01-03,48.52,49.81,47.57,49.39,788718,378871,0.011812764653477283,59.71102790960025,45.742681495433324,31.35759852132955
2019-01-04,49.19,51.62,48.93,50.3,817277,367400,0.018257102553160088,60.35798279397477,45.92545927978484,31.41145848422247
2019-01-07,50.66,52.22,50.46,50.89,819939,361363,0.011661363495047808,60.086807895767706,45.95489029818097,31.369489173328667
2019-01-08,51.11,52.39,50.67,52.21,765981,329416,0.025607606821719725,60.33374629864818,46.15515353905002,31.464332193658944
2019-01-09,52.23,55.15,52.14,54.92,891922,290508,0.05060353347730925,62.267730283835455,47.53752754350015,31.881753696626884
2019-01-10,54.73,55.36,53.88,55.16,821782,260311,0.004360472025330663,62.1278452259142,47.568818510091425,31.877153708683874
2019-01-11,54.83,55.91,53.68,54.11,812339,216583,-0.01921904127045708,62.424634739315074,47.63339186850308,31.921489769511062
2019-01-14,54.11,54.52,52.69,52.83,243310,448550,-0.023939800478419402,62.086404295155184,47.53672650743398,32.00356993872731
2019-01-15,53.12,54.68,52.97,54.48,220625,464205,0.03075445066503238,62.266000081954566,48.066637471016314,32.15960259130245
2019-01-16,54.38,54.92,53.61,54.71,280989,477867,0.004212846234477744,61.54394994880323,48.02831048099469,32.151857354461086
2019-01-17,54.7,54.99,53.34,54.45,530183,489201,-0.004763658696765032,54.69056022576184,48.013458967424405,32.15110839216111
2019-01-18,54.63,56.3,54.46,56.2,669504,505601,0.03163390752067598,54.601119365562965,47.90418892066645,32.28044777221943
2019-01-22,56.11,56.69,54.12,55.13,951158,499043,-0.019222724298053218,51.659781105574034,47.97077796722379,32.283019762128376
2019-01-23,55.07,55.78,53.93,54.72,702866,496877,-0.007464759287297236,51.70213173112829,47.916114248043506,32.29007246728051
2019-01-24,54.55,55.61,54.15,55.25,714415,481966,0.009639067083567229,43.15183241973728,47.97209266172117,32.29028363278187
2019-01-25,55.3,56.1,55.03,55.84,593385,471888,0.010622118056254841,33.61627045390823,48.05781968603859,32.29993763658781
2019-01-28,55.7,55.78,53.38,54.07,650667,469447,-0.03221095506020356,33.0829933333711,48.376489529102635,32.41726684910435
2019-01-29,54.2,56.09,53.91,55.44,660527,464251,0.02502185148773428,33.55505812750093,48.700311007864286,32.51729607376711
2019-01-30,55.37,57.13,55.21,56.4,731312,466044,0.017167803622365498,33.64317174013723,48.666053559512704,32.521453535434866
2019-01-31,56.45,57.58,55.76,55.94,718650,463779,-0.008189470730199586,33.57773621943335,48.66387391076006,32.52690825812394
2019-02-01,56.17,57.89,55.5,57.47,689566,457940,0.02698338474583648,34.30110886902516,49.04172413307014,32.58527025421999
2019-02-04,57.53,57.98,55.42,56.74,622472,441710,-0.012783643138944867,34.78535220956534,49.027382562027626,32.58845907374235
2019-02-05,57.05,57.42,55.61,55.81,609756,431584,-0.016526364580363082,35.608709122148255,49.09787513618336,32.531725335169064
2019-02-06,55.88,56.47,54.97,56.17,606720,413688,0.006429741743999109,34.74946295349834,49.04285271648216,32.52324098802539
2019-02-07,56.1,56.38,53.87,54.74,749010,371226,-0.02578810293180828,31.487620311893526,49.27147593605847,32.463860300020485
2019-02-08,54.69,55.11,54.16,54.83,621003,318986,0.0016427858034239074,31.450580936564176,49.27604926660387,32.45967037321916
2019-02-11,54.83,54.9,53.36,54.56,287877,279787,-0.004936475880750365,30.7109865149151,48.00568301732361,32.46293097320985
2019-02-12,54.56,56.24,54.45,55.27,245522,313515,0.012929252309964858,29.60166752851004,48.03090660841731,32.392041286431606
2019-02-13,55.52,56.83,55.46,56.14,307069,346296,0.01561830508856481,28.119546238756747,48.143634521179564,32.41259090284778
2019-02-14,56.14,56.94,55.31,56.64,306669,360382,0.008866878451727794,28.227402439378857,48.1865622672199,32.41893835756054
2019-02-15,56.71,58.16,56.46,57.87,503857,378059,0.021483666200283053,28.954354865474734,48.36315383877851,32.4903636138529
2019-02-19,58.04,58.64,57.54,58.35,838298,399403,0.008260243146817569,27.01741873717956,46.3027435562644,32.50134610252967
2019-02-20,58.29,59.54,57.65,59.09,685111,407691,0.012602346625018242,26.06593130988054,46.152058951971014,32.47856918947657
2019-02-21,59.17,59.55,58.55,58.88,546202,400292,-0.0035602309369624626,25.884936374018412,43.009710171315135,32.45499804895432
2019-02-22,58.76,59.76,58.62,59.19,513439,399406,0.005251134282012794,25.797301308805515,42.77093388468337,32.454354339367
2019-02-25,59.1,59.47,56.94,57.35,723012,387301,-0.03157976512725395,28.452641635279285,43.29721093185487,32.57667863341148
2019-02-26,57.33,57.97,56.87,57.37,538919,382166,0.0003486750383998355,25.561781598500332,42.96490048895544,32.50403132692707
2019-02-27,57.84,59.32,57.6,58.86,577227,383252,0.02564022419154711,25.63340306887017,43.02849923773307,32.59122497355228
2019-02-28,58.92,59.37,58.33,59.15,496678,377617,0.004914847619069092,25.098140392021506,42.9679309634755,32.592241168715006
2019-03-01,59.15,59.83,57.44,57.68,684186,368105,-0.025166097447702117,26.717587482346914,42.5990713279731,32.61613852861079
2019-03-04,57.71,58.92,57.69,58.5,549396,358824,0.014116261261117277,25.452285420202216,42.67793008222281,32.648383902229696
2019-03-05,58.35,59.12,57.98,58.47,538399,353287,-0.0005129520502316954,24.945728165310495,42.6508834134317,32.56501471124702
2019-03-06,58.18,58.3,57.29,58.12,637677,332570,-0.006003963485496949,24.20578666376634,42.288826880492245,32.52700944413955
2019-03-07,58.09,58.91,57.97,58.57,628824,294866,0.007712781399608895,24.240991844399183,42.09991660082469,32.38122038881219
2019-03-08,58.33,58.41,56.36,57.96,747358,252613,-0.010469502649209247,22.447786779623872,41.643695882498484,32.37912896711425
2019-03-11,57.96,58.93,57.85,58.7,597156,215862,0.012686609381569128,22.70927323525069,41.64346491328572,32.38832607250588
2019-03-12,58.67,59.49,58.65,58.79,652798,184451,0.0015320455801126627,22.50914423593145,41.58104803678844,32.38783666023245
2019-03-13,59.01,60.45,58.93,60.22,610616,161079,0.024032750639424245,23.436732060940834,41.49349164486073,32.47655647546291
2019-03-14,60.22,60.64,59.88,60.49,248502,383092,0.0044735390652352455,23.052911214597923,40.976690501287074,32.42380310718481
2019-03-15,60.4,60.84,59.59,60.4,261230,398243,-0.0014889571780536954,23.040015397432313,40.60057378605775,32.42092630627971
2019-03-18,60.33,61.14,59.94,60.97,512123,418752,0.009392834978955555,22.150972450236175,37.35035735382556,32.35494153429415
2019-03-19,60.9,61.47,60.47,60.88,602717,435690,-0.0014772263662942281,22.09108275489741,36.85958784319065,32.25242402523003
2019-03-20,60.88,61.9,60.13,61.85,786342,435389,0.01580738528506644,22.320846382910748,35.327578411488226,32.265001681110824
2019-03-21,61.6,62.01,61.26,61.59,655380,434375,-0.004212579139544973,22.344682951228766,35.30428765457606,32.17279294886388
2019-03-22,61.48,61.68,59.84,60.62,738840,426723,-0.01587464806929494,23.20990974887009,32.0869090450144,32.20742393717255
2019-03-25,60.56,60.94,59.73,60.4,705399,423515,-0.0036357666888878577,19.853363879582506,27.69591567403542,32.206318923328276
2019-03-26,60.71,62.0,60.62,61.55,685988,422471,0.018860747689693157,20.647655575080957,26.63407803498326,32.236136128573065
2019-03-27,61.64,61.84,60.39,61.0,732150,409365,-0.008975988457151168,19.343201781706377,26.669934912735354,32.23539424281788
2019-03-28,60.99,61.16,59.76,60.89,712209,401827,-0.0018049065528285386,19.346087825846293,26.694081770270817,32.09433576987688
2019-03-29,61.13,62.36,61.0,61.75,705559,403676,0.014025017887603825,17.06177327076796,26.438058219972245,32.11585068304698
2019-04-01,61.86,63.46,61.74,63.24,670808,405918,0.023843036833184658,18.1838096745084,26.705080875863423,32.20517251212872
2019-04-02,63.47,64.43,63.25,64.26,793227,391777,0.01600034134644112,18.59298335688284,26.65801661768512,32.244250281322664
2019-04-03,64.32,64.68,63.71,64.14,799672,374802,-0.0018691594227036473,18.332750683941377,26.637920342427314,32.15657995239758
2019-04-04,64.18,64.45,63.55,63.77,684973,361966,-0.005785333937828504,18.683561906285465,26.318074401643727,32.08788489273424
2019-04-05,63.85,65.04,63.48,64.77,686862,346628,0.01555967286764537,18.242531386978435,24.550224344607496,31.959696907597895
2019-04-08,65.03,66.21,64.82,66.13,895767,318369,0.02077996849174522,18.87736835286729,24.825317733548953,31.966537267771898
2019-04-09,66.13,66.53,65.39,65.7,790677,280173,-0.006523576196006077,19.33886336076579,24.47333862846797,31.9706461827969
2019-04-10,65.94,66.44,65.77,66.34,722216,257042,0.009694108028341444,18.1554841411545,23.840731893250794,31.98401186849682
2019-04-11,66.21,66.22,65.01,65.29,760504,218311,-0.015954148320364212,19.60058238826453,23.504121163284626,31.97851385385698
2019-04-12,65.42,66.38,65.37,65.6,625588,196720,0.004736810751501027,19.501340506645512,23.505505274226664,31.97863722186597
2019-04-15,65.6,65.67,64.89,65.26,230459,402131,-0.005196404784868631,19.665990064886905,23.511796680656875,31.847273576112944
2019-04-16,65.42,66.22,64.83,65.9,255946,423543,0.009759150343286878,19.700832245917663,22.791005967665928,31.862428397331126
2019-04-17,66.18,66.45,65.46,65.57,466682,443194,-0.005020167232933658,19.425113589127253,22.391083888936727,31.865936289441766
2019-04-18,65.55,65.95,65.24,65.78,508981,460932,0.0031975664853828743,19.241440966493446,22.286851980218774,31.865608744277925
2019-04-22,65.78,67.75,65.76,67.3,763527,477250,0.022844395889771094,19.033768429273536,22.615041883093834,31.919757141966944
2019-04-23,67.5,68.38,67.33,68.07,700598,473277,0.01137635080917789,18.851740400064052,22.626014488898083,31.936137052216694
2019-04-24,67.93,68.2,67.41,67.65,678386,473594,-0.0061892328430628064,18.677403235925684,21.481106974942875,31.941463644803118
2019-04-25,67.57,68.05,66.63,66.95,603001,459817,-0.010401282479615559,18.822363055206665,21.20670562340829,31.958138166897694
2019-04-26,66.87,66.92,63.94,64.99,1000836,456552,-0.02971266023092408,22.365761354315744,22.042462811201,32.08842029746052
2019-04-29,64.63,65.39,64.13,65.19,654076,446583,0.003072671030190427,22.001390787886194,21.93274894380425,32.032015156260506
2019-04-30,65.28,66.48,64.99,65.61,750494,439249,0.006422040420338195,20.606915654713774,21.351512651737682,32.02249000615994
2019-05-01,65.09,65.64,64.44,65.3,676872,431230,-0.004736087074400834,20.02328490477628,21.17312630906161,32.01692080197516
2019-05-02,65.31,65.38,62.58,63.46,914661,420813,-0.02858225012733583,22.578246476786678,21.767805676723363,32.08595427369418
2019-05-03,63.19,64.19,62.93,63.59,646866,394652,0.0020464391242668743,22.50763971955334,21.749446792107655,32.05260336010745
2019-05-06,63.07,64.63,61.64,63.91,768810,384049,0.0050196183828737865,21.833306655317873,20.966458615303107,31.969415967567414
2019-05-07,63.83,64.16,62.28,63.04,842810,347698,-0.013706398112566662,20.744589721890687,21.230122786895087,31.853587454294384
2019-05-08,63.08,64.03,62.7,63.78,791769,315442,0.011670216032287944,21.26286316960593,21.260269074462613,31.875025463210815
2019-05-09,63.67,63.87,62.54,63.35,769583,292022,-0.0067647548147635244,20.91515491876688,21.23477160374178,31.869046034388305
2019-05-10,63.28,64.16,63.06,63.3,786494,261381,-0.0007895776170175851,20.2859002942996,21.059894034408792,31.860481798841654
2019-05-13,63.29,65.02,62.26,62.67,1003106,229525,-0.01000246491354633,20.3548462889205,21.151965932227874,31.869397883534695
2019-05-14,62.67,63.92,62.47,63.59,192364,362105,0.014573361042732375,21.173006995871233,20.92187111278911,31.90382921912925
2019-05-15,63.18,64.22,62.66,63.88,235837,398883,0.004550098067495203,20.89112860921008,20.88498890499347,31.90779489722491
2019-05-16,63.97,65.37,63.95,64.72,312352,422994,0.013063949403424431,21.47162831959428,20.895672690495317,31.93577272800171
2019-05-17,64.97,65.5,64.35,64.58,537033,437734,-0.0021655074201071215,21.42843538965248,20.883149825685987,31.904557150266534
2019-05-20,64.75,65.64,64.25,64.87,678773,447353,0.004480501894834945,19.644434205662805,20.877897114381312,31.908036313276362
2019-05-21,64.97,65.46,64.43,64.79,641680,441614,-0.0012339967630981697,19.019335324392372,19.71652682886217,31.904895144884527
2019-05-22,64.61,64.66,62.64,63.04,766728,441633,-0.027381824912242333,20.957986666399083,20.61621825999435,31.98198124413631
2019-05-23,62.92,63.03,58.84,59.44,1108052,438307,-0.058802045140119934,28.68175772212017,23.470994168359336,32.260618788137
2019-05-24,59.74,60.66,59.01,60.17,758099,427918,0.012206488822756736,27.925061313194938,23.581352488018766,32.24257111574488
2019-05-28,60.49,61.14,59.66,60.7,1020323,412018,0.00876980883319223,28.184481535649198,23.036241978627864,32.177078959633455
2019-05-29,60.63,60.7,58.38,60.36,1124959,382277,-0.00561706416580449,27.941430900852087,22.90549040645819,32.137254173830506
2019-05-30,60.68,61.27,57.81,58.08,842281,376374,-0.03850526338310754,30.487354068405054,24.261960814144317,32.31301165142948
2019-05-31,57.95,58.1,54.45,54.91,1031488,368466,-0.056125889225759416,34.51225141360178,26.821343436121293,32.75422179227
2019-06-03,54.83,56.07,53.48,54.65,984308,366193,-0.004746266668233688,34.353808413932214,26.771020595377227,32.732130721038175
2019-06-04,54.28,55.2,53.81,54.89,831625,363046,0.00438196793925038,34.32353428389916,26.723281038899948,32.715753216994145
2019-06-05,54.25,54.82,51.93,53.04,943186,362201,-0.03428483668419084,35.56340839523714,27.427265467821044,32.830282440272306
2019-06-06,53.02,54.7,52.52,53.98,790067,343970,0.017567261712251467,36.06802338858679,27.703206343740188,32.88173272461796
2019-06-07,54.5,55.75,54.01,55.41,828133,308942,0.026146475289399715,38.09386528494736,27.7894147535066,32.987169674802246
2019-06-10,55.67,56.28,54.45,54.66,687146,272110,-0.013627902379336298,38.102448392959104,27.873834429538448,33.00919539798359
2019-06-11,54.84,55.46,54.3,54.67,642940,237203,0.00018293240698596223,38.17942247370906,27.8764529442088,32.99517776652993
2019-06-12,54.44,54.45,52.06,52.49,786105,203403,-0.04069243764269943,39.09938566451564,28.8991448287155,33.2350541083058
2019-06-13,52.49,54.9,52.35,53.75,277803,303330,0.023720991743563652,40.58306911756306,29.394240765139003,33.21626463323024
2019-06-14,53.64,54.48,53.14,53.98,166399,307452,0.004269940582086302,40.07638079619801,29.18881203011903,33.19170807121053
2019-06-17,53.92,54.22,53.01,53.37,235025,319582,-0.011364817244005062,39.99904772449971,29.245907919200363,33.18927999481115
2019-06-18,53.35,55.78,52.91,55.35,618302,337458,0.03642786880879243,42.97998234708933,30.165502089860396,33.37341936707257
2019-06-19,55.55,55.9,54.73,55.21,667512,343291,-0.0025325628586926508,42.95559294846278,30.163037776847663,33.373405780079025
2019-06-20,55.63,58.69,55.6,58.38,854514,347579,0.0558292691300154,47.851999620239575,32.11697234671575,33.536072456999776
2019-06-21,58.57,59.31,57.96,58.75,676047,345680,0.006317787598299703,43.29799872732218,32.10526974659339,33.536663147861205
2019-06-24,59.04,59.56,58.05,59.23,597164,341183,0.00813701726460532,43.162442513070346,32.1542968723116,33.35208709271164
2019-06-25,59.06,60.19,58.51,59.16,673140,338117,-0.0011825324462747056,43.01448593515164,32.012403345421156,33.19677842561104
2019-06-26,60.19,61.3,60.0,60.74,686817,338300,0.026356821775003828,44.07171773113003,32.09879596119081,33.29326387098865
2019-06-27,60.63,61.1,59.95,60.79,531405,334543,0.0008228421430284692,41.62005001846712,31.912244666883904,33.27746694497334
2019-06-28,60.58,61.17,59.07,59.81,556101,328837,-0.01625243070416544,36.26011910806142,32.06618269222864,33.312850279957814
2019-07-01,60.63,61.66,59.68,60.45,674887,319323,0.010643706004335982,36.163735397338456,32.14174869736969,33.33111591586041
2019-07-02,60.5,60.79,57.38,57.54,878938,313008,-0.04933621893739988,40.99794439214057,33.44811946938196,33.64906104748006
2019-07-03,57.79,58.8,57.33,58.66,600131,299915,0.0192777054259031,39.00895667795935,33.40586259648822,33.686558334640196
2019-07-05,58.7,59.15,57.58,58.83,698015,289164,0.0028938653270596765,38.73048404526851,33.40711972080508,33.688394287242836
2019-07-08,59.1,59.8,58.61,58.98,540861,262191,0.002546474510765457,37.86127064555695,33.33374306594371,33.687112600024534
2019-07-09,58.88,60.46,58.6,59.16,551872,234613,0.003047234455468906,37.34195945607144,33.220289300382035,33.29937884703609
2019-07-10,59.74,61.92,59.69,61.82,690656,215505,0.043981298861371323,39.9035749828891,34.49147082345082,33.60080601998966
2019-07-11,61.83,62.34,61.52,61.58,573019,199666,-0.0038897942076160145,36.134514827852,34.485702367513774,33.586667651245165
2019-07-12,61.85,62.13,61.3,61.59,469029,179768,0.00016237720259759087,35.73934610002917,34.41421609808945,33.39739120202193
2019-07-15,61.59,62.23,60.51,60.9,201708,371034,-0.011266344983100668,36.30665591095086,34.468159285566344,33.41437025912579
2019-07-16,60.6,61.4,58.36,58.92,303563,395850,-0.03305258312142176,38.43846939009144,35.06465726453205,33.56018839605258
2019-07-17,58.83,59.68,57.51,58.08,375221,422015,-0.014359221077888876,37.12677336573125,34.773955994871876,33.578878889993696
2019-07-18,57.88,58.62,55.97,56.55,764491,439205,-0.026696167954411168,38.51790301736415,35.001742177918146,33.679328126285604
2019-07-19,56.98,57.64,56.24,56.9,734388,437910,0.006170138570155777,32.782907986410365,35.046621908994815,33.68368242161907
2019-07-22,57.35,58.2,56.97,57.37,619483,438301,0.008226177481494385,32.84853285788337,35.08386491590036,33.68085133041227
2019-07-23,57.32,58.64,56.88,57.93,521876,431404,0.009713866494753073,32.91261268617452,34.70967740442706,33.67521362138612
2019-07-24,58.4,58.82,56.46,57.02,745248,421203,-0.015833301624006774,33.32519518362059,34.80971399954335,33.70444384899741
2019-07-25,57.04,58.15,56.95,57.16,559282,417324,0.002452269577140696,31.68215179422928,34.77705373025017,33.68313199583098
2019-07-26,57.07,57.72,56.82,57.35,476785,410680,0.003318490513713129,31.734823156438512,34.79210636263647,33.61529842880719
2019-07-29,57.35,58.26,56.95,58.03,529742,411795,0.011787274627137287,31.732368228530937,34.46495418206047,33.58573833427869
2019-07-30,58.23,59.66,58.12,59.23,547401,406009,0.02046805208635672,32.41572308642999,34.751293591147494,33.61770729160038
2019-07-31,59.53,60.02,58.99,59.77,614001,402392,0.009075692547289103,27.056218998296007,34.79213662376967,33.5730739277813
2019-08-01,59.03,59.17,54.68,55.05,886748,403715,-0.08226199966747394,39.53613398068681,38.491804294166634,34.552072352429605
2019-08-02,55.65,57.19,55.25,56.79,739810,399849,0.031118390720652225,41.339130467531575,38.995454599441786,34.691801773875746
2019-08-05,56.51,56.74,55.33,55.81,823844,384410,-0.017407189088998933,41.66859888462153,39.1125757262282,34.72964011921748
2019-08-06,56.07,56.55,54.38,54.72,682794,381492,-0.01972379148604723,42.029922572317034,39.277369950546394,34.633047566232364
2019-08-07,54.51,54.87,51.55,52.13,1063214,344560,-0.048488674534280365,40.85838368069756,40.3710922830456,34.960369866766214
2019-08-08,53.4,54.14,53.0,53.61,724762,301000,0.027995019059431685,42.85676721372448,40.71386146780252,35.05705908097085
2019-08-09,53.96,56.04,53.44,55.61,726386,266871,0.03662742336002628,45.52854889247806,41.48613437296812,35.25653377330627
2019-08-12,55.43,56.31,54.63,56.05,611027,227125,0.007881108318696177,45.69199712221709,41.41763631052984,35.26319724108003
2019-08-13,55.85,58.64,55.32,58.26,783486,174139,0.03867160201311975,46.755139419377045,42.264294919350746,35.37356409936567
2019-08-14,58.26,58.38,55.46,56.74,307925,342127,-0.026436322150583173,47.419594060665325,42.54468120070982,35.46135271571632
2019-08-15,56.41,56.82,55.22,55.89,373771,348256,-0.015093956099098521,46.7654750204818,42.6255405653172,35.48601566421261
2019-08-16,56.09,57.12,55.69,56.29,395156,362143,0.007131426194328393,46.7851377558376,42.34971049608703,35.49263403117596
2019-08-19,56.44,57.84,56.27,57.66,584014,382574,0.02404679273432085,47.50968046585179,40.975413276621616,35.57273928532819
2019-08-20,57.65,58.13,56.65,57.65,659258,389410,-0.0001734454951880812,47.37796573601079,40.8898128136955,35.43656267528
2019-08-21,57.57,58.68,57.05,57.19,704035,369434,-0.008011188787843187,47.11720343033455,40.868207951603374,35.44390184477276
2019-08-22,57.45,57.99,56.33,56.85,621573,366408,-0.00596283773067972,47.15730791350742,40.869940450764034,35.41974973150662
2019-08-23,56.85,57.1,54.68,55.64,807151,361189,-0.02151385314130292,47.72691766796503,40.34895106147707,35.47853778351924
2019-08-26,54.69,56.75,54.39,55.09,679022,359507,-0.009934155570616925,47.54650618608108,38.7170418772661,35.48756690463827
2019-08-27,55.21,57.23,55.14,56.42,596624,362457,0.023855494089225132,47.77911487393208,39.0081812711735,35.54276817147227
2019-08-28,57.22,58.29,56.84,57.29,674048,369335,0.015302382846636063,48.028465544971105,39.11827110179436,35.56149594899391
2019-08-29,57.39,58.43,56.93,58.24,630760,373402,0.016446315467944176,37.89395396211531,38.55727139636779,35.600131192329
2019-08-30,58.16,58.25,56.03,56.59,708268,370192,-0.028740112733998017,37.92137411473195,38.902458309537465,35.709168678913386
2019-09-03,56.49,56.73,54.27,55.4,970804,372871,-0.02125269740119445,38.17683245512083,38.79537249914539,35.732665997228914
2019-09-04,55.38,58.11,55.3,57.78,682298,370141,0.04206310128485101,40.264927972152634,39.629853104872105,35.96944885550168
2019-09-05,57.46,59.32,57.26,57.82,712466,351755,0.0006920415501107148,35.467696557473246,39.62958318025605,35.969724223283094
2019-09-06,57.71,58.49,56.31,58.05,714294,319489,0.0039699715557003695,34.42795367578986,38.67129992557127,35.97213213781495
2019-09-09,58.34,59.73,58.11,59.41,646993,299951,0.023157854223749552,33.037705095342204,38.65775955594978,35.95934242637617
2019-09-10,59.6,60.35,58.75,58.95,755472,265327,-0.007772935384270016,33.216923744676166,38.70190689655361,35.925862906744015
2019-09-11,59.46,59.88,57.11,57.26,858772,227421,-0.029087327313411033,32.12659692322675,39.121056504961906,35.966940289577586
2019-09-12,57.44,57.86,55.46,56.58,845977,191570,-0.011946733796547808,30.98853865413262,38.51044614162686,35.978571231103714
2019-09-13,56.58,57.09,55.83,56.26,207129,362491,-0.005671762811710392,30.56310149095936,38.525909770279355,35.98165301487982
2019-09-16,61.77,65.59,60.18,64.34,733511,388534,0.1341977187491696,56.54848433434444,45.97653648834324,38.43132569119735
2019-09-17,63.37,64.05,59.82,60.68,722004,378521,-0.0585673673305488,60.63975561530541,47.58810338442937,38.83113862342615
2019-09-18,60.18,60.85,59.12,59.59,654343,381467,-0.01812637972144385,61.08004992940243,47.713214498896924,38.866141898863034
2019-09-19,59.72,61.08,59.57,59.74,722337,412945,0.002514038029076092,60.97330244968791,47.71498137118134,38.860578697337026
2019-09-20,60.26,60.82,59.48,59.64,576019,411387,-0.0016753228914260546,60.9163158635614,47.40251204308324,38.81317149491405
2019-09-23,60.83,60.97,58.9,60.2,526785,406079,0.00934586241823782,60.29153623376108,47.443334211475666,38.8251379939275
2019-09-24,60.0,60.05,58.2,58.82,591529,404106,-0.023190419188926437,60.876866839126656,47.56498324798181,38.87932489609781
2019-09-25,58.21,58.54,57.03,58.0,563550,390178,-0.014038922579429687,60.663491296969084,47.59187719647777,38.891508996892966
2019-09-26,58.2,58.36,56.89,57.92,599653,384036,-0.0013802624689583467,60.444354511773014,46.50045704174035,38.85566379914875
2019-09-27,58.02,58.27,56.21,57.4,712966,380790,-0.009018444751940266,60.23144010089633,46.36365562224057,38.75607682988107
2019-09-30,58.05,58.08,55.42,55.51,532522,384034,-0.033481118623450844,60.546584811225955,46.85129492102329,38.89075185397132
2019-10-01,55.73,56.3,54.47,55.05,589176,385741,-0.008321321533380995,60.14451095298349,46.869409571818885,38.85897426996325
2019-10-02,55.44,55.87,53.56,54.04,590306,387010,-0.018517350076690798,58.298754395103536,46.99513126834171,38.80767202129158
2019-10-03,53.87,54.32,52.35,53.85,642466,391826,-0.0035221094896004538,58.279229123153044,46.02959726444981,38.807892240926236
2019-10-04,53.69,54.77,53.43,54.22,541104,388735,0.006847440468121955,58.33743865246509,46.0663447825415,38.81679865439944
2019-10-07,54.1,55.5,53.99,54.16,549019,353392,-0.0011072154665000015,57.50147532662622,46.06439113620922,38.8026485588667
2019-10-08,54.22,54.69,53.19,54.03,658324,303430,-0.002403180748045014,57.49408916313868,46.02520689100062,38.73563340315038
2019-10-09,53.97,55.17,53.71,53.99,632666,258642,-0.0007406036257787888,56.75265606481743,45.56802195710919,38.62348886609963
2019-10-10,54.1,55.41,52.75,54.98,613944,224022,0.018170638506903893,57.124420006283884,45.66217179505144,38.66736892406976
2019-10-11,55.32,56.4,55.07,56.16,741704,182895,0.021235276980456044,57.65567894712495,45.562724738587356,38.733038628276134
2019-10-14,56.16,56.18,54.0,54.81,186989,395322,-0.024332100659530554,29.047077383708324,45.81114038680653,38.80160898999763
2019-10-15,54.72,55.0,53.59,54.02,239809,412809,-0.014518310693555556,22.305477926425514,45.860582852973664,38.72367432338857
2019-10-16,54.13,54.98,53.74,54.61,233701,430146,0.010862667799592643,22.55512637115089,45.872651617531574,38.71989686871609
2019-10-17,54.23,55.43,53.87,55.2,316374,442642,0.010745937118987284,23.071411300925405,45.8285412390174,38.7269051240477
2019-10-18,55.37,55.87,54.6,55.04,472558,455861,-0.0029027596579614626,23.059457883212637,45.82674433694619,38.72671202436289
2019-10-21,54.99,55.34,53.99,54.67,509426,449725,-0.006745080718180233,22.524228890179362,45.836118506066434,38.4987800126711
2019-10-22,54.76,56.0,54.38,55.66,506573,455346,0.017946643190836824,22.805291845764174,45.92564396447958,38.5394233552904
2019-10-23,55.47,57.28,54.78,57.18,620202,448853,0.026942430796421068,24.67983572011494,46.07200725267745,38.63143629741026
2019-10-24,57.11,57.73,56.61,57.45,480764,443522,0.004710817400598905,24.752559793925677,46.04158064050271,38.63259754778539
2019-10-25,57.28,57.97,56.8,57.89,445020,441829,0.007629653796148631,24.689749861530274,42.80882074270072,38.63481067520552
2019-10-28,57.88,58.15,56.78,57.02,437020,435462,-0.015142574606387254,22.068531105026654,42.4596078262588,38.642395669730725
2019-10-29,57.01,57.12,55.79,56.74,521457,426782,-0.0049226541038207006,21.90350771515621,42.3169987763853,38.62409319817019
2019-10-30,56.73,56.94,55.6,56.25,659328,411933,-0.008673388296175855,20.968365974634484,42.154222300851515,38.55405138457127
2019-10-31,56.09,56.79,54.87,55.35,677419,412776,-0.016129381929883644,21.867330626730592,41.05669597757312,38.57709262697947
2019-11-01,55.32,57.55,55.24,57.42,538117,404503,0.03671601553827197,25.178508201233413,41.33954730718563,38.75948440675812
2019-11-04,57.63,58.67,57.04,57.76,580350,404360,0.005903819891652864,25.154708694582144,40.68755664973628,38.740186037574546
2019-11-05,57.78,58.74,57.52,58.47,435319,396036,0.012217307603008298,25.256556715261986,40.73023528972658,38.75214277997795
2019-11-06,58.5,59.1,57.32,57.57,623258,371300,-0.01551220349986082,26.1488304245305,40.081483615971486,38.74888901293879
2019-11-07,57.57,59.13,57.49,58.39,678165,352155,0.01414304360772791,25.88091682935764,39.80872366859588,38.76868316160914
2019-11-08,58.31,58.72,56.97,58.48,636941,317237,0.0015401731460767038,24.969471999996625,39.6765551456876,38.76698456848086
2019-11-11,58.64,58.64,57.47,58.09,498981,280384,-0.006691283437081771,23.223979676220445,39.682800282324536,38.36889291490072
2019-11-12,58.12,58.79,57.76,58.03,586568,225970,-0.001033413801924264,22.359285703298724,39.379542482618454,38.353436132952886
2019-11-13,58.03,58.81,57.46,58.41,212615,415707,0.006526989849701088,22.224553664746523,39.40144281277201,38.3568225297185
2019-11-14,58.63,59.07,57.96,58.08,238301,427287,-0.005665737535677308,22.264977805476764,39.3834471601195,38.36088265157979
2019-11-15,58.21,59.32,57.72,59.05,269451,443694,0.016563172126830714,22.701413734185103,39.50187746310071,38.38629030179228
2019-11-18,59.19,59.4,57.83,58.35,420045,446570,-0.011925183910806235,23.083222376575314,39.32072718092209,37.78695828425998
2019-11-19,58.2,58.42,56.32,56.52,566256,470723,-0.0318648009162383,25.521957401625432,39.82982712362975,37.85703362248574
2019-11-20,56.43,58.58,56.01,58.21,674891,456331,0.029462603467317355,25.877969787475273,39.98696448821866,37.10384782509183
2019-11-21,58.2,59.91,57.79,59.82,593533,476262,0.027282891918157907,27.50868179661166,40.25063614532168,37.12834542961707
2019-11-22,59.54,59.98,58.71,58.99,508244,472791,-0.013972115186817997,27.98904719928333,40.22576262153332,37.15580152821222
2019-11-25,59.14,59.38,58.42,59.23,420642,468297,0.0040602322738898374,27.34815683681438,39.776537717997265,37.070781936838074
2019-11-26,59.14,59.8,58.98,59.64,443816,468393,0.006898319607663823,27.278758614187517,39.528747855837054,37.00766381907768
2019-11-27,59.5,59.92,58.72,59.34,454256,456055,-0.005042875033861899,27.111590864040764,38.61870159511227,36.99651646479031
2019-11-29,59.36,59.53,56.18,56.33,718724,460065,-0.05205636195605327,32.81569176981669,40.089238785385334,37.16630816349507
2019-12-02,56.64,57.87,56.59,57.14,616423,441048,0.014277143896004487,30.44655892862301,40.19312926906056,37.189544529220306
2019-12-03,57.14,58.0,56.52,57.28,560554,424780,0.0024471258497631627,30.378626845856704,39.90070669740747,37.18393937607496
2019-12-04,57.62,59.9,57.47,59.66,760541,417297,0.040710256434212104,33.476072750726956,40.7568419874091,37.30731143607554
2019-12-05,59.59,60.37,59.33,59.66,649461,406930,0.0,32.90883630546147,40.29745332972187,37.2468458191266
2019-12-06,59.55,61.11,58.92,60.45,679609,377010,0.013154797974199271,32.86144304613052,40.289751051183835,37.135079442544225
2019-12-09,60.36,60.5,59.46,60.26,511561,338500,-0.0031480433586466004,32.90720869242193,40.2749434748755,37.11625127055467
2019-12-10,60.16,60.78,59.75,60.49,566822,292850,0.00380952841666787,32.77138470968721,29.22566972259382,37.10373468969512
2019-12-11,60.31,60.47,59.34,60.0,589650,235868,-0.008133499896722171,32.955639924907096,26.70351441237396,37.01300156465578
2019-12-12,60.12,60.98,59.99,60.43,530851,192116,0.007141108151366568,32.96836464539217,26.47967270329775,36.891996290604176
2019-12-13,60.61,61.76,60.52,61.34,512288,153718,0.014946488312638338,33.1688547774342,26.647458348709012,36.83140757577223
2019-12-16,61.34,61.81,61.12,61.65,234083,400051,0.005041070924247658,32.7814373126036,26.660227304007332,36.05144583123527
2019-12-17,61.68,62.51,61.48,62.4,416419,425279,0.012092045765028772,32.520812247988424,26.70481800457268,35.924085271762465
2019-12-18,62.01,62.65,61.76,62.38,553568,448078,-0.0003205641957246675,29.803911279033823,26.241959271046948,35.575905790154174
2019-12-19,62.34,62.95,62.22,62.72,426341,457079,0.005435664862495137,28.36671499856349,26.068851186364,35.57101478434196
2019-12-20,62.65,62.74,61.53,61.96,552517,437272,-0.012191360493484547,27.466235769061303,26.21016780870423,34.87901307340891
2019-12-23,61.93,62.3,61.61,62.04,314711,427474,0.00129032275967015,26.83398369446193,26.12479463337447,33.88840929490766
2019-12-24,62.16,62.7,61.99,62.65,204535,425048,0.009784343033739297,26.954200848952496,25.151413262054394,33.69962969119783
2019-12-26,62.74,63.39,62.6,63.23,265091,426789,0.009215190728444567,27.013327843245293,25.100261853459273,33.676720424847225
2019-12-27,63.28,63.53,62.78,63.27,351899,417221,0.0006324110882711677,26.866086265170207,24.725624917550977,33.67667367381537
2019-12-30,63.26,63.91,62.63,63.23,427149,411296,-0.0006324110882712081,17.35371425356266,24.702005333035228,33.59483434209859
2019-12-31,63.23,63.44,62.16,62.6,494535,405868,-0.010013593964468956,17.908937047547305,24.821796269799794,33.59544015453022
2020-01-02,63.15,63.15,62.17,62.72,486873,397446,0.0019150979360996131,17.918267354438374,24.81130700046649,33.55026272754159
2020-01-03,62.72,65.7,62.67,64.64,885861,388479,0.030153038170687457,15.290682909434638,25.428963177030216,33.66156922874568
2020-01-06,65.31,66.35,64.22,64.86,724236,368505,0.0033976866663320018,15.219944267097867,25.417184399854715,33.570696695384704
2020-01-07,64.49,64.74,63.67,64.28,582649,355552,-0.008982560009860013,15.51397913368245,25.33660744801273,33.20836497850458
2020-01-08,64.42,67.3,60.64,61.11,1205710,321112,-0.05057302196248776,24.542156826345146,27.28059898614022,33.60156686647611
2020-01-09,61.5,61.83,60.14,61.06,750933,281957,-0.0008185316000923529,24.519364845269777,26.753517267916767,33.54351715689039
2020-01-10,61.11,61.29,60.33,60.53,596186,235115,-0.00871787740313592,24.547418990801592,26.628523639957464,33.46607565583189
2020-01-13,60.53,60.76,59.37,59.54,584002,185715,-0.016490754315965535,25.118392970357085,26.824471034124954,33.370469062831425
2020-01-14,59.54,60.23,59.21,59.75,262787,442810,0.003520835223989726,24.491510068940347,26.75820392922396,33.36973178592949
2020-01-15,59.72,59.9,58.89,59.32,271198,458296,-0.007222673541888728,24.456356190526233,26.80193279432055,33.37446023509697
2020-01-16,59.6,60.38,59.07,60.02,426333,468254,0.011731322742489825,24.429252611010362,26.834038536211153,33.24517725728532
2020-01-17,60.11,60.51,59.8,60.08,415846,458850,0.0009991674436582662,24.44537364471648,26.615780947072025,33.18716683690063
2020-01-21,60.87,61.3,59.18,59.87,648335,472315,-0.0035014625186186466,24.29610762394419,26.087765248667296,33.180113861946026
2020-01-22,59.75,59.87,57.46,58.19,620119,483899,-0.028462026268682068,25.81161852582168,26.750921312602266,33.292594007521274
2020-01-23,57.54,57.71,56.17,57.01,703995,479247,-0.020486827625088102,26.465240781929484,27.037041967803837,33.34057590800382
2020-01-24,57.11,57.38,55.23,55.57,586195,487487,-0.02558320375166054,26.954804840396402,27.36526167721659,33.28219483800953
2020-01-27,55.07,55.08,53.46,54.5,712880,482572,-0.019442785622631444,26.72842362348916,27.62763046693854,33.24473443864975
2020-01-28,54.12,55.44,54.03,54.85,633963,478095,0.006401485052040889,27.035876339161785,27.613870651504733,33.20579244071218
2020-01-29,55.35,55.76,54.16,54.69,624979,475517,-0.0029213093625579042,26.974938444061987,27.424958210800437,33.197033424358736
2020-01-30,54.45,54.56,52.98,53.47,720123,469599,-0.022560128398041158,27.50750738660611,26.697844888531808,33.16074749332947
2020-01-31,54.27,54.72,52.27,52.88,827907,474837,-0.01109555341720933,27.2796424019965,26.73226209994103,33.15474264775424
2020-02-03,52.31,53.3,51.07,51.39,876044,470020,-0.028581594539292668,24.002465947960584,27.144389581953572,33.23651148273634
2020-02-04,51.22,52.87,50.57,50.88,859357,458035,-0.00997368197227152,23.364791746426402,27.051522274623697,33.24354907227055
2020-02-05,50.77,53.21,50.73,52.05,887946,442120,0.022734876029111038,26.442723874115874,27.32721370931882,33.22540390594782
2020-02-06,52.48,53.53,51.52,52.25,750659,430469,0.0038350957839424884,22.239803008245946,27.343651813961262,33.227364525156396
2020-02-07,52.42,52.79,51.37,51.61,768345,379169,-0.012324438684284584,22.133331620086548,27.410299430912943,33.24631269915891
2020-02-10,51.4,51.78,50.68,50.84,715894,335932,-0.015032005839382426,22.258219286783103,27.53966815551145,33.2528925168347
2020-02-11,50.88,51.98,50.85,51.22,725733,278095,0.007446634450125748,22.76624263475507,27.552763807186125,33.22332588532982
2020-02-12,51.22,53.02,51.22,52.49,292195,349383,0.024492594492829256,25.202617053981403,28.07843787745362,33.3042188473474
2020-02-13,52.96,53.29,51.89,52.75,311008,383302,0.004941097091967344,25.522726910267657,27.855938104093457,33.236034640169734
2020-02-14,52.82,53.67,52.64,53.42,281387,390607,0.012621435325638865,25.60595897661392,27.932009688689284,33.25037744711831
2020-02-18,53.59,53.76,52.23,53.39,723143,412482,-0.0005617451697199379,25.55673523318726,27.20439422457438,33.22472525866231
2020-02-19,53.46,55.0,53.26,54.62,655495,416247,0.022776653533464128,27.51168159144021,26.918153802299077,33.30454281878086
2020-02-20,54.83,55.81,54.56,55.01,676179,415564,0.007114870841807872,26.28830830305614,26.321833367706766,33.30821236118547
2020-02-21,54.87,54.99,53.66,54.5,707555,407589,-0.009314285218168333,25.581532381754222,26.243983097503648,33.17128289141454
2020-02-24,53.71,53.75,51.51,52.51,765515,412024,-0.037197074019430544,27.263331980500645,27.226415104193986,33.37849140721229
2020-02-25,52.45,53.12,50.74,50.95,764989,415400,-0.03015886798103403,28.37209800768251,27.762618115267664,33.408823512894955
2020-02-26,51.13,51.5,49.32,49.76,884482,418249,-0.023633311237809894,28.99665612920243,28.09125434648516,33.48419157797736
2020-02-27,49.65,49.81,46.85,48.08,1011915,427227,-0.03434515820397186,30.80561936670612,26.98099702092098,33.564677783677475
2020-02-28,47.47,48.02,44.77,45.7,1101659,430959,-0.05076799232679308,34.20315531882976,28.489927323216996,33.90469821068821
2020-03-02,44.62,48.56,44.23,47.73,949471,418911,0.04346183311764613,38.7032593226509,30.065727616315147,34.197129444990956
2020-03-03,48.72,49.68,47.45,48.17,1011933,410273,0.009176289624324343,37.981859943973156,28.772566403052746,34.207764372262076
2020-03-04,47.93,49.43,47.63,47.76,745856,403390,-0.008547951557782851,37.951672087960354,28.780652308334986,34.20600343229865
2020-03-05,48.12,48.57,46.61,46.87,704591,392112,-0.018810657149731857,37.045782711003824,28.726220565214156,34.24006121778767
2020-03-06,47.06,47.36,41.91,42.15,1276180,358981,-0.10614312748675031,51.29910083956343,35.51222681234011,35.80724868764734
2020-03-09,33.56,35.61,27.92,31.79,1774383,341974,-0.2820829095251531,109.1509527167234,66.74910405973048,45.56937835475421
2020-03-10,31.01,35.76,30.84,35.08,1064632,300025,0.09847939258127089,117.53433769816131,70.40172575958694,46.60852654164792
2020-03-11,35.35,37.12,33.25,33.67,874646,265605,-0.041023934330999025,117.37146264349472,70.62330620751703,46.76655068599535
2020-03-12,33.77,34.34,30.65,32.16,1025036,221602,-0.04588378886221771,116.41003056662085,70.814856371904,46.970299911091104
2020-03-13,31.42,34.58,30.97,32.4,743129,172993,0.007434978487518212,116.4970035892947,70.8393690732181,46.96568510867751
2020-03-16,32.4,33.5,28.25,28.74,443048,472470,-0.11986854214740479,120.3463420516536,74.11083204041746,48.420468461977755
2020-03-17,28.73,30.34,26.82,27.09,520078,484337,-0.05912522455387511,120.17742297543172,74.66159453621883,48.70945361498291
2020-03-18,27.06,27.35,20.34,20.64,1001245,500095,-0.27193371548364165,144.75395023133498,91.36412168351909,55.67786138342801
2020-03-19,22.62,28.03,21.58,25.68,1191520,529246,0.21848153820839844,172.36575297379534,103.47468060375087,59.992395231515715
2020-03-20,25.36,28.24,22.19,22.43,1133808,541043,-0.13531313028964354,175.3525634052902,106.32212713824185,61.436123316921986
2020-03-23,22.32,23.85,20.61,23.15,852951,546699,0.03159543200012601,177.41494752275327,106.64988478755859,61.49727538652184
2020-03-24,23.66,24.94,22.88,23.8,659697,542885,0.027690800145185983,179.06237480819058,106.90774608462948,61.576847871218085
2020-03-25,24.15,25.01,22.71,24.27,618725,550318,0.019555439061080933,180.17661381705403,107.10579805055143,61.62105716415618
2020-03-26,24.03,24.43,22.18,22.4,633877,564179,-0.08018006087751588,180.8574895310575,107.85731912195129,62.07134587269112
2020-03-27,23.08,23.23,20.69,21.32,603124,579954,-0.04941535956335032,180.8456499815584,108.04581045725772,62.17378697821546
2020-03-30,20.74,20.74,19.1,19.91,758711,610071,-0.0684234812215389,178.4968017440389,108.45422872639719,62.471194647742024
2020-03-31,20.05,21.69,19.83,20.3,660082,627441,0.019398767971636744,178.93491210395752,108.26775882520279,62.517378125126285
2020-04-01,19.92,21.36,19.72,20.13,703286,628603,-0.008409646396041645,178.93847177339836,108.18902852295909,62.5184361369824
2020-04-02,21.03,27.15,20.57,25.09,1095972,634727,0.22025812072663092,201.90832420967445,118.81912849843539,66.44170282848977
2020-04-03,24.59,28.87,23.31,28.09,1007577,595835,0.11294428073782141,206.06343893021136,121.46430699855185,67.42376196196767
2020-04-06,25.86,27.99,25.05,25.85,752710,579261,-0.0831030401617141,183.39289006450454,122.28101078119589,67.89609820953577
2020-04-07,26.1,27.0,23.33,23.42,797707,516106,-0.0987202427848668,181.2191317440157,123.4898703720539,68.54849830502091
2020-04-08,24.08,26.21,23.53,24.87,823554,445563,0.06007189964574197,183.22052096400634,124.46524200213767,68.8405164586848
2020-04-09,26.05,28.11,22.37,22.56,1122149,374727,-0.0974838311854553,185.272641198971,125.55541152115231,69.47340918081862
2020-04-13,22.56,22.76,21.04,21.78,399067,431214,-0.03518630912504357,185.1225522321527,125.60047758871262,69.54267091709902
2020-04-14,21.74,22.3,20.29,20.4,436459,478217,-0.0654572166546438,182.20843660381576,125.8501307136394,69.79734941416844
2020-04-15,20.73,20.95,19.24,19.39,367570,498778,-0.0507774315956102,181.97724938599399,125.96380626886969,69.9505551344485
2020-04-16,19.55,20.1,18.56,19.01,439665,532934,-0.019792312754222573,155.1017732747136,125.92326790743809,69.96178992759074
2020-04-17,19.67,19.94,18.29,18.63,712975,538038,-0.020191971886840868,130.92513212947085,125.90846796360644,69.92207421012108
2020-04-20,18.43,18.55,15.03,15.21,1319926,581636,-0.2028200783422955,140.89466920749976,131.42557970203288,72.6634107892429
2020-04-21,15.87,16.81,4.84,8.61,2288230,460054,-0.5690287878315622,239.11799294802006,172.7484631533563,92.06203534939526
2020-04-22,9.77,12.05,7.64,10.26,1235218,379358,0.17532852130298401,250.8884512148314,177.8452595562741,93.88839107446361
2020-04-23,10.57,13.59,9.94,12.28,833584,360880,0.17971908297637296,262.28891408603573,182.74961681383206,95.72358915479442
2020-04-24,12.49,13.38,11.64,12.61,600220,327469,0.02651822725783169,262.5351033773303,183.00056364903884,95.77665464316247
2020-04-27,12.54,12.64,8.84,9.51,623201,325985,-0.28214627341952925,277.5363101375906,190.46626171515985,99.68276393213293
2020-04-28,9.65,10.19,7.5,9.19,897087,317760,-0.03422794018970327,277.34315763217427,190.43352301102,99.71778260626645
2020-04-29,9.94,12.49,9.43,11.21,554134,285537,0.19869030071647306,289.36235681418714,196.07565315586336,101.82776545370096
2020-04-30,11.64,14.47,11.5,14.03,545344,273497,0.22439165703030084,303.1064329782259,202.63510617279442,104.43965210885831
2020-05-01,14.17,15.25,13.45,14.73,403201,260982,0.04868833636016939,291.0957994985947,202.9465037927589,104.57840632885089
2020-05-04,14.23,15.95,13.44,15.18,311488,258331,0.030092541492944897,287.28766604938846,203.15519305262754,104.63762756934483
2020-05-05,15.81,18.98,15.73,18.28,387240,256665,0.18582879405852015,296.50273874769334,207.51204202954082,106.3766283100793
2020-05-06,19.0,19.41,16.81,17.86,381165,237464,-0.02324399057765106,294.9610772559004,207.51503562675717,106.39226270126827
2020-05-07,17.93,19.91,17.08,17.53,310261,213681,-0.01864987651520971,293.6757982172809,207.4502947211239,106.40011080207756
2020-05-08,17.38,18.6,17.32,18.42,205181,206986,0.04952333189401769,292.9999442438766,207.73184746954013,106.540305546643
2020-05-11,18.23,19.04,17.62,17.97,179591,190103,-0.02473333003169324,292.90489651376146,207.68422525881704,106.54069232438457
2020-05-12,18.23,19.53,18.03,19.19,212335,154375,0.06568560922414096,293.2876719046395,208.30163032225198,106.77302746183204
2020-05-13,18.83,19.69,18.45,18.83,150864,134982,-0.018937967350547664,292.81795464134166,208.2734944070127,106.76715039027663
2020-05-14,18.83,20.49,18.53,20.21,413435,310052,0.07072618874646873,293.82766071340683,208.8991455771262,107.0367819233837
2020-05-15,20.31,21.62,19.96,21.4,425167,308131,0.057213390612275955,294.2994970726153,209.3934828349427,107.21308220031005
2020-05-18,21.61,24.0,21.42,22.94,561527,306243,0.06949118967341901,284.2610485269318,210.11827481561917,107.46929543537367
2020-05-19,23.48,23.86,22.57,23.17,430823,298225,0.009976226743060127,180.25911303059752,210.12228728852668,107.45302523507574
2020-05-20,23.12,24.49,22.88,24.28,406431,291719,0.046794627747012554,174.02503996733068,210.4554006875241,107.43103060951444
2020-05-21,24.31,25.13,24.11,24.59,372814,282132,0.012686890036803525,166.56982406991455,210.50387766113468,107.43175592332905
2020-05-22,24.61,24.65,22.27,24.1,429036,276814,-0.020128015731491856,167.6935633850826,210.45885073685776,107.43731460938221
2020-05-26,24.14,25.24,23.55,24.9,466737,270931,0.0326559629740525,119.7607038033331,210.48864127366218,107.49908351206786
2020-05-27,24.75,24.88,23.02,23.79,415246,266566,-0.04560247915579555,120.86112183863334,210.31159170331256,107.52480338807379
2020-05-28,23.27,24.8,22.57,24.44,440168,260121,0.026955809988528295,106.95169226886057,210.41816610136343,107.43733433749681
2020-05-29,24.42,25.93,23.46,25.73,443647,254909,0.05143649199025823,81.859062300625,210.81051205903748,107.57733518809624
2020-06-01,25.53,26.03,24.84,25.69,385710,243333,-0.001555815171860562,82.3056373912527,210.8104485053972,107.57485600489399
2020-06-02,25.78,26.87,25.58,26.69,343483,240109,0.0381871522946405,82.38551580575354,210.07343537344775,107.60787168180406
2020-06-03,26.72,27.68,26.01,27.03,494253,243804,0.012658396871923465,57.66956557644578,202.16078711691782,107.59962134710915
2020-06-04,26.65,27.27,26.37,27.12,307612,237893,0.003324102783838621,55.79494727390303,201.06418800254485,107.56194706606716
2020-06-05,27.06,28.77,26.86,28.67,396856,226110,0.05557981682308369,55.03523143406957,201.2849234476569,107.71613547196826
2020-06-08,28.57,29.32,27.52,27.69,416639,219058,-0.03477994271240796,58.02538139320881,201.19596900536564,107.76424075778435
2020-06-09,27.71,28.35,26.87,28.23,396033,199619,0.019313905082527383,55.53625677699975,201.23573260223625,107.71865039877689
2020-06-10,27.91,28.93,27.35,28.71,385868,186277,0.016860251867574647,53.16405484255068,199.76928969863064,107.70396230380754
2020-06-11,28.34,28.34,25.67,26.34,513912,176347,-0.08615679781783767,63.973184115369094,200.1872794481533,108.02851964790953
2020-06-12,26.29,26.82,25.0,26.29,406508,151371,-0.0019000575733451193,60.97477618458096,192.03003021916848,108.025166779752
2020-06-15,26.29,27.21,25.13,27.13,262235,274567,0.031451487929050635,59.16447399349424,186.864909249518,108.00801701521563
2020-06-16,27.1,28.53,26.58,28.02,299659,287693,0.0322784142380205,55.73199386812158,184.7913865481659,108.06559075855986
2020-06-17,27.7,28.28,27.17,27.7,289579,305670,-0.01148612771556814,56.25158282808288,184.72460811018755,107.90775071220939
2020-06-18,27.55,28.4,27.11,28.31,341476,307691,0.021782685930515504,54.697669134964535,184.69483175670044,107.9324072731461
2020-06-19,28.29,29.43,27.92,28.87,497181,304134,0.01958789455103558,54.836161477105136,184.69495694334725,107.95040104605738
2020-06-22,28.29,29.56,28.27,29.53,315264,313893,0.022603702080987498,54.01835607449685,183.91993652591822,107.98058532500892
2020-06-23,29.49,30.18,28.82,29.27,368730,312290,-0.008843595052036851,53.73394126731655,183.59861647319448,107.9422872666848
2020-06-24,28.99,29.39,27.05,27.56,499490,303081,-0.06019765455833668,55.87513192155599,183.46526230342744,108.09462170099921
2020-06-25,27.58,28.44,26.88,28.07,451640,301682,0.018335944228333362,55.556948699482476,183.46193254131634,108.10801744753118
2020-06-26,28.34,28.53,27.4,27.9,356712,296643,-0.0060747015464712294,53.14376393625838,183.45504882378626,108.09965357850437
2020-06-29,27.52,28.92,27.19,28.78,343913,287515,0.031054012631901842,53.94228575274701,178.00921607463977,108.05291188836621
2020-06-30,28.74,29.06,28.16,28.47,370059,271877,-0.010829800169275644,52.81875717672973,176.523975922075,108.03301436390468
2020-07-01,28.88,29.42,28.31,28.87,407170,262852,0.013952092384897587,52.85137825171273,175.68577925810126,108.04471195527353
2020-07-02,28.84,29.53,28.61,29.47,347096,256512,0.020569803074759637,53.206067818457846,174.4660801832119,108.0689682924255
2020-07-06,29.27,29.78,28.88,29.45,373236,245607,-0.0006788866520076761,49.62107194239379,174.0734000753593,108.06758404311259
2020-07-07,29.49,29.69,28.93,29.45,256596,237472,0.0,47.764103596838936,172.81617024376183,107.96510503127317
2020-07-08,29.35,29.78,29.22,29.65,286740,216161,0.0067682153461388105,47.404852819179816,172.61903790490095,107.96948487146405
2020-07-09,29.63,29.72,28.47,28.72,367386,194651,-0.031868381263711054,48.581771951792525,172.16895852637006,108.00810505915474
2020-07-10,28.69,29.56,27.94,29.4,393149,169194,0.023400930164612577,36.989059342672675,171.8003831270893,108.0374973843793
2020-07-13,29.25,29.52,28.61,29.07,370715,143723,-0.011287959773851284,37.38598168488356,171.75270275774358,107.9981393583164
2020-07-14,29.07,29.77,28.68,29.59,238302,439498,0.01772975184133369,36.40398260017691,171.6713348912943,108.0115108333021
2020-07-15,29.76,30.25,29.42,30.21,248300,454774,0.0207365289864623,35.447104431129375,165.98067160305018,108.00983465198107
2020-07-16,30.06,30.19,29.69,29.87,203851,462721,-0.011318363170562132,35.43758115671093,113.83726407547672,108.0098859855934
2020-07-17,29.84,29.95,29.32,29.73,272444,462973,-0.00469799521801216,34.894943808495675,109.28246920810389,108.00459661369561
2020-07-20,29.75,29.93,29.17,29.86,329773,470498,0.004363155101038078,34.31674109968624,103.95983220374103,107.99974377340116
2020-07-21,29.77,31.02,29.73,30.59,389117,467651,0.024153366051767825,34.44618967453024,103.94958481681027,108.02496217111037
2020-07-22,30.31,30.67,30.02,30.57,333647,467297,-0.0006540222600689172,34.23373053668319,83.62912531739038,108.02397379733665
2020-07-23,30.61,30.91,29.79,29.97,389412,455544,-0.019822254574171333,26.633735940095924,83.28551707677732,108.03633556351029
2020-07-24,29.96,30.41,29.67,30.13,353159,453198,0.005324471813638126,26.11261561508301,74.50051609074272,108.02957608794779
2020-07-27,30.11,30.52,29.54,30.35,377714,455271,0.00727516436329751,25.889629142732527,60.6139081747013,108.00915669246707
2020-07-28,30.39,30.6,29.81,29.95,276804,451039,-0.013267192944049022,24.539080227183153,60.37914990714132,108.00785144572254
2020-07-29,30.01,30.33,29.87,30.11,295855,439683,0.005328017932184218,24.085366693781125,60.272382032922145,107.71298508187397
2020-07-30,30.15,30.2,28.25,29.13,487325,433568,-0.03308877152229925,26.828510588270493,48.82550143222293,107.70359308874649
2020-07-31,29.44,29.59,28.94,29.38,318788,412279,0.008545599774387947,25.95779403647804,48.39590423736861,107.69917329436602
2020-08-03,29.47,30.09,28.88,29.92,338326,393192,0.018212982360545426,26.76081247637273,48.1080557856156,107.7053592339573
2020-08-04,29.76,30.7,29.29,30.43,451575,393668,0.016901810802603254,27.36030512685345,47.39098340159368,107.62232023771152
2020-08-05,30.33,31.76,30.26,30.79,491268,393357,0.011760998027529362,27.54130216950822,46.88980921240228,107.58863250966628
2020-08-06,30.79,31.12,30.36,30.61,359610,380136,-0.005863208979087815,24.716099307437617,45.46479129440425,107.51792224542855
2020-08-07,30.62,30.81,29.96,30.08,398997,339035,-0.017466253875682142,24.5395080516217,45.428834082211175,107.52353788127733
2020-08-10,30.28,30.89,30.04,30.6,367796,298735,0.01713950987669621,24.703635771100323,43.54727605103127,107.46183196111674
2020-08-11,30.63,31.33,30.27,30.36,432843,256764,-0.007874056430905996,24.28728297992074,42.363028373206156,107.436276868799
2020-08-12,30.37,31.3,30.3,31.14,397831,195634,0.025367213878423167,24.828771543857307,40.45292321295144,107.46507649296515
2020-08-13,31.06,31.26,30.71,30.82,329507,154923,-0.010329336513882636,24.76336041186363,40.5621354167927,107.46380122525572
2020-08-14,30.82,30.98,30.32,30.6,180371,338286,-0.007163820933634585,24.861355888233234,39.67110094842188,107.431719109534
2020-08-17,30.7,31.28,30.44,31.22,193105,356497,0.020058906128950844,25.715549549760254,39.76983975714176,107.45542007372396
2020-08-18,31.13,31.31,30.66,31.18,285141,359803,-0.0012820514576555005,24.389901261497275,39.46831852114499,107.4540214888565
2020-08-19,30.96,31.25,30.77,31.18,304944,373131,0.0,24.38528247155596,39.03095715227516,107.45370309402557
2020-08-20,31.06,31.08,30.11,30.97,377070,381581,-0.0067578696445190255,23.324448654180134,37.723078718193406,107.43735405204585
2020-08-21,30.92,31.07,29.98,30.62,345368,376131,-0.011365603755573618,23.723850104413838,37.561386641607484,107.4384736950583
2020-08-24,30.72,31.02,30.54,30.82,294731,370481,0.006510439662432063,23.697733644455884,36.230473968996456,107.40976783362461
2020-08-25,30.63,31.51,30.6,31.35,330800,378145,0.017050437186959998,23.75964023393292,36.33088000357361,107.41282995099392
2020-08-26,31.38,31.66,31.1,31.38,262243,379823,0.0009564802259568144,23.736023813275576,35.598517839845,107.39656447462724
2020-08-27,31.42,31.46,30.63,31.13,320968,372309,-0.007998762851369773,20.21751960769715,35.60337707724195,107.36540960449459
2020-08-28,31.08,31.4,30.87,31.07,272800,362305,-0.0019292610485606783,20.20034185497972,35.613538268937745,107.3485797847269
2020-08-31,31.03,31.51,30.78,30.81,236877,354093,-0.008403410796379504,19.709643387776385,33.89499079825932,107.2569805816246
2020-09-01,30.97,31.41,30.89,30.92,285146,337933,0.0035639111106448365,18.875149755502303,33.05707488595381,107.25823723837958
2020-09-02,31.11,31.25,29.82,30.02,421771,333973,-0.02953939751390537,21.23900453037304,33.467624843246554,107.29052708064603
2020-09-03,30.11,30.22,29.09,29.92,417634,326799,-0.0033366730990393727,21.18534376010629,33.31506044796028,107.25902954459063
2020-09-04,29.83,30.28,28.46,28.76,444184,309287,-0.0395416202534306,24.613500929600736,29.24616942401983,107.32151027920152
2020-09-08,28.55,28.63,26.13,26.58,720975,269778,-0.07882647956774674,35.676223043339874,33.55582435096866,107.56039361337055
2020-09-09,26.61,27.81,26.15,27.52,455356,247194,0.034753959780043774,38.630887293437056,33.693806472922674,107.62356247535169
2020-09-10,27.34,27.61,26.71,26.97,367555,226703,-0.020187875913504322,37.255183411696535,33.27589371929947,107.6372362896
2020-09-11,26.76,27.35,26.52,27.0,363787,204256,0.0011117288526904154,37.34848636693705,33.20052597108538,106.74683867816096
2020-09-14,27.0,27.26,26.65,26.97,185186,330422,-0.0011117288526905406,37.39847093017094,32.87634610101698,106.60249151063428
2020-09-15,27.0,27.87,26.82,27.68,217077,347206,0.025984993597830228,38.00694206674473,33.071416778096726,106.63215633611998
2020-09-16,27.75,29.14,27.73,29.01,283420,365913,0.046930467383843814,42.4024629188953,34.16144163523239,106.74886608254153
2020-09-17,29.01,29.78,28.48,29.6,270184,374695,0.02013376319670214,43.22393266137405,34.36732298048255,106.77383004010335
2020-09-18,29.58,29.95,29.09,29.67,280854,372537,0.0023620729727157528,43.2288080446065,31.981074840039398,106.76809065346848
2020-09-21,29.57,29.79,27.91,28.39,405205,366912,-0.04409946381785068,45.6487724599233,33.094956948436014,106.82906392066585
2020-09-22,28.6,28.91,28.14,28.58,287807,369440,0.006670202016841548,45.653584493925706,33.09499998347408,106.82747086088573
2020-09-23,28.55,29.26,28.19,28.67,318754,363030,0.003144107393557169,45.07552291509625,32.479444863807586,106.82905839347892
2020-09-24,28.43,28.98,28.09,28.94,269992,360410,0.00937344130805943,45.308287194526365,32.45731361468896,106.83420443699478
2020-09-25,28.83,29.18,28.51,28.9,229025,355229,-0.001383126084951464,45.29261669377093,32.333182207618286,106.78932377726396
2020-09-28,28.77,29.29,28.56,29.15,226425,355663,0.00861331767811493,45.50190864181151,32.100580036418854,106.7936938682349
2020-09-29,29.14,29.22,27.58,28.21,379599,355971,-0.032778387782596424,46.679738569927636,32.78849955082751,106.82487612838469
2020-09-30,28.12,28.98,27.77,28.88,340294,350342,0.023472789010720484,47.655439505156956,33.16118382221021,106.8568947937729
2020-10-01,28.65,29.06,27.0,27.8,443442,345967,-0.03811329332803407,48.37069728958583,34.01571624926997,106.91245400020001
2020-10-02,27.71,27.75,26.3,26.6,391428,335875,-0.04412480490893794,50.4369523049573,34.57773593145937,106.99328697642432
2020-10-05,26.57,28.52,26.57,28.16,378579,324206,0.05699131550218817,53.44240291928922,36.24669980570563,107.1618068210016
2020-10-06,28.25,29.34,28.07,29.2,400531,306975,0.036266177984394354,46.37617720596047,36.95760901244326,107.23271474224991
2020-10-07,28.6,28.97,28.2,28.68,433065,268430,-0.01796869354281644,45.61447183663599,36.95333252904836,107.22373796594778
2020-10-08,28.71,29.67,28.55,29.57,409787,233004,0.03056031813296628,45.887107891202845,37.24836554415241,107.2488039157478
2020-10-09,29.66,29.77,28.99,29.15,331703,198765,-0.0143054210678845,46.366456197738145,37.29091679773211,107.23293271804638
2020-10-12,29.01,29.04,28.03,28.31,322035,173494,-0.029239813672693165,47.81649055010381,37.74792302402242,107.25977791950017
2020-10-13,28.38,29.1,28.25,28.86,375470,132930,0.019241454221916674,47.43417912462339,37.95767482849117,107.27370691141553
2020-10-14,28.86,29.53,28.6,29.47,264494,408135,0.020916243403878498,45.009168770822846,37.87333025673652,107.29132348047467
2020-10-15,29.53,29.63,28.17,29.4,281940,418420,-0.0023781224049674358,44.431376613824355,37.875041320705925,107.29131699119144
2020-10-16,29.34,29.44,28.76,29.31,256540,420294,-0.0030659196218349003,44.42938747090288,37.667876654977306,107.29048248549411
2020-10-19,29.17,29.55,29.06,29.27,314646,424131,-0.0013656540190065865,41.36531841576965,37.649618121838586,107.27076515844499
2020-10-20,29.18,29.87,28.84,29.73,360574,426920,0.015593536306211866,41.632897986971706,37.76125707582334,107.24521330518162
2020-10-21,29.38,29.65,28.36,28.53,366899,420753,-0.04120047178459765,44.354119722727575,38.59430875249595,107.31250609151455
2020-10-22,28.54,29.24,28.31,28.97,307494,410635,0.015304646555850381,44.57413056065891,38.71603992206016,107.32282117308336
2020-10-23,28.95,29.17,28.21,28.41,268931,406342,-0.019519615915162394,45.11321257892055,38.32827144454623,107.32882787770357
2020-10-26,28.29,28.33,27.29,27.49,360184,407185,-0.032918893688942324,46.349003191845654,38.8525512988814,107.37126387461127
2020-10-27,27.51,28.39,27.45,28.21,339535,395374,0.02585422283675076,46.01284614507256,39.04593233366005,107.40842340870901
2020-10-28,27.78,27.81,26.35,26.65,489954,387243,-0.05688737440205147,49.30009546542182,40.50367502084245,107.53763766768378
2020-10-29,26.65,26.92,24.89,25.78,568816,380526,-0.03319015310081216,48.8776772749705,40.88720373188154,107.50588106254597
2020-10-30,25.71,26.09,25.1,25.51,388971,378990,-0.010528465357321265,46.60069721023321,40.9125237577171,107.50445214047109
2020-11-02,25.12,26.48,23.98,26.24,489204,366840,0.02821443192216812,42.71951660458818,41.29374485681952,107.53976555055328
2020-11-03,26.4,27.32,26.07,26.85,410611,338582,0.022980856878985573,41.31521528555488,41.42818760078233,107.56462155242046
2020-11-04,27.19,27.98,26.56,27.91,437000,325536,0.03871922659335696,43.643266691073684,42.24696755165537,107.6326581019907
2020-11-05,27.92,28.05,27.28,27.65,298366,313589,-0.009359319579887013,42.04172497714704,41.90518242133178,107.63361647856166
2020-11-06,27.47,27.52,26.42,26.47,411026,288041,-0.043613711729333926,44.281567392723225,42.735351479446784,107.71025295471541
2020-11-09,26.62,29.46,26.49,28.72,622921,258410,0.08158172794101363,52.82529978854801,46.0652610584028,108.04548324139851
2020-11-10,28.45,29.83,28.09,29.48,457045,246475,0.026118323141112464,53.20018250285607,46.20043533714497,108.08052225920663
2020-11-11,29.79,30.69,29.45,29.55,443772,237835,0.0023716765309713117,52.68707576061432,46.20540098231743,108.08132905044394
2020-11-12,29.56,30.07,29.13,29.31,401031,214098,-0.008154989129306255,52.7634795120189,46.22887450445775,108.06522672991375
2020-11-13,29.31,29.31,28.69,28.74,201433,367844,-0.01963887407192225,53.21087054998801,46.372181649726144,108.07459207310612
2020-11-16,28.76,30.12,28.74,29.57,238437,386778,0.028470453213507045,54.22660099275549,46.71821175128266,108.0803257343773
2020-11-17,29.62,29.82,29.03,29.62,236667,412079,0.001689474975266979,53.93747123576135,46.69739610716579,108.03292417558245
2020-11-18,29.55,30.36,29.38,29.88,322651,426611,0.008739551424963833,51.770241784367535,46.59370085592602,107.99687137140559
2020-11-19,29.78,29.98,29.35,29.8,313376,425230,-0.0026809667532577126,51.56479607525982,46.593805943136125,107.99097490719927
2020-11-20,29.79,30.26,29.6,30.17,276340,426480,0.012339659659611013,51.087392488277025,46.647134384781765,107.9994435495788
2020-11-23,30.2,30.84,30.08,30.63,300717,418318,0.015131867673714165,49.426169307642475,46.75606605350974,108.01001097593652
2020-11-24,30.47,32.15,30.46,31.94,418527,409337,0.04187922194218266,50.6183489830994,47.51048053169606,108.1022544686999
2020-11-25,31.88,32.9,31.82,32.51,417182,407944,0.017688591528947605,44.88635015978855,47.636129597368274,108.00527627487632
2020-11-27,32.65,32.78,31.69,32.38,365128,406432,-0.004006786066324793,42.28745078022506,47.22637295082061,107.99264794144653
2020-11-30,32.25,32.58,31.6,32.25,370755,398824,-0.0040229050077076915,41.9013660834856,47.22943589604929,107.99174031067822
2020-12-01,32.06,32.51,31.38,31.69,314919,387259,-0.017516869538952096,42.651758467217405,46.62881972958437,107.91525900638825
2020-12-02,31.57,32.66,31.24,32.21,368854,377052,0.016275789640277986,42.43519624762887,43.595778546029315,107.93149225665695
2020-12-03,32.0,32.61,31.77,32.46,350768,363893,0.00773159874333779,40.96673599028315,43.109483522356854,107.92492218175853
2020-12-04,32.46,33.2,32.44,32.9,335453,358034,0.01346409568488093,40.51577706674037,42.895770512287655,107.93677937416
2020-12-07,32.83,33.1,32.26,32.55,348871,330173,-0.01069528911674803,36.3500452818283,42.98978740498286,107.938129980177
2020-12-08,32.48,32.67,32.11,32.43,332641,300016,-0.0036934483353516095,25.020525715989876,43.003884415192125,107.93669639409116
2020-12-09,32.43,32.89,31.97,32.38,434976,265488,-0.0015429720697374156,23.986732205631984,42.74671769387846,107.93239913994792
2020-12-10,32.5,33.96,32.38,33.27,447529,243653,0.0271151417808962,25.244397041640816,42.05660892060664,107.95921226966907
2020-12-11,33.41,33.64,32.96,33.12,367305,212885,-0.004518760513326601,25.00722147620884,41.912919974948956,107.9567680392052
2020-12-14,33.12,33.58,32.39,33.29,203128,332355,0.0051197220698747095,23.09735830638308,41.918105066470886,107.9495091735706
2020-12-15,33.31,33.81,32.98,33.73,219989,360911,0.01313059748662532,21.84466258337362,40.862153164935386,107.96072123146693
2020-12-16,33.72,33.97,33.42,33.89,226211,380554,0.00473233654540124,21.78089493552528,40.85639015213829,107.96022378734689
2020-12-17,33.94,34.45,33.89,34.27,243856,389167,0.011150350267557558,21.827105773881637,40.89186536630825,107.96437030126586
2020-12-18,34.29,34.9,34.08,34.76,300144,391240,0.014196964510673715,21.67086354753217,40.93603341703214,107.9765730810252
2020-12-21,34.78,34.81,32.65,33.87,478098,389343,-0.025937633567511015,24.63951035297174,41.3568466159784,107.995615619993
2020-12-22,33.84,33.86,32.9,33.2,295737,378822,-0.019979790907237286,25.9880391030607,41.59505076074282,108.00345039040735
2020-12-23,33.03,34.24,32.59,33.97,344306,377289,0.022927906250049496,23.02938415894183,41.160464465697814,108.03334793917618
2020-12-24,33.95,34.32,33.58,34.05,167390,372121,0.002352250423028867,22.37323780715029,40.940891683221345,108.03428227282643
2020-12-28,34.05,34.56,33.53,33.62,238462,369491,-0.012708904615051789,22.906204752617203,40.182026761431786,108.03652439867528
2020-12-29,33.69,34.13,33.66,33.89,213778,362267,0.007998857638490507,22.892865509267214,38.9631603649752,108.04075950189693
2020-12-30,33.98,34.35,33.61,34.17,266957,364939,0.008228080508240632,21.703303448276166,37.38199748419886,107.99619032482116
2020-12-31,34.13,34.3,33.72,34.25,181894,367996,0.0023384985810338877,21.19585559175471,36.74229008464721,107.99565232959264
2021-01-04,34.17,35.18,33.31,33.62,528525,357839,-0.018565436727764863,22.447345647545447,36.75679986119579,108.00571038443316
2021-01-05,33.45,35.44,33.35,35.25,643191,334500,0.047344401277808174,27.454360152482156,37.455473816311965,108.01288847834638
2021-01-06,35.17,35.96,34.93,35.74,509365,312617,0.013804980473004365,27.155973030137098,37.34591213856339,108.02476017658779
2021-01-07,35.67,36.2,35.57,35.88,369292,292709,0.0039095274593133125,26.978762491750068,36.72126482261709,108.02442055016972
2021-01-08,35.96,37.24,35.87,36.88,499416,278072,0.027489361497797765,27.986517964720825,36.906405010037766,108.0553319611455
2021-01-11,37.12,37.21,36.36,36.89,394822,240536,0.0002711129201911798,26.96834925260468,36.74648330023138,108.05416975333999
2021-01-12,36.84,37.73,36.76,37.57,400200,196671,0.01826534797729319,27.09572977896076,36.843026081776756,108.07183214519698
2021-01-13,37.64,38.07,37.12,37.35,429898,148841,-0.005872948007051169,27.438219400468604,36.87078310421611,108.06393297881847
2021-01-14,37.35,37.99,36.94,37.87,320723,437411,0.01382633033487701,27.46412714097198,36.907083133926825,108.075085830866
2021-01-15,37.97,38.04,36.65,37.02,391293,436260,-0.022700934768351912,29.27097931554643,37.23920388691542,108.09525047655492
2021-01-19,36.72,37.56,36.59,37.42,533781,452931,0.010747013700592159,29.259021095448713,36.07005142562743,108.06950269670111
2021-01-20,37.47,38.02,37.31,37.65,400301,459361,0.006127633399958958,29.039927145165397,36.001832336324924,108.05587646574301
2021-01-21,37.38,37.72,37.25,37.52,352397,462822,-0.003458830107878567,26.990974815588526,35.69583753500711,108.02913046866327
2021-01-22,37.5,37.54,36.33,36.92,437484,454055,-0.016120714503372532,26.546150244451617,35.10206672815778,108.02408317720757
2021-01-25,36.84,37.4,36.6,37.27,349076,449086,0.009435303856515616,25.779468336449824,34.844075344138695,108.02677483677532
2021-01-26,37.37,37.61,36.93,37.16,314538,446065,-0.0029557995455294396,25.91034614015171,32.446940530763285,108.02677933730757
2021-01-27,37.26,37.64,36.62,37.32,442376,450591,0.004296462033505332,25.114561464942277,31.429261273941616,108.00755556168554
2021-01-28,37.18,37.84,36.75,36.96,411406,437500,-0.00969312920565968,25.634755129297186,31.410770934390726,108.00637828720947
2021-01-29,36.83,37.61,36.68,36.87,410914,433690,-0.0024380345274303988,25.69946865239458,31.119143883449524,107.97175979262381
2021-02-01,36.72,37.95,36.47,37.82,416067,431212,0.02543985098425836,26.80921609468439,31.181591303244975,108.00159857943868
2021-02-02,37.77,39.03,37.75,38.67,463718,422200,0.022226042388894373,25.958831100237518,30.61386995299909,108.00047005560813
2021-02-03,38.88,39.78,38.71,39.33,448693,421967,0.01692348082451246,21.561104963643697,30.545162931327557,108.01462479788349
2021-02-04,39.52,39.96,39.06,39.71,381404,405717,0.009615458699441973,21.397119305115712,28.75745215130773,108.01408588113652
2021-02-05,39.87,40.46,39.85,40.15,400833,365668,0.01101939524961048,21.485962207896765,24.188989282391184,108.01162063460836
2021-02-08,40.3,41.06,40.26,40.94,399724,322624,0.01948513984037278,20.574012956605088,23.985822262381976,108.02784666757765
2021-02-09,41.04,41.4,40.45,41.22,514698,284191,0.006815995229169557,20.496148980174436,23.97856826044818,108.00037694878685
2021-02-10,41.28,41.6,41.02,41.44,457535,246603,0.0053230224889147205,19.93843902412517,23.80809242791071,108.00059519565414
2021-02-11,41.44,41.66,41.08,41.36,187764,355107,-0.001932367751053924,19.70367753176288,23.271394672203847,107.99194982706489
2021-02-12,41.13,42.48,40.77,42.24,272114,391272,0.02105340919783248,20.28661669829768,23.01464194565225,108.01468774968637
2021-02-16,42.56,43.23,42.21,42.74,485734,418085,0.011767610492995422,17.428685727693846,23.027751344139784,107.99588071261141
2021-02-17,42.88,43.92,42.37,43.5,383871,441689,0.017625688203636764,17.782645651830293,23.14279095274796,108.00901010364667
2021-02-18,43.9,44.31,42.54,43.06,538433,462049,-0.010166446158421376,18.86072257237997,23.31649675764696,108.00971273347004
2021-02-19,42.81,42.91,41.68,42.15,608592,448700,-0.021359807488352627,21.080889874336897,23.94774018722419,107.96760835661216
2021-02-22,41.92,44.26,41.84,43.89,505773,452697,0.04045181925227817,22.7691608647591,24.921784238229296,108.00654843878021
2021-02-23,44.22,44.81,43.16,43.87,570677,444616,-0.00045578852202008395,22.993314713786525,23.803321998772233,107.98158239170952
2021-02-24,43.6,45.18,43.37,44.97,489933,448812,0.024764885604493414,23.320292642869322,24.00408867366938,107.9571789029872
2021-02-25,45.09,45.39,44.56,45.19,510357,435623,0.004880222640572169,23.303804686572736,23.924181324578164,107.83823541203215
2021-02-26,45.14,45.22,43.63,43.75,472723,424066,-0.032384210619564834,26.904898838153585,25.08696468400764,107.79740283570052
2021-03-01,44.07,44.76,42.65,43.14,456679,398080,-0.014040971842613117,27.826160919202163,24.96302906948602,107.8018442450618
2021-03-02,42.84,43.54,42.24,42.5,464133,374043,-0.014946565030639155,28.131772641548935,25.187248940719837,107.80862797843307
2021-03-03,42.36,44.1,42.14,43.59,465311,358391,0.025323690319930245,28.391467695055304,25.535683184777618,107.82368699919923
2021-03-04,43.45,46.14,43.05,45.4,694628,337565,0.040684338797001035,30.759326794638557,26.515516593090517,107.37163387173563
2021-03-05,45.64,47.25,45.4,47.01,573168,315138,0.03484823998873676,32.29065062393549,26.975878151896204,103.58422358690247
2021-03-08,47.43,48.36,45.93,46.27,533376,284085,-0.015866542117130834,33.39692488531417,27.278803077778008,103.13671159402095
2021-03-09,46.04,46.93,45.26,45.53,554564,245616,-0.016122353572217567,34.03037431044139,27.610857976711845,103.06403934813548
2021-03-10,45.41,46.21,44.91,45.84,498488,215531,0.006785623059793566,34.03019812520408,27.248738437138954,102.95608874024586
2021-03-11,46.02,47.1,45.91,46.96,441063,198494,0.024139103113356875,34.68026353829091,27.438080211333073,102.97962557963774
2021-03-12,46.92,47.12,46.53,46.67,321714,168790,-0.006194615558116758,34.84628559389914,27.54815798419626,102.25378706603496
2021-03-15,46.67,47.3,45.72,46.59,193966,403761,-0.0017156341330188223,34.480488334182795,27.54354339571723,102.06909806387421
2021-03-16,46.51,46.61,45.47,46.17,213769,424688,-0.00905568930980789,34.72189016786903,27.701951457910024,98.26598566735345
2021-03-17,46.18,46.56,45.3,46.01,300152,426213,-0.0034714723515203573,34.418784174704456,27.72881630317585,95.84209135955174
2021-03-18,45.87,46.19,41.49,42.76,728880,434709,-0.07325567801053279,43.62617233736221,31.94873667188891,95.14004778474643
2021-03-19,42.46,43.99,42.01,43.74,723883,414244,0.022659929091777435,43.61267203669784,31.589640207181063,95.1166958836685
2021-03-22,43.85,44.17,42.96,43.82,404370,420437,0.0018273189186985505,41.16493694743898,31.18844923146375,95.08293597086974
2021-03-23,43.62,43.67,40.76,41.12,712317,416273,-0.06359571302041085,46.93790704273696,33.93921913319071,95.29771983683723
2021-03-24,40.86,43.67,40.78,43.55,566291,413026,0.05741508215160215,50.793771744623484,35.71135088357879,95.09634251815096
2021-03-25,43.28,43.33,40.89,41.69,580105,397386,-0.043648411405806296,52.85136269636364,36.87728458560729,95.06614005640543
2021-03-26,41.63,43.68,41.52,43.4,471996,388073,0.0401981492136536,53.955147126886715,37.62470365682581,94.86921246412193
2021-03-29,43.37,43.97,42.29,43.82,449360,386937,0.009630893060961366,53.81558894071381,37.63233959519532,94.85731454304143
2021-03-30,44.11,44.33,42.67,43.1,388188,380516,-0.016567337057618366,53.88145131164633,37.86982597811664,94.87084768157766
2021-03-31,43.03,43.55,41.89,42.11,414162,376380,-0.02323775493586573,53.69512399075117,37.99972980625723,92.34484236813904
2021-04-01,42.35,43.96,41.9,43.75,605567,359445,0.038206370629787115,53.44214054612372,37.59599392785082,91.73957295235945
2021-04-05,43.78,43.78,41.03,41.75,438864,355893,-0.04679216150675894,53.86191291298105,38.92120470311536,91.47162906939784
2021-04-06,41.86,43.35,41.73,42.24,457348,330443,0.011668188101141588,54.07476520109945,38.96489022441976,90.91219901545382
2021-04-07,42.19,42.74,41.37,42.55,475537,312954,0.007312215621377095,54.04977761184681,38.63506944886474,90.72736397799204
2021-04-08,42.37,42.66,41.87,42.43,419913,279785,-0.0028241958051496117,53.91742953527125,38.64750360445348,90.17139750169648
2021-04-09,42.54,42.68,42.07,42.23,351436,246588,-0.00472479026838136,52.892798638911465,38.52968689174433,90.09429208651152
2021-04-12,42.25,43.26,41.81,42.5,410218,199986,0.0063732069845189145,53.05275649316474,38.50523428093979,89.83301282463698
2021-04-13,42.5,43.17,42.5,42.89,198232,404680,0.009134622598417992,53.27250984605345,38.45645645121568,89.67170657149815
2021-04-14,43.09,45.22,43.03,45.01,318175,435901,0.04824598877605228,56.364176329813475,39.24475605703389,89.75548448582478
2021-04-15,44.83,45.3,44.58,45.22,243643,445823,0.0046547795449825196,56.395924777465765,39.21494375267641,89.72391593104894
2021-04-16,45.11,45.53,44.77,44.99,265797,452692,-0.005099223996742765,49.56859999347453,39.2460859532413,87.28430619324243
2021-04-19,44.86,45.35,44.62,45.16,279370,455009,0.0037714964283803083,49.00203871769852,39.22347721924167,65.4077114777885
2021-04-20,45.23,45.84,43.78,44.62,476046,465223,-0.01202955027707482,49.23970380210976,39.146784033733354,63.18423431052461
2021-04-21,44.42,44.54,43.33,43.68,431486,453926,-0.021291857567736754,43.888950058177045,39.44168184728788,60.76381689650623
2021-04-22,43.51,44.05,43.15,43.74,344700,444517,0.0013726838119721742,38.90160541099842,39.42540087993541,60.72644723646153
2021-04-23,43.89,44.45,43.61,44.24,345407,440919,0.011366341965457587,35.41941227079353,39.46410166930329,53.38827717349346
2021-04-26,44.19,44.36,43.19,44.08,366865,437040,-0.0036231923694203952,32.61484749599957,39.401354429545556,53.24225016668386
2021-04-27,44.12,45.07,44.08,44.81,361536,434736,0.01642516395339268,32.94694525567633,39.4810256389295,49.59561667322481
2021-04-28,44.88,45.95,44.62,45.47,387683,430013,0.01462143903886744,32.58464905676973,39.28308494223797,44.430372912189114
2021-04-29,45.35,46.61,45.32,46.29,384489,421089,0.017873187206259994,31.49782018012707,39.20247077274877,44.228894388756714
2021-04-30,46.19,46.24,44.91,45.27,400515,406581,-0.022281393595311862,30.26575744436152,39.43032878270876,44.23572292308736
2021-05-03,45.31,46.05,44.79,45.92,285969,394350,0.014256190563443683,24.499094178407717,39.478321374767596,40.29092791831315
2021-05-04,45.95,47.13,45.77,46.77,370208,377079,0.01834121972648381,24.860499746786683,39.57482759899649,40.22591511048902
2021-05-05,47.31,47.53,46.22,46.73,460066,358138,-0.0008556150254601713,24.932783416491056,39.42216499551591,40.164808348042456
2021-05-06,46.47,46.98,45.92,46.07,389214,343450,-0.014224377764509107,25.704636260105325,39.55265079114056,39.94163752886961
2021-05-07,46.21,46.45,45.5,46.21,431417,317262,0.003034245934349348,25.497436565012855,39.546857618793744,39.838980133618904
2021-05-10,46.69,46.81,45.53,46.22,448337,287303,0.00021637996405967201,25.531187725137595,39.540610391166254,39.34859450671452
2021-05-11,46.21,46.64,45.34,46.48,514949,261026,0.005609507697421113,25.471331307418417,39.34647423682544,39.283956705649224
2021-05-12,46.61,47.44,46.26,47.05,508519,227675,0.012188753487732847,19.738035988670983,39.35121951303603,38.70725876215057
2021-05-13,46.81,46.86,44.92,45.44,547691,189454,-0.03481809161849272,23.67232828741108,39.9029403874012,38.514237523771484
2021-05-14,45.44,46.69,45.09,46.52,246223,455207,0.023489553237567923,24.9569777038901,40.1061055540605,37.98390925472781
2021-05-17,46.58,47.28,46.14,47.18,229561,463674,0.014087746329065202,25.33782387049916,39.90857749846177,37.99398168040338
2021-05-18,47.2,47.7,45.65,46.62,484415,472903,-0.011940440371917976,25.331211036276137,39.1835142251518,37.76329362529451
2021-05-19,46.48,46.51,44.09,45.09,615261,496486,-0.033369141174618075,27.116123626817014,39.81149410250858,37.921673161217875
2021-05-20,45.09,45.52,43.89,44.09,524168,498802,-0.02242749306314651,28.42567900174918,39.75551805338417,37.93621365996577
2021-05-21,44.05,45.6,43.82,45.25,530831,485249,0.025969670776088728,29.62053415171791,40.10694000005236,37.88818251160696
2021-05-24,45.46,47.08,45.29,47.01,466647,486207,0.03815767489010404,32.32123617566419,40.27761579625397,37.747431697148826
2021-05-25,46.99,47.34,46.56,47.03,497394,484305,0.00042535092091755127,31.950946618333397,40.15276171075454,37.66896910833711
2021-05-26,47.01,47.28,46.44,47.13,376207,492923,0.002124044978682868,31.624132388431832,40.00736715447953,37.346163532266154
2021-05-27,47.09,47.63,46.6,47.58,337542,490223,0.009502763939172114,31.196307346790853,39.739234467665206,37.35074936577004
2021-05-28,47.65,48.06,47.1,47.2,390461,479286,-0.008018612283301777,30.155307277834687,38.93122518490046,37.19126396234954
2021-06-01,47.46,49.02,47.27,48.2,570985,468919,0.02096512846504487,30.60505960578045,38.51202105118655,37.224058985556965
2021-06-02,48.39,49.11,48.24,48.99,332995,458753,0.016257174593928756,30.469935311721486,38.49459462922459,37.25024975751667
2021-06-03,48.94,49.4,48.54,48.98,351367,453902,-0.00020414412646190664,30.461810105346494,38.3309083212724,36.862759139539094
2021-06-04,49.05,49.65,48.64,49.55,326250,440521,0.011570209251975341,29.97233359910486,38.37311375835835,36.686222107090025
2021-06-07,49.48,49.82,49.06,49.28,365621,404390,-0.005463941550732525,30.146446062035338,38.09907088492942,36.654445125889715
2021-06-08,49.32,50.02,48.73,49.86,441302,362531,0.011700758870147534,30.270252090947476,38.13517027923256,36.63725760478401
2021-06-09,49.83,50.27,49.44,49.8,410820,321584,-0.001204094064804675,30.31253444083636,38.133700060329836,35.5399825271675
2021-06-10,49.65,50.29,48.88,50.03,492464,285113,0.004607841469506447,30.141619006237523,38.080891451688146,35.537745948416905
2021-06-11,49.9,50.71,49.6,50.47,563575,249601,0.008756274852057305,26.642326945983815,38.09737703783422,35.4239701479225
2021-06-14,50.47,51.22,50.47,50.67,163554,340478,0.003954919135647508,25.75612212253987,34.762843098084346,35.29677690493458
2021-06-15,50.87,51.79,50.6,51.55,195703,374822,0.017218190975150437,25.937675591939858,34.64794997665695,35.30038948246646
2021-06-16,51.74,52.18,51.23,51.61,281177,413403,0.0011632416976669485,25.24873717032442,34.648962889112326,35.24696973437354
2021-06-17,51.28,51.72,49.88,50.77,343666,425074,-0.01640982320133279,22.37741904935129,32.04263398326097,35.25462760458938
2021-06-18,50.79,51.52,50.12,51.14,420105,429278,0.007261340903737599,19.709530750893002,30.024083101745774,35.19862558383376
2021-06-21,51.04,52.57,50.77,52.45,591306,432437,0.02529336497926571,19.626381444918454,28.7792290884882,35.25707550933899
2021-06-22,52.39,52.7,51.99,52.26,498555,426766,-0.0036290747498398898,16.25068660427467,27.79834521415924,34.694660092581024
2021-06-23,52.3,53.26,52.24,52.42,429207,426977,0.0030569378027939425,16.172788554663857,27.764967226340474,34.65823902029449
2021-06-24,52.57,52.8,51.88,52.58,334833,427257,0.0030476214064748693,16.151093849835167,27.464312618930215,34.6475019279861
2021-06-25,52.6,53.21,52.26,53.12,364721,416743,0.01021768586644315,16.176735417799396,26.933566433140022,34.536904328638315
2021-06-28,53.08,53.41,52.09,52.3,354701,407860,-0.015557134097301221,17.20158196376013,26.251245732472594,34.55855691732571
2021-06-29,52.21,52.95,51.63,52.35,321448,404126,0.0009555662456686359,16.195480709299122,24.12242404891515,34.53934159681282
2021-06-30,52.7,53.18,52.24,52.7,383626,399213,0.006663518230770915,15.589347329441361,24.074199137576954,34.49341386285701
2021-07-01,52.72,54.68,52.65,53.97,615678,397615,0.023812881083234632,17.063202699369377,24.41539984866784,34.55941161768918
2021-07-02,53.81,54.25,53.38,53.92,377531,388168,-0.0009268700264998293,16.986944807104976,24.39596242198372,34.56019454631685
2021-07-06,54.05,55.22,52.32,52.63,714044,354925,-0.024215167238364,19.5206716767721,25.012679856030246,34.660584967156254
2021-07-07,52.98,53.7,50.98,51.79,607971,324636,-0.016089218929887534,20.40468647417264,25.330560467082776,34.5391735085076
2021-07-08,51.77,52.55,50.76,52.32,529690,284862,0.010181626713143283,20.574583675404646,25.341776479243162,34.483120651844615
2021-07-09,52.55,53.63,52.16,53.48,422154,263878,0.021929045084799165,21.70132610616752,23.88051700427166,34.511853985298465
2021-07-12,53.61,53.75,52.48,53.15,397931,229425,-0.006189647445785443,21.854000125094437,23.949288815383383,34.48814116784506
2021-07-13,53.21,54.17,52.85,53.98,444078,197888,0.015495502801901694,22.328600321018232,24.034845123064187,34.46385765898244
2021-07-14,53.98,54.2,51.9,52.58,375426,480874,-0.026277788288123383,23.97477843424881,24.773184886848902,34.55637956359525
2021-07-15,52.42,52.46,51.4,51.66,329013,469522,-0.017652031634040756,24.87020485999603,24.94060654634601,34.607221354950255
2021-07-16,51.54,52.14,50.78,51.79,359206,478088,0.002513292768105603,24.104602090682327,24.445283194851044,34.60655497248356
2021-07-19,51.45,51.68,47.45,48.02,731958,482804,-0.07557948964269287,36.166420768675366,29.256039922722245,35.405709300837394
2021-07-20,48.21,48.93,47.05,48.64,561629,475478,0.012828646864804397,35.121914379301536,29.278510165061288,35.422110020185954
2021-07-21,48.1,51.03,48.09,50.88,503030,461813,0.04502368137395511,39.1615901453437,30.57779235938393,35.618202107165295
2021-07-22,50.82,52.13,50.56,52.05,435181,475384,0.022734876029111038,40.066959052428274,30.728453876616857,35.67691248199755
2021-07-23,51.9,52.26,51.67,52.16,274778,475745,0.0021111225574195857,40.057791315346556,30.624390047123057,35.67322555881542
2021-07-26,52.24,52.42,51.07,52.05,395743,479199,-0.002111122557419569,39.86290853279044,30.463427746740784,35.64194967379699
2021-07-27,52.27,52.35,51.45,51.86,333123,476958,-0.0036570149504594794,39.509464217301066,30.067094950306416,35.6454121904587
2021-07-28,52.04,52.55,51.9,52.39,318911,463368,0.010167953309609961,39.687007421172524,30.009073279624303,35.47648915058424
2021-07-29,52.4,53.33,52.3,53.28,294462,458109,0.01684529281200536,40.07511459038141,29.976247662433693,35.500941340331686
2021-07-30,53.13,53.73,52.79,53.52,303700,458700,0.004494389587839267,39.163941557871574,29.973219807344204,35.46572571503647
2021-08-02,53.49,53.52,51.06,51.58,448200,450594,-0.036921415366774415,41.254252794644074,30.85439452705674,35.65304463960952
2021-08-03,51.76,52.08,50.08,51.07,509938,430727,-0.009936759793646097,40.54981781330261,30.948089939316777,35.660159607463335
2021-08-04,50.9,51.25,49.11,49.33,582924,407100,-0.03466482541390564,41.947940937512776,31.83091346401567,35.84141068235559
2021-08-05,49.26,50.19,48.93,50.01,416331,392102,0.013690570185165354,42.1060919090498,31.922921345565015,35.807444445422206
2021-08-06,50.04,50.79,49.07,49.42,537136,342438,-0.01186778487034826,41.231143232554125,31.950559822609737,35.80202951537307
2021-08-09,49.13,49.14,47.15,48.12,598381,305299,-0.026657309453985922,42.011479166401436,31.603668558271686,35.9035413453954
2021-08-10,48.38,49.87,48.17,49.43,452126,253744,0.026859636212389834,42.92938950107914,31.713659772374758,35.91374910955285
2021-08-11,49.59,50.27,48.25,50.12,513292,217660,0.01386260270899967,42.57969439356601,31.70972800364699,35.912862796146605
2021-08-12,50.2,50.39,49.55,50.01,352465,188826,-0.0021971445970552462,42.19693381909412,31.602488866637497,35.90357435132192
2021-08-13,49.88,50.1,49.05,49.54,272033,160215,-0.009442561369598812,42.254867283162405,30.857207753412446,35.87527028502427
2021-08-16,49.54,49.83,47.98,49.11,205578,345341,-0.008717744010060272,32.36772914338122,30.527998020092028,35.88959820042785
2021-08-17,49.2,49.41,48.41,48.59,232410,360784,-0.010644931633341508,32.31416256483277,30.210252854414772,35.910959305163786
2021-08-18,48.59,49.24,47.0,47.76,386357,370758,-0.017229279333465103,28.07428372112724,29.437755155164304,35.95150533471141
2021-08-19,47.21,47.29,45.71,46.51,494970,371728,-0.026521125848341057,27.485818638246997,29.94505458312214,36.03947931791718
2021-08-20,46.62,46.91,45.28,45.51,365009,374723,-0.021735261207455083,27.895750954740056,30.263983232639326,36.11260014758638
2021-08-23,45.38,48.34,45.22,48.08,397290,360507,0.05493420819840166,35.488602824148444,32.27598618244184,36.47554448560918
2021-08-24,48.0,49.66,47.91,49.47,335888,355251,0.02850013501266517,37.314593223206444,32.744360640029605,36.574473790160035
2021-08-25,49.54,50.2,49.02,50.07,353742,356949,0.012055601102236132,37.404550594225704,32.56020100112829,36.57540342645145
2021-08-26,49.81,50.03,49.09,49.38,344286,354034,-0.013876542424819959,36.909197077193774,32.52828372055165,36.607720239045086
2021-08-27,49.62,50.58,49.46,50.35,326056,352147,0.01945313524753774,37.72795193894058,32.76818108834157,36.63555654984283
2021-08-30,50.76,51.01,49.56,50.69,360797,354990,0.006730033319686724,35.65552677474897,32.71305326011754,36.63833428272191
2021-08-31,50.67,50.79,49.92,50.17,325853,351028,-0.01031141398809633,35.66840789001016,32.76507762959452,36.5216126910824
2021-09-01,50.21,50.71,49.16,50.24,399497,339387,0.0013942836637815819,33.36161053588684,32.67985288903117,36.51763378198801
2021-09-02,50.02,51.72,49.69,51.26,403314,332655,0.020099198775981795,33.76228434388166,32.9334504526638,36.32018158082167
2021-09-03,51.1,51.66,50.58,50.75,313086,319289,-0.009999103014028347,33.672498942113705,32.99128296673043,35.41003266170335
2021-09-07,50.62,50.89,49.54,50.06,481704,314960,-0.013689331918268483,32.538586514889275,33.0643617923097,35.2985089286337
2021-09-08,50.08,51.09,50.03,50.76,389325,297139,0.013886356842558732,31.533062680019242,33.17928927173738,35.24363860918782
2021-09-09,50.8,51.19,49.48,49.91,556451,274667,-0.016887259364669033,31.799809876768965,33.160839986511434,35.2972540803307
2021-09-10,49.78,51.24,49.57,51.07,411079,241588,0.022975857178034683,32.82989603541019,33.50814862530521,35.35540217857517
2021-09-13,51.07,52.05,51.0,51.69,194027,350482,0.012067098548395275,32.80606113126781,33.42698200822232,35.28960503432553
2021-09-14,51.83,52.26,51.36,51.71,242418,376080,0.00038684720018221754,32.56528416360181,33.395502303277254,35.00476447189879
2021-09-15,51.89,53.66,51.86,53.26,268425,398366,0.029534393977656115,33.51063915700662,33.54268127106379,35.06587233198968
2021-09-16,53.33,53.55,52.5,53.29,232723,420489,0.000563115922904731,32.555775703989674,33.53294659965276,35.06633102034164
2021-09-17,53.26,53.39,52.3,52.89,288461,436205,-0.007534411230802282,30.72682965845741,33.566329308846136,34.767115920771616
2021-09-20,52.88,52.97,51.33,51.65,364797,442407,-0.023724089512241,30.975700035661202,33.914176840701096,34.86390524482046
2021-09-21,51.86,52.64,51.1,51.91,393403,457547,0.005021254273490142,25.09676128578055,33.86204171511329,34.864838003332174
2021-09-22,52.17,53.24,52.02,53.19,381061,457949,0.02435895891508856,24.594929256745772,34.08547024940176,34.9276886879707
2021-09-23,53.0,54.12,52.73,53.98,403405,465669,0.014743198835632276,24.73521525567543,34.213997935524255,34.94737011502604
2021-09-24,53.93,54.69,53.61,54.48,350382,461566,0.009220054251398357,23.895504148517034,34.23763713780843,34.94849749480462
2021-09-27,54.63,55.78,54.61,55.56,417829,463469,0.01962985604488613,23.90984301308595,34.12681473169367,34.808889099608194
2021-09-28,55.54,56.46,54.67,55.44,476143,455434,-0.002162163004495348,24.028769350718328,34.129934731996975,34.74924632210564
2021-09-29,54.77,55.81,54.3,55.1,424193,445136,-0.0061516387227789565,23.732723545049396,33.77094038132381,34.517573878359556
2021-09-30,55.07,56.01,53.86,55.25,583189,433297,0.0027186242389934637,23.71300403664206,33.58951720220293,34.192831524669124
2021-10-01,55.32,55.96,54.66,55.87,388996,421794,0.01115922307319508,23.15132431354405,33.6014294400268,33.766343378362116
2021-10-04,55.89,57.72,55.46,57.16,458006,410814,0.022826789590609325,23.39216644525155,33.62570015574216,33.65808527264124
2021-10-05,57.13,58.53,57.05,58.12,449617,396504,0.01665548564041554,22.475635823944426,33.73964834037471,33.622538072047526
2021-10-06,58.2,58.75,56.57,57.02,459055,380142,-0.01910775521755612,24.209776912464584,33.87114163850019,33.57765175001238
2021-10-07,56.7,58.09,55.2,57.66,545008,355887,0.011161608725730097,22.722951414545197,33.45390274920112,33.54501787716572
2021-10-08,58.07,58.99,57.9,58.43,662010,315706,0.013265764356089695,22.08217114906514,33.296112058367946,33.40622692599414
2021-10-11,58.61,60.51,58.58,59.29,653756,245635,0.014611201152930684,22.181940897535643,33.39542562445755,33.386530615152786
2021-10-12,59.28,60.1,58.52,59.38,598181,207644,0.0015168116163375308,22.141804053522403,29.194098092154412,33.33724222419967
2021-10-13,59.34,59.67,58.48,59.23,487220,171311,-0.002529299046740005,20.67402201625651,29.15500573703205,33.33748343075246
2021-10-14,59.23,60.12,59.12,59.85,300565,451310,0.010413261715108393,20.669585794995427,27.873230983438468,33.340940874624785
2021-10-15,59.97,60.76,59.91,60.56,284728,465906,0.011793177125211302,20.14725451983811,27.626524448165352,33.350253455050826
2021-10-18,60.76,61.63,60.17,60.53,501073,481018,-0.000495499225597527,16.91141608510173,27.633351545728814,33.32743069506995
2021-10-19,60.45,61.49,60.08,61.08,531465,482107,0.009045370446835751,16.87983488567412,27.64875952691423,33.035917259474694
2021-10-20,61.1,61.98,59.85,61.81,530693,483475,0.011880683320750396,15.837984443500549,27.68032962410194,33.024844433664555
2021-10-21,61.93,62.21,59.86,61.13,567503,453545,-0.01106241963054791,16.888867896241983,27.784818199644608,32.97728037837925
2021-10-22,61.21,62.4,60.58,62.06,465355,434946,0.015098914979600185,17.1542359898416,27.74878039787605,32.7989149886613
2021-10-25,62.23,63.29,61.79,62.06,568725,415566,0.0,16.568679622815306,27.75056305903299,32.72126705452463
2021-10-26,62.03,62.89,61.48,62.72,467716,404651,0.010578717021918104,16.400341034245866,26.552420902178465,32.16475357146588
2021-10-27,62.53,62.62,60.77,61.25,529952,393620,-0.023716526617316044,19.111538749128684,26.991465394887392,32.06953652058752
2021-10-28,60.94,61.66,59.71,61.36,491585,392529,0.0017943076341642695,19.130844320263922,25.825774229790472,32.03898240926931
2021-10-29,61.57,62.05,60.32,61.92,507309,378537,0.009085072222471057,19.059827081139456,25.76637798160225,31.947140858788863
2021-11-01,61.77,62.89,61.31,62.28,412309,358147,0.005797117684325915,17.886431997775944,25.568168064480375,31.88726427288754
2021-11-02,62.14,62.54,61.44,62.17,429608,343003,-0.0017677786845514167,17.385546726238655,24.796699897238994,31.691457762764507
2021-11-03,61.55,61.56,59.05,59.91,546577,331155,-0.03702913218541271,21.203138809046855,25.74923265439697,31.92337602576926
2021-11-04,59.41,61.81,57.98,58.4,701119,323592,-0.025527546261652108,23.121675858037456,26.312115886060205,31.706478633050438
2021-11-05,58.81,60.61,58.51,60.22,531054,297245,0.030688633219406316,25.12414865156759,26.915022684812584,30.832292066841223
2021-11-08,60.11,61.26,60.05,60.71,393953,273545,0.008103906088754914,24.777844303313504,26.805875259286978,30.748297301823275
2021-11-09,60.88,62.71,60.6,62.35,504832,252071,0.02665524298370271,26.377821465974773,27.102123907965982,30.840676293654372
2021-11-10,62.63,62.96,59.88,60.27,555215,208865,-0.03392920463109272,29.34983366972063,28.042501082767064,31.042811314532635
2021-11-11,60.32,61.0,59.42,60.45,475436,189902,0.0029821095658488866,29.14720484921106,27.705473101347465,30.95967979206643
2021-11-12,60.17,60.48,59.11,59.86,390304,168458,-0.009808074636248854,29.045407809640622,27.126633080689246,30.879070996026957
2021-11-15,59.86,60.2,58.88,59.98,185737,358500,0.002002670896310066,29.059919541799147,26.587932877053998,30.878970857412124
2021-11-16,60.02,60.68,59.4,59.97,208598,366308,-0.00016673614044460206,28.843592407718926,24.444256376691424,30.874644660128865
2021-11-17,59.87,59.95,57.86,58.33,504939,383360,-0.027727896414872163,29.91931162788398,24.720568381652246,31.021593803515714
2021-11-18,58.28,59.27,57.49,58.97,426767,384626,0.01091229924686663,30.139919244412,24.703282406843346,31.017429388008498
2021-11-19,58.88,59.67,56.48,57.12,623448,390599,-0.03187452198108385,31.239150766835277,25.483013174896207,31.18504451527116
2021-11-22,56.97,58.03,56.23,57.73,465768,384851,0.010622651041513225,31.65104916357825,25.294574502698598,30.942470652260827
2021-11-23,57.51,59.31,56.64,59.04,506987,379241,0.02243821121937497,32.62156070543459,25.615437406310114,30.969933631272927
2021-11-24,59.03,59.59,58.65,58.96,328848,370982,-0.0013559324111358441,31.69266211890069,25.488948375259934,30.965538512012753
2021-11-26,58.92,59.16,50.69,51.26,844630,374123,-0.13994852694515622,58.282032199092484,38.786681289544376,34.099325502927805
2021-11-29,52.07,54.85,51.79,52.61,675090,351124,0.025995494806790843,59.278299132063985,38.93355544677184,34.12899872531636
2021-11-30,52.68,53.57,48.46,49.78,722475,356410,-0.055292918803269926,61.304051216052756,40.52592421288963,34.58003676306806
2021-12-01,50.4,52.27,48.77,49.32,602447,319191,-0.00928361864330237,61.20863239928291,40.473878021826586,34.59240105196883
2021-12-02,49.36,50.76,46.96,50.02,668293,311807,0.01409324715332941,61.07901390388763,40.47698611446041,34.59462894967819
2021-12-03,50.77,52.06,49.34,49.84,449974,301105,-0.003605050970275281,60.78825371944342,40.33501061666265,34.576287730826024
2021-12-06,50.41,52.76,50.18,52.27,401060,291799,0.04760471824563273,62.48627354236789,41.24048187560263,34.87751054981685
2021-12-07,52.44,54.93,52.29,54.19,496528,250236,0.03607379685319232,64.15414666315496,41.82027657795523,35.04390897827623
2021-12-08,54.05,54.91,53.33,54.42,464846,219672,0.00423534377707754,63.14096767084686,41.82613984715108,34.9535254093295
2021-12-09,54.54,55.16,52.94,53.36,393205,194785,-0.019670331747731955,62.52834029389113,41.59988361402923,35.01503210582012
2021-12-10,53.16,54.4,52.89,53.91,397883,163631,0.010254587856209111,62.7212558987074,41.652556485814465,35.02359336084571
2021-12-13,54.18,54.91,53.18,53.62,406604,130405,-0.005393856655764081,62.70271233481082,41.63790285536369,35.01300817376365
2021-12-14,53.62,54.29,52.42,53.33,177565,298097,-0.005423108195302361,62.64016994760446,41.3562075612784,35.01940450143163
2021-12-15,53.02,54.03,52.33,53.43,191204,310938,0.0018733613571692562,62.66900933490105,41.34664808435035,35.00675614795592
2021-12-16,53.9,55.0,53.59,54.56,329078,309492,0.0209286275655268,62.78809634730086,41.26793591740881,35.03743885231787
2021-12-17,54.29,54.48,52.71,53.48,351303,313082,-0.019993261301464327,62.815970681455845,41.36702266704018,34.99486412815925
2021-12-20,52.84,52.92,50.0,51.88,492217,318425,-0.03037439278549915,62.7326886667872,41.77756800529316,35.075885426590204
2021-12-21,52.33,54.1,51.84,53.78,358779,307464,0.03596829139247556,64.18798685392879,42.250580419285576,35.179715568152346
2021-12-22,53.89,55.32,53.54,55.02,306709,297118,0.02279510465570996,64.20726934538031,42.51845807677141,35.24255719012315
2021-12-23,55.22,55.92,54.65,55.8,270223,287984,0.014077113890836592,64.50943745764968,42.598059426244866,35.23264125162976
2021-12-27,55.49,57.54,54.88,57.14,268490,288697,0.023730527415361753,39.75435863035261,42.86770013728086,35.29497655993864
2021-12-28,57.45,58.16,57.11,57.45,249728,289951,0.0054106074921376765,39.006437420860934,42.823159918448255,35.29115067365208
2021-12-29,57.5,58.5,56.98,57.89,283557,292361,0.007629653796148631,32.00036608729137,42.59686362911613,35.29554347270848
2021-12-30,57.91,58.56,57.3,58.22,231163,285131,0.00568428022656396,31.39154509426765,42.47513272613324,35.2357747891012
2021-12-31,57.97,58.29,56.67,56.87,237118,278572,-0.02346097699876884,33.24707991445392,42.56816942847141,35.03412960741686
2022-01-03,57.23,57.82,56.16,57.53,317628,273713,0.011538589556493806,33.07572816039631,42.57247784165409,35.02708225376308
2022-01-04,57.48,58.71,57.24,58.22,372848,269201,0.011922387442275124,29.525405535525213,42.55543465612517,35.04096083245155
2022-01-05,58.36,59.42,57.85,58.87,397898,262999,0.01110268472269283,27.332634166636865,42.50982132641703,34.95854861291991
2022-01-06,58.41,60.68,58.02,60.09,476665,257571,0.020511815305666658,27.943824003494296,42.718759415304795,35.00820532847384
2022-01-07,60.21,60.85,59.37,59.66,414434,238961,-0.007181659259234197,26.812847169554992,42.74207998188008,34.98140932116316
2022-01-10,59.65,60.08,58.85,59.16,389956,208765,-0.008416141244003396,27.197432789943043,42.722602548784664,34.98802275786513
2022-01-11,59.3,61.7,59.25,61.42,481815,184401,0.037489877170077304,29.278021973048446,43.35049890621114,35.15035510247074
2022-01-12,61.54,62.84,61.38,62.49,420619,161242,0.017271028928313992,29.13021855884253,43.490393722494225,35.09588584641633
2022-01-13,62.63,62.72,61.54,62.1,364769,130928,-0.0062605550015572345,29.49514988144327,43.47552710873684,35.09498807420221
2022-01-14,62.1,64.07,62.01,63.69,323113,381516,0.025281575443841364,29.796568391735363,43.71439651285493,35.170248639697554
2022-01-18,64.05,65.74,63.41,64.86,494002,407498,0.018203536495897593,28.119514123991003,43.79516797382152,35.202811371872386
2022-01-19,65.67,66.36,64.99,65.61,511053,426590,0.011497022477614234,23.813989634031973,43.7517956102677,35.16661479183194
2022-01-20,65.04,66.6,64.38,65.41,532202,445926,-0.003052971383664792,22.542708719675936,43.75903188984933,35.163321694723635
2022-01-21,64.67,65.42,63.3,65.1,509103,439024,-0.004750602758597865,22.555311004069996,43.72661747879414,35.166472394319484
2022-01-24,64.93,65.83,62.62,63.7,511695,434000,-0.021739986636405764,24.83048936926765,43.68148316383437,35.248144287011016
2022-01-25,64.34,65.54,63.46,65.45,507219,439545,0.02710192977779118,25.165193832617188,44.016336124894266,35.316665288451574
2022-01-26,65.19,67.25,65.0,66.79,459642,437122,0.020266876381635636,25.60593425843657,44.16265302463071,35.359472397643806
2022-01-27,66.64,67.7,65.91,66.23,427804,429948,-0.008419836240656542,26.224103955517226,44.196392325831475,35.29932497066335
2022-01-28,66.91,67.93,66.1,66.39,436172,417134,0.0024129102341799006,26.267071181848113,44.19341390681816,35.24180307413223
2022-01-31,66.87,67.59,66.02,67.4,359080,396246,0.015098575187193458,23.87830055155318,43.55940414694758,35.23454261352243
2022-02-01,67.4,67.95,66.18,67.44,376841,372661,0.0005932957753384876,24.00891357899098,43.18259685774977,35.226850882956434
2022-02-02,67.56,68.6,66.6,67.49,456863,361567,0.0007411250617151478,24.091251550433736,42.77887833586044,35.21568046459442
2022-02-03,67.27,69.16,66.33,69.02,465771,355345,0.022416878914542273,24.65092022163986,42.967690504242974,35.23157368144369
2022-02-04,68.96,71.24,68.87,70.58,410926,334053,0.022350500577266667,24.783444253584996,42.87172860615221,35.287144607927964
2022-02-07,70.21,70.91,69.38,69.83,497754,315035,-0.010683101389180098,25.097940436183976,42.29896225559537,35.30916956444166
2022-02-08,70.07,70.1,67.68,68.33,467386,298977,-0.021714808065256976,26.639113624416446,42.587616284112265,35.38773428271535
2022-02-09,68.71,69.26,67.6,68.56,445618,269301,0.0033603654968375517,24.12951479841095,42.516559613183055,35.33591155978024
2022-02-10,68.83,70.15,68.08,68.73,492091,246972,0.002476510843989537,23.74051874244728,42.516547218981636,35.32206270007977
2022-02-11,68.73,71.97,68.13,70.95,310813,301749,0.03178961847253778,25.195507851386978,42.94061976658603,35.414385448833244
2022-02-14,71.44,72.82,70.19,72.56,213145,315501,0.022438402200829474,24.935698777680233,42.64695857527241,35.45269646390835
2022-02-15,72.05,72.3,69.02,70.01,258028,317743,-0.03577571681777493,28.66391143095322,43.37398724935732,35.578507077372755
2022-02-16,70.08,72.23,68.45,71.26,351325,327802,0.01769707118858383,28.967028373230352,42.86518454247826,35.402725175269396
2022-02-17,69.26,71.02,68.94,69.87,442041,334319,-0.019698787613330687,30.095171304720083,43.10536164676031,35.468550972779525
2022-02-18,69.89,70.67,67.87,70.01,566355,345341,0.002001716424746917,29.950757263557325,42.91846920730042,35.39334027838083
2022-02-22,70.87,73.68,69.11,71.33,789041,351300,0.018678907300840545,28.824010884721584,43.03105617829595,35.43270138196788
2022-02-23,71.19,72.87,70.34,71.47,440574,347059,0.0019607849419408453,27.70281842788109,31.023911357834926,35.264493946410816
2022-02-24,71.8,78.02,70.97,72.02,872244,342089,0.007666076988841705,27.100101757732393,30.733764991966204,35.232122197370714
2022-02-25,72.42,74.22,69.89,71.08,523793,333039,-0.0131378549342786,27.43128549753569,28.306191999423742,35.22375855453434
2022-02-28,73.72,76.91,73.28,74.28,490796,318210,0.044035733198054504,30.957898994184546,29.177400284403227,35.39851350963229
2022-03-01,74.57,82.87,73.97,80.25,698814,294694,0.07730502552562016,40.03073283341544,32.532863305885115,35.98818151252966
2022-03-02,83.13,87.31,81.62,85.83,651853,278048,0.06722183372000329,44.92323592927877,34.635209098969575,36.42877414525515
2022-03-03,86.4,90.46,82.59,83.56,592031,262283,-0.026803659041763517,46.86547172709221,34.45475941599151,36.50078006916463
2022-03-04,83.78,90.04,83.23,89.77,493875,253937,0.07168590708023198,51.53281764635131,36.41909017900121,37.11024026937404
2022-03-07,94.16,101.27,89.66,92.66,576022,224940,0.03168603621990513,51.859563869529936,36.71789038343184,37.22191838490392
2022-03-08,93.64,100.45,90.85,96.0,583106,206294,0.035411311479334004,51.5761244638919,36.62431307957033,37.304386980162676
2022-03-09,96.74,98.43,80.42,84.36,594773,188134,-0.12925483585726236,72.04644168525901,46.40282390955945,39.583092939541004
2022-03-10,85.68,89.15,81.9,82.28,437924,185673,-0.024965290825817457,73.11436304206559,46.80603213321298,39.67608448409822
2022-03-11,82.25,85.59,81.08,84.84,368194,167353,0.030639064911725203,73.45752016675317,46.97588005299528,39.761422731845165
2022-03-14,84.84,84.85,77.88,80.5,162180,267962,-0.05250994527196402,76.26268070748142,48.56124119483848,40.13816483155953
2022-03-15,80.0,80.29,73.36,75.42,205702,273240,-0.06518469259430663,80.05385577118021,50.655152729053384,39.992448949321435
2022-03-16,74.55,77.91,73.74,74.46,163415,274432,-0.012810423385640368,79.02757437207107,50.522597207497554,39.96797420656085
2022-03-17,74.85,81.7,74.32,80.87,221535,276654,0.08258085866316012,83.82937132560423,52.36505098164373,40.77597980211536
2022-03-18,81.34,83.28,80.32,82.02,207437,280043,0.014120192856182226,83.294727330089,52.046380171064186,40.24508507251981
2022-03-21,82.44,88.38,81.53,87.49,279313,293664,0.06456138115426,85.62317438874612,53.27591471840268,40.34956170896989
2022-03-22,88.24,90.18,85.21,86.94,318629,294597,-0.006306275557527138,85.79072257436158,53.33593917606802,40.087936363543406
2022-03-23,86.6,91.81,86.23,91.44,289182,292211,0.05046479392590912,86.91602606336247,53.96347403371112,40.19760746769981
2022-03-24,91.07,92.8,88.0,89.38,307238,287075,-0.022786075981249754,87.79997356075687,54.32579002413189,40.275015982768664
2022-03-25,88.91,90.8,86.47,90.62,320304,282016,0.01377799573368669,87.34542542516503,54.34167307879383,40.24216352671937
2022-03-28,89.84,89.85,81.81,84.3,372251,274556,-0.07229307423118245,91.37932241406469,56.747548212171225,40.86212743032864
2022-03-29,82.32,85.8,78.32,82.93,387200,268993,-0.016384986544697267,87.70520998171348,56.60809978500304,40.75051600358926
2022-03-30,83.73,86.52,83.18,85.78,284544,267229,0.03378900062562194,85.15545024885202,56.8792742310312,40.565565647826844
2022-03-31,85.49,85.77,79.29,79.78,450845,270278,-0.07251303261147381,88.54010302676025,59.13301218599239,41.25558301160665
2022-04-01,80.54,80.95,77.79,78.98,324777,261793,-0.010078190618757157,84.12317677512279,59.20276464101375,41.27218248896451
2022-04-04,78.73,82.7,78.01,82.17,288131,255000,0.03959561608459318,84.643408412629,59.54592876060805,41.43648429302759
2022-04-05,82.47,84.01,79.47,81.12,280283,244662,-0.012860732100223437,83.23312648835643,59.60777256692096,41.45917155142189
2022-04-06,80.55,82.76,76.16,76.56,366036,243299,-0.05785479269817428,72.67411512278436,60.933678553153705,41.89933806495843
2022-04-07,77.3,78.62,74.64,76.4,367318,216425,-0.0020920509722239518,72.28696909865344,60.551493516589346,41.89611246578478
2022-04-08,77.31,78.57,75.81,78.18,310082,185129,0.023031164192333867,71.8566949613401,60.6183579718429,41.69230383855972
2022-04-11,78.29,78.38,73.94,75.02,315873,151844,-0.04125911571106763,70.95647186247275,61.28548163993938,41.91925918273973
2022-04-12,75.72,80.64,75.46,80.04,329037,122233,0.06477176506179151,70.97341231938475,62.418477718812106,42.383476930066905
2022-04-13,80.04,82.95,79.37,82.78,186111,289118,0.03365997660505365,71.5175870329371,62.65067364637957,42.50001623328108
2022-04-14,82.78,85.34,81.11,84.85,159766,296778,0.024698505359648803,65.9566435790135,62.775845922356574,42.5335625101766
2022-04-18,84.91,87.1,84.09,85.83,202719,302095,0.011483604049893325,65.90113216525081,62.77394919727517,42.47471632854333
2022-04-19,85.39,86.43,80.96,81.39,339811,308252,-0.05311618039117853,64.36892793720597,63.852583533228014,42.8426823358502
2022-04-20,81.66,82.92,79.66,81.51,299028,309245,0.0014732967674160873,64.38499775533958,63.634062450162496,42.833437078225096
2022-04-21,81.75,84.08,81.36,82.78,280321,299396,0.015460774214220298,61.6546208262479,63.49898216400134,42.84892851041229
2022-04-22,83.01,83.12,80.6,81.41,246116,295195,-0.016688370734700083,61.458665524665946,63.54415177542824,42.86914981716272
2022-04-25,80.86,81.0,75.99,78.59,328153,289134,-0.035253650707802675,61.968905556730206,63.991906481697725,43.017306092507916
2022-04-26,78.67,81.98,77.41,81.11,351850,285584,0.03156179320416977,58.34173203143155,64.26162731436574,43.08970972846203
2022-04-27,81.16,82.14,79.6,81.37,278781,283995,0.003200396626312705,58.11183735229366,64.21486517516685,43.018820116425424
2022-04-28,81.44,84.29,79.86,84.03,312064,282501,0.03216722323156083,57.985969076564814,64.48683664249059,43.106503907038864
2022-04-29,83.88,86.13,82.77,83.5,294386,268864,-0.0063272460833170745,51.568700369758226,64.51679092813315,43.08542168419292
2022-05-02,82.95,84.5,79.98,83.88,261878,259319,0.004540574176909256,51.364777320592346,64.39738876221351,43.08480473340004
2022-05-03,83.81,84.39,81.43,81.68,239266,249463,-0.02657803217730892,50.476515765363125,64.55801689516838,43.150673889380435
2022-05-04,82.55,86.63,82.11,85.99,272909,240833,0.05142183656639487,53.426049827613674,65.26975745144819,43.43166933751118
2022-05-05,85.8,88.83,84.9,86.35,286916,255911,0.004177794169882505,48.36559066344734,65.05840098738929,43.43139704772218
2022-05-06,86.7,88.68,85.53,87.55,294278,214692,0.013801254139173207,48.34120228262407,65.0898752449496,43.445117693331134
2022-05-09,88.08,88.13,81.46,82.22,368183,193332,-0.06281147726212848,53.814695847887315,66.51791363212025,43.92630244594986
2022-05-10,81.87,83.08,78.85,79.57,389750,176383,-0.03276144408028894,52.97582824978898,66.63944970271439,43.909228083586285
2022-05-11,78.96,84.9,78.32,84.31,382701,158098,0.057863344545141034,51.95334129905896,67.495493814446,44.212150949266224
2022-05-12,84.25,85.64,81.88,84.65,323547,134011,0.004024626644560053,50.65206603394965,67.02263969566197,44.196719640521145
2022-05-13,85.06,88.25,84.78,88.13,240989,124028,0.04028788853242463,51.90154193914378,67.39074872014086,44.33679649871189
2022-05-16,88.13,90.93,85.92,90.41,166037,262094,0.025541883637706004,52.48260810957527,67.36216243165966,44.24824420387034
2022-05-17,90.24,91.52,88.09,88.64,204749,265601,-0.01977165775030133,49.007249685650734,67.54138195166682,44.23373140378939
2022-05-18,89.56,90.87,85.75,86.54,311837,271297,-0.02397648820223484,50.02176065466221,67.70910979524668,44.25311860974618
2022-05-19,86.48,89.06,83.47,88.85,340077,287481,0.026342819803921433,50.528050004959255,67.8738981329621,44.17284967912599
2022-05-20,88.34,89.78,87.42,89.16,229930,291446,0.0034829539170077514,49.96123258620715,67.86868186663195,44.17243053616195
2022-05-23,89.39,90.52,88.25,89.17,215623,289000,0.0001121516291201054,47.75291610463897,67.78372956790314,44.17309267138954
2022-05-24,89.27,90.09,87.81,88.75,224794,283274,-0.004721231791262965,46.93853180525659,67.28156274304109,44.17352064040556
2022-05-25,89.25,90.29,88.31,89.2,191370,282748,0.005057611230438642,46.936336666774444,65.4770485238454,44.16153468549026
2022-05-26,89.49,92.84,89.15,92.24,234752,292035,0.033512836374839816,47.04349025226346,64.39312286421394,44.23241178249773
2022-05-27,92.33,93.22,91.24,93.03,217281,291734,0.008528145819663855,46.878522152952414,64.14345797269469,44.2150566749379
2022-05-31,92.95,97.0,92.29,92.71,440796,288764,-0.0034456801615762606,46.98362263310798,62.47291400424563,44.218309060287694
2022-06-01,93.3,95.3,92.64,93.19,290530,288077,0.005164078178673122,45.480639880137865,62.1436818381597,44.2097636297385
2022-06-02,92.82,95.22,89.91,94.49,327600,280459,0.013853588996970305,42.421301110628725,61.77636887069718,44.21696920260762
2022-06-03,95.04,97.39,93.16,96.11,240831,276211,0.016999360040658534,42.64339874841682,55.70599346782333,44.23119928372049
2022-06-06,97.68,97.82,95.1,95.81,246825,266387,-0.0031263051724110228,42.62199499942701,55.430680174202706,44.23330440425285
2022-06-07,96.29,97.31,94.71,96.54,341694,239602,0.0075903665695650135,34.40863046042658,55.13204871439608,44.23567616232555
2022-06-08,96.85,99.59,96.45,98.73,340591,220204,0.02243142139101142,31.154440806523787,54.087732379098426,44.27613383401617
2022-06-09,98.98,99.22,97.66,98.24,293295,188296,-0.004975387224526031,26.142680343084283,52.20130616547972,44.28261723603498
2022-06-10,98.2,99.24,95.67,97.56,352906,160714,-0.006945891051112746,26.629712053810252,52.13248607062428,44.26860899457569
2022-06-13,97.56,99.1,95.23,98.01,150047,199950,0.004601940933369055,23.567171568408593,49.52870574964826,44.268863744222436
2022-06-14,98.17,100.19,94.65,96.36,203954,217668,-0.016978336534417906,23.559524063331555,49.64586226416858,44.271366684437105
2022-06-15,96.48,96.92,93.14,93.73,198931,229435,-0.027672868988276093,24.719140639123736,48.316584159429894,44.372665281223064
2022-06-16,94.56,95.92,91.53,95.52,291852,238951,0.018917340885897405,23.201028414160373,48.42676750163238,44.344015242272775
2022-06-17,95.1,96.63,88.19,89.51,425996,265181,-0.06498529876144432,32.72065402749982,49.221291221013836,44.85335743710988
2022-06-21,90.14,92.13,88.54,90.77,427262,255905,0.013978483655688203,33.06338560822707,49.082171197564946,44.86898661707542
2022-06-22,90.79,90.97,84.15,88.01,432724,241608,-0.030878390152815467,34.93756721762137,49.40888217609059,44.99158907948913
2022-06-23,86.55,88.73,84.81,86.42,346362,235483,-0.01823131388193332,35.471181492008306,47.24805343610719,45.03003523159134
2022-06-24,86.19,89.99,85.9,89.2,321591,231130,0.031661909082176524,37.31575902706933,47.543528265763634,45.093784651504194
2022-06-27,88.87,91.62,87.52,90.81,282914,230691,0.017888372115773314,35.83752720338869,47.18856439528637,45.121337873980096
2022-06-28,91.32,93.01,90.86,92.63,306748,231260,0.019843651564199025,36.44728192319765,44.7820218271696,45.15391551986009
2022-06-29,92.71,94.53,90.52,90.99,322060,221383,-0.017863452897336755,36.9722908264978,44.903595355282114,45.146422670139394
2022-06-30,90.92,91.54,87.11,87.66,362890,207143,-0.03728391537793632,39.054975982770195,44.9447277574441,45.31824321021728
2022-07-01,87.86,90.62,86.66,89.87,305338,200486,0.024898486679619043,39.87745810502463,45.11042913227597,45.2995889891017
2022-07-05,90.18,92.37,80.75,82.47,594215,202874,-0.08592959082501808,48.91348327195239,47.020206996901265,46.11929835598962
2022-07-06,83.18,84.66,78.82,81.66,444106,193777,-0.009870304953834402,48.889279672615444,47.070738745070415,46.12662496121041
2022-07-07,81.41,86.6,80.04,85.15,379861,176554,0.04185012121726773,51.76528811662215,47.60009996412194,46.25786425617968
2022-07-08,84.72,87.23,84.13,86.85,327461,168249,0.019768085578416587,51.57767583721815,46.90074594319429,46.28555242421018
2022-07-11,86.85,87.07,83.62,86.27,348566,153525,-0.006700579598626507,51.57494536919277,45.096216452615096,46.2735264844937
2022-07-12,85.75,85.78,79.03,79.44,398552,133493,-0.08247989335157022,58.205293424231286,47.73504410133887,46.958550183091795
2022-07-13,79.48,81.19,77.64,79.82,347193,117445,0.004772079883670593,58.211091488662916,47.45630751791741,46.91921625291046
2022-07-14,79.82,80.11,74.8,78.7,255519,259883,-0.014130944197230138,58.17630035913014,47.45842151297319,46.94619180941203
2022-07-15,79.28,81.44,77.7,80.18,189246,267129,0.018630951791003436,58.64353632650231,46.38769043535633,46.32597538444941
2022-07-18,79.99,84.46,78.75,84.29,291700,277883,0.0499891267950299,61.489681158992695,47.5164957054956,46.563100397229626
2022-07-19,83.82,85.62,81.83,85.41,327214,286774,0.013199955948664872,57.73331016842395,47.48846268230202,46.37613387029436
2022-07-20,85.07,85.39,83.22,84.68,315620,295609,-0.008583743691391331,57.442013308411966,47.39196286663971,46.34149558270868
2022-07-21,84.71,84.78,80.2,81.69,318911,296398,-0.03594785091288654,57.78993763041102,47.41463793095444,46.4974008117982
2022-07-22,81.83,83.05,79.89,80.29,307568,297812,-0.0172865151571852,57.75944965205168,47.11003991087371,46.53524780737181
2022-07-25,80.63,82.19,78.86,81.99,278998,297921,0.020952208411493478,57.01058829204734,47.30434612864264,46.571972828591015
2022-07-26,81.67,83.94,80.34,80.53,310043,292215,-0.017967502800632747,56.586000783448874,46.9685763749949,46.60666155722624
2022-07-27,81.05,83.59,79.95,82.46,321903,289001,0.023683541471300362,56.83453435669232,47.21727870051346,46.63417030198742
2022-07-28,83.23,84.65,81.43,81.75,318403,284807,-0.00864751750139111,56.66931843680011,47.23796840978858,46.64499905884959
2022-07-29,82.49,86.38,81.74,83.61,349374,282371,0.022497320384603694,56.17273417966939,47.14822145957247,46.52849927537536
2022-08-01,83.48,83.64,78.36,79.6,365293,278274,-0.04914903731162928,57.5388952839779,47.00357026857268,46.79551836979235
2022-08-02,79.48,81.79,78.5,80.05,328538,275707,0.005637346592386483,49.26839767841305,47.01176912948841,46.652619974705125
2022-08-03,79.55,81.88,76.63,76.87,395099,274142,-0.040535756081682965,51.12765731288891,47.5835091118274,46.83167648055768
2022-08-04,77.11,77.92,74.23,75.07,334931,272590,-0.0236946717761298,48.73567999603086,46.10657201855706,46.881430320227636
2022-08-05,74.66,76.95,73.77,75.47,350016,246530,0.005314214711866155,47.97440851484357,45.66266362129982,46.795715870589504
2022-08-08,75.0,77.06,73.95,76.95,340157,220110,0.01942063398811124,48.88502381140202,44.206721317866844,46.7613469332546
2022-08-09,76.89,78.55,75.5,76.73,347045,197087,-0.00286309409531432,39.58835024123017,44.19234076425003,46.747723887019774
2022-08-10,76.74,78.37,74.32,77.94,383766,174208,0.015646533720989196,40.01136153439761,43.4765998410037,46.76697899011389
2022-08-11,77.62,80.59,77.36,79.99,341234,159333,0.025962326950167404,40.81468388130137,43.48807960961925,46.81609692794863
2022-08-12,79.77,80.38,77.29,78.08,264953,144879,-0.024167684755893388,41.162473636720385,43.57388057292745,46.877271553956504
2022-08-15,78.08,78.22,73.79,75.98,134211,225437,-0.027263794345357504,37.34609192092995,43.64946946313951,46.95175388419126
2022-08-16,74.73,77.03,73.01,73.68,191530,240524,-0.03073875581242802,37.73129566277929,43.62451422092849,47.02666357249095
2022-08-17,74.15,75.82,73.1,74.99,187601,248187,0.017623379366246455,38.753926165316365,43.81178457056294,46.96704672915566
2022-08-18,74.49,77.85,74.33,77.06,247555,253265,0.027229567884713663,38.78367870116172,44.241375443263024,46.97483769598519
2022-08-19,76.97,78.41,75.21,77.34,255422,256980,0.00362694698113958,38.465163795542,44.25600888412442,46.67235172313484
2022-08-22,76.65,77.85,73.78,77.27,352665,256721,-0.0009055042336586248,37.51576371673476,44.23056836050942,46.59606172520679
2022-08-23,77.44,80.58,77.33,80.16,285607,251792,0.03671885539106219,39.58044010478892,44.346458598669045,46.71672268517547
2022-08-24,80.2,81.58,79.35,81.15,320388,239919,0.01227465662404564,38.866953119376625,44.39229667403357,46.70122189160608
2022-08-25,81.54,81.89,78.92,79.12,279877,229301,-0.025333606646143543,39.75491516592422,44.64283226246046,46.74815087838075
2022-08-26,79.58,80.4,77.89,79.58,288392,223816,0.005797117684325915,38.84184997068746,44.647748220469666,46.747250589719535
2022-08-29,79.5,83.27,78.92,82.96,283463,224923,0.04159575892248934,37.717751000647844,45.44020603352216,46.901335952797766
2022-08-30,82.87,83.52,77.43,78.37,386272,218174,-0.05691736285649852,43.086396907642474,46.61817004930185,47.27302210415462
2022-08-31,78.94,79.3,75.49,76.58,344147,210363,-0.023105255015624805,41.37872308581189,46.792625922252576,47.302566170337116
2022-09-01,75.97,76.65,73.53,74.07,305106,205485,-0.03332535402395073,42.23664740755992,47.11986601361392,47.418314971636434
2022-09-02,74.02,76.68,73.84,74.29,277533,202354,0.0029657611385172145,42.200723494972515,46.814033798363916,47.393754597185456
2022-09-06,74.26,77.3,73.7,74.3,420255,197070,0.00013459855999853248,41.52568313311843,46.8246495307057,47.377721328111804
2022-09-07,74.34,75.05,69.7,70.07,380781,198272,-0.05861620934127099,46.17868142079648,48.112283590227946,47.72579618892333
2022-09-08,70.05,72.05,69.44,71.44,342763,174186,0.01936319418580104,46.41242068326411,48.339445662116475,47.71061028289089
2022-09-09,70.81,74.57,70.73,74.22,305188,152567,0.03817571906420797,47.656329726478994,49.0846435342607,47.8418326571918
2022-09-12,73.76,76.2,72.83,75.07,275104,131037,0.011387355952459415,47.305174775578365,48.944500817444336,47.852112524334956
2022-09-13,75.07,75.99,72.37,74.27,183479,210070,-0.010713909903705928,46.48903136424412,48.735935962657784,47.78396838741095
2022-09-14,74.57,76.61,73.3,75.26,208022,225417,0.013241683484086194,45.38300348405206,47.18022141013932,47.79886118388413
2022-09-15,75.82,75.82,71.88,72.36,182292,238987,-0.039295124638196885,47.093036993618284,47.62779457280547,47.96488880867303
2022-09-16,72.37,73.67,71.68,72.45,231143,243343,0.0012430082395970227,45.85669266501096,47.300951043540174,47.89876020023527
2022-09-19,72.49,73.41,69.86,72.96,262902,252073,0.0070146769993844815,45.93814752485521,47.242187201094765,47.90072304625767
2022-09-20,72.67,73.61,70.96,71.75,279813,259941,-0.016723491126345375,46.18882988364994,46.772024309169005,47.878685756205044
2022-09-21,72.02,74.09,70.51,70.9,339683,261666,-0.011917421101648621,43.70266614450956,46.58487493944695,47.87717013032181
2022-09-22,71.01,73.51,70.43,71.37,303492,261864,0.006607179444894241,43.43143484221467,46.372487567235964,47.87339861710114
2022-09-23,71.41,71.73,66.71,67.31,334271,271362,-0.05856879896035434,46.82094108044946,47.613052879178916,48.20934619466656
2022-09-26,67.73,68.65,65.18,65.57,280927,262599,-0.026190539747093778,46.93987110814003,47.34554632068079,48.28442486185558
2022-09-27,65.37,67.96,65.32,67.1,283614,253409,0.023065769702108017,44.660575880671956,47.29784542340462,48.331724135517426
2022-09-28,66.74,70.38,65.43,70.22,324678,244046,0.0454491267626502,45.359020996762084,45.3022898305869,48.53895630151995
2022-09-29,70.01,70.9,68.67,69.43,286126,234742,-0.011314119975104021,44.94289433662977,45.313042693634756,48.54360227933431
2022-09-30,69.87,70.57,67.65,67.95,253154,234210,-0.021546910168029326,44.142210833897224,44.50605908814179,48.5449018500827
2022-10-03,69.26,72.28,69.13,71.49,287168,226875,0.0507854391816076,48.25948252492343,45.645797206400694,48.778862163112215
2022-10-04,71.14,74.35,71.14,73.96,302549,217205,0.033966826740163575,49.916400454150036,46.27084501140657,48.85033323537393
2022-10-05,73.83,75.58,73.02,75.02,329790,212728,0.014230338134817305,45.07817507063091,43.28527136873328,48.857738846624294
2022-10-06,75.29,76.14,74.4,75.61,235296,208192,0.007833804916437257,44.721469272674774,43.30711356767928,48.84703953605284
2022-10-07,76.02,79.76,75.22,79.19,429162,187667,0.046261478652142536,45.651342103786355,44.276953289297815,49.03907320792616
2022-10-10,79.91,80.04,77.39,77.9,289508,169108,-0.01642407534561841,46.05869227268829,44.233237641913895,49.0708138772701
2022-10-11,77.91,78.09,75.14,76.38,333158,153454,-0.01970507107933256,46.49252532116672,43.128997994300995,49.113901052552556
2022-10-12,75.79,76.99,73.75,74.6,332271,119300,-0.023580374587655044,47.08223058640255,43.246901131209036,49.16663791178587
2022-10-13,74.44,76.64,73.14,76.17,298032,98028,0.020827177174981705,45.304785596354044,43.482470338356585,49.19528711993291
2022-10-14,76.17,76.49,72.77,73.15,161127,282099,-0.040455556918563375,47.81463259466705,43.643340706068216,49.3701815072549
2022-10-17,73.13,74.47,72.33,73.04,174192,291844,-0.0015048911794202768,47.75582062519735,43.524456287314564,49.363619716279736
2022-10-18,73.28,73.91,70.25,70.92,367498,305889,-0.029454755080705896,48.55619079299488,43.635805878605574,49.44338263874813
2022-10-19,71.64,73.47,70.61,73.03,357715,306134,0.029317834426011154,49.476820142600424,43.99068273990791,49.5135636219436
2022-10-20,73.37,75.3,72.72,73.03,338344,311814,0.0,49.44158292440622,43.67524484777828,49.492362554627206
2022-10-21,73.51,74.23,71.85,73.49,272803,312600,0.00627902690876137,44.12561055093855,43.6856867547144,49.495541412658895
2022-10-24,73.66,74.24,71.4,73.09,250726,311792,-0.005457784048479391,42.81398438609575,43.39698204739174,49.48925725819099
2022-10-25,73.34,74.34,71.77,73.73,240441,312726,0.008718213509258964,42.33024904925558,42.33277070520449,49.43499679840899
2022-10-26,73.51,76.4,72.71,75.96,287182,313809,0.029797113942525735,40.66421797096633,42.78841020911691,49.520902528163134
2022-10-27,76.27,77.59,75.46,76.97,292556,311618,0.013208849602141073,40.375697361991946,42.07225905954351,49.529569566223586
2022-10-28,76.62,76.7,75.25,75.95,263404,302557,-0.013340506504444183,39.75621395373497,41.8760176124634,49.547568784293226
2022-10-31,76.38,76.6,73.71,74.77,285342,297784,-0.015658494029957823,36.603382223422344,41.986926030354795,49.574456411938925
2022-11-01,74.68,77.29,74.24,76.36,274321,300576,0.02104226384572271,35.384922409964645,42.02052087577106,49.469454139624965
2022-11-02,76.58,78.08,75.8,77.77,280961,300426,0.018296753849305104,35.606231684210066,42.18513837506129,49.42753561308557
2022-11-03,77.21,77.48,75.7,76.19,239816,289272,-0.020525532221933578,36.38336760821899,42.27157146230838,49.385171472509214
2022-11-04,75.95,80.25,75.89,80.02,354060,283037,0.049046382944170776,36.859452739561114,43.14172668954543,49.615806131337486
2022-11-07,78.63,81.0,78.11,79.32,322419,259985,-0.008786299777493754,36.491612848674585,42.88801990301877,49.55865714516576
2022-11-08,79.38,79.64,76.49,76.83,344223,235956,-0.03189511477205163,37.6430522716485,43.02526278139489,49.54458223021167
2022-11-09,76.53,77.11,73.88,74.17,388301,211651,-0.03523543313107683,38.83202011048913,43.172921679331154,49.6772845470527
2022-11-10,74.18,75.48,73.19,74.72,340007,193688,0.007388038172120406,38.14977498028516,43.04635787889622,49.670058235370774
2022-11-11,74.55,77.86,74.47,76.87,301664,178089,0.02836788944045351,36.485610700743955,43.077801582292466,49.74652702955272
2022-11-14,76.87,77.56,73.62,74.19,183531,250538,-0.035486313159606125,38.89239185087795,43.677164969264524,49.881060097801864
2022-11-15,73.72,76.7,72.78,75.14,239602,266136,0.012723669944388451,37.396313018782735,43.76355849526174,49.811790262707596
2022-11-16,75.12,75.7,72.89,74.05,191294,277335,-0.014612499432015136,36.51961847009313,43.16089967359449,49.826371104057124
2022-11-17,74.03,74.03,70.73,70.91,390058,306957,-0.04332907339790251,39.72665305163712,43.9105703064567,49.915840644467266
2022-11-18,71.31,71.81,67.59,69.79,480539,309502,-0.01592073428684494,39.93311701362822,43.74124877730444,49.93446312946472
2022-11-21,69.92,70.13,65.57,69.73,475104,306728,-0.0008600917961409037,39.922564462148685,43.71123692650628,49.88685787848475
2022-11-22,69.88,71.75,69.56,70.52,269615,297850,0.011265716296750031,40.02637085001789,42.84661180871349,49.89777478186754
2022-11-23,70.63,71.39,66.93,67.9,379145,302266,-0.03786032296501894,40.05203190239388,41.986142265226114,48.00184715827655
2022-11-25,67.52,69.6,66.4,66.45,266451,298987,-0.021586249405396142,39.78732798387997,41.95527463903591,47.990055357931254
2022-11-28,66.15,67.81,64.12,67.29,405033,281361,0.012561852040972382,40.328610261338554,41.5610481986017,47.66793031012473
2022-11-29,66.68,69.39,66.46,68.12,381869,274460,0.012259218594260967,40.66286380593965,41.64820354976234,47.66902399051495
2022-11-30,68.82,70.89,68.3,70.17,287534,275922,0.02965001346970978,41.49077656742619,42.13246333225699,47.73684447383129
2022-12-01,70.04,72.6,69.63,70.75,321432,265246,0.00823166725914967,40.9159290107188,40.41718139536949,47.739192366593095
2022-12-02,70.97,71.63,69.39,69.67,280235,258794,-0.015382727481319438,40.692723648573505,40.33930624594499,47.540678857636934
2022-12-05,69.68,72.06,66.88,67.02,346657,262445,-0.038778726732863325,37.16097721173381,40.277503291052305,47.578144738713604
2022-12-06,67.38,67.85,63.95,64.68,380598,256212,-0.0355390476002581,38.34793692316208,40.77131037086307,47.71688355719732
2022-12-07,64.94,65.67,62.51,62.73,392236,239179,-0.03061223260025431,38.25427308314703,41.14511498889378,47.776744324661344
2022-12-08,63.05,65.72,61.96,62.25,474459,223396,-0.007681266763834826,37.089232766435565,41.01962238925515,47.7741781191641
2022-12-09,62.59,63.52,61.05,61.87,356722,200925,-0.006123125801919652,36.61608483717366,40.32913586906475,47.77515639178712
2022-12-12,62.54,64.46,61.2,63.74,323553,173107,0.02977689944629309,36.81191652607957,40.865966555333586,47.86108405459236
2022-12-13,63.85,66.53,63.78,65.68,352858,133311,0.02998215615498241,37.96760254245578,41.35375794363738,47.951096558943625
2022-12-14,65.68,67.89,65.45,67.5,185521,206172,0.027333132734311164,39.26000752591039,41.65704734040908,47.982571116997725
2022-12-15,67.58,67.95,65.84,66.49,188498,224325,-0.015076037464120664,39.27483661457254,41.697357234003384,47.9634883005847
2022-12-16,66.65,66.86,64.09,65.01,271864,234450,-0.02251045619798606,37.2501973725369,41.89489499878255,47.91811904487754
2022-12-19,65.15,66.92,64.64,65.82,257459,245527,0.012382639298816313,37.43786174855709,40.26240654918788,47.80181118076185
2022-12-20,66.16,67.2,65.01,66.56,254792,250040,0.011180052997759453,37.768567734628164,39.96622293680425,47.761950286157514
2022-12-21,66.35,68.64,66.18,68.36,234624,250152,0.026684061734436923,38.88455380420562,40.061215614914985,47.81426318580165
2022-12-22,68.48,69.76,67.26,67.66,219142,244959,-0.010292694894827769,36.637130131014864,38.99312516327693,47.771215893165916
2022-12-23,68.26,70.14,68.09,69.47,237711,248177,0.02639984135222711,36.8768022421804,39.31597622657166,47.83870053071752
2022-12-27,69.76,70.88,69.12,69.44,199601,248064,-0.00043193435269478687,36.681520842732844,39.058794819581784,47.8338310773574
2022-12-28,69.75,69.78,67.49,68.94,207717,247561,-0.007226509263375433,36.58056498429272,37.643791374649176,47.83785447965573
2022-12-29,68.82,68.82,67.05,68.45,199858,250927,-0.007133009354261374,35.00216574661824,36.96784796912731,47.78253387270668
2022-12-30,68.74,70.43,67.85,70.08,205909,245852,0.02353389489367803,35.9597783483635,37.18322366735123,47.82512375378843
2023-01-03,70.35,71.16,66.88,67.17,338520,238487,-0.04241072734936278,38.62675623828741,38.08051530374249,48.00787294133823
2023-01-04,67.45,67.6,63.5,63.6,352434,236761,-0.054613248932696735,40.97348896316719,38.23436936075191,48.31438448250066
2023-01-05,63.96,65.41,63.27,64.32,300731,221591,0.011257154524634248,39.320529815589886,38.26032974879263,48.28414495501525
2023-01-06,64.58,65.89,63.95,64.41,258128,209910,0.0013982756880885575,37.65166149543525,38.11548365433866,48.27842405133643
2023-01-09,64.15,67.0,64.15,65.16,329290,194567,0.011576883175045,37.66149000509114,37.979168647201945,48.2835953922819
2023-01-10,65.36,66.29,64.47,65.59,307430,174385,0.006577461571799755,37.555125335953946,37.72066466947292,48.142728084012795
2023-01-11,65.29,67.96,64.88,67.59,350891,151256,0.030036797806618724,37.57988219413944,37.45597843965459,48.205391264942946
2023-01-12,67.84,69.12,67.32,68.44,307705,130216,0.012497405911729856,36.40479869694153,37.562759750957106,48.21628724456466
2023-01-13,68.38,69.95,68.08,69.73,283539,102664,0.018673192208926825,35.73090990497719,37.304240562127816,48.18631448800226
2023-01-17,70.15,71.17,68.8,70.24,267914,292490,0.0072873080939416905,35.2227003655975,36.827787746159615,48.157865319866275
2023-01-18,71.02,72.17,69.16,69.67,326230,304557,-0.008148140284833611,34.21136868610345,36.859497363701685,48.152105819593835
2023-01-19,69.35,71.15,68.5,70.38,321126,313535,0.010139322851411479,34.1429803125688,36.89956459817205,48.16119012935509
2023-01-20,70.58,71.52,69.77,71.28,300145,315523,0.012706651269114883,34.19368108147379,36.98763541923826,48.174578665646514
2023-01-23,71.41,72.15,70.77,71.26,297076,319762,-0.0002806229848638515,33.08262419328859,36.938641173027484,48.12308595011208
2023-01-24,71.26,71.79,69.55,69.96,288207,312430,-0.01841151002728888,33.60663288089661,36.56536846503779,48.084902510757075
2023-01-25,70.08,70.92,69.37,69.98,297234,305670,0.00028583678914081913,32.3115237060468,36.4409763962688,48.042620304254925
2023-01-26,70.27,71.72,69.78,70.73,291060,303450,0.01066032410835662,32.51446405489652,36.44228932093544,48.046219338959375
2023-01-27,70.91,72.01,69.01,69.57,367588,299802,-0.016536371112348777,32.988337186439395,36.45762028401431,48.07529561642658
2023-01-30,69.88,70.28,67.81,68.02,327426,295241,-0.022531660356500515,33.89839790033461,36.415745992154044,48.10561357605827
2023-01-31,68.02,69.19,66.84,68.86,312734,295205,0.012273678331328263,33.07328547502639,36.29358750029259,48.12127278292478
2023-02-01,69.03,69.61,66.4,66.72,360859,286583,-0.031570699859886434,31.451909095018344,36.603293433570165,48.22603817711496
2023-02-02,67.05,67.44,65.46,66.25,339755,284991,-0.00706929318415974,24.279858227918584,35.01920392939043,48.17788112395644
2023-02-03,66.29,68.1,63.83,64.08,413414,277726,-0.033303162106227815,27.032649865530896,35.54433329053253,48.23864917786684
2023-02-06,63.94,65.06,63.08,64.71,380028,277660,0.009783446309070808,27.260764131303887,35.14912493198201,48.23820131228549
2023-02-07,65.11,67.75,64.92,67.35,408279,244901,0.039987153787198394,30.501541689953328,35.56804760004046,48.358666076037906
2023-02-08,67.66,68.6,67.3,68.51,353468,217566,0.017076817158434853,30.95075639106816,35.727775173302135,48.388077473844696
2023-02-09,68.5,68.84,66.81,68.16,324156,192605,-0.0051218374937475825,29.221238279366435,35.18930288683295,48.39015063432982
2023-02-10,67.82,70.14,67.64,69.61,356062,171732,0.021050352659514805,29.84123445684738,34.79700811459498,48.330650467170635
2023-02-13,69.61,70.24,68.41,69.85,155594,269400,0.0034418505223956725,29.11544706093287,34.69178091189582,48.27869355285649
2023-02-14,69.13,69.42,67.57,68.9,192271,289284,-0.01369390768335776,29.378504854390634,34.67713860777628,48.164563356907315
2023-02-15,68.73,69.01,67.36,68.54,150587,303242,-0.005238661573150077,29.30218224827096,33.561359064213796,48.13400394422388
2023-02-16,68.41,69.35,67.98,68.47,204087,306815,-0.001021823313491381,29.015070164669076,33.40877600060252,48.093767337516496
2023-02-17,68.13,68.26,65.49,66.56,343632,322495,-0.028291896620018294,30.00857103574021,33.89721506715445,48.17659039912505
2023-02-21,66.64,67.6,66.0,66.4,402351,329328,-0.0024067400305649764,29.988501084437747,33.805458142900044,48.13945536544445
2023-02-22,66.18,66.56,64.17,64.3,332018,334263,-0.03213742523881464,31.260598674450275,33.55840039278576,48.24495868692053
2023-02-23,64.27,66.07,64.2,65.55,333838,318115,0.0192535789661352,32.329839469406885,33.52726448036314,48.27863588008849
2023-02-24,65.74,66.63,64.42,66.36,329254,306438,0.012281255112535007,32.42744457646584,33.52274182763224,48.27808908811079
2023-02-27,66.45,66.8,65.21,65.81,266091,301061,-0.008322662854215972,32.10853578890594,33.46048804217489,48.07751609289535
2023-02-28,65.87,67.67,65.69,67.0,300093,291871,0.01792081692293834,32.01840157929395,33.092270732269114,47.47096234639692
2023-03-01,66.82,67.69,66.19,67.55,342121,287267,0.00817544501524186,31.82970572101087,33.09161948719369,46.98332358739701
2023-03-02,67.6,68.34,67.15,67.96,260331,280111,0.006051232397523439,29.7655758034636,32.97874808134121,46.91615658530138
2023-03-03,67.73,69.47,65.94,69.28,374201,269476,0.01923696745044864,30.28908924169836,32.23089770865367,46.38829846401411
2023-03-06,69.49,70.11,68.1,69.96,292351,257905,0.009767385896221439,27.29709833574091,31.39042747567738,46.283900990074564
2023-03-07,70.0,70.38,67.01,67.46,398241,236419,-0.036388820516897145,30.784494087752414,31.66246435001615,46.27167075447326
2023-03-08,67.23,67.59,66.18,66.66,335930,220438,-0.011929756753910482,27.663522318999668,31.72533915617105,44.45470754253415
2023-03-09,66.52,67.87,65.59,65.84,349960,199571,-0.012377516510779162,27.150250377274887,31.81227726276642,44.403798766100515
2023-03-10,65.78,67.05,65.01,66.67,371834,181391,0.012527520261154303,27.599120932836644,31.33956929296058,44.310776104103304
2023-03-13,66.61,67.36,62.87,65.04,457423,156926,-0.0247526113904134,27.511136971146836,31.165886053338294,44.07097586161206
2023-03-14,65.04,65.26,61.71,62.19,216688,293031,-0.044808250123757346,31.02726851024079,31.944449650234713,43.81670050138432
2023-03-15,62.36,63.25,57.23,58.92,356419,321438,-0.054013623521368376,35.38179814885458,33.61144561098885,44.12546268125192
2023-03-16,59.48,60.48,57.32,59.6,251503,339965,0.01147498247687448,36.03512701590109,33.44752076203324,43.33381088850498
2023-03-17,59.56,60.74,56.87,58.22,482485,358713,-0.023426635753826995,36.418686412146435,33.61972250683208,43.36324157594388
2023-03-20,58.19,59.06,55.98,58.99,418544,373250,0.013138999697506752,36.34257831880028,33.6550143095927,42.876566734444964
2023-03-21,59.0,60.69,58.19,60.6,409495,375559,0.026926955060284783,38.17653276498142,33.66389582219787,42.9691901404619
2023-03-22,60.44,62.03,59.93,61.67,337639,365024,0.01750269592813262,37.482415449112025,33.853151250163165,42.69274733820093
2023-03-23,60.85,62.34,60.14,60.86,335241,353760,-0.013221444534576415,36.79630591721451,33.4273462480242,42.65543942078695
2023-03-24,60.46,61.22,58.12,60.25,380852,342475,-0.010073572098060632,36.36065770208327,33.46387973939865,42.63598369979508
2023-03-27,60.39,63.59,60.13,63.34,353598,320685,0.050014468739729444,41.19282839306335,35.123765653003744,42.35193909559533
2023-03-28,63.38,64.31,62.8,63.67,328472,307733,0.005196452918440103,40.62395110623683,35.12887745413123,42.328756749412946
2023-03-29,64.03,64.69,63.29,63.47,312669,298763,-0.0031461407105553077,40.42583768151554,34.749800208655095,42.18321658422674
2023-03-30,63.48,64.92,63.16,64.69,269743,299334,0.01903927673751534,41.07411940666494,33.94386920000566,41.61455171347316
2023-03-31,64.69,65.87,64.17,65.82,304361,303668,0.017317113459299722,40.94502769010771,32.214462085797095,41.64387825783871
2023-04-03,69.68,71.06,68.72,69.95,547126,297076,0.06085695759629645,46.609639365142506,34.443738980383706,41.90612058758581
2023-04-04,69.97,71.16,69.25,70.21,343570,279583,0.0037100499176672,44.587817364442515,34.44699654548112,41.890252254733106
2023-04-05,70.47,70.67,69.35,70.12,254974,269238,-0.0012826909761235162,44.30599947156351,34.386077078786194,41.49056343664728
2023-04-06,69.91,70.42,69.29,70.2,259515,258152,0.0011402509787316571,43.96123493633735,34.36796250721694,41.490460232572076
2023-04-10,70.02,70.65,69.25,69.36,264906,236614,-0.012037978559479093,44.13484822295816,33.93552749171305,41.439914747412594
2023-04-11,69.49,70.97,69.04,70.92,309683,212825,0.02224214873372074,43.507890098742905,34.14165999243313,41.29766601743844
2023-04-12,70.84,72.66,70.7,72.43,356133,185766,0.021068097001227606,39.76319678411029,34.19930797682449,40.832020182036395
2023-04-13,72.43,72.6,71.49,71.53,155560,333690,-0.012503636086942311,33.45972356093599,34.27526347828538,40.70515931661797
2023-04-14,71.75,72.36,71.18,71.87,205477,342960,0.004741989360058784,33.49760072313157,34.24129264637295,40.628952435349
2023-04-17,71.86,72.03,70.15,70.47,229971,379191,-0.019671844141420217,33.0334640235006,34.42805061767042,40.655079702360496
2023-04-18,70.62,71.07,69.67,70.53,311775,389983,0.0008510638811566757,33.144073569267576,34.32705793302345,40.31170168394883
2023-04-19,70.59,70.83,68.47,69.09,350784,406456,-0.02062814871938428,34.00730330286904,34.58203526320035,40.36138938702563
2023-04-20,68.9,68.94,67.11,67.46,361413,401788,-0.023875172867199503,35.3846142618757,34.72064961344535,40.395573774783685
2023-04-21,67.25,68.35,66.89,67.89,291114,388044,0.0063539186800516696,34.76206154598728,34.749569168759855,40.370195674538756
2023-04-24,67.98,69.03,66.89,68.67,306720,367142,0.011423674319029438,34.32227164623809,34.76039591875216,40.237962445227204
2023-04-25,68.65,68.94,66.7,67.19,361646,347422,-0.021787995700526433,31.616356008893405,34.8803799517949,40.163645909786
2023-04-26,67.2,67.94,64.56,64.78,497778,349364,-0.03652751318887528,34.55556034958015,35.37107250902692,40.32181337178412
2023-04-27,64.85,65.63,64.54,65.18,345880,345185,0.006155759666232406,34.57012721654322,35.296533383648224,40.190205128157345
2023-04-28,65.31,67.06,64.46,66.94,328399,336734,0.02664402237376497,35.1867336250365,35.15302147862273,40.28232976139417
2023-05-01,66.84,66.86,64.98,65.96,215017,336158,-0.014748198091782468,35.14118763391212,35.25456908819768,40.30258632563568
2023-05-02,66.05,66.36,62.27,62.48,417820,337362,-0.054201992159967544,32.385107717162256,36.33941037460904,40.57478944455794
2023-05-03,62.39,62.59,59.24,59.81,490523,314850,-0.04367363447496484,34.84373160709766,37.33595914074328,40.45277948236635
2023-05-04,59.43,60.89,55.49,59.77,412495,305506,-0.0006690082203028066,34.86013719876469,36.33129928070594,40.44887927039194
2023-05-05,59.9,62.61,59.7,62.2,330585,295580,0.039851136908970866,38.700771757939876,37.13275199538454,40.63256189825829
2023-05-08,62.21,64.25,61.94,63.79,290076,279508,0.025241438508730157,40.170154249718806,37.52938221319383,40.244853712088194
2023-05-09,63.51,64.33,62.2,64.26,317493,258790,0.007340915433848555,39.206588384899135,37.28810458118331,40.12592863486749
2023-05-10,64.15,64.42,62.6,63.26,351506,234328,-0.015684135810209752,38.129843406483715,37.38937709030079,39.71401712250799
2023-05-11,63.45,64.08,61.58,61.79,365892,216553,-0.023511678804614564,38.54737870614788,37.57809680048027,39.77389500079113
2023-05-12,62.27,62.58,60.97,61.07,275435,195781,-0.011720791837844738,38.30640099264871,37.62676915389906,39.56629059441883
2023-05-15,61.07,62.5,60.52,62.0,159522,318992,0.015113637810048106,38.903134310916684,37.78824037510975,39.50805644930488
2023-05-16,62.16,62.58,61.43,61.78,153065,333707,-0.0035546975546559,38.825536877456486,37.38132119335298,39.465716285654494
2023-05-17,61.57,63.93,61.09,63.57,219088,352886,0.028561973457881702,40.36775609831386,37.875620783451176,39.514614966909534
2023-05-18,63.51,63.64,62.37,62.74,239916,367922,-0.013142458185785317,39.849097515813284,37.399835001617774,39.4345097361984
2023-05-19,62.84,64.17,62.08,62.52,312432,378970,-0.00351269720925621,39.67486235066476,37.178977145717354,39.432012445345755
2023-05-22,62.68,63.25,61.63,62.84,263977,390883,0.005105307834144468,39.40904710404717,37.10023205138237,39.43716195627907
2023-05-23,62.88,64.35,62.54,63.59,317586,381861,0.011864411891895925,39.25391057317018,37.15854371264412,39.4581747362592
2023-05-24,64.34,65.17,63.78,64.83,386611,378754,0.019312233907587847,37.86129340373802,37.18920182709137,39.507464520256036
2023-05-25,64.72,64.86,61.9,62.64,422637,386168,-0.034364407504356556,39.68128443912759,37.78013577849738,39.49030907185434
2023-05-26,62.7,63.71,62.35,63.38,261498,374776,0.011744302580227161,38.59294121128927,37.84513765040052,39.49993303986379
2023-05-30,63.86,64.14,60.19,60.58,440862,380541,-0.04518354866368356,41.26909467145756,38.65609324574775,39.74190057714295
2023-05-31,60.72,60.78,58.46,59.38,444787,378664,-0.02000733626347742,37.38196164645917,38.74269501970226,39.778223986567056
2023-06-01,58.95,61.98,58.88,61.13,395393,369197,0.02904527470502031,35.641782085921605,38.63547344836446,39.867877671401565
2023-06-02,61.23,62.94,61.05,62.57,322596,350582,0.023283185969637948,36.488877798136855,38.90800153611654,39.90274947618195
2023-06-05,65.43,65.46,62.56,62.92,383943,334856,0.005578148179804926,33.73355221562972,38.858811017030476,39.909207229214964
2023-06-06,62.78,63.08,61.16,62.57,314962,319586,-0.005578148179804941,32.495867609927004,38.7715145143943,39.90014161217083
2023-06-07,62.41,63.83,61.93,63.25,299127,298823,0.010809197597357566,32.63646811547397,38.527454413339285,39.84592716201311
2023-06-08,63.2,63.91,60.2,62.17,485396,266825,-0.017222559326383398,32.733996150193256,37.57435472932977,39.87482502768015
2023-06-09,61.87,62.59,61.13,61.2,300724,236361,-0.015725378762965734,32.13077804095806,36.01051991597393,39.8959612396535
2023-06-12,61.28,61.34,58.26,58.54,404769,202561,-0.04443690825454068,35.56409136836753,37.09812444532884,40.11868482100952
2023-06-13,58.54,60.72,58.41,60.38,253162,327585,0.030947643014953022,36.99676097940356,37.323214973260605,40.22674746518421
2023-06-14,60.32,61.3,59.24,59.41,212222,331725,-0.016195361911042767,37.36808477567835,37.386637094902966,40.168701816708285
2023-06-15,59.81,61.75,59.13,61.45,262831,345056,0.0337612736443939,37.971957392867246,37.62145184708781,40.27378121457287
2023-06-16,61.45,62.51,60.91,62.42,297844,356277,0.015661900830589423,38.19620975071017,37.58723460799666,39.803733641419676
2023-06-20,62.22,62.81,60.54,61.78,430492,371375,-0.010306049352197725,38.34885311234698,37.54749379866211,39.783187718435634
2023-06-21,61.53,63.11,61.44,62.94,264656,367290,0.018602204145825207,38.91011574577969,37.67044219351466,39.72400730402608
2023-06-22,62.86,63.05,59.82,60.32,421348,381977,-0.04251816793656016,41.43226049199622,37.270554189754854,39.902951255272065
2023-06-23,60.34,60.45,58.45,60.02,322475,378613,-0.004985883687479486,40.614455699951804,37.2588325717101,39.764687045818405
2023-06-26,60.61,60.84,59.63,60.2,280116,373330,0.002994512302554351,39.0261401112545,37.264864410725416,39.71896081134261
2023-06-27,60.31,60.88,58.58,58.75,384752,367612,-0.024381199290507086,39.44485118430317,37.335841575039865,39.724999596082085
2023-06-28,59.02,60.51,58.19,60.37,368295,344998,0.027201139784066502,37.70061640431291,37.603788987948114,39.798409009748845
2023-06-29,60.1,61.27,59.82,60.63,292865,335154,0.004297527275304581,36.98508353199272,35.318695918498946,39.64016982697471
2023-06-30,60.59,61.65,60.34,61.3,299873,325984,0.010990022858526302,35.70505409435085,35.40374939367036,39.571055000885394
2023-07-03,61.14,62.28,60.48,60.57,303479,314808,-0.011980121949309832,34.85740411040047,35.45894772984794,38.66085349591593
2023-07-05,60.88,62.63,60.66,62.3,456809,313288,0.02816170480055154,36.365474170114204,36.00372438259656,38.76330473489011
2023-07-06,62.31,62.78,60.94,62.31,395381,304951,0.00016050076272322385,36.31610557112422,35.94505907495693,38.52122757186928
2023-07-07,62.39,64.15,61.78,64.1,362632,284207,0.02832243737049359,37.53249321427726,36.13973570407492,38.57799501969229
2023-07-10,64.1,64.35,63.07,63.34,301014,262839,-0.011927322816130442,37.24368599506496,35.88417098868115,38.589084232249874
2023-07-11,63.52,65.05,63.33,64.94,326883,247033,0.024946725564206032,37.62722623463717,36.245403245621254,37.79929800694303
2023-07-12,64.94,66.09,64.8,65.74,352887,218724,0.012243801561373311,33.285043916793406,36.334061555912356,37.81789636405505
2023-07-13,65.83,67.11,65.37,66.73,379728,175909,0.014947058679441984,32.14679050425379,36.286619041405125,37.82665872275986
2023-07-14,66.73,66.81,65.03,65.26,204776,364200,-0.02227533575034065,32.74534062655947,36.54729487153812,37.83848151768186
2023-07-17,64.87,65.84,63.92,64.18,248258,374294,-0.016687655483463747,31.68561994993569,36.46709370730987,37.52315728951399
2023-07-18,64.18,65.76,63.96,65.55,388371,398528,0.021121574527997965,32.05103842236034,36.43951305329611,37.562097759375284
2023-07-19,65.63,66.6,65.0,65.23,385595,390920,-0.0048937244017040705,31.82218539754704,36.422336950007484,37.55644272595386
2023-07-20,65.26,65.97,64.56,65.54,340962,382192,0.004741157462663966,31.28022595726196,36.353277126348715,37.395566324489224
2023-07-21,65.58,66.96,65.58,66.77,308106,375029,0.01859323459910873,26.962161680497488,36.2983728615293,37.409766658310076
2023-07-24,66.72,68.69,66.23,68.22,368285,369027,0.021483899120722225,27.286741513223202,35.75499152528772,37.41292443619834
2023-07-25,68.31,69.22,67.83,68.99,349600,370809,0.01122378956751768,27.30675092313113,35.80209299478645,37.39163897109567
2023-07-26,68.74,69.11,68.05,68.25,322031,359575,-0.010784132492948129,25.621026922037732,35.47486159560089,37.324995042217466
2023-07-27,68.36,69.83,68.33,69.39,374358,349638,0.01656533084638842,24.801039469181944,35.48709772770047,37.35687310056983
2023-07-28,69.17,69.93,68.5,69.81,299547,349307,0.00603450107085253,24.78394237769326,33.59282133398631,37.29011625137647
2023-07-31,69.87,71.04,69.42,70.87,297270,348689,0.015069946839854603,24.911964012554357,32.32607970992764,37.00236205022332
2023-08-01,70.81,71.23,69.82,70.5,307859,345150,-0.00523450300394175,24.32948123750674,32.36069635505617,37.00031668813895
2023-08-02,71.09,71.42,68.49,68.87,414825,335332,-0.023392040261615978,25.406485032570934,31.855519789307863,36.85235713576365
2023-08-03,69.11,70.92,68.18,70.65,402641,331246,0.025517439573929674,26.34132350567262,31.864281424341414,36.869281007345826
2023-08-04,70.81,72.12,70.62,71.75,320873,318579,0.015449745509193894,25.287938609555045,31.968731791635683,36.898772525457616
2023-08-07,71.75,72.17,70.63,70.99,293036,291477,-0.010648832588436038,25.173975276145782,31.867350542068213,36.860416967523946
2023-08-08,71.5,71.98,69.22,71.84,424545,267922,0.011902401942649696,24.260568424609122,31.484318580336545,36.87992228347293
2023-08-09,71.81,73.34,71.62,73.12,478140,241028,0.017660503151950314,24.54811870054126,31.492821197506686,36.88926831023411
2023-08-10,72.99,73.55,71.55,71.75,362188,225789,-0.018914072506164187,25.702235203279137,31.7052249093695,36.84160059523258
2023-08-11,71.76,72.61,71.24,72.07,331254,209175,0.004450014296619155,23.811214334064275,31.683075527203307,36.7669898427765
2023-08-14,72.07,72.12,70.96,71.6,126692,275828,-0.0065427949697496966,22.84028563840315,31.266986601954365,36.67204756501541
2023-08-15,71.65,71.96,69.88,70.36,198944,293923,-0.017470154097242462,23.433103023559923,31.368815765610634,36.58445044714656
2023-08-16,70.57,70.77,68.77,69.07,237705,316342,-0.01850443676847595,24.554091530213398,31.62890015375077,36.58628779944289
2023-08-17,68.97,70.46,68.7,69.84,239170,336291,0.011086428430465313,24.721300507903997,31.68043315970719,36.49902048746483
2023-08-18,69.56,70.77,69.07,70.5,377453,337864,0.00940579828687617,24.17040067551315,31.650933800073496,36.51007244952219
2023-08-21,70.59,71.45,69.9,70.03,361842,340767,-0.00668898815079654,23.3232422430904,31.481743636353187,36.515547301862924
2023-08-22,70.14,70.25,69.45,69.61,287489,343880,-0.006015486486851293,23.153433330873376,30.63528370234856,36.327563975453046
2023-08-23,69.61,69.85,67.84,68.95,378146,330810,-0.009526630941264207,23.076703688115607,30.649287330441656,36.31552358857072
2023-08-24,68.67,69.29,67.82,69.09,349230,320974,0.002028398261392619,22.29911469991169,29.070730633532367,36.23112283228094
2023-08-25,68.95,70.32,68.3,69.78,411409,327930,0.009937433257924464,22.48647792290556,28.739967812688,36.24083769920287
2023-08-28,70.06,70.68,69.58,70.01,246584,322374,0.003290653230478207,21.81672551375878,28.211007233420958,35.99347739225285
2023-08-29,69.91,71.16,69.35,70.94,284168,320989,0.013196360356369435,22.274743552918963,27.96461995430682,35.57064946831311
2023-08-30,71.05,71.72,70.69,71.35,299418,312679,0.005762894577369632,20.49272799217065,27.96562912997082,35.50216104492638
2023-08-31,71.41,73.15,71.22,73.1,368848,308578,0.024231022832887483,20.299173978290437,28.281737143203557,35.43023485112094
2023-09-01,73.1,75.22,72.95,74.77,420461,299793,0.02258836825609136,21.083300870407875,28.529844827803274,35.501854849717006
2023-09-05,75.22,76.98,74.31,75.77,452908,291345,0.013285700931457919,20.88035594484618,28.300031772415146,35.526807065410786
2023-09-06,75.8,76.99,75.11,76.51,307115,287903,0.009719015300478702,20.774586198193184,28.048828424429416,35.04340169584664
2023-09-07,76.51,76.69,75.51,75.93,270736,283994,-0.0076095880186181075,20.365911419353896,26.309643236344492,34.999915657495315
2023-09-08,75.85,76.87,75.3,76.49,294437,269789,0.007348150108632081,18.8884878313019,25.72817054531195,34.79805706086731
2023-09-11,76.39,77.05,75.79,76.3,292388,242652,-0.0024870750433633065,18.987778072266327,25.421457794697684,34.78046985027847
2023-09-12,76.28,78.11,76.23,77.65,341137,223970,0.017538611304284853,19.328563514493332,24.825319744126283,34.8075132101206
2023-09-13,77.65,78.4,77.29,77.48,250863,278662,-0.0021917110559009417,17.769777563895442,24.73348771215931,34.78337262604037
2023-09-14,77.76,79.53,77.62,79.01,257676,299467,0.019554588195846705,16.211159886932723,24.77332612983865,34.60992747663339
2023-09-15,79.41,79.85,78.16,79.37,321843,324594,0.004546036368142169,16.14375501499066,24.58866675211946,34.612377028211114
2023-09-18,79.71,80.55,79.27,79.86,414189,333508,0.006154638532291101,16.10455476109533,22.610774124421145,34.610812471335734
2023-09-19,80.21,81.49,79.63,79.78,537522,345308,-0.0010022551578146885,15.618535100984834,22.55272536271539,34.568237352677016
2023-09-20,79.91,80.3,78.44,79.05,457854,351125,-0.00919228282177958,15.992860387098878,22.73067717532817,34.55947232118086
2023-09-21,78.73,80.22,77.91,79.03,351032,358353,-0.00025303643859706177,15.084121612580848,21.943665940963033,34.553936077729425
2023-09-22,79.02,80.52,78.74,79.38,402087,364188,0.004418920138035193,15.007027347054827,21.447722400336186,34.04078819359037
2023-09-25,79.84,80.08,78.5,79.07,328369,350025,-0.003912911272083633,15.43942595999549,21.51794512278608,33.93627175467746
2023-09-26,79.25,80.0,77.76,79.7,318016,351482,0.007936049713333719,15.409383863833456,21.487232980549077,33.86950848282611
2023-09-27,79.82,83.03,79.7,82.6,504630,347034,0.035740094730762825,18.483489719854713,22.151172088840866,33.753479854442794
2023-09-28,82.68,83.79,80.58,80.86,406709,332250,-0.02129041631430752,21.144807268595336,22.276912683212572,33.80408913932719
2023-09-29,80.9,82.09,79.66,80.05,355782,329101,-0.010067824769901165,20.77957660252214,22.456888374804073,33.74754305968492
2023-10-02,80.08,81.01,77.99,78.31,334493,319991,-0.021976130679877286,21.64911603192496,22.51260971570322,33.44298286622965
2023-10-03,78.18,79.59,77.38,78.67,350659,310506,0.004586579578304823,21.28142260016986,22.28762109884785,33.273883862038026
2023-10-04,78.84,78.99,74.2,74.26,459995,291668,-0.057689439592217034,29.752727559576424,25.158381238286115,33.748091967001024
2023-10-05,74.46,74.87,72.43,72.57,465997,280123,-0.02302083545888861,30.66199118069564,25.59344983793493,33.81733425459178
2023-10-06,72.55,73.43,71.86,73.0,461139,240655,0.005907827858345645,30.60632304554578,25.45951433182505,33.49785423424122
2023-10-09,75.16,76.92,74.65,76.16,435037,209258,0.04237694933471872,34.475323151666295,26.314521334104285,33.73126396094855
2023-10-10,76.2,76.48,75.05,75.8,337654,194140,-0.004738097834783884,33.86582368172953,26.053582706854954,33.676609004044515
2023-10-11,75.79,76.28,73.28,73.61,425395,183136,-0.029317406577711383,35.308643346377096,26.581660163502768,33.722106206569016
2023-10-12,73.36,75.12,72.57,73.1,373492,155176,-0.006952519314881864,34.34708082366972,26.607578981490597,33.66330915372005
2023-10-13,73.63,77.44,73.49,77.32,356863,130624,0.05612428758439739,40.37703706428149,28.83279767450176,33.88919633494037
2023-10-16,77.31,77.83,76.09,76.32,205581,301244,-0.013017627200099084,40.48042705795771,28.81891659497492,33.914834846315856
2023-10-17,76.71,77.38,75.54,76.48,229524,302777,0.0020942416031149067,40.50817136111013,28.53814991567373,33.783539724274625
2023-10-18,77.35,79.28,77.21,78.12,384528,314571,0.02121683726533233,41.2348747807133,28.750220989308417,33.72285973321274
2023-10-19,78.08,80.15,76.48,79.11,384030,319575,0.012593183024826692,41.500147114301065,28.70289067905923,33.745535147230484
2023-10-20,79.75,80.43,78.35,78.85,311917,320442,-0.0032919756242577414,41.48275363201924,28.574326740630738,33.74211118499214
2023-10-23,78.77,79.03,76.4,76.53,315517,314619,-0.0298644925872176,42.782105355781376,29.302657257790592,33.872849540371845
2023-10-24,77.12,77.25,74.24,74.96,370591,314893,-0.020728182891663043,43.14023175036833,29.513879258914166,33.92673862377674
2023-10-25,74.92,76.59,73.47,76.44,429459,307737,0.019551481441905577,41.56271000676186,29.72891757268515,33.851382190833306
2023-10-26,76.42,76.62,73.9,74.49,341792,314183,-0.025841231183887443,41.846043455650566,29.820070629168775,33.92442555637981
2023-10-27,74.77,76.89,74.39,76.57,333760,317186,0.0275404669368471,43.24112889312721,29.893015061035054,34.01150420023424
2023-10-30,76.09,76.36,73.24,73.68,356928,324343,-0.038473963177980464,44.615442818046304,30.833894850009223,34.19467414147786
2023-10-31,73.93,74.63,72.28,72.53,346007,318512,-0.015731122571730455,44.73711158556939,30.92942212053184,34.16431846387318
2023-11-01,72.94,74.67,71.88,72.01,321592,310525,-0.007195271114545535,40.0547374063199,30.872535634702242,34.120434534031375
2023-11-02,72.35,74.15,71.81,73.81,307122,299912,0.024689225521185427,40.24069347970344,31.076815171134246,34.15125585859658
2023-11-03,73.92,74.84,71.7,72.07,457281,299554,-0.02385635484561143,41.12154797875653,31.222519537301945,33.8721172338124
2023-11-06,72.62,73.62,72.2,72.35,271131,283369,0.003877584141143281,37.92649499370959,31.21931315038059,33.864317472771724
2023-11-07,72.45,72.55,69.01,69.26,396289,271351,-0.04364791410321681,40.639859739754684,32.45633915810316,33.99535669564738
2023-11-08,69.03,69.4,67.06,67.43,429647,250375,-0.026777516227785295,40.44376764685351,32.71852640025569,33.918198884810295
2023-11-09,67.72,69.07,67.32,67.8,303430,232157,0.005472172199859237,40.5793761090609,32.52996401254057,33.91430282738829
2023-11-10,67.67,69.58,67.41,69.08,266998,205339,0.018703058332127966,35.05220436153491,32.681028705327606,33.845176439033544
2023-11-13,69.08,70.3,68.19,69.98,157423,304961,0.012944233661064102,35.535008980085486,32.733372529072305,33.68636527352224
2023-11-14,70.24,71.29,69.57,69.97,166184,319807,-0.00014290818173666784,35.49015903483258,32.70477035255755,33.66103726679658
2023-11-15,69.9,70.43,68.43,68.73,253172,339112,-0.017880793624291406,34.43809737125288,32.887652472181486,33.67671161783921
2023-11-16,68.66,68.74,64.77,65.42,428816,346716,-0.049357763023276054,36.84277579902995,34.3500305877129,33.760008413130166
2023-11-17,65.44,68.19,65.26,68.06,368483,345134,0.03956164696252179,40.735202521226874,35.33275685918326,33.95953637711163
2023-11-20,67.84,70.23,67.5,69.66,270638,340002,0.02323659586509543,41.20217692124232,35.60064765637873,34.04016064002363
2023-11-21,69.5,69.74,68.85,69.61,238629,339270,-0.0007180297572799504,40.78000345165798,35.59416203173175,34.02126557470465
2023-11-22,69.61,69.79,66.05,69.01,389325,343803,-0.008656813548064518,39.86563036239932,35.527298973042555,33.818550964321766
2023-11-24,68.73,69.0,67.19,67.61,281147,340215,-0.02049552052992405,39.54081074591328,35.73779885138019,33.811660430661256
2023-11-27,67.41,68.23,66.29,67.0,289562,337496,-0.00906328171162041,37.65421247720796,35.38756132478198,33.80050390919461
2023-11-28,67.19,68.94,66.81,68.39,286618,331117,0.02053399571903856,36.86239793422224,35.33040918242884,33.84110585005891
2023-11-29,68.53,69.89,67.73,69.69,322170,331214,0.018830220340422716,37.406864586184206,35.447504492065654,33.76256080306608
2023-11-30,69.59,71.25,67.17,67.99,559169,351226,-0.02469619991205927,38.23606307700453,35.68752595526576,33.84279920657448
2023-12-01,67.66,68.7,66.17,66.3,358976,333756,-0.025170738346551445,37.55937386790254,35.98632660307871,33.90157587984637
2023-12-04,66.75,67.16,65.01,65.37,388832,318986,-0.014126459567178461,37.07977594976391,36.01052785240523,33.70744337959007
2023-12-05,65.61,66.34,64.46,64.73,358703,301237,-0.009838665067219438,36.9696602286011,36.040888565628684,33.53228467094156
2023-12-06,64.53,64.98,61.86,62.1,436803,298942,-0.041478783617985765,36.68018282452677,36.646902866046155,33.650233360202435
2023-12-07,62.01,63.08,61.58,62.06,339000,263076,-0.0006443299191989641,35.82851955308504,36.651038906809205,33.64147775883159
2023-12-08,62.44,64.11,62.21,63.75,302250,233343,0.026867525018301287,37.362642810793,36.87914076287599,33.743729753839254
2023-12-11,63.68,64.27,62.97,63.83,274414,210277,0.0012541152294304769,36.517216929002174,36.85433450208378,33.611277026362224
2023-12-12,63.93,64.41,61.06,61.41,324530,175323,-0.03865061092665817,37.916696793417685,37.484679214975976,33.69801441366289
2023-12-13,61.52,62.56,60.6,62.18,306996,136005,0.012460716289299855,38.458433871197116,37.6377001476191,33.60768759957949
2023-12-14,62.18,64.53,61.95,63.8,224155,287600,0.025719785720136376,39.749619503202986,38.115121460475315,33.676029579708725
2023-12-15,63.8,64.38,62.68,63.69,262866,292573,-0.0017256259674697252,35.90666728442714,38.11083888250973,33.601024641661695
2023-12-18,63.93,66.2,62.99,64.61,354885,294276,0.01434163318679976,33.10288815099419,38.25396270654945,33.60895400985156
2023-12-19,64.71,66.06,64.01,65.6,230042,294684,0.015206498379969253,32.38656457865829,38.44388412714984,33.625026730292014
2023-12-20,65.71,66.87,65.3,65.85,273364,296731,0.0038037322392467767,32.46853801183467,38.40246423173099,33.51916712182027
2023-12-21,65.49,66.17,64.27,65.56,251982,294109,-0.004413674313661011,32.40147910773689,37.536149794801624,33.50635707016581
2023-12-22,65.58,66.53,65.12,65.27,222600,288837,-0.004433241228502969,31.716924039335886,37.360196077248276,33.40215842949836
2023-12-26,65.27,67.59,64.89,67.05,208715,280667,0.026906097080561592,33.15583774589404,37.850726211994775,33.51323140826974
2023-12-27,66.83,67.13,65.45,65.75,253323,279662,-0.019578938669813594,32.92346885599832,37.80242637590157,33.56257576095426
2023-12-28,65.48,66.01,63.63,63.68,262748,283884,-0.03198912952174633,33.60041789336471,38.23318599875459,33.707084460657775
2023-12-29,63.87,64.43,63.22,63.57,214486,279800,-0.0017288805878101503,32.74853508937428,36.52901436027104,33.62170494930364
2024-01-02,63.63,65.34,62.16,62.45,330992,277544,-0.01777542437673063,32.19585712279261,36.41936326862289,33.400348164379984
2024-01-03,62.55,64.97,61.47,64.5,334861,259188,0.03229898723014011,34.220071737084865,37.07539041345444,33.10834765281197
2024-01-04,64.81,65.66,63.05,64.05,344467,240347,-0.007001195458983588,34.13395175503357,35.910129747804035,33.096578841575266
2024-01-05,64.24,65.87,64.07,65.49,325525,230314,0.022233430887219033,31.37679830668828,36.274289864074184,33.171615550162485
2024-01-08,65.22,65.61,62.22,62.79,392249,222532,-0.042101634103944054,35.17629935026975,36.770154244090484,33.41996930669474
2024-01-09,62.92,64.71,62.53,64.1,363445,206004,0.020648538800606152,34.62495149178625,37.066097885485945,33.47843620020994
2024-01-10,64.03,65.29,63.0,63.32,352772,189613,-0.01224312891381284,34.90460429130541,35.06625786488774,33.362267228681404
2024-01-11,63.29,65.49,63.15,63.9,373645,170127,0.009118126370677626,31.955818410473647,35.09846209835212,33.350911647546745
2024-01-12,64.78,66.77,64.2,64.49,403636,148743,0.009190811638796783,31.834526848487883,35.17216703991361,33.3099529866339
2024-01-16,64.53,65.37,63.34,64.34,312941,316754,-0.002328651211405568,30.5740434686106,34.813433638066165,33.301739251206556
2024-01-17,63.98,64.65,62.66,64.31,348484,338393,-0.0004663816641085205,30.565581177496952,34.66238804347288,33.29246605344188
2024-01-18,64.53,65.83,63.97,65.61,396277,338365,0.020012983210014407,30.970216334971084,34.99444162954769,33.33858652139353
2024-01-19,65.59,66.22,64.76,64.99,360028,363992,-0.009494711450528747,30.68268475085555,34.57459732733547,33.32556917525368
2024-01-22,65.3,66.95,64.38,66.33,372284,378890,0.02040887163120725,31.543321618248637,34.68731737216479,33.390800963614325
2024-01-23,66.26,66.77,65.13,65.99,306060,381504,-0.005139068142134451,31.55893844551496,34.39879910890297,33.34444634143503
2024-01-24,66.16,67.28,65.6,66.62,323726,394223,0.00950161737020343,31.667617580372838,34.13384761333154,33.358733660579006
2024-01-25,66.81,68.77,66.69,68.64,320177,390971,0.029870622414173147,32.00466827855799,34.22279906795409,33.477554069565564
2024-01-26,68.45,69.44,67.48,69.22,365456,387799,0.008414383027491304,31.127941470965474,33.41756136280506,33.44743792614978
2024-01-29,70.0,70.35,67.8,68.12,331925,389098,-0.016018982412710544,29.234834424757782,33.423017910788246,33.40944653651443
2024-01-30,68.34,69.33,67.3,69.05,347242,387266,0.013560024060813445,29.384504799465798,33.530395956090544,33.41447608989147
2024-01-31,69.06,69.3,67.01,67.3,344493,384252,-0.025670643204618995,30.28513453212089,33.49005198898215,33.363251118957244
2024-02-01,67.4,68.27,65.39,65.5,577936,360655,-0.02711009400947579,30.19655138106645,33.58915431861739,33.46694879173707
2024-02-02,65.58,66.12,63.7,64.13,467768,350720,-0.02113786948043474,31.082968560917912,33.80566980770745,33.36673761977635
2024-02-05,64.55,65.02,63.36,64.57,350843,331359,0.006837633477603969,30.091057232817846,32.71547675891316,33.35930888238557
2024-02-06,64.56,65.5,64.22,65.05,310955,312531,0.007406298320138623,25.897619725662263,32.32027333037264,33.12351994047156
2024-02-07,65.21,65.85,64.97,65.53,294955,283050,0.0073518480928913684,25.027382153837113,32.33764504123503,33.086735761246764
2024-02-08,65.73,67.96,65.27,67.63,377906,238999,0.03154361853544292,26.70073908996626,32.768673705395365,33.235734746847086
2024-02-09,67.8,68.58,67.37,68.18,302612,199432,0.008099595122908579,26.67369914656062,32.69967102727727,33.1779816540378
2024-02-12,68.18,68.59,67.24,68.43,169635,315812,0.0036600582546492248,26.582180944926336,32.71040471055097,33.178223506452795
2024-02-13,68.5,69.57,68.38,69.09,253496,334958,0.009598677536297194,26.60429640511792,32.566593567069674,33.16392478899175
2024-02-14,69.01,69.86,67.8,68.02,276328,338025,-0.015608222921654213,27.438207963946994,31.07848631571893,33.19686192849526
2024-02-15,67.99,69.54,67.27,69.11,342334,354329,0.01589765852425372,27.133069455541598,30.178339811035325,33.23518804266538
2024-02-16,69.15,69.94,68.31,69.89,451361,350505,0.011223139385734715,26.904006078423393,29.886609573779154,33.130933604600536
2024-02-20,69.78,69.98,68.41,68.62,435235,353107,-0.018338540058733994,27.213697821396117,30.123299475507082,33.182169528544506
2024-02-21,68.72,69.55,67.98,69.4,323243,354763,0.01130283008245507,27.291615437611494,30.16276497609943,33.04095446192103
2024-02-22,69.56,70.3,68.79,70.02,330511,350623,0.008894048013760624,27.271843638670834,29.906162967331774,32.99717036837438
2024-02-23,69.81,69.82,68.01,68.13,353437,347505,-0.027363270740942816,27.217311415993468,30.38954920856771,33.09097461252796
2024-02-26,68.05,69.5,67.55,69.1,274710,340212,0.014137085988047486,27.536298462789986,30.235325767701344,33.109907156518545
2024-02-27,69.14,70.37,68.74,70.25,269236,329921,0.016505577440230998,27.46051876262454,30.1777529732399,33.10254332436165
2024-02-28,69.9,70.92,69.28,69.96,330043,303260,-0.00413665806345396,27.14980709810969,29.74630095914138,33.09556171248852
2024-02-29,69.66,70.62,69.42,69.71,317939,284672,-0.0035798706520940027,25.383806421566636,29.276597221814697,33.09227852949928
2024-03-01,69.73,72.02,69.52,71.23,363417,284231,0.021570298491955277,23.877558036667466,29.411095449508558,33.106759359816785
2024-03-04,71.38,71.62,69.98,70.14,347214,263962,-0.015420833278230442,23.14823924111808,29.524483771600156,33.12898426700168
2024-03-05,70.14,70.8,69.05,69.61,436521,263409,-0.007585009531456999,23.516528384128428,28.213045971618584,32.934347980563444
2024-03-06,69.61,71.86,69.47,70.48,371049,262295,0.012420746447349095,23.686456622344725,28.289618983973046,32.93488149651015
2024-03-07,70.48,70.84,69.49,70.31,432923,244312,-0.0024149454168541076,23.75722861831538,27.828281128513332,32.911487186255926
2024-03-08,70.82,71.25,69.09,69.49,347533,219811,-0.011731178884834112,21.878792914171004,27.962739669213548,32.91011500479598
2024-03-11,69.3,69.9,68.4,69.41,329873,194591,-0.0011519079747436736,21.746677660407045,26.695106538729874,32.81442752659388
2024-03-12,69.56,70.13,68.89,69.09,309922,173984,-0.0046209468507887215,21.8055580197452,26.639807261597976,32.50240145964269
2024-03-13,69.53,71.17,69.09,71.01,316390,141154,0.02741070969329877,23.633516927839572,26.706943444536453,32.14843475294443
2024-03-14,71.01,72.61,70.93,72.35,248796,312024,0.01869474088349039,23.50130746917479,26.919352352909563,32.18097376888987
2024-03-15,72.21,72.49,71.7,72.21,215797,331884,-0.001936912614402609,23.06028891258503,26.810310351982736,32.08960668385681
2024-03-18,72.21,73.93,72.19,73.63,323915,346436,0.019474010917535294,23.666777475953637,26.915152392267284,32.120425091980174
2024-03-19,73.67,74.49,73.31,74.14,341700,356631,0.006902646341960818,22.364133406293,26.93188086993657,32.01888694257909
2024-03-20,73.96,74.07,72.43,72.83,351161,350859,-0.01782723949276243,23.44413625763147,27.2067055837033,32.02891619436073
2024-03-21,73.03,73.41,71.96,72.65,266860,354239,-0.002474568213531789,23.374448950023616,27.190640722055765,31.999920582600506
2024-03-22,72.44,72.99,72.07,72.25,231101,347082,-0.0055210630237504926,20.910629139064852,26.71907761397106,31.987658696163244
2024-03-25,72.45,73.91,72.22,73.44,300360,350525,0.01633641931969338,21.08076786335835,26.53671859496351,31.639290992905554
2024-03-26,73.43,73.81,72.78,73.14,235845,356439,-0.004093333590999852,20.598930444639567,25.617551354826652,31.639355378725796
2024-03-27,72.85,73.25,72.18,72.9,249964,352238,-0.003286773706622586,20.56744824069441,25.630024583421473,31.639525006065313
2024-03-28,73.22,74.57,73.05,74.53,293774,348085,0.022113089878989998,21.627992571743622,25.600358907390685,31.65919888147962
2024-04-01,74.5,75.71,74.02,75.02,321059,335482,0.006553015760138726,20.58096199657827,24.87296795546128,31.619981391094708
2024-04-02,75.31,76.62,75.14,76.31,344040,326287,0.017049246647800567,20.031766162539828,24.968000023650927,31.07522250648747
2024-04-03,76.58,77.25,76.04,76.56,322549,314772,0.0032707558431568982,19.548380888753325,24.64176924428272,31.074772813790542
2024-04-04,76.76,78.16,75.85,77.6,359534,299809,0.013492680044474058,19.60772148349666,22.90681064664442,31.102329443543336
2024-04-05,77.84,78.53,77.35,77.88,353206,275999,0.0036017533148258577,19.429098874653572,22.62737657181531,31.103899791141266
2024-04-08,77.16,78.05,75.89,77.45,393734,241216,-0.005536613641121169,18.832075010971895,22.47251437063188,31.08439910745289
2024-04-09,77.6,77.95,76.25,76.38,314994,224922,-0.013911685065507556,19.935237431569412,22.714666776719085,31.039681306051115
2024-04-10,76.48,77.41,75.77,77.26,373939,210937,0.01145547544076532,19.745106039284792,22.745863272527902,30.989542806155097
2024-04-11,77.35,77.63,76.03,76.19,388128,177793,-0.013946136753217108,19.130519735346777,22.9856930855361,30.995892527724756
2024-04-12,76.71,78.56,76.39,76.76,369958,157589,0.007453450654580972,18.348047124987062,22.99466929441834,31.00106222942917
2024-04-15,76.76,77.22,75.41,76.64,253335,363059,-0.0015645374768941168,18.33534176164104,22.734501591224582,30.93645775988265
2024-04-16,76.92,77.31,76.07,76.62,217436,367895,-0.00026099439010217877,17.28863306076475,22.60324100642417,30.93647175487292
2024-04-17,76.61,76.74,74.07,74.2,387630,390882,-0.03209398909916815,20.96889179495438,23.397728596928854,31.036345047869276
2024-04-18,74.31,74.82,73.21,74.15,366748,397638,-0.0006740815893935912,19.886370437037254,23.35847056753919,30.9408236790542
2024-04-19,74.05,77.35,73.28,74.26,556460,401736,0.0014823801649928553,19.84692667102203,23.30539132947678,30.935166976620103
2024-04-22,73.92,74.32,72.89,73.97,313914,393205,-0.003912843149157816,19.783921558506513,22.585279158816203,30.917965917769397
2024-04-23,74.18,75.35,73.05,75.29,355814,390272,0.017687718262254758,19.926558873616514,22.790015842062076,30.88659572642537
2024-04-24,75.33,75.61,74.46,74.79,329077,394758,-0.006663137658454692,20.038415953778173,22.56410752469283,30.669470992225538
2024-04-25,74.81,75.71,74.05,75.48,314116,391933,0.009183534296773219,20.16358248008477,22.482347679879975,30.676552791843488
2024-04-26,75.7,76.28,75.28,75.73,244090,398856,0.0033066626253819334,18.694771309560725,21.760183668526835,30.56521137841191
2024-04-29,75.59,75.79,74.42,74.63,336984,382587,-0.0146318119824354,19.331472241198423,21.19082196389413,30.564626240684113
2024-04-30,74.75,75.24,73.11,74.0,400680,374052,-0.008477477939126234,18.40105771985981,20.75018663197823,30.077389817875595
2024-05-01,73.59,73.67,71.2,71.35,441978,378634,-0.03646774928132435,22.065650303987326,22.20060363747436,29.978393522673347
2024-05-02,71.49,72.16,70.82,71.31,359652,361263,-0.0005607738826330555,21.174099538123752,22.172612115754696,29.978345261587336
2024-05-03,71.42,71.92,70.41,70.55,324438,347488,-0.010714891741389333,21.081719483733874,22.2789333244598,29.73902915994652
2024-05-06,70.59,71.43,70.37,70.88,297369,332805,0.00466662799800255,21.352937438104387,21.37973367259871,29.637390047972982
2024-05-07,71.1,71.51,70.04,70.79,327593,308755,-0.0012705585107275134,21.078322783157617,21.32893753907781,29.629652758262857
2024-05-08,70.76,71.6,69.45,71.34,355449,278140,0.007739432144647505,20.76048404409162,21.370067093684018,29.59437813673341
2024-05-09,71.56,72.07,71.27,71.59,272712,259315,0.003498219477348195,20.573065383832205,21.29794433970889,29.496848583277735
2024-05-10,71.88,72.22,70.58,70.68,281169,239274,-0.012792751956597993,20.44865907401598,21.2141220993722,29.501571956483545
2024-05-13,70.61,71.79,70.25,71.46,287701,205002,0.010975205143767918,21.130096793629498,21.086503418038575,29.483865827506765
2024-05-14,71.46,71.59,70.14,70.49,259532,331685,-0.013666996809479474,21.39184107236966,21.165600355372366,29.51563921758971
2024-05-15,70.83,71.2,69.32,70.95,299561,361737,0.0065045478202674775,18.958317090040516,20.849075622027726,29.386405688211305
2024-05-16,71.13,71.99,70.58,71.48,277247,371334,0.0074422866851756074,19.26365128831972,20.77897915795574,29.362784812612112
2024-05-17,71.64,72.31,71.33,72.24,321025,382266,0.010576218817502488,19.735938023495798,20.81086610172596,29.377261489272932
2024-05-20,72.24,72.72,71.42,71.99,342089,403934,-0.003466688627518431,19.728974774105872,20.003913714904577,29.37649833854467
2024-05-21,71.92,71.99,70.49,71.41,371672,405848,-0.008089304920192919,18.513087339315508,19.894910336803466,29.366984773418714
2024-05-22,71.0,71.18,70.13,70.42,314145,414530,-0.013960601834112116,18.900303480270818,19.830818107020754,29.34084742094986
2024-05-23,70.16,71.41,69.38,69.78,330273,410911,-0.0091298779682784,18.44568158286913,19.902013251535397,29.147602883197166
2024-05-24,69.94,70.85,69.13,70.55,299075,403143,0.010974242540194953,19.035799600121265,20.014727394119365,29.144680570464466
2024-05-28,70.63,72.89,70.53,72.47,334074,399183,0.026851004822367006,21.381340470120307,20.28301693099595,28.90004183922985
2024-05-29,72.86,73.19,71.71,71.92,259594,383835,-0.0076182929578252154,21.34613114977321,20.087002609113068,28.836828205982773
2024-05-30,71.97,72.1,70.47,70.73,373779,385511,-0.016684579115466232,17.91864310927624,20.32697747408124,28.7483348136503
2024-05-31,70.73,71.37,69.6,69.89,345120,361691,-0.011947233558861006,18.379052907674364,20.31807661707326,28.68432949270871
2024-06-03,69.87,70.37,67.16,67.38,443271,347494,-0.036574339510630924,22.10538284371521,21.64418086227846,28.919189063439006
2024-06-04,67.19,67.29,65.8,66.49,408721,331032,-0.013296677564043265,22.273661526090972,21.680577593667984,28.94536738561051
2024-06-05,66.18,67.48,66.1,67.24,307701,313555,0.011216748126051172,22.850474458127028,21.818176232586758,28.946901901162974
2024-06-06,67.45,68.8,67.23,68.58,291082,295892,0.019732638494359547,23.938953206246865,22.19078407850478,28.95899847048583
2024-06-07,68.69,69.22,68.27,68.56,280253,269326,-0.00029167274524990967,23.861750228104697,21.436057977595752,28.913483412890233
2024-06-10,68.4,71.07,68.29,70.57,317031,240326,0.028895850723214326,25.899947031952784,21.92432597796794,28.69779739695287
2024-06-11,70.92,71.13,70.1,70.72,314874,208528,0.002123293316649271,25.58762531308133,21.928079115646444,28.536271164554925
2024-06-12,71.01,72.01,70.7,71.26,322285,177666,0.007606741848302187,25.250009226225558,21.602352046965056,28.494250578865522
2024-06-13,71.26,71.74,70.66,71.49,301726,328173,0.0032224196010702437,25.17399814746517,21.561284572606823,28.300243399199605
2024-06-14,70.93,71.98,70.72,71.3,316384,339116,-0.0026612523585101957,25.05319245835771,21.2659207223206,28.26134925386125
2024-06-17,71.36,73.09,70.87,72.82,402740,337385,0.02109431532703711,25.912582602809884,21.709453006941228,28.31526379584817
2024-06-18,73.01,73.85,72.32,73.73,485710,351776,0.012419129254271957,26.21003549548489,21.824235236446064,28.28239274970245
2024-06-20,73.76,74.47,73.35,74.26,420499,352314,0.007162676747374787,26.05220996962561,21.61699751231276,27.953190199250898
2024-06-21,74.24,74.71,73.4,73.75,290500,340335,-0.0068914535290049385,25.596216420921092,21.648234718562584,27.95785810438627
2024-06-24,73.49,74.7,73.29,74.57,271745,345351,0.011057286335774248,25.401840552826364,21.750647717286224,27.975906340973378
2024-06-25,74.63,74.81,73.58,73.84,286038,344582,-0.009837691361106545,25.643125298132023,21.369190987165908,27.881071076578618
2024-06-26,73.74,74.57,73.24,73.9,308410,338926,0.0008122377595592947,23.9432196540271,21.3245606408288,27.75487129469368
2024-06-27,73.86,74.94,73.54,74.67,306342,336012,0.010365577093454181,23.937942993354717,21.13612517535041,27.76927303780697
2024-06-28,74.78,75.56,73.96,74.49,260252,324086,-0.002413516859425505,22.98745815681225,21.12649612911985,27.752259044284184
2024-07-01,74.4,76.4,74.34,76.17,345780,320798,0.022302796196511817,23.327170711279898,21.44964113515731,27.806130913909836
2024-07-02,76.21,77.08,75.56,75.65,367787,291548,-0.006850244150331796,18.25323686046382,21.47516620978183,27.68085004356543
2024-07-03,76.0,76.67,75.33,76.62,289685,277505,0.01274069903813804,16.934737084070264,21.617698035910102,27.70681950654192
2024-07-05,76.37,77.21,75.84,75.96,361357,266354,-0.008651253328417955,17.74189919473442,21.501543168439778,27.58388273186249
2024-07-08,75.96,76.11,74.98,75.21,251774,259927,-0.009922685105773415,17.8415070239081,21.4574834934928,27.57534369896083
2024-07-09,75.11,75.34,74.22,74.37,297325,250246,-0.011231566123102736,18.64499141706974,21.39165894443609,27.492326768883064
2024-07-10,74.73,75.51,73.82,75.0,334380,241305,0.00843547882110159,16.298095504192506,21.408004084289647,27.478577636858994
2024-07-11,75.27,75.94,74.57,75.47,324170,225563,0.006247112760466575,16.332891254351768,21.449464209327232,27.44623638583737
2024-07-12,75.69,76.49,75.0,75.1,370062,185720,-0.004914667526687991,16.493898369417888,21.47069915493124,27.355684093053707
2024-07-15,75.1,75.46,74.54,74.99,216416,343311,-0.0014657874567910792,16.555186779446807,20.427785294832244,27.301179529895027
2024-07-16,75.0,75.01,73.48,73.94,272198,388189,-0.014100817804812104,17.48972856739375,20.635931112634808,27.262527759930354
2024-07-17,74.04,75.72,73.68,75.54,419583,400604,0.021408363775825077,17.53593068367902,21.09789633705315,27.337830242508872
2024-07-18,75.77,76.31,74.77,75.41,398369,417880,-0.0017224250697552412,17.117182649279435,21.084053231818295,27.335592091452888
2024-07-19,75.02,75.45,72.9,72.95,427059,422740,-0.033165617245760906,20.81701518073161,21.856599048659128,27.483583643098918
2024-07-22,73.23,73.4,71.93,72.72,345235,409832,-0.0031578250995713047,20.716193286080376,21.826345660366098,27.40308606965776
2024-07-23,72.6,73.03,70.87,71.39,417941,405218,-0.01845864635485419,21.138869930543247,22.038409285872103,27.44485977692009
2024-07-24,71.84,72.53,71.41,71.97,355971,393388,0.008091562005343696,21.235139518450406,22.099415860631378,27.43427199070049
2024-07-25,71.89,72.79,70.53,72.61,457288,395137,0.008853287872442463,21.530125734139908,21.997679626390063,27.398651373826617
2024-07-26,72.68,72.91,70.67,71.57,365121,378947,-0.014426661641649338,21.610954133955424,22.123748684266065,27.43140745231125
2024-07-29,71.7,72.06,69.89,70.32,362635,363651,-0.017619738373584572,22.301382737498876,21.131992253405542,27.447191394619665
2024-07-30,70.41,70.47,69.19,69.32,419478,335749,-0.014322788529516179,20.53549840826413,21.328149069959363,27.47977576746147
2024-07-31,69.79,72.96,69.74,72.27,460315,331682,0.04167564044748436,26.284580368390483,22.89820845139271,27.696491732412486
2024-08-01,72.9,73.17,70.72,70.78,383014,328559,-0.02083263037757235,26.440183391240613,23.28832944925923,27.658487804783743
2024-08-02,71.3,71.69,67.69,68.2,467786,326391,-0.037131910067900835,28.925747657090657,24.498571009310513,27.864422637400626
2024-08-05,68.84,69.07,66.48,67.66,500151,302128,-0.007949401496854126,28.893181377332137,24.480868163420684,27.855497642805805
2024-08-06,68.51,69.16,66.97,67.9,352250,287732,0.0035408712120881328,28.96597310620464,24.481195726324543,27.83139489892902
2024-08-07,67.57,70.35,67.32,69.78,427995,259796,0.027311401193977517,30.804951376823965,25.021489015739977,27.91091774473864
2024-08-08,70.01,70.98,69.2,70.67,327301,228544,0.01267371894413488,31.160034742805504,25.05632654847492,27.876577461813646
2024-08-09,70.52,71.51,70.36,71.28,263007,210263,0.008594628459790988,31.4341451059833,24.95988911727346,27.88646856377764
2024-08-12,71.42,74.36,71.15,74.26,376747,185959,0.040956665586380156,35.0391473839278,26.295328541532736,28.180658779853296
2024-08-13,73.97,74.35,72.5,72.68,370763,157672,-0.02150620522096362,35.51605504192249,26.648006898520286,28.209091594109974
2024-08-14,72.68,73.07,71.32,71.49,344944,339886,-0.01650866374921014,34.90804604962967,26.778703707920577,28.19645800806156
2024-08-15,71.71,72.94,71.36,72.57,237535,351199,0.014994033511285053,35.473382614507116,26.948467237176686,28.214537583763477
2024-08-16,72.4,72.56,70.24,71.21,317678,354756,-0.01891835529601215,34.14453050617443,27.179991696579286,28.263800182771305
2024-08-19,71.14,71.39,69.24,69.43,422098,351996,-0.025314207228851176,35.20182180028247,27.525634000274064,28.370335719144347
2024-08-20,69.51,70.11,68.38,68.97,329276,356607,-0.006647423321982281,34.72990219276898,27.496059879277546,28.371754935287825
2024-08-21,68.93,69.91,67.36,67.8,390527,357897,-0.017109432496849993,34.936648271876805,27.61094392327169,28.407614719898515
2024-08-22,67.8,69.3,67.47,68.82,334117,353754,0.014932205422984308,35.274833205276956,27.208779140380955,28.446763212561564
2024-08-23,68.77,70.76,68.65,70.54,313764,345594,0.024685524438571756,36.265636857210445,27.66767439643816,28.537378187784373
2024-08-26,70.79,73.15,70.73,72.98,409675,328534,0.03400550620039572,37.678155794006365,28.329671762012467,28.738655206283227
2024-08-27,72.77,73.03,71.07,71.2,331162,313117,-0.02469261259037152,38.44082974838741,28.68743409273926,28.81645245323022
2024-08-28,71.4,71.59,69.58,70.24,337361,304553,-0.013574869091068986,35.6530709618343,27.7978442506901,28.842804708917168
2024-08-29,70.15,72.5,69.8,71.56,408147,297127,0.018618309313657364,35.55477125515718,27.88118329995261,28.80043396839839
2024-08-30,71.52,72.2,69.15,69.33,427273,271991,-0.03165854568611946,34.83115942584309,28.60021347633102,28.883073341787792
2024-09-03,69.31,70.14,66.08,66.3,546617,270539,-0.0446878157625822,38.3242779816234,29.77398192994189,29.191874783108098
2024-09-04,66.25,67.36,64.87,65.23,482025,259532,-0.016270411383812137,38.65566221069793,29.947326851217433,29.216099270118107
2024-09-05,65.3,66.76,64.81,65.18,405596,251340,-0.0007668123985891114,37.084211718184314,29.299749386940473,29.207650434160605
2024-09-06,65.35,66.11,63.32,63.79,351074,249665,-0.0215562351555517,37.10572396720969,29.581277428725862,29.272034550911748
2024-09-09,64.22,65.0,63.45,64.77,299738,242556,0.015246094940961769,37.50479121449609,29.72522172606322,29.315350831957925
2024-09-10,64.83,65.12,61.53,61.98,442855,233215,-0.04403078083522354,35.85255991429681,30.95056310991301,29.579169107981247
2024-09-11,62.48,64.07,61.86,63.45,393311,219822,0.02344044180079469,37.30009736780311,31.399407136888367,29.679631789035437
2024-09-12,63.52,65.81,63.38,65.01,351976,201028,0.02428891005598074,38.67619779563377,31.506165081217475,29.716273473773498
2024-09-13,65.01,65.96,64.28,64.44,230304,307947,-0.008806545907603823,37.98112263025271,31.394493096675752,29.722291091891183
2024-09-16,64.89,66.21,64.39,65.65,235884,323438,0.018603042440031775,38.6107469860893,31.62759487802365,29.778136417668033
2024-09-17,65.96,67.2,65.17,66.54,289926,346083,0.013465669841525587,38.232033655678684,31.769445865877778,29.812470119545626
2024-09-18,66.56,66.88,65.23,66.47,367191,353667,-0.0010525525368403055,38.19583623553972,31.658249836106762,29.8002740978706
2024-09-19,65.77,68.04,65.76,67.69,354925,343032,0.018187740467025704,38.37958313897054,31.878972755936026,29.860483978531004
2024-09-20,67.7,67.96,66.93,67.53,306997,355622,-0.0023665149337656365,37.97111023378532,31.875996814892787,29.85666767857296
2024-09-23,67.83,68.3,66.1,66.93,338267,355290,-0.00892464647419965,36.81874965440702,31.814327465013125,29.866454786552758
2024-09-24,67.31,68.87,67.0,68.07,318516,350623,0.01688929034730909,35.01732354894851,32.04416100056427,29.906055525358283
2024-09-25,68.05,68.22,65.85,66.29,476237,337946,-0.026497531206559646,35.16786024725141,32.056423762475376,29.792597664487175
2024-09-26,66.48,66.59,63.68,64.37,478069,333560,-0.029391370188775762,36.19755889723813,32.52209265839991,29.85979099307278
2024-09-27,64.16,65.3,63.79,64.85,341133,329816,0.007429224697928147,35.46585224189242,32.43253873531229,29.857169623411867
2024-09-30,65.28,65.94,64.27,64.84,350115,318997,-0.000154213894977378,34.05079997287396,32.41357873046126,29.781133147133332
2024-10-01,65.07,68.43,63.09,66.42,668216,305581,0.024075519081125214,31.641372208789736,32.833376141917356,29.880622281943932
2024-10-02,67.34,68.95,66.46,66.68,429225,308702,0.003906841933992776,31.062935956858713,32.79954410512347,29.32601084070131
2024-10-03,67.51,70.47,67.08,70.11,460554,290973,0.050160379336283006,35.5877465152732,34.43081722858899,29.673833284065353
2024-10-04,70.34,71.88,69.87,70.75,428815,265679,0.009087099304470684,34.35038326624023,34.461690403143,29.682104418413697
2024-10-07,70.77,73.62,70.03,73.37,419018,242047,0.036362596202556,35.95177165639351,35.29354332450127,29.600977737018535
2024-10-08,73.55,74.63,69.14,69.98,496760,221249,-0.04730564578636087,36.5724752703769,36.58014821388774,29.973931387162878
2024-10-09,70.24,70.82,68.04,69.66,401159,197403,-0.004583222001686951,36.15757790884746,36.48814029527232,29.834304272456354
2024-10-10,69.81,72.52,69.68,72.15,321453,189085,0.035121020282024976,37.128567348224195,36.952990604219224,30.036581131793934
2024-10-11,72.04,72.33,70.89,71.87,315302,169437,-0.0038883537395286655,36.92277991820631,36.95805250594953,29.500186411552278
2024-10-14,71.87,71.96,68.95,70.88,174465,285211,-0.013870625183525845,37.18757820861235,36.44433696980467,29.504034307892645
2024-10-15,68.85,69.27,66.97,67.76,244857,288989,-0.04501625595302645,40.79722149111591,37.56800536459417,29.84259610199728
2024-10-16,68.13,68.42,66.9,67.57,181548,299573,-0.002807952779715946,40.81316777188885,37.39704123104068,29.76316048051999
2024-10-17,67.85,68.26,66.67,67.84,228841,315639,0.003987893919564633,40.32002323127056,37.36426331710014,29.737141798393
2024-10-18,67.91,68.4,65.98,66.48,335560,338184,-0.020250840936454833,40.96043444226803,37.51272596233302,29.801269043090922
2024-10-21,66.72,68.13,66.26,67.79,302745,339683,0.019513540895681622,41.4517062594112,37.65661719632056,29.72417321709709
2024-10-22,67.71,69.77,67.12,69.43,330456,338032,0.02390435932230776,41.88895934097132,37.830510017184835,29.75430617616299
2024-10-23,69.05,69.41,67.87,68.49,293835,339104,-0.013631301555368344,41.00893470993098,37.819757691210874,29.71666406204635
2024-10-24,68.74,70.01,67.53,67.93,286571,344297,-0.008209986006603096,39.546822112234885,36.829356114130725,29.616689838439363
2024-10-25,68.07,69.61,67.71,69.47,287189,336548,0.02241724150157893,40.13840981983125,36.902718155746136,29.57226289711881
2024-10-28,66.76,66.78,64.77,65.21,419623,349385,-0.06328217329967875,46.61997025345504,38.37686062419111,29.9974396092415
2024-10-29,65.83,66.32,64.57,65.05,291929,354114,-0.002456626446596588,45.767660664103175,38.34933147563935,29.958756262244425
2024-10-30,65.3,66.94,65.12,66.4,284795,345864,0.020540851523873922,46.38295377840461,38.58631092471157,30.024764788642194
2024-10-31,66.88,68.53,66.1,67.03,311055,339370,0.00944322388747807,42.61724263555205,38.210696282095434,29.935103854211988
2024-11-01,68.17,69.15,67.09,67.25,320572,320598,0.003276738112082234,42.46192824171376,38.1189534535308,29.84361150766911
2024-11-04,68.03,69.5,67.99,69.17,286947,303362,0.028150224130544833,41.55446109038529,38.533813835554554,29.977007654127824
2024-11-05,69.32,70.33,69.0,69.67,247311,287694,0.007202566429534151,38.206814402829764,37.59213390185412,29.663874422986698
2024-11-06,69.7,70.29,67.5,69.38,388265,279129,-0.004171167500423955,38.200855544574836,37.35662536244855,29.54375219490439
2024-11-07,69.56,70.54,68.39,70.03,353595,254863,0.00932508012582286,36.0755952319546,37.26694303907961,29.553355023141346
2024-11-08,69.89,69.93,67.74,68.12,362038,221179,-0.027652865872938782,37.25209741804858,37.54112306010949,29.624888381088226
2024-11-11,67.99,68.29,65.74,65.85,364506,197298,-0.03389142760519769,38.69958384549011,37.968416588406875,29.78961401685389
2024-11-12,65.96,66.91,65.57,65.93,286926,169247,0.0012141449359183386,35.497056786273326,37.63971409114819,29.789971880766313
2024-11-13,65.93,66.77,64.94,66.36,254210,312236,0.006500892197035257,35.60064795073353,37.649847314998745,29.74437292066674
2024-11-14,66.07,67.31,65.88,66.62,176094,330611,0.003910367443289979,35.59924579370225,37.503345251534185,29.33024961416544
2024-11-15,66.54,66.6,64.85,65.05,200771,348664,-0.02384862780701948,35.88032756701012,37.672670068065614,29.15665234532014
2024-11-18,64.91,67.44,64.67,67.24,300552,354934,0.03311210358190065,37.2157098003788,37.95599621825151,29.253621310434546
2024-11-19,67.15,67.79,66.57,67.31,349702,366848,0.0010405054822070277,36.10301184108538,37.25977400449179,29.25380330737641
2024-11-20,67.35,68.01,66.73,66.83,235637,371014,-0.007156732499643024,35.88817438252579,36.96263252589612,29.249767923001556
2024-11-21,67.11,68.42,66.94,68.14,283850,368534,0.019412330709841875,36.509326167778724,37.10338302828447,29.242959504317394
2024-11-22,68.22,69.52,67.36,69.25,408207,346924,0.016158732834627307,36.06807971839694,37.052624719726566,29.27319866026348
2024-11-25,69.45,69.49,66.82,67.02,380922,335805,-0.032732062758283643,30.115797912764585,37.09175729883352,29.385769712819858
2024-11-26,67.15,68.34,66.15,66.85,292138,329053,-0.0025397787612121492,30.117213283737875,35.93810222995849,29.324848725763086
2024-11-27,66.99,67.44,66.28,66.8,227215,327399,-0.0007482230053521195,29.255109944915652,35.775830708811675,29.220495661769675
2024-11-29,66.85,67.75,65.98,66.1,291408,331100,-0.01053433368495944,29.286468374066622,35.84532890121152,29.130065518480635
2024-12-02,66.1,67.18,65.82,66.2,264883,328618,0.0015117160853221608,29.261382985204747,35.55698396556602,29.09567251172308
2024-12-03,66.26,68.27,66.02,67.99,303752,314667,0.026680172595405668,29.072612687491333,35.834032885706016,29.200878230181043
2024-12-04,68.07,68.54,66.58,66.63,325636,298906,-0.02020570896392248,29.685841514861966,34.88065619326,28.970813823611515
2024-12-05,66.82,67.23,66.08,66.4,286701,288029,-0.0034578700920574273,29.680736916815892,34.58262653360091,28.973100965677457
2024-12-06,66.53,66.58,65.11,65.33,341593,268503,-0.01624570762972926,29.752177325874403,34.40182833364845,28.895790363255646
2024-12-09,65.28,66.96,65.21,66.46,297085,232519,0.017148914073789198,29.167562305429467,34.52641262730559,28.946249047634463
2024-12-10,66.29,67.13,65.83,66.68,286003,207468,0.003304794956145332,26.51125390078054,34.32584875481536,28.682203036396093
2024-12-11,66.59,68.56,66.53,68.33,335892,172620,0.024443850910093583,27.829139646277532,34.57904712958273,28.758627993162555
2024-12-12,68.47,68.75,67.21,68.07,326046,138987,-0.003812321332826966,27.838263268789827,34.58876735444998,28.647883080086196
2024-12-13,68.11,69.43,67.92,69.3,230429,115776,0.017908318735997467,28.45090350456683,34.58267544843376,28.701884936941642
2024-12-16,69.3,69.3,68.31,68.61,210752,321009,-0.01000660949305807,27.180656396463,34.64409343062596,28.68575247411253
2024-12-17,68.55,68.85,67.16,67.98,280895,332289,-0.009224752434829498,24.9537213351823,34.64754775255224,28.661612458435652
2024-12-18,68.15,69.11,67.73,68.35,326612,341667,0.005428018901988389,25.01375226822706,34.491854359247164,28.664176108231494
2024-12-19,67.94,68.89,67.45,67.72,291660,350640,-0.009260005905023894,25.113060550834103,34.10350983266956,28.6761105779831
2024-12-20,67.57,68.18,66.78,67.8,231592,345037,0.001180637681415404,24.12187193611838,33.535322585299035,28.67260907562168
2024-12-23,67.74,68.27,66.95,67.58,188843,338778,-0.0032501136602060324,23.342004660837002,33.51745471656175,28.54741410250207
2024-12-24,67.9,68.75,67.7,68.42,122602,342490,0.01235309826331473,20.593835475151653,33.60194800532151,28.505404070305158
2024-12-26,68.52,69.06,67.67,67.95,144877,340519,-0.006893038952305914,20.751394749815603,33.287385781494564,28.3297761364661
2024-12-27,68.01,69.06,67.78,68.91,172641,340806,0.014029164771963665,21.260371528438185,33.3976559117186,28.362739593930332
2024-12-30,68.74,69.85,68.44,69.29,199296,338865,0.0054992902701733945,20.808123049510417,31.77894231028532,28.30864553662887
2024-12-31,69.45,70.3,69.17,70.0,151155,340630,0.010194646410068961,20.988843865439385,31.793568268201106,28.14319693006348
2025-01-02,70.13,71.97,70.07,71.38,306498,325952,0.019522476012655162,20.040674878549716,31.147663948100963,28.199227723930107
2025-01-03,71.38,72.57,70.96,72.19,296040,310913,0.011283814089055292,18.370325151279264,29.662833142447386,28.13491464119762
2025-01-06,72.28,73.2,71.45,71.8,306042,281898,-0.005417056096891204,18.488703292421633,29.669449643005326,27.8134425283007
2025-01-07,71.68,72.75,71.36,72.47,277328,270820,0.009288207067011587,16.95485811776491,28.84292550507975,27.753626859327245
2025-01-08,72.74,73.49,71.41,71.57,328617,244353,-0.01249669137068401,17.439304376289257,28.947197801102533,27.75481593295349
2025-01-09,71.57,72.54,71.1,72.15,213421,231639,0.008071293469373983,17.506784962121603,28.84949199034466,27.751721226367888
2025-01-10,72.51,76.0,72.25,74.74,478432,203045,0.03526813883745784,19.49658096013808,28.14689444332244,27.957244465298274
2025-01-13,74.71,77.37,74.71,76.93,460942,148350,0.028880493413505553,21.043918397051574,28.677482661811865,28.099498421599478
2025-01-14,76.93,77.2,75.9,76.07,338199,360370,-0.01124194846163364,21.41832616650744,28.80563518954906,28.124897627061912
2025-01-15,76.54,79.08,75.86,78.4,355670,381885,0.030169958347152553,22.490358231483786,29.001668348078745,28.21393388872525
2025-01-16,78.74,78.9,76.63,77.54,482826,369800,-0.011029995113579088,22.667993328582583,28.922950346618144,28.219975492742815
2025-01-17,77.6,78.24,76.84,77.08,351890,373491,-0.0059500886966174765,23.100302829189513,28.6132858710734,28.157744748253588
2025-01-21,77.26,77.55,74.75,75.53,568807,367417,-0.020313915220808953,24.367904326190533,28.798814018499524,28.23017523697699
2025-01-22,75.58,76.15,74.98,75.14,315333,361898,-0.005176888179533792,24.619095919401317,28.761230285213845,28.22148272929453
2025-01-23,75.09,75.7,73.85,74.33,350688,345849,-0.010838401408620715,25.104635248870405,28.543835184819365,28.08808437510621
2025-01-24,74.01,74.91,73.72,74.37,319679,334681,0.0005379959780068661,24.980686004256253,25.192737007545986,28.076237979744228
2025-01-27,74.25,74.85,72.09,72.88,334418,330550,-0.02023838176350612,26.184657492524753,25.593225092584397,28.104220479088347
2025-01-28,72.86,74.02,72.64,73.48,326075,328606,0.008199007395222183,25.95455163136143,25.33282166885467,28.08371063087104
2025-01-29,73.66,73.79,72.04,72.33,312733,319397,-0.015774279485735586,26.790793264095175,25.529508462075047,28.008749671221466
2025-01-30,72.71,73.55,71.74,72.44,336475,311871,0.0015196521540232883,26.621602530859768,25.52614370815792,27.87247837134266
2025-01-31,72.91,73.55,71.66,72.24,376335,306594,-0.0027647239064827363,25.807134887457078,24.91296578118941,27.78969242649542
2025-02-03,73.85,74.88,71.77,72.87,517853,292177,0.008683122573461077,25.68052151599221,24.93125212144364,27.79458507022719
2025-02-04,72.06,73.06,70.39,72.41,452961,276301,-0.0063326202814615,25.710392272520576,24.953394697263946,27.794181818008674
2025-02-05,72.47,72.68,70.68,70.75,289902,269321,-0.02319187487738233,26.787461374825327,25.36054372754982,27.886202161367656
2025-02-06,70.9,71.57,70.15,70.33,299037,266938,-0.005954086203420185,26.52089377210693,24.725679748428355,27.714706279768535
2025-02-07,70.28,71.13,70.19,70.72,273766,239438,0.0055299680094611755,26.422366248661273,23.67925446901773,27.708453090409364
2025-02-10,70.72,72.25,70.56,72.03,255941,211466,0.018354280571883593,23.905263586155044,23.939144259473398,27.766525273142367
2025-02-11,72.03,73.25,71.92,73.0,195494,239574,0.013376742247119596,21.80321505117839,24.04205468178969,27.782047243821197
2025-02-12,72.9,72.92,70.96,71.17,221770,257011,-0.02538805983721139,23.085512268377883,24.66301421869181,27.855691362561025
2025-02-13,71.01,71.38,70.09,71.07,220019,274207,-0.001406074472376128,19.441751354355574,24.116105212928357,27.811023803698138
2025-02-14,71.31,71.8,70.43,70.64,213471,289460,-0.006068750543099115,19.313886197797114,23.241650249174103,27.795288513675555
2025-02-18,70.62,71.96,70.05,71.75,335615,298408,0.015591298344025907,20.59421419824513,23.437965101509306,27.776946768694412
2025-02-19,71.69,72.83,71.61,72.02,256509,302278,0.0037560035809985327,19.755891950384736,23.381100665861947,27.75668502547753
2025-02-20,72.01,73.06,71.65,72.4,240060,312935,0.005262441170941528,19.9067754783199,23.089552147288817,27.747497606598913
2025-02-21,72.5,72.69,70.1,70.33,268470,317229,-0.029007849071743936,21.935401617720803,23.6719799290794,27.764477327726723
2025-02-24,69.73,70.87,69.73,70.63,205468,310148,0.00425653310090399,22.04910327023644,22.662449477658857,27.731721643179146
2025-02-25,70.85,71.19,68.61,68.86,267310,306313,-0.025379525510453145,22.662197398810697,23.28427232124764,27.79951936256436
2025-02-26,69.04,69.21,68.29,68.55,255601,305639,-0.004512051902054339,22.28726994915489,23.305613951685437,27.80009930860569
2025-02-27,68.75,70.47,68.54,70.28,265933,290865,0.024923857310573005,23.92936339901511,23.7222226540449,27.910871526848226
2025-02-28,70.1,70.22,69.07,69.69,250074,273690,-0.008430427868469034,24.02672771904361,23.800828866456875,27.839011169853904
2025-03-03,69.88,70.53,67.82,68.3,332751,270859,-0.020147068873683106,24.88331542137176,23.564316019035168,27.869383757642236
2025-03-04,68.39,68.49,66.7,68.19,386750,272096,-0.00161184004418287,24.51862967497016,23.185845092461484,27.859612357963158
2025-03-05,68.01,68.03,65.15,66.24,382493,253923,-0.029013416455557283,26.155521154464417,23.94585068149176,27.9817302297934
2025-03-06,66.32,67.02,65.52,66.29,341632,239110,0.0007545461762961814,25.245441239900725,23.706709937414686,27.98105575591362
2025-03-07,66.27,68.15,66.05,66.97,329710,219284,0.010205701668658498,25.66454327031912,23.53732703123514,27.9765239764723
2025-03-10,67.04,67.53,65.73,65.96,249633,207952,-0.015196260230560725,25.86377873832535,23.73521158749003,28.017129834313792
2025-03-11,65.88,67.1,65.22,66.18,222511,185132,0.0033298048020681597,24.705110925595736,23.187706150076277,28.01581573685683
2025-03-12,66.55,67.81,66.08,67.61,246675,158727,0.021377598609120387,25.608332052638357,23.60642343471963,27.962198096113944
2025-03-13,67.62,67.87,66.3,66.48,268590,134406,-0.01685475055539365,24.822875427005535,23.547887991247418,27.946916737693606
2025-03-14,66.48,67.19,66.33,66.91,161838,295741,0.006447282247532621,25.0622766417081,23.51131840763771,27.954739515588283
2025-03-17,67.1,68.1,67.01,67.37,210193,312421,0.006851382177843097,25.272274119679018,23.484946684996885,27.89301191550404
2025-03-18,67.28,68.5,66.44,66.75,300316,314463,-0.00924551769220967,24.455672678756518,23.52857192868954,27.897603459767375
2025-03-19,66.59,67.43,66.09,66.91,279541,321089,0.0023941355143665727,24.40598320665775,23.462148544693193,27.843729050557066
2025-03-20,67.03,68.41,66.63,68.07,283376,337202,0.017188154665134323,25.33496265685485,23.730216781577557,27.898396206856734
2025-03-21,68.35,68.65,67.65,68.28,198964,329553,0.0030803104663799908,23.471963367131327,23.727893469866075,27.895347204503974
2025-03-24,68.35,69.33,67.95,69.11,247024,331185,0.012082540177063042,23.886334123550245,23.72202492651975,27.873046573085674
2025-03-25,69.16,69.68,68.52,69.0,258411,327631,-0.0015929335060436204,22.10371468023824,23.67947887204082,27.87068140541361
2025-03-26,69.16,70.22,69.06,69.65,262413,331359,0.009376195628555455,22.268381376592856,23.582883207982476,27.88563290449461
2025-03-27,69.96,69.97,69.12,69.92,211825,330240,0.0038690311214652573,20.42012161024582,23.56953438359923,27.798028331262
2025-03-28,69.91,70.09,68.87,69.36,246650,330750,-0.008041398874993638,20.39992537824181,23.533891723648445,27.800470284893443
2025-03-31,69.43,71.83,68.81,71.48,313087,321832,0.030107357818940937,21.65550979057988,24.007089970536086,27.91369074903041
2025-04-01,71.39,72.1,71.03,71.2,272832,307027,-0.003924871873297245,21.72602770565762,23.90451255008647,27.91382411825926
2025-04-02,71.2,72.28,70.59,71.71,286501,297842,0.007137389476553238,18.37805614674453,23.926613273450208,27.889347386535157
2025-04-03,70.38,70.41,65.98,66.95,459238,292649,-0.06868413575730184,31.693344962069503,27.673535282822108,28.718537157445418
2025-04-04,66.64,66.9,60.45,61.99,559638,283488,-0.07697299042335345,41.68367850210279,31.654119330915726,29.720786778012414
2025-04-07,61.12,63.9,58.95,60.7,597617,258227,-0.021029383648375463,41.94462348715508,31.80460325498924,29.76091003720408
2025-04-08,61.03,61.75,57.88,59.58,557655,241915,-0.018623750780316393,42.148419822837475,30.949864008570287,29.787542633299037
2025-04-09,58.32,62.93,55.12,62.35,592250,210572,0.04544372484090922,44.93852662014398,31.868872386461227,30.12202124627669
2025-04-10,62.71,63.34,58.76,60.07,391826,187095,-0.03725312326397545,46.27295935489259,32.576662351125236,30.331708907475434
2025-04-11,60.2,61.87,59.43,61.5,274904,0,0.02352662595040207,47.22413180932222,32.30692864191697,30.431268104103015
