date,open,high,low,close,volume,open_interest,log_return,histvol20,histvol60,histvol250
2017-12-22,19973,20267,15708,18103,2374,489,,,,
2017-12-26,17802,20619,17546,20216,406,491,0.11039669969208635,,,
2017-12-27,20050,21189,18519,18814,507,493,-0.07187309653613345,204.59733883292995,204.59733883292995,204.59733883292995
2017-12-28,19403,19569,17110,17603,746,566,-0.06653193148592448,164.65998245023553,164.65998245023553,164.65998245023553
2017-12-29,17885,19217,17719,18532,1078,498,0.051429625490566795,142.83393215608743,142.83393215608743,142.83393215608743
2018-01-02,17872,19524,16752,19025,734,596,0.026254936193347674,124.54270669509759,124.54270669509759,124.54270669509759
2018-01-03,19083,19787,18762,19179,719,611,0.008062026704949866,111.40099816891164,111.40099816891164,111.40099816891164
2018-01-04,19115,19813,18192,19083,760,642,-0.005018044087922646,102.07344796604725,102.07344796604725,102.07344796604725
2018-01-05,19320,21574,19044,21247,814,671,0.10741782256872484,109.8790551331029,109.8790551331029,109.8790551331029
2018-01-08,21036,21074,17763,19089,958,642,-0.10710345601473685,122.83704631185542,122.83704631185542,122.83704631185542
2018-01-09,18794,19678,18167,18890,863,665,-0.010479571405346612,116.1031448453487,116.1031448453487,116.1031448453487
2018-01-10,18449,18852,17264,18506,887,690,-0.02053767768657965,110.78252927865722,110.78252927865722,110.78252927865722
2018-01-11,18570,19095,16419,17142,1298,727,-0.07656341135014745,111.59425859591524,111.59425859591524,111.59425859591524
2018-01-12,16649,18032,16457,17860,787,748,0.04103198297166199,108.71146865474321,108.71146865474321,108.71146865474321
2018-01-16,17418,18289,14293,14293,2552,730,-0.2227936685213748,140.57230437638458,140.57230437638458,140.57230437638458
2018-01-17,14331,15112,11815,14017,2657,696,-0.019499028246057454,135.46311825797963,135.46311825797963,135.46311825797963
2018-01-18,14248,15465,13633,15132,1708,618,0.07654082808986222,136.03895909159476,136.03895909159476,136.03895909159476
2018-01-19,14517,15407,14075,14549,979,560,-0.03928944403753115,132.16225561129383,132.16225561129383,132.16225561129383
2018-01-22,14472,15151,12749,13262,1137,509,-0.09261945978657579,131.64385365272676,131.64385365272676,131.64385365272676
2018-01-23,13608,14536,12634,14209,1241,410,0.06897276370926245,131.73537835835515,131.73537835835515,131.73537835835515
2018-01-24,14209,14899,13650,14515,232,768,0.021307030820655045,128.79034846592285,128.79034846592285,128.79034846592285
2018-01-25,14899,15172,14092,14574,380,830,0.004056521771497317,120.77315429145474,125.6382584541144,125.6382584541144
2018-01-26,14392,15120,13338,14268,573,820,-0.021219851751445327,119.01077581230363,122.66581160596675,122.66581160596675
2018-01-29,14977,15322,14274,14535,463,867,0.018540266514194166,117.83947729519362,120.2389481072149,120.2389481072149
2018-01-30,14470,14632,12648,12934,1137,849,-0.11670003098643816,121.35532407726737,122.61512712653916,122.61512712653916
2018-01-31,13012,13370,12362,13012,842,866,0.006012505586703981,120.58694252955154,120.20166511700931,120.20166511700931
2018-02-01,13038,13240,11034,11828,1485,873,-0.09540240662087422,123.07503111947851,120.52096778981318,120.52096778981318
2018-02-02,11568,11809,10085,11171,2535,1010,-0.05714846740151942,123.38993873974611,118.8353655069663,118.8353655069663
2018-02-05,10807,10820,8939,9447,2186,1228,-0.1676239038017141,122.33685082713556,124.96762619171378,124.96762619171378
2018-02-06,8913,10306,7768,9824,2234,1315,0.03913114061778943,122.7932143018424,124.08493410989485,124.08493410989485
2018-02-07,9915,11113,9414,10729,1379,1402,0.08812198424982251,129.99158177961448,125.96745147457486,125.96745147457486
2018-02-08,10137,11308,9948,10833,906,1364,0.009646675308821297,130.6699410126658,124.0907058028492,124.0907058028492
2018-02-09,10625,11412,10039,11204,764,1277,0.03367382643443181,130.95765423261665,122.88420905247148,122.88420905247148
2018-02-12,10904,11607,10507,11529,679,1170,0.028594742852954456,130.24545064755407,121.54721851599118,121.54721851599118
2018-02-13,11613,11711,10846,11321,550,1104,-0.018206192154844203,106.46368102547497,119.697789014465,119.697789014465
2018-02-14,11067,12219,11067,12088,944,1159,0.06555381687446611,109.85917059566128,119.83163707135027,119.83163707135027
2018-02-15,12232,13247,12199,13129,1783,940,0.08261029898153496,110.49356983693677,120.70556108396573,120.70556108396573
2018-02-16,13129,13357,12589,13038,1101,877,-0.006955353449625743,109.83836230003281,119.01839686408184,119.01839686408184
2018-02-20,13468,15302,13422,15270,2080,594,0.15802194872819342,119.1073384330241,125.01852234960258,125.01852234960258
2018-02-21,14626,14756,13299,13494,1326,459,-0.12364497702530738,125.28934777313529,127.02717591839954,127.02717591839954
2018-02-22,13669,14183,12635,13123,1168,243,-0.02787872629108402,125.26199248052102,125.49198411161274,125.49198411161274
2018-02-23,12980,13481,12479,13428,299,168,0.022975663203638783,125.62373125261632,124.15179730485981,124.15179730485981
2018-02-26,13428,14413,12859,14219,745,1441,0.057237019296448984,127.28123096738697,123.64271367792001,123.64271367792001
2018-02-27,14267,15086,14011,14787,761,1469,0.039169317977113115,127.89264242415268,122.64493927252853,122.64493927252853
2018-02-28,14794,15266,14330,14767,1130,1387,-0.001353454899713569,120.14968361898848,121.21310048495214,121.21310048495214
2018-03-01,14496,15398,14177,15349,1345,1353,0.03865536383963413,120.6850763167672,120.2647554696159,120.2647554696159
2018-03-02,15308,15557,14926,15342,748,1332,-0.00045615979416641235,114.41138016931835,118.9233479971592,118.9233479971592
2018-03-05,15745,16230,15731,16112,990,1479,0.04897017043910181,111.95561892295396,118.25174114239945,118.25174114239945
2018-03-06,16084,16168,14663,14774,1580,1449,-0.08669545686966042,96.7870593975943,118.56772368677679,118.56772368677679
2018-03-07,14891,15093,13019,13581,1888,1460,-0.0841971219846148,103.61212452744624,118.71927895048957,118.71927895048957
2018-03-08,13830,14011,12630,13040,2524,1410,-0.04065020062342438,101.82250885541497,117.76082585139096,117.76082585139096
2018-03-09,12970,13102,11639,12506,2742,1436,-0.04181302735340076,103.45502912282343,116.84033424098803,116.84033424098803
2018-03-12,13164,13789,12117,12360,2732,1395,-0.01174307711556151,103.16814920508386,115.69339366191294,115.69339366191294
2018-03-13,12714,13199,12242,12582,3375,1361,0.01780176911829311,102.91032433839564,114.70662618518755,114.70662618518755
2018-03-14,12353,13033,11354,11479,2638,1268,-0.09174794206447821,108.22387872612997,115.08951780143076,115.08951780143076
2018-03-15,11104,11722,10681,11424,3093,1251,-0.0048028734861311605,105.47803550316719,114.02154683750952,114.02154683750952
2018-03-16,11569,11985,10938,11867,3065,1274,0.03804503308577343,101.81299728493435,113.40846418222475,113.40846418222475
2018-03-19,11479,12096,11236,11652,2746,1246,-0.01828359958581385,101.92042035406463,112.4140212378745,112.4140212378745
2018-03-20,11680,12519,11541,12408,2050,1170,0.06286358677704955,86.01207659883964,112.39098437416781,112.39098437416781
2018-03-21,12471,12741,12173,12332,1829,1130,-0.006143915850333818,74.88186634179982,111.41791000972215,111.41791000972215
2018-03-22,12353,12616,11791,11971,2123,1039,-0.029710451754671106,74.9604894569662,110.57196127193988,110.57196127193988
2018-03-23,11999,12166,11472,11951,2895,1012,-0.0016721013844888414,74.26551901691816,107.84618135795996,109.65179179885693
2018-03-26,11951,11972,11141,11262,479,679,-0.059380730052317136,72.65054881113488,107.56395112639856,109.26458364725026
2018-03-27,11674,11695,11063,11241,626,987,-0.0018664183527667593,70.26390848845068,106.88946138409663,108.38601996985614
2018-03-28,11248,11489,10999,11219,493,1148,-0.001959038916832423,70.25011213815048,106.19052508984595,107.52812394518405
2018-03-29,11212,11375,10041,10417,1684,1295,-0.07416968256051593,70.50467471203217,106.78488298525721,107.48992286573088
2018-04-02,9806,10154,9622,9927,3539,1369,-0.04818076939472698,70.84007760332423,106.99955145346198,106.94129988958119
2018-04-03,9906,10680,9891,10594,2274,1489,0.0650294855147501,73.15837437743504,108.1232356575428,107.09745628394475
2018-04-04,10552,10566,9551,9742,2951,1500,-0.08384136773798398,72.82451307206527,106.3566880710022,107.29328910344688
2018-04-05,9643,9835,9302,9600,4565,1520,-0.014683336910560372,68.87411941130767,104.53478926999415,106.50676745005407
2018-04-06,9600,9785,9210,9416,2415,1503,-0.01935272851581496,68.33108321513643,104.54706583972614,105.74973349913101
2018-04-09,9977,10261,9380,9480,3348,1527,0.006773946308954864,68.09929075337536,104.59720032986597,105.03553118671891
2018-04-10,9522,9771,9430,9714,1882,1486,0.024383827656622555,69.44181191834507,103.94458709131807,104.48130474527552
2018-04-11,9742,9899,9636,9828,1746,1582,0.011667310735379667,69.12553081740431,103.50855915424269,103.82182502581836
2018-04-12,9828,11510,9458,10907,4825,1662,0.10416933028767317,74.08421097993282,96.22560875551223,105.17886965748562
2018-04-13,11063,11695,11020,11510,3045,1744,0.05381143778718535,76.72301794260386,96.908209150576,105.05583851877213
2018-04-16,11368,11993,11191,11333,3858,1676,-0.015497398982979893,75.58184900246063,95.49544450699071,104.36733060554337
2018-04-17,11383,11617,11084,11198,2676,1573,-0.011983632824109811,75.43811615455805,95.23806525449542,103.68377763890884
2018-04-18,11177,11702,11162,11539,2826,1574,0.029997411285829084,72.53710871879302,93.68737041312444,103.21400965490837
2018-04-19,11631,11809,11503,11731,2718,1507,0.016502308311052566,72.87765404338037,92.59269871563895,102.62739361063882
2018-04-20,11787,12192,11695,12128,2318,1511,0.03328191837643249,73.18756415053278,92.76040994490297,102.2077173028349
2018-04-23,12654,12803,12462,12561,2952,1117,0.035079946805100196,74.18865677998059,93.07847581088879,101.81272856547344
2018-04-24,12561,13306,12554,13299,473,1152,0.0570920687259103,72.8130166115913,93.78591021353442,101.75700268538623
2018-04-25,13446,13692,12330,12639,795,1383,-0.05090157276603702,75.74363381189875,94.2411493800233,101.46765022123301
2018-04-26,12905,13011,12175,12491,526,1482,-0.011778886681216962,75.95800207283698,91.20676639743596,100.86280171168593
2018-04-27,12828,13228,12554,12751,2190,1588,0.020601314917632726,70.01231721110997,91.30076714315224,100.35313297579795
2018-04-30,13165,13334,12835,13151,2999,1723,0.030888101458422995,66.83486409250037,89.33153289489326,99.94093409341488
2018-05-01,13039,13081,12379,12617,3143,1654,-0.04145269041422362,66.7527242425812,88.94647953776725,99.56554138962787
2018-05-02,12737,12933,12617,12849,2093,1709,0.01822087635573944,57.113924129162065,81.66244220079699,99.06403018041236
2018-05-03,12983,13769,12891,13586,4177,1938,0.05577386346776647,57.917016640043784,82.02884842252864,99.00997684343406
2018-05-04,13636,13818,13397,13579,3762,2060,-0.0005153690524525425,56.70647211077202,80.20215858068238,98.4532138779269
2018-05-07,13488,13629,12863,13249,4705,2043,-0.024602403830671585,58.61438890797428,80.40470146098185,97.96951380100853
2018-05-08,13214,13327,12653,12969,4435,1995,-0.021360183532381626,60.054258140249814,80.30933926855565,97.47491277249836
2018-05-09,12898,13165,12575,13032,3015,1964,0.004845976946139665,60.14491951380736,80.12623860432655,96.95373874681106
2018-05-10,12997,13221,12695,12765,3063,2015,-0.020700820606296817,50.979915305214575,80.15479065104984,96.47202846723142
2018-05-11,12793,12814,11768,12112,4980,2064,-0.05251035399835413,52.225095908375984,79.80771798043703,96.28601969227316
2018-05-14,12161,12498,11634,12294,5754,1984,0.014914641789724754,51.94625174701557,78.00138708136132,95.8281250309878
2018-05-15,12266,12428,11845,12014,4222,1872,-0.023038702056847982,52.54415597058453,78.12254448754982,95.37693248619408
2018-05-16,11901,12000,11396,11585,4978,1852,-0.03636147854363018,53.38168323474903,71.0177014227426,95.02384791241776
2018-05-17,11641,11880,11396,11487,2872,1698,-0.008495196721072353,53.10585676117182,66.55413096112724,94.53987956155953
2018-05-18,11550,11620,11115,11557,3390,1596,0.0060753528300371016,51.63061135187608,66.3686361306982,94.07644274286835
2018-05-21,11971,12189,11684,11761,2701,1239,0.017497658875595182,50.29726347666046,66.28961939567752,93.66927703048147
2018-05-22,11719,11824,11333,11487,2341,992,-0.02357301170563231,45.36128720482089,65.25505060081944,93.25378394991996
2018-05-23,11304,11340,10427,10658,4586,791,-0.07490517728867667,49.06848989435145,66.24517075449072,93.44744963595828
2018-05-24,10658,10985,10339,10801,713,1969,0.01332793856174665,49.65342583134722,66.35225884264065,93.03715540486553
2018-05-25,10694,10907,10417,10573,2069,2009,-0.021335140685947596,48.75474887415081,65.79489387414029,92.623503063079
2018-05-29,10467,10772,10019,10651,5052,2218,0.007350202710639197,46.856183711689795,65.8434968808702,92.20143922792123
2018-05-30,10666,10829,10332,10403,2471,2211,-0.023559558372270518,45.70699551783263,64.92470664773484,91.80966856922004
2018-05-31,10424,10886,10424,10722,2102,2328,0.03020347931658791,46.85938374317716,63.21578922727473,91.53932622613236
2018-06-01,10730,10829,10374,10573,2197,2223,-0.013994123654956513,40.11805116726422,61.076527141732065,91.12515546205275
2018-06-04,10964,11227,10602,10658,1625,2290,0.008007202124200972,40.56830179715626,60.64784234485139,90.72733260632995
2018-06-05,10680,10900,10460,10836,2069,2363,0.016563140348258152,41.50784401573104,60.245684715324224,90.37142391238777
2018-06-06,10808,10936,10637,10715,1450,2345,-0.011229295297308352,41.297035540859106,60.242369368331474,89.968881118851
2018-06-07,10936,11056,10857,10950,1437,2460,0.021694827336969476,42.49161200005388,60.30332802150185,89.65290966520001
2018-06-08,10900,10950,10715,10879,1301,2432,-0.006505130823564168,42.25814688448343,57.36245964474415,89.25585734008637
2018-06-11,10118,10118,9394,9593,3861,2351,-0.1258006596031351,57.68895274660165,62.81517307040768,90.66049848062616
2018-06-12,9621,9792,9131,9237,3875,2305,-0.03781650822533757,57.50371447347871,62.62620788320821,90.39087500124158
2018-06-13,9195,9408,8669,8910,5146,2428,-0.03604291612775511,57.949527433252555,62.90223370622606,90.10978847563158
2018-06-14,8918,9529,8882,9429,4461,2294,0.056615805000822264,62.60338034804516,62.62901097311617,90.19014976450414
2018-06-15,9479,9479,9152,9280,2485,2348,-0.01592849968543103,62.63061818392245,62.67156177164963,89.81992768680274
2018-06-18,9230,9642,9010,9514,2794,2258,0.024902851211980492,63.64650109323343,62.74149716855921,89.55100640362052
2018-06-19,9536,9721,9451,9571,1563,2135,0.005973295203679641,63.12200722858869,62.77227837774934,89.19209621527892
2018-06-20,9529,9685,9301,9586,2108,2123,0.0015660075236700194,63.05174589999807,61.69671295327483,88.82819832535984
2018-06-21,9529,9635,9479,9536,1135,2036,-0.00522959041444562,58.051465868706764,61.69865580229774,88.46339929389173
2018-06-22,9529,9571,8470,8761,3832,1950,-0.08476405663876714,63.95962915043696,63.94661150682668,88.82996568492506
2018-06-25,8761,9046,8654,8911,1059,945,0.016976414946356027,64.53928294622385,62.39144174182052,88.53041635524272
2018-06-26,8918,8918,8733,8783,629,1227,-0.014468433695602469,64.29052390657762,61.71845924070153,88.18436185504176
2018-06-27,8818,8818,8512,8740,875,1542,-0.004907845267536257,64.0955959179205,60.115739489509004,87.83380506939015
2018-06-28,8683,8740,8526,8640,521,1712,-0.011507606851479802,62.4252836478816,57.752988642524514,87.49107039593618
2018-06-29,8398,8448,8199,8355,2512,1997,-0.03354242076860727,62.941681757478285,58.058397114873614,87.23498783202929
2018-07-02,8939,9516,8918,9438,3977,1956,0.12188393125683869,78.69620933948498,63.26947026398595,88.70142633901001
2018-07-03,9466,9488,9303,9374,1627,2075,-0.006804193803681435,78.24033751698778,63.26892823904108,88.35995871035385
2018-07-05,9395,9680,9117,9267,6739,2208,-0.01148019689596001,78.2420820787984,63.10072489198871,88.0265810415824
2018-07-06,9246,9459,9160,9352,2038,2253,0.009130521565212995,77.75097737267149,63.08148138288454,87.71430456608067
2018-07-09,9609,9630,9466,9538,1765,2172,0.019693595706265263,78.36647306796863,59.34063231739381,87.44933965299956
2018-07-10,9538,9666,8968,9053,3084,2092,-0.052187625382729294,67.05246782384833,59.03998542683967,87.3628430825204
2018-07-11,9053,9089,8897,9018,2719,1998,-0.0038736144944109,65.77834892869234,58.991357646181974,87.03884444841623
2018-07-12,9053,9068,8704,8776,3076,2023,-0.027201857025963283,65.22978918634651,59.163630631370225,86.76993876618758
2018-07-13,8776,9032,8633,8783,3558,2076,0.0007973119620512331,61.62790381398068,58.74682444391197,86.456587244598
2018-07-16,9075,9559,9003,9509,3171,2168,0.07942068362232677,68.04706598001144,61.07862441754164,86.89373804640029
2018-07-17,9495,10642,9481,10407,5582,2106,0.09023993809841506,74.69115495061938,63.60676058158995,87.51121935364986
2018-07-18,10521,10820,10314,10535,6956,2127,0.012224390600429957,74.74061088405202,63.200392364946886,87.22493944377628
2018-07-19,10435,10699,10364,10613,4580,2156,0.007376617523533042,74.73574153461054,61.99342529713749,86.92792307798632
2018-07-20,10592,10969,10357,10457,6978,2134,-0.014808054163233773,74.9880542632998,61.25807291872584,86.63371192262119
2018-07-23,10514,11140,10449,11019,8545,2024,0.052349444889188246,68.85774341302093,62.274002910816485,86.64965290832818
2018-07-24,11019,11910,10984,11774,1257,1288,0.06627265510042972,71.55170544970703,63.67248599648407,86.83606222394545
2018-07-25,11810,12095,11425,11589,1073,1692,-0.01583733825381567,71.62537841657051,63.38210282867567,86.55262807222445
2018-07-26,11753,11824,11554,11760,918,2001,0.014647570118226906,71.28123215797565,62.9358453041051,86.28684122305543
2018-07-27,11368,11767,11076,11682,9284,2184,-0.006654746852363251,71.06380874488298,62.81480782180606,85.99421792067469
2018-07-30,11596,11774,11176,11539,8136,2312,-0.012316593405586985,69.52017087607932,61.69913798250079,85.7118429013454
2018-07-31,11568,11682,10884,11012,9415,2338,-0.04674701493216979,60.71333658128813,62.35253962710523,85.61152598358449
2018-08-01,10962,11055,10599,10749,9125,2316,-0.02417286028943438,61.57109760943899,62.34639003442389,85.36821618338311
2018-08-02,10628,10969,10585,10720,5552,2069,-0.002701571348270482,61.30285822792618,62.235067237850004,85.08512528488592
2018-08-03,10720,10770,10357,10499,5700,2144,-0.020831141109851663,62.10043310375048,62.31615445836851,84.83411967536895
2018-08-06,10086,10172,9787,9858,5117,2155,-0.06299670624961826,66.42981477703745,63.40518487820405,84.8975644742567
2018-08-07,9751,10193,9723,9958,5037,1993,0.010092939936805016,63.342093462365725,62.66610582922235,84.6404072426125
2018-08-08,9637,9666,8697,9018,8099,2057,-0.09915366822109854,73.31026392197558,65.54689229957197,85.23193223553695
2018-08-09,8975,9324,8790,9203,6827,2013,0.02030693785782731,72.91077232810024,65.64391885920688,85.0162710076014
2018-08-10,9338,9409,8697,9103,6444,2017,-0.010925488333568129,73.06301075219041,65.32183903856217,84.74920525061015
2018-08-13,9125,9338,8740,8875,7804,2035,-0.02536569416167225,67.55640295183099,65.46256983470552,84.52200032912145
2018-08-14,8890,8946,8334,8654,6904,2122,-0.025216693558786432,58.08693313376864,65.56478425926866,84.29595750248117
2018-08-15,8697,9402,8654,9082,6993,2117,0.048272790873066254,61.17934624666632,66.31134171968004,84.29219758227096
2018-08-16,9117,9224,8811,9125,4378,2071,0.00472346679279579,61.10143561634642,66.21371782649324,84.03752286234437
2018-08-17,8925,9324,8897,9231,4288,2123,0.01154948553945921,61.40191944167221,64.60124247597592,83.80071371044785
2018-08-20,9246,9281,9060,9160,2381,2075,-0.007721206321975613,57.3702500236711,64.52640282816736,83.5444455574933
2018-08-21,9110,9217,8840,9153,3319,2051,-0.0007644842833966217,50.14784774157949,64.41090548071811,83.29040066813988
2018-08-22,9174,9787,8904,9125,5379,1905,-0.0030637949340870337,50.24305064780948,64.37889876929962,83.03772649316846
2018-08-23,9046,9210,8868,9125,3554,1886,0.0,49.477735555669994,64.23182238588514,82.78878717057998
2018-08-24,9125,9439,9125,9432,240,1033,0.033090263766514603,52.06393315484091,64.29668664280449,82.66613940764404
2018-08-27,9511,9625,9511,9604,379,1275,0.0180715151239369,53.046690178168745,64.3798765583152,82.46332303055112
2018-08-28,9589,10161,9589,10126,738,1592,0.052926695188710696,55.42938786420788,65.31758607990741,82.50806080838832
2018-08-29,10097,10154,9854,10004,853,1985,-0.01212136053234485,55.01679911568934,65.2554079422481,82.27181739122663
2018-08-30,10068,10076,9704,9732,752,2246,-0.02756558809409643,55.66754029994168,65.44684454979806,82.08274330632813
2018-08-31,9940,10140,9818,10076,4632,2284,0.03473693356908764,57.027602071927916,65.69924344576492,81.97452595759289
2018-09-04,10383,10598,10283,10512,5305,2227,0.04236110325189095,54.29220139133895,66.29717486868066,81.9224668641077
2018-09-05,10519,10576,9782,9868,4585,2181,-0.06322026307514444,59.08510678020416,62.37264012763062,82.00443021391584
2018-09-06,9904,9904,8889,9196,5796,2101,-0.0705285917661751,53.337126712862585,63.5789268361256,82.16259186321932
2018-09-07,9167,9303,8982,9139,2475,2218,-0.006217636610870562,52.89133761838677,63.15061492266173,81.92933065429983
2018-09-10,9067,9082,8831,8960,1936,2312,-0.01978074330322546,53.21858705569456,62.18047401193025,81.719518128717
2018-09-11,8953,9132,8753,8910,1857,2277,-0.005595985504121113,52.46516592888778,62.109473352512,81.48987930709845
2018-09-12,8967,9060,8831,8996,1581,2328,0.009605792614351199,51.67818128417247,61.91919903975294,81.2777870507849
2018-09-13,9003,9332,9003,9203,2350,2417,0.02274948375965051,49.38633890759957,62.09432438019037,81.11260623882315
2018-09-14,9225,9403,9053,9332,2085,2354,0.013919836302463623,49.59410320423851,62.164759104175914,80.91490935012914
2018-09-17,9253,9332,8817,8910,2337,2283,-0.04627511267646563,52.16251796103053,62.86480053250667,80.84725844725583
2018-09-18,8881,9110,8839,8974,1108,2194,0.007157266071073584,52.20470979364287,60.41655336890403,80.63639606273848
2018-09-19,9017,9346,8631,9117,3037,2178,0.015809295048974197,52.54608686364841,60.40334844662429,80.44958305664879
2018-09-20,9103,9203,9024,9153,1373,2098,0.003940891799876627,52.5542276901588,60.327825009094084,80.23679645709504
2018-09-21,9253,9689,9232,9639,3627,2034,0.05173567439918889,55.65153743469216,61.213786660798554,80.27885258713229
2018-09-24,9639,9683,9488,9538,609,819,-0.010533548925798445,54.64127642891775,61.20518138462142,80.06821063244597
2018-09-25,9517,9517,9113,9163,668,1208,-0.040110183892956425,56.052750939491226,61.381017132179295,79.96735538507389
2018-09-26,9199,9416,9185,9344,640,1508,0.01956079010279497,52.84829228508865,56.17341510052587,79.80012164323288
2018-09-27,9286,9719,9264,9589,648,1733,0.02588218208567281,53.78881348495048,56.40738008561094,79.66127476877057
2018-09-28,9668,9820,9409,9625,4965,1975,0.0037472720023037963,52.96612980036806,56.35695514337713,79.45659721755841
2018-10-01,9466,9560,9315,9437,1477,2033,-0.01972574713465193,51.6654779268079,56.48123174961944,79.27165865327981
2018-10-02,9452,9502,9286,9394,1131,2029,-0.004566945434392597,48.77193482100797,56.34135819312149,79.06614159115357
2018-10-03,9394,9409,9156,9271,1356,2090,-0.013179938979957999,43.92793099494813,55.364266574111454,78.8699657373919
2018-10-04,9257,9538,9243,9459,1697,2172,0.020075420606188082,36.65956155207715,55.502750713565916,78.71261854065568
2018-10-05,9423,9495,9380,9423,928,2221,-0.003813160006414265,36.60310004587608,55.20500760299972,78.51158474758972
2018-10-08,9423,9632,9401,9567,1783,2438,0.01516616747141097,36.001590909583896,55.27918069050666,78.33981096665924
2018-10-09,9553,9553,9430,9495,1004,2477,-0.007554332431781044,36.07225157086452,52.858457977369014,78.14325425378716
2018-10-10,9495,9510,9308,9437,1700,2500,-0.006127211225053207,36.13276374298271,49.406415518804096,77.94733959362146
2018-10-11,9401,9430,8701,8918,4268,2263,-0.05656642683391104,40.865025249000844,50.579915399113936,77.9810122718945
2018-10-12,8918,8983,8795,8925,1908,2390,0.0007846214604179258,40.468610365397694,50.54142051628834,77.78827531410568
2018-10-15,8896,9769,8817,9221,6704,2322,0.03262716389130139,38.73324799141448,50.9964154321054,77.69982863791755
2018-10-16,9221,9372,9207,9264,1604,2248,0.0046524292736352104,38.69676075761064,49.74280932845533,77.51328221998897
2018-10-17,9300,9351,9235,9264,1189,2172,0.0,38.33146890331652,47.61573460529346,77.3239225624223
2018-10-18,9279,9351,9134,9221,2759,2149,-0.00465242927363522,38.35942917754082,47.55206150713483,77.13524905306252
2018-10-19,9199,9243,9149,9207,1108,2105,-0.0015194272512953793,33.214051743691286,47.399219982619734,76.94804353990693
2018-10-22,9257,9300,9178,9228,1752,1894,0.0022782760057984924,33.103603244005214,47.413838433202,76.76437963897583
2018-10-23,9235,9271,9163,9228,1492,1736,0.0,29.822406016631408,47.38797052110693,76.58045376319255
2018-10-24,9228,9358,9214,9286,814,970,0.006265549286222719,29.050108306392662,46.57066064854784,76.40409945985867
2018-10-25,9279,9279,9149,9272,1331,1534,-0.001508783560279357,27.3518741142515,46.35839938008978,76.22218638107063
2018-10-26,9257,9351,9221,9250,2434,1924,-0.002375554513116765,27.276958245274034,46.358376035319345,76.04140002446056
2018-10-29,9250,9322,8953,9033,3904,2011,-0.023739013356627384,27.6576570923025,46.411399993862815,75.89483772429699
2018-10-30,9040,9105,9018,9040,1992,2180,0.0007746362363787443,27.661703663323717,44.6687573939202,75.71773944692082
2018-10-31,9054,9177,8931,9112,3161,2056,0.007933051740795921,27.536838901426076,44.64711905153558,75.55031454032083
2018-11-01,9112,9170,9105,9141,1174,2097,0.0031775625268006063,26.46493054315549,39.741132836992655,75.37755210707138
2018-11-02,9170,9228,9149,9185,1647,2055,0.0048019299954072114,26.55066108306312,39.53298957221335,75.20776326612
2018-11-05,9264,9337,9214,9250,2336,2105,0.007051832857244777,26.035291796993093,39.49307463583326,75.04225344921173
2018-11-06,9257,9373,9243,9286,3048,2406,0.003884338073396233,26.009863592027436,39.13552885176113,74.87366749678614
2018-11-07,9308,9474,9308,9424,4263,2839,0.014751737311500935,26.52675544475399,38.85886518571722,74.72681491806699
2018-11-08,9424,9445,9221,9279,4418,2787,-0.015505844538188606,17.341807625395532,37.75705317725733,74.56880897945155
2018-11-09,9264,9286,9033,9170,2878,2771,-0.0118164961026688,18.020960150194735,37.827457525010175,74.40580715501652
2018-11-12,9105,9257,9105,9156,1997,2818,-0.0015278841780531757,13.72609489637413,37.752996432667665,74.23821688571712
2018-11-13,9141,9156,9011,9098,2534,2923,-0.006354792942507887,13.749718021005176,37.74230751735645,74.0724024309159
2018-11-14,9105,9105,7571,7766,8940,2966,-0.15829937783833672,57.51945284157982,49.755105675191146,75.71062129209461
2018-11-15,7976,8092,7462,7853,8633,2826,0.011140393083261943,57.942803611865514,49.836232253653726,75.55857529830064
2018-11-16,7867,8034,7795,7889,3416,2988,0.004573759720214925,58.073819648602,49.854851520892545,75.3962593175713
2018-11-19,7962,7983,6601,6999,11321,2866,-0.11970210240554996,70.16895989262056,54.79469334111753,76.21278257795137
2018-11-20,6861,7050,5812,6138,12827,2554,-0.13126832550985817,81.32332934530731,60.375361910300064,77.20545788190026
2018-11-21,6123,6688,6029,6355,6540,2351,0.03474294844387284,83.16850308328905,59.709876983417686,77.14738518371682
2018-11-23,6420,6608,5913,6065,5146,2300,-0.046707362245403936,83.45738751598432,60.236051649325795,77.10530958486304
2018-11-26,6065,6142,5348,5501,1470,1800,-0.09760464850269245,87.35942937559982,62.844516659951246,77.54467629478738
2018-11-27,5691,5752,5417,5646,645,2061,0.02601743593797659,89.29304689515757,62.607271729678835,77.44516493842553
2018-11-28,5760,6630,5752,6538,1334,2240,0.1466839784707213,107.68074496343674,69.57228782104009,78.86566265259141
2018-11-29,6355,6660,6195,6370,1123,2389,-0.026031838717946867,107.3454966617764,68.72186914349567,78.7289809680098
2018-11-30,6416,6508,5852,5997,5068,2692,-0.06034012539769922,108.05681163998982,68.35218027282878,78.77333425637718
2018-12-03,6241,6302,5630,5798,3383,2977,-0.03374631368690897,107.69818173377632,68.56905428700786,78.66337866554744
2018-12-04,5958,6126,5630,5859,3059,2956,0.010465910063187792,107.83128238562139,68.61942519436627,78.51297108759643
2018-12-05,6027,6027,5478,5653,2734,2963,-0.03579256286949786,107.44652018159395,68.87013042597742,78.4127121960152
2018-12-06,5600,6042,5127,5493,5768,3293,-0.02871182333267038,106.4264556904082,68.90934311721118,78.28662651880897
2018-12-07,5455,5485,4784,5035,6081,3652,-0.08706102818995771,108.4147711066727,70.4586747434865,78.57306079636179
2018-12-10,5333,5463,5081,5150,1918,3550,0.0225831885051192,109.88157763325115,70.60678118310035,78.46152211221631
2018-12-11,5157,5196,4982,5066,1989,3525,-0.016445163096161258,109.5166530806336,70.21409348879733,78.30762548563598
2018-12-12,5104,5295,5043,5218,2665,3483,0.029562635135053195,111.25577602182062,70.5890401805553,78.22633355262167
2018-12-13,5180,5218,4867,4906,3796,3613,-0.06165524087823909,101.04020829294574,71.20694450889941,78.27631065493735
2018-12-14,4936,4982,4761,4799,3046,3673,-0.022051382960189103,100.23799653972654,71.18371986586124,78.1347328313285
2018-12-17,4852,5447,4829,5386,4114,3680,0.11539543151329879,111.59504212057423,74.6805948729874,78.92452758864826
2018-12-18,5302,5432,5226,5333,3415,3419,-0.009889062770942047,105.08051758121788,74.68040451449805,78.76619970284929
2018-12-19,5417,5936,5417,5638,4997,3218,0.05561546107345566,98.0252718741585,75.5861646448039,78.84284658842967
2018-12-20,5607,6332,5546,5913,4834,3057,0.04762392414677214,98.80833758775283,76.24067659955507,78.8594375094379
2018-12-21,6164,6309,5501,5760,5616,2289,-0.026215842130893025,97.88617380866552,76.0099382406452,78.03391658602851
2018-12-24,5760,6155,5738,5936,584,1443,0.030098031157279347,91.74726338606544,76.38213315006695,77.82110988633218
2018-12-26,5460,5607,5380,5490,817,1814,-0.07810725034364002,95.76082969120789,77.689025302085,77.92292846766496
2018-12-27,5548,5585,5153,5183,1186,2184,-0.0575442163138698,80.01940400320473,78.31520067403709,77.89714794945569
2018-12-28,5190,5826,5168,5658,4180,2726,0.08768643367180602,87.16392723220903,80.82337028948395,78.38998153644374
2018-12-31,5555,5570,5263,5336,1961,2659,-0.05859416426605282,87.02145254063446,81.25348808479484,78.56432661995109
2019-01-02,5438,5636,5387,5599,3227,2874,0.04811170175343368,88.38015621765175,82.10224173838643,78.74588078244493
2019-01-03,5629,5658,5424,5497,3620,3013,-0.01838552148823296,88.44474364329793,81.97392034724338,77.93861935296289
2019-01-04,5490,5665,5395,5475,3919,3016,-0.004010213175958809,87.60636736907755,81.98024202152493,77.26158386970857
2019-01-07,5833,5950,5767,5826,2757,3111,0.062138382834678325,89.78568180819572,83.27225471081509,77.55286806941803
2019-01-08,5819,5987,5738,5826,4171,3127,0.0,83.29432805537765,82.66901245329548,77.53784531478189
2019-01-09,5833,5892,5775,5833,3683,3132,0.0012007892342577634,83.11945615166515,82.67075083628367,77.19998847128974
2019-01-10,5840,5877,5153,5270,5744,3610,-0.10150108521822966,91.27935270408128,84.46889904474277,77.67755489058437
2019-01-11,5263,5387,5205,5314,4216,3447,0.00831448478435076,90.73757557695608,84.49810896212882,74.51729552781272
2019-01-14,5102,5409,4971,5336,4387,2965,0.004131461275700801,87.674296429384,84.52169261689369,74.50518456845376
2019-01-15,5336,5358,5102,5168,3786,3149,-0.03199054213302186,88.13877280500948,84.64454715971137,74.11562290902083
2019-01-16,5190,5329,5183,5205,4110,3174,0.007133935586631397,77.7026352242475,84.69860957906292,74.04031853367594
2019-01-17,5219,5329,5139,5270,3564,3145,0.012410660486338676,77.79440850645847,84.78423209415706,73.51873731942507
2019-01-18,5285,5307,5175,5241,2669,3048,-0.005518042733241745,74.90893629947679,84.76581696574111,73.15310505643966
2019-01-22,5153,5292,4956,5234,6725,2732,-0.0013365157120751258,72.4393563709351,84.72000403228589,73.10917201720628
2019-01-23,5226,5285,5131,5168,5040,1601,-0.012690037627653358,72.09947368835051,84.70563223510467,73.10964316553765
2019-01-24,5168,5227,5161,5190,884,2714,0.004247930697496483,70.98565426670963,84.7411032995309,73.09416510469444
2019-01-25,5197,5212,5109,5168,3678,2946,-0.004247930697496561,65.78443461496975,84.69664372241925,73.05870174986664
2019-01-28,5138,5183,4903,4984,4345,3321,-0.036252984995148674,63.84967487125892,84.8482048280953,72.2462350708349
2019-01-29,4991,5006,4866,4969,2453,3366,-0.003014168864968514,54.37407677595685,84.77943358266423,72.23949286428665
2019-01-30,4954,5065,4932,5028,3311,3218,0.01180367810781738,51.06893149555168,84.85556001176134,71.66402167669266
2019-01-31,5043,5094,4962,5006,4066,3249,-0.004385097718418553,47.36989306469721,84.80815986851293,71.45918664824916
2019-02-01,4991,5072,4932,5050,4692,3233,0.008751050277685907,47.37763411202518,84.82356487292385,69.51999995382953
2019-02-04,4984,5035,4976,5006,2947,3186,-0.008751050277685994,47.404454041981246,84.77418344494502,69.39587623152403
2019-02-05,4998,5035,4984,5013,1566,3162,0.0013973452717839893,40.48101776124678,84.64972733657866,68.7908323223528
2019-02-06,5021,5043,4880,4925,3783,3339,-0.01771026365731413,40.533066401540765,84.65647783710548,68.79458898322606
2019-02-07,4932,4969,4917,4925,1731,3293,0.0,40.497567287518436,84.68360228050402,68.69515680728571
2019-02-08,4939,5500,4903,5330,9872,2955,0.07902696355370105,35.929905964010366,86.62927849616928,69.11734740795423
2019-02-11,5323,5382,5279,5315,5075,2378,-0.0028182263838418893,35.82865236821616,86.63695321425668,69.10054358588165
2019-02-12,5301,5345,5234,5315,3944,2400,0.0,35.795608141828396,80.8638603401762,68.75468894012256
2019-02-13,5271,5352,5242,5264,2811,2271,-0.00964181777089513,33.996731466718,80.78431613668305,68.20996656265652
2019-02-14,5271,5301,5205,5256,2122,2214,-0.0015209128407067314,33.92566210831292,80.75774691828076,68.20948819248018
2019-02-15,5256,5338,5227,5256,2597,2198,0.0,33.63191344221031,77.25814843132527,66.235806905001
2019-02-19,5308,5854,5301,5802,15944,1625,0.0988324045169029,48.51867635233044,75.53921890001463,65.94332254756571
2019-02-20,5765,5846,5706,5802,5226,1002,0.0,48.49753175950251,75.17295614538236,65.89787247363178
2019-02-21,5780,5876,5684,5743,5427,384,-0.010220963817052859,48.384847150950336,74.60588199524713,65.84835773197968
2019-02-22,5728,5831,5728,5796,392,294,0.009186302576276542,48.402697216284274,71.85343583562786,65.57672604144136
2019-02-25,5796,5911,5696,5873,5866,2847,0.013197552081946543,48.33175047715222,71.70969317772429,65.45707124086452
2019-02-26,5850,5873,5757,5803,3067,2675,-0.011990551331911193,46.21316956775832,64.96465397906762,65.4619345505665
2019-02-27,5811,5865,5565,5704,4843,2636,-0.017207342096476404,46.91511052032642,64.85022607083833,65.33596485834678
2019-02-28,5788,5957,5757,5827,6752,2515,0.02133460504894223,47.1686038618358,63.85588828173488,65.38440091732201
2019-03-01,5819,5888,5811,5873,1825,2420,0.00786328837944526,46.96354159868052,63.498390850381355,65.1781064748524
2019-03-04,5811,5834,5627,5673,4577,2368,-0.0346474981959523,49.33644154098958,63.8593557317622,64.71793578558294
2019-03-05,5650,5942,5619,5896,4969,2436,0.038556076542605296,50.33152328651895,63.92396218997334,64.34759572556017
2019-03-06,5896,5996,5857,5903,4104,2370,0.0011865413715168149,50.33534756850769,63.62935521694121,64.23907935070277
2019-03-07,5926,5980,5888,5950,4092,2571,0.007930523298986105,49.40092051652458,60.92193626826461,64.13028695126405
2019-03-08,6003,6026,5911,5980,3781,2551,0.0050293484050019585,49.30543901938728,60.78431835946596,64.12917752941424
2019-03-11,5973,6019,5857,5896,3539,2428,-0.014146413075504901,42.56216953806031,60.75555087922837,64.10499339966772
2019-03-12,5911,5965,5827,5911,2961,2455,0.0025408669551970427,42.47325305473792,60.49381735502401,63.48032055210986
2019-03-13,5926,5950,5873,5911,2105,2496,0.0,42.47325305473792,59.02106447155633,63.48050721196938
2019-03-14,5903,6003,5803,5911,4463,2362,0.0,42.159687258794634,58.79217629184007,63.348543563196
2019-03-15,5919,6011,5911,5996,2938,2366,0.014277558398118841,42.16898873855867,54.02958101917624,63.35228698295242
2019-03-18,6096,6188,6049,6088,2756,2343,0.01522704031903335,42.19995097415476,54.0429125442216,63.03340471030854
2019-03-19,6103,6172,6072,6142,2332,2324,0.008830801459246,24.846545202809033,52.906684264828954,63.04340961382178
2019-03-20,6134,6180,6096,6165,2560,2290,0.003737714597677,24.825147965438784,52.02711347397228,62.988267173448
2019-03-21,6172,6242,5996,6096,3769,2186,-0.011255318231962502,24.90099792839129,51.78637370745475,62.99410281843774
2019-03-22,6103,6142,6080,6119,1704,2021,0.003765866096058351,24.796001910276736,51.433197670371136,62.73751079942513
2019-03-25,6119,6134,5941,6010,425,985,-0.017973935933287236,25.506193104410592,48.92264014051575,62.75686007571927
2019-03-26,5995,6041,5980,6034,564,1258,0.003985392189753179,25.040467513917093,47.3502596341851,62.760220802665536
2019-03-27,6026,6227,6026,6188,1268,1753,0.025201791973950324,25.26081074407652,44.17592157033414,62.403437357131644
2019-03-28,6188,6227,6165,6188,832,2035,0.0,24.449265880810067,42.36692874540603,62.23048420469644
2019-03-29,6188,6343,6180,6296,4797,2433,0.017302578404282353,24.923014818423812,41.40892543894398,61.894641106614856
2019-04-01,6319,6404,6242,6374,1897,2550,0.012312704880042664,20.59379154055889,41.24242773983238,61.359734814257294
2019-04-02,6389,7872,6381,7378,10442,2269,0.1462753831793393,53.116686234314024,50.659496605446144,63.11780577915661
2019-04-03,7432,8228,7432,7957,16115,2605,0.07554944522091392,57.62286179581625,51.375382028250236,63.55698284436922
2019-04-04,8050,8150,7386,7478,21775,2430,-0.062086667840475764,63.781585158339084,53.18725449274113,63.85066214520001
2019-04-05,7625,7834,7556,7756,9560,2589,0.03650136082548338,64.33869634698227,53.59380795701739,63.91087947581742
2019-04-08,7980,8297,7926,8050,16170,2806,0.037205354050066725,64.04621568323928,49.207894875433674,64.01305369603152
2019-04-09,8174,8220,7957,8065,8967,2736,0.0018616201467001076,64.06499384469414,49.21864130600759,63.133267748623034
2019-04-10,8065,8467,7973,8367,7838,2843,0.0367616857362894,64.21139743916815,49.591614422686995,63.00597173834323
2019-04-11,8189,8274,7671,7841,11268,2706,-0.0649290200646767,70.38131201379997,51.14687659588698,63.31360242894619
2019-04-12,7772,7919,7571,7826,7931,2682,-0.0019148534605642248,70.61105652035853,51.179080229591115,63.30475624919514
2019-04-15,7896,8035,7641,7741,10075,2529,-0.010920645565644373,71.1254257292099,51.29301169854257,63.23240897799476
2019-04-16,7772,8089,7764,8035,6800,2517,0.03727612096689965,71.67136437786279,51.61676873279502,63.326913190095425
2019-04-17,8058,8166,8011,8089,6698,2496,0.0066981148463396804,71.62594015442963,51.586790363053034,63.235263585433785
2019-04-18,8081,8228,8042,8181,6451,2500,0.011309278495745586,71.03359288823744,51.424673235058926,63.14060762000068
2019-04-22,8150,8421,8120,8336,9800,2283,0.018769092479449852,70.92659362315877,51.469664989867155,62.89613611543891
2019-04-23,8344,8753,8305,8637,10603,1819,0.035471815287137505,70.11779892315269,51.712459988870584,62.812424570148586
2019-04-24,8637,8691,8320,8405,1508,1649,-0.02722853343756964,71.80805894187795,51.41063106705752,62.85709101856946
2019-04-25,8413,8537,8320,8490,1238,2011,0.010062233462676956,71.76778985129731,51.35307651628172,62.828343502267415
2019-04-26,8351,8351,7624,7856,8655,2269,-0.0776114292710912,78.96295269689723,54.32278435702992,63.203296616801715
2019-04-29,7879,8019,7841,7949,3421,2434,0.011768563538810837,78.93747349291151,54.27347619244337,63.09337141020721
2019-04-30,7949,8173,7872,8088,4094,2495,0.01733534712719476,78.96314002927927,54.30903188601918,63.09058334247114
2019-05-01,8119,8274,8119,8196,3557,2447,0.013264748658483101,61.0203038855356,54.20892213312428,62.841500256781714
2019-05-02,8173,8374,8165,8336,4551,2568,0.0169372546343577,55.34850167539012,54.21897338979919,62.87015620936034
2019-05-03,8336,8970,8281,8769,13229,2692,0.05063928978620751,52.33038284966413,54.61698346498509,63.04939692994025
2019-05-06,8869,8962,8606,8885,7075,2652,0.013141686809396156,51.28729176734329,54.58456341040826,63.035398010165935
2019-05-07,8815,9256,8792,9039,10086,2750,0.017184087209659298,50.19349010776881,52.674180876110555,63.06016078644987
2019-05-08,9101,9147,8722,9124,7023,2740,0.009359755605867631,50.186147059331134,52.61851705867434,63.039570661012824
2019-05-09,9132,9465,9047,9379,6973,2888,0.02756484310465995,49.54465265178144,52.720146511305686,62.894269334628575
2019-05-10,9472,9944,9449,9843,9795,2691,0.048287395120272775,44.13986120504556,53.158284628710305,63.06886215801455
2019-05-13,11057,12418,10624,12295,31433,2982,0.22243213302108164,86.59981402327563,68.58321913679724,66.89552225041204
2019-05-14,12596,12967,11800,12032,26372,2654,-0.021622908460671893,87.23007043188733,68.91630410027703,66.8305729460432
2019-05-15,12086,12836,12086,12720,13408,2740,0.05560579070449215,87.89448812377478,67.18600376556371,67.05613210708398
2019-05-16,12658,13060,11947,12179,19966,2788,-0.043462400807002616,90.87879449882902,68.13126560590467,67.19805273907092
2019-05-17,12279,12356,9774,11104,15465,2704,-0.0924077533405248,99.3284142424791,71.3027991532702,67.81502746583006
2019-05-20,12488,12960,11784,12140,15195,2805,0.08920038186690361,102.7446016950661,73.07984693607729,68.36512171428643
2019-05-21,12472,12588,12124,12449,7778,2798,0.025134512768296775,102.5874796730192,73.12688390609947,67.98931237944085
2019-05-22,12418,12488,11923,12295,10834,2710,-0.012447622731493038,101.8493522128584,73.13348741188773,67.989809660956
2019-05-23,11885,12210,11575,12078,10992,2716,-0.017807059782446445,102.65166283148656,73.14399972429491,67.97925492724396
2019-05-24,12078,12654,12047,12439,427,1316,0.02945108234211826,96.3168672713847,73.20474303462464,68.03787617471171
2019-05-28,13307,13930,13215,13484,2145,1996,0.08066709914398665,98.33715659273223,74.51074143819436,68.46635458930268
2019-05-29,13538,13553,13000,13453,1876,2592,-0.0023016678684084566,98.82368282130606,73.90387900791733,68.40396802070761
2019-05-30,13400,14106,12939,13338,3303,3315,-0.008585025293291283,99.48289947067197,73.87698454893624,68.39419743307161
2019-05-31,12785,13238,12516,13115,8559,3557,-0.016860490891277485,100.53467029044202,74.09881245551195,68.41371996083772
2019-06-03,13415,13622,12885,13277,4641,3531,0.012276601594927909,100.03957650317932,74.09070135054927,68.40509636778968
2019-06-04,13154,13161,11548,11717,11780,3394,-0.12499243622774645,112.65239947609686,79.32333149310726,69.55172003585824
2019-06-05,11563,12247,11425,12040,2851,3383,0.02719366119465651,112.74787266172386,79.2112591425796,69.5709811774419
2019-06-06,11901,12163,11463,11694,4391,3139,-0.02915855012719617,113.79741307816093,79.63648059847465,69.6308198738188
2019-06-07,11932,12562,11894,12309,2925,3319,0.05125481237467997,114.52427096459247,80.01574091992674,68.64815161978714
2019-06-10,11794,12470,11548,12309,3256,3171,0.0,113.86484058947528,80.01574091992674,68.53666431247979
2019-06-11,12262,12424,11863,12170,2537,3084,-0.011356795128722962,82.16446305401247,80.15998849216408,68.4458450770461
2019-06-12,12186,12816,12032,12593,3930,3240,0.03416719702427363,82.64829826868964,80.28846951594753,68.29901137775217
2019-06-13,12570,12800,12401,12731,2079,3278,0.010898860055799025,80.31292334563311,80.28597639733609,68.2841984628857
2019-06-14,12854,13085,12624,12969,2084,3164,0.018521930274096172,78.86024675830559,80.27699752215149,68.26484579542654
2019-06-17,13930,14590,13914,14414,6926,3495,0.10563806214864482,78.36625809797279,82.35369944567334,69.06348265697618
2019-06-18,14391,14713,13807,14007,6733,3263,-0.028642751845339647,74.23240325390883,82.79811001191972,69.13036425108564
2019-06-19,13861,14222,13807,14153,2222,3259,0.010369411094792239,73.9424775208787,82.5368417906745,69.13269741096504
2019-06-20,14322,14913,14229,14790,5347,3516,0.044024660971006664,74.74467744428826,82.73130345388986,68.71274475214602
2019-06-21,14775,15459,14690,15336,6905,3572,0.03625172902063487,74.61342612749637,82.82077624668169,68.78221106826324
2019-06-24,15336,15868,15014,15560,1048,1662,0.014500513006902088,74.33629126720093,82.76095135040596,68.77277524679964
2019-06-25,15574,16442,15574,16288,1563,2371,0.04572512161786673,70.96325214597299,82.99398169911277,68.90691125992056
2019-06-26,16638,19836,16540,19801,3776,3061,0.19530380110754533,96.64380866478322,90.77022910164439,71.5590561587949
2019-06-27,17849,18997,14797,15532,4871,3900,-0.24283002960623662,134.1195889244994,101.80411559791438,75.61984036498175
2019-06-28,15147,17737,15147,17625,9323,4177,0.12641593682891142,140.15856220592775,103.66830328650012,75.69359587070093
2019-07-01,16106,16106,14209,14524,9774,4222,-0.19351589514624298,158.48389845351764,110.98863825300147,78.20535886232595
2019-07-02,14958,15567,13726,15385,6869,4268,0.05759055522191573,151.81061332813158,111.2788543968799,78.39431667073558
2019-07-03,15245,16470,15196,15917,6772,4103,0.03399471167371231,151.9104422936133,111.24901396784826,78.45683705731402
2019-07-05,16078,17121,15273,15798,8761,4072,-0.00750437070548998,151.28847400864998,111.29972331095553,78.44272571422462
2019-07-08,16281,17534,16099,17422,3934,4287,0.0978504256544729,153.65344607587716,112.59541220303757,78.83880532530179
2019-07-09,17541,18360,17261,17863,6427,4406,0.02499775907004725,153.5348043730377,111.46610888174145,78.86802616842928
2019-07-10,17954,18871,16463,17177,10622,4147,-0.039160254811859065,154.5685103881121,111.94958649147087,78.92308276136947
2019-07-11,16981,17338,15462,16421,9616,4067,-0.045010276145187975,155.9666472674074,112.47876996137553,79.06804392619405
2019-07-12,15966,16806,15672,16421,3357,4003,0.0,156.03659823097988,112.38793119437041,78.68727643650476
2019-07-15,15322,15455,13880,15273,7597,3972,-0.07247443992139163,158.9051350012344,113.70831922338654,78.54016563664209
2019-07-16,15175,15616,13243,13621,8513,3853,-0.11447384412310412,160.20264459589967,116.56064666487931,79.39113238048665
2019-07-17,13572,14034,12732,13712,8039,3861,0.00665864239021935,159.93807045859657,116.54148248672777,79.39058401465282
2019-07-18,13754,15154,13082,14769,8514,3760,0.07425902758874925,162.1365999396922,117.19706000470175,79.71377202201776
2019-07-19,14888,15182,14181,14643,4699,3565,-0.00856798387105306,161.4073297410841,117.01332988149996,79.55404582014604
2019-07-22,14881,15007,14097,14202,5223,3153,-0.030579605813218304,161.13216673623967,117.29740494476846,79.3455110115015
2019-07-23,14405,14517,13803,14209,3685,2563,0.0004927668960363313,160.9973483634664,115.93041600296226,79.32789836543611
2019-07-24,14209,14209,13280,13452,1309,1391,-0.0547477727779151,160.78681608880007,116.68306232542965,79.51118548427645
2019-07-25,13665,14243,13624,13693,2071,2030,0.0177569594720735,142.04101487665423,116.6844165149265,79.52661002166715
2019-07-26,13720,13844,13410,13796,2604,2536,0.007493941724497866,114.76648525294651,116.68092600537632,79.51882888956841
2019-07-29,13183,13562,12660,13121,3073,2535,-0.05016469495101583,104.40865530628454,117.2868826909923,79.54021087079452
2019-07-30,13169,13672,13039,13403,2380,2766,0.02126456237278103,80.80244589286586,116.98015239031012,79.52722529369923
2019-07-31,13390,14174,13335,13927,2198,2929,0.03835083957459523,79.12812906287124,117.14999036584175,79.61525674198262
2019-08-01,13989,14684,13789,14388,1880,3088,0.03256512376242258,79.03631528970122,117.24671483273433,79.64724245255486
2019-08-02,14588,14966,14443,14594,2699,3036,0.014215959510050872,79.32237659919176,117.25379081760036,79.39366006364509
2019-08-05,15242,16701,15242,16398,4071,3128,0.11654889083055753,82.7108961131817,119.29391450652393,80.22440436996277
2019-08-06,16419,17217,16109,16288,3814,3025,-0.006730735805873699,82.04909583653131,119.05876913956514,79.57912026526827
2019-08-07,15971,16976,15593,16364,5017,3087,0.004655159699039865,81.07060635219703,110.38616365695187,79.55891888085411
2019-08-08,16625,16804,15971,16095,2431,3019,-0.016575135316380673,79.70636539923898,110.33946209574216,79.57044650550374
2019-08-09,16322,16846,16240,16446,3517,3184,0.02157362179793229,80.10920929557186,109.89032220325863,79.54495261336947
2019-08-12,16074,16102,15613,15916,1834,3212,-0.032757393984021534,76.49764529936444,109.71342568823287,79.57510983526943
2019-08-13,15840,15930,14870,15069,4145,3065,-0.0546852391286648,66.7388584082305,108.55714719755343,79.64627885091275
2019-08-14,15049,15083,13865,13989,6021,2966,-0.0743683469417239,72.43456253604273,108.31940051060691,80.01416109030863
2019-08-15,14099,14374,13080,13947,7407,2790,-0.003006875117736102,67.0632991615031,108.22020110997434,80.00938980629047
2019-08-16,14319,14581,13445,14477,5247,2742,0.03729675179534916,68.5064371045435,108.41863121958299,80.083649556658
2019-08-19,14381,14994,14188,14794,2653,2765,0.02166050999376951,67.97893835479464,108.40113820154905,80.10793921059187
2019-08-20,14822,15166,14581,14835,2558,2772,0.0027675605771092663,67.97685832019175,108.26488806799084,80.10640659371626
2019-08-21,14890,14994,13562,13927,5034,2542,-0.06315985167183023,68.96915701804443,107.86603733892468,80.37245967427206
2019-08-22,13823,14119,13445,14023,3956,2479,0.006869436673558931,68.74160530665024,107.87209703877765,80.31187983441505
2019-08-23,14051,14505,13837,14402,3319,2576,0.026668247082161273,69.30939662557303,107.98449128197478,80.33437315744288
2019-08-26,14402,15495,14402,14959,777,1409,0.03794603956564881,67.52244334999878,108.17523861047374,80.25158270445817
2019-08-27,14930,15052,14523,14716,995,1831,-0.016377788149795937,67.75646323749507,108.22053462793,80.26006432587457
2019-08-28,14709,14930,13759,13923,2059,2532,-0.05539318831537953,69.71910603168396,105.64944098306096,80.41069399904512
2019-08-29,14023,14044,13430,13673,1611,2914,-0.018119063600203895,68.89422163751996,105.612065795913,80.36423212809373
2019-08-30,13702,13973,13459,13787,2856,3114,0.008303033862547377,68.73517454135059,105.41705675241701,80.26046032638604
2019-09-03,13994,15609,13994,15430,7222,3768,0.11258754718557754,67.83099099200152,107.35412349828609,80.77417333484922
2019-09-04,15487,15666,14959,15480,3701,3682,0.0032352017865115157,67.85135868274926,107.35132294265269,80.44464514328428
2019-09-05,15416,15445,15045,15180,3606,3482,-0.019570096194097223,68.05504683928334,107.4140968522389,80.46975515702414
2019-09-06,15195,15902,14616,14945,6764,3612,-0.015601976231582633,68.03160560091507,107.29501447328431,80.45938562478658
2019-09-09,14987,15173,14452,14816,3966,3477,-0.008669117832077577,67.38498953446278,107.30729010117753,80.46293130527923
2019-09-10,14802,14937,14209,14373,3400,3294,-0.030356231334728784,67.26011300835304,107.4635494325024,80.52487949739236
2019-09-11,14494,14780,14144,14466,3528,3197,0.006449621857994227,64.735673599517,105.26663521813985,80.49873961693463
2019-09-12,14516,14959,14409,14873,3099,3513,0.027746420183371853,59.54357008180664,105.2442541747597,80.53175444257845
2019-09-13,14973,15087,14580,14666,2876,3310,-0.014015598938853055,59.820018354011594,105.27017656588349,80.40161778754779
2019-09-16,14766,14902,14437,14480,2313,3232,-0.012763502714037424,58.58584181108466,104.91219319214649,80.4135443895373
2019-09-17,14723,14866,14552,14723,1583,3182,0.01664250992570119,58.366559534844306,104.69671336947057,80.41504503953585
2019-09-18,14644,14730,14459,14580,1581,3236,-0.009760170302759405,58.45026831382969,104.66452016863465,80.42332017774748
2019-09-19,14737,14930,13723,14509,4344,3015,-0.004881580046964001,53.67852109235153,104.21069051863827,80.26872179434825
2019-09-20,14509,14794,14423,14544,2400,3014,0.0024093909015750104,53.648715251306335,95.77411996707227,80.25938075126547
2019-09-23,14466,14466,13844,14009,4645,2338,-0.03747855722114617,54.53353489448255,82.30615165505306,80.2459443210087
2019-09-24,14009,14203,11571,12125,2747,1255,-0.14443054339043,72.54068347330777,83.01015066216449,81.55490319933864
2019-09-25,12506,12678,11880,12089,1667,1462,-0.0029734886036920467,72.55272669287301,73.2611678656265,81.51740370346299
2019-09-26,12427,12484,11168,11765,3517,1958,-0.027166926040529043,70.87418859230074,72.3173745718103,81.56565161504619
2019-09-27,11693,11765,11377,11556,3497,2012,-0.01792423957533696,70.87068633056757,71.91951714858286,81.56126329178876
2019-09-30,11636,12103,11089,11988,4976,2142,0.03670136685042796,72.4580948888942,72.43137670777587,81.63893072794191
2019-10-01,12024,12312,11844,11974,3539,2142,-0.0011685169512565025,57.204489285987236,69.22082972205278,81.62675924284335
2019-10-02,11981,12081,11772,11894,1861,2147,-0.006703561218758415,56.945976744089855,68.91380122963795,81.60777850131106
2019-10-03,11916,12132,11614,11736,2581,2289,-0.013373030443721302,56.8961487326474,68.5981697021679,81.61902893173014
2019-10-04,11743,11952,11535,11830,1994,2180,0.007977637149614783,57.359513670942995,68.18088783004944,81.60948354020312
2019-10-07,11362,12010,11139,11873,5782,2144,0.003628236693359847,57.6108694612554,68.19736271557665,81.6055524044981
2019-10-08,11880,12031,11643,11751,2275,2126,-0.010328571331851194,57.15857391267476,66.76102654548743,81.61030076527823
2019-10-09,11772,12628,11686,12434,4716,2560,0.05649631249534176,61.66041517613803,63.84871872048351,81.59433804944595
2019-10-10,12376,12470,12146,12362,2716,2457,-0.005807404610064165,60.245687814596515,63.83162824177371,81.59746762207266
2019-10-11,12362,12729,11916,12017,4134,2205,-0.028304937307918922,60.60815988119788,62.05274329265569,81.59006186629377
2019-10-14,11873,12132,11823,12017,1774,2184,0.0,60.69913644037781,62.0473256904662,81.58932540109338
2019-10-15,11995,12132,11628,11751,2752,2206,-0.022383970577358792,60.06243659189663,61.91598340612357,81.62315883392708
2019-10-16,11722,11787,11362,11434,3685,2472,-0.02734697051002436,60.32749830672242,62.108456682719314,81.670715483543
2019-10-17,11470,11722,11413,11592,2582,1955,0.013723832176601706,60.982867137295514,61.28073352789808,81.68055856957015
2019-10-18,11600,11693,11226,11449,3414,1850,-0.012412815076705936,60.77000546782,61.16699939687666,81.69140538800703
2019-10-21,11873,12053,11736,11801,3642,1567,0.030281883701936296,61.74875468001879,61.51103009842143,81.7447261694669
2019-10-22,11837,11981,11600,11743,2446,1321,-0.004926955260667606,35.180946101142666,60.710480895879115,81.74513091118126
2019-10-23,11621,11664,10420,10751,5767,1442,-0.08825854487985303,46.74637755427105,63.03424003189746,82.23394515908072
2019-10-24,10751,10881,10650,10830,1547,1673,0.00732128750980814,46.262424396271626,62.4688649319752,82.23616658344326
2019-10-25,10751,12830,10679,12585,8600,1711,0.15018556757437987,71.31914853216048,69.66153327410662,83.55784345998501
2019-10-28,14007,14513,13473,13762,6474,1707,0.08940554219300882,76.74562004583075,72.08201297038826,84.0244369922754
2019-10-29,13841,13942,13220,13451,3035,1835,-0.0228577180538436,77.43116757632312,67.91512891246317,84.05811133394302
2019-10-30,13776,13812,13083,13386,3553,1964,-0.004844068047994085,77.39409635648722,67.91216091924798,84.06040511446325
2019-10-31,13321,13733,12997,13437,2086,1966,0.0038027112148222987,77.06599310202094,67.90813642429687,84.06007084935261
2019-11-01,13329,13516,13170,13336,2641,1912,-0.007544950444779793,77.23046339552937,67.85784834459139,84.06312712090701
2019-11-04,13386,14137,13242,13812,3453,2294,0.035070634079253114,77.90636022541999,68.1236064041638,84.13050106549755
2019-11-05,13690,13834,12072,13603,2875,2084,-0.015247422876452999,78.07557236481813,67.89003446859738,84.13690983183302
2019-11-06,13581,13740,13466,13516,1366,2026,-0.006416187799249486,75.98544830499394,67.02402181455828,84.12329936421592
2019-11-07,13610,13661,13177,13314,3323,2001,-0.015058055673531653,76.21718125225595,65.36329248122125,84.12912357485189
2019-11-08,13372,13437,12534,12773,5487,1801,-0.041482545117872124,77.0898559253152,65.89165004643024,84.23919956936712
2019-11-11,13141,13191,12397,12636,3623,1698,-0.010783685120800982,77.2413382587592,65.4186316275135,84.2444628439875
2019-11-12,12614,12874,12354,12758,3545,1666,0.00960864287992491,76.70668388339898,65.27682718728128,82.6973446970841
2019-11-13,12729,12823,12607,12686,2121,1684,-0.005659502608058197,75.9091878762603,65.27080577924364,82.69572369105266
2019-11-14,12715,12751,12404,12527,2337,1742,-0.012612708349650548,76.09217678244809,64.07909968500303,82.70813972366564
2019-11-15,12534,12737,12065,12282,4095,1562,-0.019751538954847384,76.3447420002208,64.15807460346353,81.8255819930739
2019-11-18,12347,12368,11560,11849,4004,1648,-0.03589130007260456,76.87882097501405,64.23635762800582,80.80446903147686
2019-11-19,11841,11863,11560,11711,3007,1556,-0.011714904774602668,76.97659132753999,63.67981554496621,80.75222384844703
2019-11-20,11762,11950,11617,11711,3885,1543,0.0,69.59733923144748,63.63315996816276,80.60051536938899
2019-11-21,11711,11755,10628,10946,5630,1506,-0.0675544783382738,74.09263418333221,64.10134100475513,80.27812329447738
2019-11-22,11004,11170,9784,10585,9941,1367,-0.033536188134897955,49.491494638652924,64.32376680185068,80.32610210328589
2019-11-25,10585,11119,9825,10818,1227,1809,0.021773508862406844,35.58845785710299,64.49520663156981,79.02563441534454
2019-11-26,10863,11082,10593,10720,721,1974,-0.00910025780657932,35.36792562039135,59.74276636708278,78.98309231470151
2019-11-27,10788,11653,10299,11473,2970,2131,0.06788529317434995,45.19772373810742,61.61276162995851,79.00665103577099
2019-11-29,11345,11932,11082,11736,4898,2414,0.022664592023674716,46.317025150936956,61.79366580367681,78.94702356234211
2019-12-02,11232,11367,10826,11036,4334,2558,-0.06149838448564098,50.231219655557226,62.859246689072144,79.20668570760044
2019-12-03,11089,11202,10924,11044,1711,2536,0.0007246377128682905,47.60311901206377,62.86564872421583,79.11265962019193
2019-12-04,11036,11984,10660,10863,8673,2563,-0.01652477461629415,47.61974225086818,62.690061575602876,79.0731728891155
2019-12-05,10916,11322,10803,11164,4442,2450,0.027331796222461836,49.54175043374832,62.993553911018076,78.5911721823668
2019-12-06,11187,11518,11036,11224,3514,2495,0.005360027126084106,49.770778213679456,62.67310093334393,78.56716886587823
2019-12-09,11390,11593,10969,11014,3527,2606,-0.01888715195987012,48.414872357112166,62.71199640069521,78.5737043698382
2019-12-10,11051,11149,10781,10856,3362,2699,-0.014449268307721756,48.4662241367956,62.72212171581906,78.54797357878891
2019-12-11,10908,10969,10728,10796,2979,2636,-0.005542227376809772,48.04967041734788,62.56275267275474,78.28261338359805
2019-12-12,10848,11089,10638,10931,4522,2562,0.012427094155940241,48.60959449110242,62.65839796217496,78.2467854661421
2019-12-13,10856,11036,10833,10931,3653,2496,0.0,48.63791365415775,62.666115260519064,77.42703639492949
2019-12-16,10713,10751,10216,10322,7720,2524,-0.05732524958516306,51.69600630787679,63.565170244914334,77.65205284247634
2019-12-17,10352,10442,9870,9900,5979,2833,-0.041742782585991116,52.1441102631377,63.66211557187555,77.5950642211166
2019-12-18,9893,10886,9660,10735,11821,2113,0.08097467419020014,61.10981543846024,59.30588346635114,77.86420269705197
2019-12-19,10954,11194,10615,10781,4596,2048,0.004275894226236617,61.16901382575944,59.31956150002261,77.81101278388087
2019-12-20,10773,10886,10660,10878,2478,1977,0.00895707544378816,56.49916735247834,59.12422852787088,77.76408209107781
2019-12-23,11164,11608,10969,11149,7852,1680,0.024607406784665404,55.72868636690195,59.25600346007251,77.37036866451876
2019-12-24,11149,11331,11005,11028,640,1302,-0.010912314623884091,55.44385543819407,58.777403261868876,77.14339946990094
2019-12-26,11013,11354,10937,11066,1202,1767,0.003439851314367768,55.320575574541905,58.78573577840969,76.66988455232966
2019-12-27,10982,11089,10732,11013,4441,1985,-0.004800951293111111,49.47514163316681,58.7795786647427,76.42459908260044
2019-12-30,11286,11339,10982,11043,3115,2140,0.002720349882186909,48.653656447405154,58.73070216949811,76.28858064802316
2019-12-31,11058,11142,10854,10929,2953,2214,-0.010376936370457343,43.63230080456815,58.731133184426085,76.27039608782374
2020-01-02,10952,10952,10460,10520,4754,2643,-0.038141599384972615,45.62475334696824,59.20276270790801,76.37791275907388
2020-01-03,10550,11369,10399,11195,8657,2655,0.06218904274115428,50.67553114691958,60.61638198915743,76.37831250833186
2020-01-06,11270,11649,11195,11543,6104,2996,0.03061194258205706,50.910086202727335,59.797811801217215,76.42953438095157
2020-01-07,11710,12582,11710,12551,11526,3885,0.08372115104553389,58.670719783558276,62.26947044926491,76.8606012595456
2020-01-08,12377,13029,11998,12294,16332,3578,-0.020689005193491452,58.773806914782355,62.139712472093876,76.17309250725965
2020-01-09,12309,12385,11824,11953,10399,3400,-0.02812904558897385,59.584562987697986,62.413850535241224,76.23708932229076
2020-01-10,11907,12460,11672,12332,13111,3622,0.031215217128060104,60.16303080596169,62.56251836143446,76.28876110862676
2020-01-13,12483,12582,12279,12430,3206,3407,0.007915395498715777,60.12688592453328,62.301640673975136,76.206829181983
2020-01-14,12377,13575,12354,13264,13502,3683,0.06494069287031944,63.528995284534794,63.605194430837166,76.45524180084075
2020-01-15,13355,13635,13090,13461,7019,3471,0.014743017269016922,58.39140309567726,63.58135905532622,76.45827676234886
2020-01-16,13529,13575,13059,13324,5818,3264,-0.01022969533052276,55.45058506598679,63.37240540094151,76.46552058297408
2020-01-17,13287,13772,13218,13529,6895,3344,0.015268609289790078,49.661456776270406,63.41294755927738,76.47255440833169
2020-01-21,13218,13378,12908,13264,7456,3156,-0.01978193122828402,50.84989009644963,60.72946825223893,76.49134230098318
2020-01-22,13302,13438,13036,13158,4717,3003,-0.008023659729132973,51.267704233966526,60.76964795792672,76.50048868099002
2020-01-23,13135,13196,12567,12688,13847,2387,-0.03637327377131395,53.411448234949155,53.037752718012996,76.60228200849215
2020-01-24,12688,12883,12515,12823,575,932,0.010583768584486649,53.02749865789826,49.72794690048319,76.49998291671822
2020-01-27,12905,13641,12905,13618,587,1083,0.060152013583796154,56.173678442401666,51.07389316509171,76.70579876281806
2020-01-28,13513,13971,13483,13768,1182,1452,0.010954611848463462,55.88676972827863,51.10979046986021,76.70497558285308
2020-01-29,13941,14414,13888,14294,1328,1778,0.037492809888548785,56.54911115777076,51.66697155082317,76.7736850393741
2020-01-30,14241,14601,13993,14601,2737,2470,0.021250150721639913,55.933320606377634,51.799680565214764,76.79144276808911
2020-01-31,14579,14624,14008,14166,9428,2632,-0.030245292187996063,55.010582083471206,51.721713229892885,76.85855560074843
2020-02-03,14248,14691,13911,14121,8918,2660,-0.00318167624431593,52.385255855795755,51.62460466587896,76.86159672497237
2020-02-04,14038,14166,13701,13888,8189,2858,-0.016637893169120593,52.79535774235702,51.7265352474414,76.85858644682595
2020-02-05,13873,14924,13843,14751,14307,3619,0.06028571917991767,48.92423250498784,53.04928730885188,77.06371804849894
2020-02-06,14706,15021,14534,14849,12014,3650,0.006621645816012466,47.74071040459897,52.287036047147026,76.69598343748166
2020-02-07,14714,15051,14616,14774,8523,3538,-0.005063643807378455,46.003696144418704,52.23803865813386,76.69836406987145
2020-02-10,15306,15547,14271,14909,6779,3485,0.009096178339716038,45.35411224739113,52.2352096851168,76.69889284505462
2020-02-11,14901,15862,14691,15614,15832,4123,0.046202890251837214,47.17761488420945,52.96137500724658,76.80230343471031
2020-02-12,15494,15937,15479,15794,13010,3945,0.011462173377289933,42.73872306942738,52.8790458409058,76.80332232025644
2020-02-13,15764,16012,15246,15464,16242,3908,-0.021115379169359436,43.94776325269845,52.90579114817856,76.84481482518815
2020-02-14,15464,15959,15321,15749,8771,4180,0.018262129286413895,43.63434387176731,52.32969246953489,76.26547239996445
2020-02-18,14976,15554,14263,15381,20878,4060,-0.023643889722770397,44.982630857911495,52.54658369925054,76.31493241375114
2020-02-19,15426,15824,13873,15344,9019,4023,-0.002408463328590772,44.05382555749403,52.557795309826126,76.30433279953125
2020-02-20,14609,14609,14113,14429,3918,3672,-0.06148444782596375,50.178967566150114,52.21595190485133,76.58444257286746
2020-02-21,14481,14751,14406,14616,2125,3665,0.012876748760586894,47.83439098583357,51.63101529435542,76.58404451769947
2020-02-24,14616,14923,14076,14229,1636,2775,-0.026834683512151253,49.29198497633447,51.93186377531285,76.62920747450424
2020-02-25,14331,14382,13704,13777,1538,3296,-0.0322816005010924,46.46407555884691,52.40757855886052,76.68553226864464
2020-02-26,13886,13915,12711,12973,2011,3579,-0.06013026047358657,50.98997601493047,52.32793125543693,76.92986496164266
2020-02-27,12849,13222,12521,13061,2186,3952,0.006760416006508854,48.87832915029892,52.16154013516815,76.92926827246978
2020-02-28,12930,13090,12382,12703,3889,3901,-0.027792504554060453,48.54913826982447,50.85604629158198,76.89821187488408
2020-03-02,12623,13185,12470,13105,2157,3932,0.031155650734046098,49.526089422476176,51.19590099307205,76.86738353958847
2020-03-03,13127,13134,12762,12806,2956,3848,-0.023080025678759247,49.98970235173205,51.31934759880167,76.91239741961785
2020-03-04,12893,13010,12703,12791,1842,3788,-0.0011720124793543078,49.808656284371956,51.067862611459866,76.91203851448614
2020-03-05,12857,13506,12842,13426,3734,3769,0.048451326899303676,47.92059006927566,51.93552275348168,77.04671843239093
2020-03-06,13346,13506,13229,13382,1827,3731,-0.003282605155934562,47.73869239828372,51.75296313906497,77.02963325179725
2020-03-09,12068,12090,11156,11462,9510,3666,-0.15487330423107942,71.42359628532246,60.982165083203675,78.64915353328978
2020-03-10,11440,11937,11323,11674,5067,3175,0.018326930652053576,71.8708230519818,61.0705075796248,78.66442885850748
2020-03-11,11667,11718,11112,11469,3910,3078,-0.017716403399213817,68.47959277912514,61.14838942390462,78.69073870871648
2020-03-12,11448,11681,8170,8776,16034,3200,-0.26762702040945624,111.86198855697465,82.2535673546052,83.22831488218846
2020-03-13,8432,8666,6147,7783,15531,3366,-0.12007885499567801,116.3191709933597,84.96309806091662,84.10686217221779
2020-03-16,8542,8542,6410,7199,14879,3098,-0.07799974049008532,115.56304891436511,85.95726608579419,84.47584970351997
2020-03-17,7264,8067,7060,7856,6875,2877,0.08733544356499881,123.94725959575545,86.2394023407025,84.92269360553702
2020-03-18,7943,7994,7286,7797,8746,2635,-0.007538526724701881,123.78934947325287,86.21791939148623,84.91809845209592
2020-03-19,7856,9360,7702,9111,8961,2399,0.1557434304042586,140.2749998891972,92.2957476579245,86.32762716676288
2020-03-20,9162,10148,8272,9068,6787,1791,-0.004730742086438864,139.81641027563262,92.11721366524614,86.30748651013145
2020-03-23,8849,9710,8301,9199,8329,1535,0.01434304984973773,140.46306556785837,92.17513956020576,86.31659294230664
2020-03-24,9199,9788,9071,9568,1186,1408,0.03932941471325567,142.0460842460007,92.5751961406863,86.36718340139336
2020-03-25,9603,9993,9220,9447,907,1655,-0.012726966421278635,141.1854732134227,92.59813532705864,86.37923451282104
2020-03-26,9390,9710,9305,9497,1505,2225,0.0052787284738181365,141.15496567019957,92.60584627825246,86.3656779038444
2020-03-27,9589,9809,9383,9476,2372,2428,-0.0022136729642764016,141.1619396994779,92.59135090468355,86.35983171053745
2020-03-30,8575,9270,8277,9050,4341,2509,-0.045997528584704316,140.49623168001847,92.73484191582887,85.25002496556266
2020-03-31,9227,9447,8993,9185,2305,2576,0.01480696095525415,140.97567259817066,91.82688309018239,84.92865214493187
2020-04-01,9156,9171,8731,8809,2656,2906,-0.041797792539430396,141.12282977236637,91.88382725711539,84.80148942184775
2020-04-02,9078,10419,9050,9738,9591,3550,0.1002618316328506,145.51995730776613,92.62175443193361,85.31432396339741
2020-04-03,9773,10071,9398,9646,3943,3419,-0.009492436113729012,145.46433538969038,92.56517607914606,85.24205978130679
2020-04-06,9674,10461,9625,10398,10939,3564,0.07507015831474383,139.18984881873016,93.82578980543013,85.56821207256611
2020-04-07,10426,10660,10078,10398,7749,3609,0.0,138.93652410530916,93.56694590336717,85.49235876226817
2020-04-08,10206,10603,10156,10405,3066,3132,0.0006729798840737375,138.8804440524101,93.54314721822875,85.2346983841364
2020-04-09,10405,10518,10057,10341,2793,3052,-0.0061698836427597535,98.37420248597746,92.46737057276448,85.23730811902333
2020-04-13,10156,10156,9298,9660,5395,3148,-0.06812292797841135,90.82734201891009,93.29998839034448,85.512082799041
2020-04-14,9724,9944,9625,9859,2232,3339,0.020391095368477566,84.56765457756771,93.44503919707371,85.45614712052893
2020-04-15,9781,9859,9483,9561,2144,3293,-0.0306924194895952,81.63846805003868,93.49353784989648,85.51254580233157
2020-04-16,9554,10220,9171,10078,6364,3640,0.052662506155097204,82.73011583945737,94.20642592030778,85.66527665868642
2020-04-17,10078,10263,9944,10043,1863,3600,-0.0034789558472043416,63.26579193633572,94.20393088915037,85.64725615435191
2020-04-20,10213,10291,9596,9639,4302,3445,-0.04105850560937091,65.27907025030247,94.27649847922704,85.67786596201475
2020-04-21,9752,9873,9617,9773,2879,3071,0.013806112554867503,65.26703103923151,94.30094645375546,85.64280286820053
2020-04-22,9816,10206,9688,10093,3504,2699,0.03221863290002364,64.78950990156434,93.65417647112233,85.69644149604389
2020-04-23,10093,11071,9993,10695,8039,1159,0.057934228277646556,67.3660487340608,94.48704075543661,85.52336143217356
2020-04-24,10695,10723,10383,10563,2367,3594,-0.012419013693343821,67.6904167891903,94.09902540204695,85.52768575128749
2020-04-27,10661,10995,10633,10821,2872,3783,0.02413136174848657,67.94705755369088,94.13525487059684,85.54343200798658
2020-04-28,10911,10953,10758,10821,1762,3953,0.0,65.12434816818566,93.99268222462423,85.53480894338885
2020-04-29,10848,12608,10821,12274,9729,4496,0.12599451337739362,77.2789070063544,97.723516599261,86.43508729161589
2020-04-30,12434,13296,11794,12420,10524,4291,0.011824872538427388,74.38820586739918,97.71969279681785,86.29972174879899
2020-05-01,12309,12719,12038,12295,5127,5225,-0.010115400837176863,68.08839502600509,96.86873696163599,86.29926541185304
2020-05-04,12469,12601,11961,12427,3992,5063,0.010678849155701664,67.6322979238281,96.88957878754343,86.28961810500748
2020-05-05,12594,12830,12288,12497,4675,5084,0.005617090679789041,63.49985869360947,96.90443451055607,86.28688659051582
2020-05-06,12566,13234,12490,12990,6330,5777,0.03869121517886163,64.23781247111616,97.24867424815218,86.32843746372951
2020-05-07,13032,14068,12664,13922,12108,6492,0.06929049206396658,67.30115443422932,97.85368649584643,86.46976305820327
2020-05-08,13922,14214,13658,13950,6747,6234,0.002009185520899971,67.02910195157799,97.8176751278957,83.54974498693046
2020-05-11,12267,12900,11433,12232,19225,5633,-0.13142403964061344,79.95627702984112,101.28586041273478,84.56516098293892
2020-05-12,12072,12587,11906,12337,6912,6322,0.008547408462566448,79.89805845203651,101.21458055121082,84.38415982923988
2020-05-13,12302,13116,12281,12893,5001,6873,0.044081651339372904,79.10146498530608,101.60605347472283,84.38685633991916
2020-05-14,13074,14006,13011,13526,8874,6981,0.04792923072404763,78.81950085363638,102.13962162303656,84.00312534799599
2020-05-15,13707,13811,12754,13067,7857,6671,-0.03452379114573914,80.52180739080174,101.61824770879484,83.60274314241815
2020-05-18,13623,13957,13234,13554,7691,6689,0.03659173870691208,78.2731907852,101.87896145282282,83.64509794973611
2020-05-19,13554,13846,13220,13463,6700,6668,-0.006736524716823459,78.72422774168191,101.74662273216532,83.63822656151335
2020-05-20,13568,13762,12976,13310,6276,6364,-0.011429549590077456,79.0566723958611,101.56169591769677,83.62665486300347
2020-05-21,13331,13366,12260,12622,8797,5236,-0.053074309244972494,80.647606589849,101.3951294776247,83.74676547285522
2020-05-22,12823,13032,12580,12872,595,3467,0.019613086528034198,80.35803402303216,101.46839232379492,83.37553173090515
2020-05-26,12684,12698,12093,12316,2493,3987,-0.04415517962782819,82.38263338286855,101.71326020917904,83.49208983010213
2020-05-27,12399,12983,12337,12865,2554,5140,0.04361121567145354,83.37678650464531,101.91075270586116,83.6043932231581
2020-05-28,12719,13415,12698,13296,3729,6869,0.03295279237938479,71.73800474854298,102.02288553833002,83.65316742367597
2020-05-29,13262,13519,13074,13171,3864,6995,-0.009445795096182867,71.82752137473571,102.04320150626678,83.64947756362534
2020-06-01,13255,13595,13164,13422,3656,7233,0.018877708719138065,71.86610329865215,101.62863145334266,82.71628478095539
2020-06-02,13554,14694,12983,13324,14048,7115,-0.0073282314046143405,71.94115806552014,101.63758594287935,82.67632485610204
2020-06-03,13324,13533,13164,13428,3179,7202,0.00777515878635517,71.95371914030893,96.38713116033792,82.62580483132675
2020-06-04,13442,13887,13262,13762,4328,7472,0.02456909166249965,71.21084548823411,96.43900213132639,82.50342774974474
2020-06-05,13721,13839,13456,13630,4508,7617,-0.009637925071846822,66.82544659623893,96.37999585609587,82.50962965916224
2020-06-08,13644,13769,13519,13602,3757,7699,-0.0020564049549943214,66.81626419025022,78.1959344804187,82.50149218543858
2020-06-09,13394,13887,13380,13637,4291,7599,0.002569846122249992,45.82870431342227,73.56494606626207,82.43174507082462
2020-06-10,13776,14089,13519,13818,7010,8025,0.013185403190906322,45.899975668286466,71.27860990649026,82.43503485270939
2020-06-11,13832,13992,12643,12935,10869,6831,-0.06603527442861071,50.12586931463565,71.18103284881654,82.68292717116333
2020-06-12,13046,13366,12886,13164,3848,6664,0.01754901544310104,47.37041386183701,71.12810244498074,82.01409557420757
2020-06-15,13032,13248,12420,13129,5850,6321,-0.0026623071291202345,45.73341664555391,64.21640441197857,81.96489601940269
2020-06-16,13178,13394,13095,13255,3436,6334,0.009551315789015524,43.850952596323985,64.1803181835197,81.96386356581826
2020-06-17,13269,13352,12872,12969,3206,5843,-0.02181294538738448,44.43001220663915,64.41474942142979,81.87032542960537
2020-06-18,13109,13234,12963,13088,2135,5853,0.009133885506786798,44.4427323245104,64.03806014587845,81.79227382975071
2020-06-19,13053,13164,12858,12956,3481,5821,-0.010136778551308345,40.15631799387457,64.00924664162827,81.78353897738899
2020-06-22,13004,13491,12907,13331,5062,5708,0.02853314882245704,40.81511022983348,64.1866376391573,81.7028768414551
2020-06-23,13526,13568,13352,13435,3811,4605,0.007771091935914654,37.05781988686702,64.16699154071121,79.28098402153803
2020-06-24,13435,13456,12760,12912,2600,4034,-0.03970613053986161,37.15095615546587,63.962626467227004,75.56037350852763
2020-06-25,12871,12933,12519,12864,2169,4756,-0.0037243990909824397,35.083664044260324,63.96544157861497,74.46571623743901
2020-06-26,13002,13002,12492,12699,4195,4958,-0.012909462229714171,35.207049683127124,63.321615193052985,71.91048338530275
2020-06-29,12637,12726,12464,12671,2742,5032,-0.0022073323901251607,34.34767705521279,60.21927301268325,71.67151280794009
2020-06-30,12747,12802,12533,12650,2856,5081,-0.0016587026432419826,34.309206845711216,60.1635243880358,71.58579653164469
2020-07-01,12671,12933,12588,12843,4789,5473,0.01514170065738955,34.70193322447377,58.38932836821069,71.60081781142168
2020-07-02,12781,12857,12327,12478,6562,5209,-0.028831822142324166,34.40866521686191,58.76134835664379,70.96066303340832
2020-07-06,12623,12995,12478,12884,6890,5320,0.03201913778035776,36.74534046257965,59.05783923769224,70.9905278683592
2020-07-07,12878,13022,12740,12795,2975,5166,-0.0069317618572002785,36.7727444941886,59.063407519711156,70.89028039604393
2020-07-08,12822,13181,12788,13098,5163,5835,0.023405077184109613,37.92145757136131,57.270913003859214,70.79487545393552
2020-07-09,13091,13146,12657,12747,5931,5136,-0.02716359699507763,38.476800865665595,57.5562112591954,70.84387603306882
2020-07-10,12774,12788,12595,12774,2296,4906,0.00211590533861324,30.737913873763002,57.09559042891698,70.47727341982731
2020-07-13,12795,12960,12726,12767,2844,5061,-0.0005481383011836247,29.98057250225714,56.2263075294851,69.53812139099345
2020-07-14,12774,12836,12581,12822,2869,5051,0.004298728726851859,30.047486009704862,56.20505303812475,69.5361490860639
2020-07-15,12802,12836,12623,12657,2330,5010,-0.012952023754754202,30.04298761510252,55.53225806373514,69.14031836982498
2020-07-16,12726,12760,12451,12595,3344,4768,-0.004910512005737787,29.174082427878844,55.53133834902653,69.13703688202673
2020-07-17,12575,12699,12526,12664,1674,4627,0.005463412774137576,29.025970153170093,55.2251872666162,69.07354947681253
2020-07-20,12671,12781,12609,12657,2432,4590,-0.0005529007683996766,28.853007427120925,54.06420183455981,69.07348352013209
2020-07-21,12678,13057,12637,12940,5408,5367,0.022112867262443162,28.055441003580324,54.11197488825121,68.8929687699886
2020-07-22,12967,12995,12802,12981,3117,5396,0.003163460838102949,27.900993845091048,53.93892165398021,68.87014498716727
2020-07-23,12981,13408,12981,13291,6653,5718,0.02360036452833836,25.40710351991932,54.09884548299063,68.90736188423998
2020-07-24,13291,13311,13106,13257,825,2836,-0.0025613996224831074,25.379048557454393,47.6948268560032,68.72317479276035
2020-07-27,13646,15343,13646,15138,7719,5196,0.1326824240702631,52.51897177809632,54.74574077963577,69.97049516207464
2020-07-28,15541,15959,14748,15343,4004,5821,0.013451205076093029,52.378252487023936,54.71214192831139,69.87872762402687
2020-07-29,15363,15808,15131,15630,3530,7079,0.01853280047031663,52.29459488915277,54.77862170092814,69.82751605626589
2020-07-30,15767,15842,15083,15555,3917,8837,-0.0048100140837849205,52.54257108935325,54.8057014111147,69.81535471234437
2020-07-31,15500,16109,15329,15883,9692,10075,0.020867224503417544,50.65132441761785,54.43943345568938,68.85667009047052
2020-08-03,15528,16034,15295,15897,5333,10112,0.0008810573257167279,50.2284732718392,52.677035756471334,68.85352355466486
2020-08-04,15815,15870,15220,15555,6915,9590,-0.021748281829134335,51.177145275483184,52.905436360601975,68.88610229513208
2020-08-05,15575,16383,15309,16212,11366,10430,0.04136957841646184,52.19919617551988,45.67610988174519,68.99229810060989
2020-08-06,16321,16533,16013,16472,4902,10475,0.01591026095942632,50.26240660809741,45.727529565427666,68.97674097782442
2020-08-07,16403,16533,15589,15835,10007,9372,-0.03943928973488516,53.496390586373145,45.86777375444243,69.01211540016845
2020-08-10,16143,16718,15931,16437,9860,10047,0.03731221123378532,54.121172009085846,45.477737687148675,68.89261317260633
2020-08-11,16424,16540,15309,15644,10291,8847,-0.04944743433112071,58.41146985489739,46.105664181047594,68.66413837286002
2020-08-12,15514,16068,15350,15959,6069,9257,0.019935476523781585,57.86552450512142,45.712018601925756,68.69108751789787
2020-08-13,15870,16089,15514,15856,5062,8965,-0.006474955829417193,57.927326064490714,45.70973821031142,68.59454603258351
2020-08-14,16095,16417,16061,16328,9980,9673,0.029333447919911576,58.21568482463577,45.93336893012756,68.62297512072094
2020-08-17,16348,17286,16287,17080,8883,10186,0.04502676285288024,59.08066257662337,45.17477209080822,68.76876981770512
2020-08-18,17060,17176,16212,16465,10621,8995,-0.03667127253209621,61.76389460250211,45.86666244470505,68.57150016000934
2020-08-19,16554,16622,15842,15993,10164,7625,-0.02908578931959396,63.417692718963494,45.28980398674241,68.63359101555871
2020-08-20,16061,16348,16020,16273,4860,7659,0.01735616616974362,63.28433466216746,44.63263717010134,68.60405550025607
2020-08-21,16588,16588,15870,16000,9663,6846,-0.01691857043869603,63.86845255631049,44.41658313756929,68.52197818051468
2020-08-24,16000,16222,15864,16121,2090,4686,0.00753404765408013,44.27270670047342,44.34823319830901,68.50524011324033
2020-08-25,16114,16168,15203,15446,2883,5187,-0.04277269974678936,46.95399283113251,45.21858047922788,68.41293751620022
2020-08-26,15412,15817,15385,15702,2732,5576,0.016438022628991664,46.8520881156092,45.26381294230446,68.40616432027748
2020-08-27,15689,15851,15129,15311,4740,6725,-0.02521656845310572,47.69558742790333,45.61062336912132,68.45050031548799
2020-08-28,15419,15797,15351,15702,7783,8015,0.02521656845310572,47.98165874846051,45.6243850781226,67.5577694670695
2020-08-31,15844,16087,15804,15979,4865,8266,0.017487267381187624,48.40858955152378,45.662476828844596,67.57967735666703
2020-09-01,15871,16472,15696,16303,8919,8739,0.02007377980026571,48.16274643965333,45.7901062122999,67.57994836513612
2020-09-02,16384,16438,15075,15473,17210,7528,-0.05225257044998167,49.54776123509793,47.17062182434615,67.76706831327246
2020-09-03,15446,15567,14123,14474,15412,6589,-0.06674263306359962,53.99792427409492,49.17042888005763,68.09349575959916
2020-09-04,14555,14562,13373,14339,15668,6348,-0.009370838711033835,52.599357897024376,47.21442962616335,68.03167417052177
2020-09-08,14076,14143,13353,13522,14549,5966,-0.05866510906441603,53.39560648577704,48.683589232755004,68.28275167581381
2020-09-09,13583,14022,13299,13934,5218,5947,0.03001390793944094,53.01082411225303,49.05361436496371,68.29254604362633
2020-09-10,13886,14265,13792,13927,7860,7063,-0.0005024945369722137,52.18545694081509,49.02194617707958,68.27847627007245
2020-09-11,14001,14069,13792,13961,4819,6472,0.0024383259355559963,52.28884765204159,48.795045370001326,68.26724013175033
2020-09-14,13927,14589,13866,14454,6525,7058,0.0347034648542785,52.8072621768892,49.2512301930741,68.33623890433289
2020-09-15,14514,14818,14373,14602,4052,6775,0.010187312773104784,49.689952420708835,49.219517079873,68.33696987034574
2020-09-16,14703,15054,14433,14872,7056,6894,0.018321744785248877,49.29024455262861,49.02845837230414,68.35987830165917
2020-09-17,14913,14953,14521,14784,7179,6430,-0.005934735519814578,48.473562110261796,49.0378989443468,68.36215722408353
2020-09-18,14818,14953,14602,14690,4499,6380,-0.0063785247135424465,47.81891186214876,48.30925370029107,68.26053233866008
2020-09-21,14697,14859,13859,14157,12875,5595,-0.036957788773425815,48.989583752002815,48.957620999469185,66.79317266543899
2020-09-22,14157,14211,13974,14170,4081,4946,0.0009178522902289597,48.80095634244446,48.86455699853039,66.79219663356244
2020-09-23,14238,14244,13691,13880,7721,3021,-0.02067809862393057,47.22455466361817,49.07585097926469,66.76803424838809
2020-09-24,13880,14531,13786,14411,4089,4417,0.037542848777566015,49.07371608689634,49.621993289706346,66.84397059841139
2020-09-25,14417,14639,14249,14545,6120,5264,0.009255488090940416,48.647718795220044,49.570919715885616,66.75186362754987
2020-09-28,14511,14888,14505,14726,4100,5611,0.01236734699936009,47.88222983688591,49.191418528439954,66.76171145815383
2020-09-29,14740,14767,14350,14531,4764,5270,-0.013330340607966331,47.36231207293105,48.91653381428266,66.77259117644783
2020-09-30,14578,14699,14411,14471,5671,5426,-0.004137651582703188,46.450226940578126,48.8980789838614,66.75918726473863
2020-10-01,14558,14861,14014,14303,11708,5041,-0.0116773412830926,43.20662842920067,48.77213258009733,66.76707830935887
2020-10-02,14263,14384,13987,14175,5867,4485,-0.008989455858947231,36.39809583133714,48.45765854316041,66.77360885786418
2020-10-05,14377,14599,14337,14531,4462,5254,0.024804448724742946,37.369692779981264,48.68712298509358,66.80799261022239
2020-10-06,14531,14632,14196,14283,4093,5393,-0.017214279458067444,30.993965308993378,48.84608628103494,66.59618090756317
2020-10-07,14243,14458,14236,14404,2260,5467,0.00843592690613734,29.379709780246493,48.86222821291517,66.59776366401772
2020-10-08,14424,14867,14216,14720,5066,6188,0.02170116751410135,30.208552235585813,48.92721254046596,66.56725818956606
2020-10-09,14713,15055,14659,14928,3469,6312,0.014031530804257916,30.47088408508024,48.95838988705416,66.58043230197993
2020-10-12,15264,15721,15156,15627,6338,7285,0.045761543326176185,32.18471073485053,49.741197574262586,66.69101799764144
2020-10-13,15801,15862,15257,15371,4170,6843,-0.016517570188369066,32.881372694719815,49.9041469062024,66.65305466211888
2020-10-14,15452,15627,15237,15331,3466,6950,-0.0026056949144778927,32.38678673043566,49.761738836292324,66.64212396219006
2020-10-15,15371,15714,15203,15580,3418,7108,0.016111118114284957,32.658053588795354,49.83618133865681,66.64504286656653
2020-10-16,15600,15600,15082,15264,5373,6475,-0.020490925736671536,33.54603619554128,49.8784688868331,66.6160101655828
2020-10-19,15459,16003,15412,15794,6876,7925,0.03413300636945862,32.07874096384158,50.29069459723291,66.69604656020749
2020-10-20,15848,16271,15774,16083,4060,8105,0.018132692438121184,32.335643225654955,42.549824461662254,66.10480200299882
2020-10-21,16117,17474,16070,17138,10223,8699,0.06353540673341679,36.54871001020645,44.3742372577935,66.39424058526414
2020-10-22,17420,17850,17098,17676,7369,8351,0.030909567021566383,35.970033592854264,44.64472259156225,64.75682318330294
2020-10-23,17763,17817,17165,17427,3793,7928,-0.014187059589988435,37.00037227654258,44.74750836525202,64.16386289248122
2020-10-26,17427,17737,17084,17394,1519,2632,-0.0018954085109317003,37.17614280746482,44.578115551833314,64.11966505794618
2020-10-27,17407,18456,17407,18311,4697,5209,0.05137665299200333,39.21628837409176,45.73365725634791,64.31570172570845
2020-10-28,18331,18582,17203,17658,4153,6302,-0.03631303368018604,42.45404034582692,46.156983701153386,64.42562208143643
2020-10-29,17671,18351,17394,18186,4563,8246,0.02946312882433046,42.18485521672422,45.78748807120962,64.48252505884797
2020-10-30,18133,18338,17572,18126,5823,8523,-0.0033046956711311514,41.85652759715178,45.70589763292671,64.39381194032615
2020-11-02,18417,18562,17645,18199,5042,8394,0.004019275885679848,41.68241290371274,44.90008634614802,64.37340005453795
2020-11-03,18120,18410,17671,18272,3731,8523,0.004003185955329951,40.42177830646245,44.30629241559275,64.36948221843065
2020-11-04,18377,19031,17995,18740,9531,8591,0.025290443336676405,40.6493633294164,43.25154244764347,64.39377125633274
2020-11-05,18694,20462,18694,20139,7463,8937,0.07199795681444802,45.662973232957484,45.38516159973087,64.6370011287069
2020-11-06,20700,21320,20258,20627,8143,8722,0.023942663591732975,45.75117291480681,45.516739501382006,64.66248993225614
2020-11-09,20674,21122,19638,20390,12353,7901,-0.011556312630093454,45.356084269091866,45.330451723806235,64.67206823490147
2020-11-10,20370,20581,19968,20264,5971,7721,-0.0061986718869896686,44.59784059910763,44.54471018309287,64.6727266499737
2020-11-11,20390,21234,20258,20858,6198,7975,0.028891654999647125,44.46062395195594,44.08434980314313,64.71287277764412
2020-11-12,21116,21512,20482,21432,6412,7781,0.02714756454328659,44.65642753689451,43.79028509025364,64.72434897591566
2020-11-13,21578,21888,21149,21472,4062,7442,0.0018646285469637168,42.9080370291177,43.71677969319463,64.6102148425165
2020-11-16,21162,22350,21004,22297,5400,7626,0.03770237947896226,43.11458640725669,43.999556684817655,64.69157136207293
2020-11-17,22165,23663,21934,23399,9408,7244,0.04824114613951929,44.49954824730922,44.86115182241831,64.85323919471499
2020-11-18,23326,24468,22746,23339,12925,6166,-0.002567505368668503,41.77823121042004,43.72854749357125,64.46712792447333
2020-11-19,23630,24098,22930,23881,6743,6047,0.022957382655441137,41.48203905129104,43.80974911292378,64.39231219904623
2020-11-20,23636,24917,23412,24659,9867,5800,0.03205878171903311,40.39367656870337,43.583322443573906,64.43051717237502
2020-11-23,24580,24877,23808,24296,12524,5167,-0.014830217670110755,41.4582240207948,43.6780356812354,64.44424085004442
2020-11-24,24296,25755,23840,25241,4363,6639,0.038157928796074214,40.2398057594181,44.08795948652956,64.21129202293969
2020-11-25,25293,25879,24609,24980,4270,8051,-0.01039415184209016,36.65904491359063,44.16246201013468,64.19541146778242
2020-11-27,24869,24980,21521,22049,16490,8593,-0.12480825530690877,62.021858558845956,50.39211952558286,65.14700523812395
2020-11-30,23808,26394,23808,25703,12034,8766,0.15334046721556757,80.00603443555588,56.638710550746275,66.87748580440142
2020-12-01,25794,26524,23840,25110,13563,8719,-0.023341543436596803,81.1964480991063,56.90998810993565,66.90151548713263
2020-12-02,24954,25514,24179,25136,7994,8610,0.0010349083437717853,81.26188588922827,55.15103105433852,66.85820311639876
2020-12-03,25195,25898,24843,25488,7203,8542,0.013906671654427437,81.18871102624223,55.004119425144815,66.86644341877242
2020-12-04,25638,25729,24531,24882,7567,8415,-0.024063102675393452,79.4451087150622,55.40789788456533,66.88582612654767
2020-12-07,25019,25553,24778,24974,5213,8541,0.0036906332006540242,79.31826540499098,55.401508905063125,66.86200983026112
2020-12-08,25032,25371,24355,24524,7325,8330,-0.01818305379251187,79.5866965581301,55.44193544091706,66.8910289120705
2020-12-09,24342,24342,23065,23996,6752,7596,-0.02176508010959486,80.17657564615982,55.79366141640202,66.9317943875853
2020-12-10,24270,24426,23371,24023,6953,7215,0.0011245549822113882,79.84285277726532,55.77275608613681,66.9313548158944
2020-12-11,23990,24049,22896,23475,6058,6946,-0.023075679678731458,80.1569434637623,56.06543350107275,66.70612086335008
2020-12-14,24954,25312,24856,25104,6124,7153,0.0670911708963502,83.15465084722587,57.28561621210879,66.85736275210259
2020-12-15,25195,25631,24908,25482,5817,7259,0.01494512456851242,82.45922406631993,56.49183263570494,66.41239633982636
2020-12-16,25410,27918,25195,27266,12919,6665,0.06766818420474888,84.03138671908181,57.68742144733934,66.72453331607963
2020-12-17,27957,31155,27774,29794,16832,6250,0.08866652619346324,88.67267566035466,59.45554505667388,67.26567414587426
2020-12-18,30028,30504,29227,29781,7105,6178,-0.00043642468170673743,88.6854023640776,59.28782116783808,67.2351265337056
2020-12-21,30751,31539,28595,29807,12956,5068,0.0008726589799956012,88.39548214901971,59.32986299207583,67.21920642800778
2020-12-22,30302,30803,29220,30543,11075,3001,0.024392261537478307,88.06059879568024,59.38456024668578,67.25041985212292
2020-12-23,30608,31494,29702,30627,6882,1819,0.0027464460618196527,87.53119260974144,59.18087845651361,67.24462316252023
2020-12-24,30627,30946,29860,30803,4309,8271,0.005730114978618404,87.22756541356225,59.09740532380772,67.24468113929554
2020-12-28,34659,36285,34510,35257,17470,7837,0.13505200327024683,82.41183704108596,63.973101708531765,68.50117258212659
2020-12-29,35056,35700,33918,35387,7633,7752,0.003680429951406615,66.76902510971824,63.822380420578575,68.36510745463524
2020-12-30,35524,38197,35420,37917,13789,8017,0.06905503927783911,67.6007799672557,64.74304508314152,68.42683283088947
2020-12-31,37813,38626,36714,38216,5529,7775,0.007854715754561783,67.3818930693673,64.39689903101738,68.37835047035051
2021-01-04,43444,44439,36987,41032,14997,8098,0.07109797399930656,69.61055202893101,65.33933135092002,68.24248932625643
2021-01-05,41168,45102,39341,44888,8153,8231,0.0898182483617036,70.94805218058646,66.9989345127505,68.725962468431
2021-01-06,45070,48165,43932,47554,19469,8072,0.057695408981539915,70.93205964733944,67.46818531847235,68.84505558825158
2021-01-07,47398,53322,47398,51534,16834,8035,0.08037587658193197,70.27123542048294,68.41411591270005,69.20670103680918
2021-01-08,52379,55572,48120,51397,15379,7784,-0.0026619790131253286,68.45135674950733,68.15765230654944,69.21145309370925
2021-01-11,50623,50935,40453,43932,22205,8554,-0.15693682107291793,96.86667859521778,77.10647277979132,70.85414384451168
2021-01-12,45310,48185,42631,44868,14576,8355,0.021081861856877607,94.89477134105412,77.1092508794139,70.8660122569489
2021-01-13,44290,48874,42410,47307,9785,8243,0.05293343030858247,94.33954626329567,77.02706989755826,71.0138815460767
2021-01-14,48770,52496,48009,51507,10507,7930,0.08505944467162518,95.9588018008277,78.15734747771607,71.45962390849215
2021-01-15,50987,51995,44940,46331,14051,7868,-0.1059064372809256,107.2787083477215,82.28847479935231,72.2845232715466
2021-01-19,47144,49622,45375,47593,14757,7669,0.026874408117377017,104.74244831538861,81.75629896446792,72.30578687594975
2021-01-20,47729,47918,43483,45564,9615,7059,-0.043567760561970266,107.13688738245637,82.63603143421417,72.35118690698998
2021-01-21,45779,46481,40225,41513,13373,6620,-0.09311129984244568,114.45345740017225,85.39545403363384,73.01780861426332
2021-01-22,40089,44036,37585,43672,12897,5540,0.05070053328423661,115.07144698283996,85.64494596314482,72.9513007755678
2021-01-25,43672,47407,43511,45368,3419,3674,0.03809984623227038,115.13909915517873,85.44935676225745,73.0258702599842
2021-01-26,44309,44544,41660,43323,3882,4092,-0.04612333889918907,117.41896078515713,85.72478508476587,73.12913900058287
2021-01-27,43927,44530,39353,42431,8212,4654,-0.020804444646004713,109.40521881171054,85.98011975316085,73.15316248500523
2021-01-28,41398,44879,40158,43980,5466,5353,0.03585575796008215,109.7830402540264,86.01568785317116,73.13858299326593
2021-01-29,45067,52444,43095,46750,18198,6361,0.061079270608080834,109.25762837883093,86.50448952856654,73.35424144498714
2021-02-01,44684,46951,43632,45603,6290,6056,-0.02484075190470389,109.9755019648583,86.87260474502688,73.38310781108602
2021-02-02,45174,48782,45073,48514,5830,6074,0.061878912253037405,109.33004877098294,87.37549894732753,73.39548224261095
2021-02-03,48306,50687,47937,50150,4813,6479,0.033166098324915225,105.51561693092397,86.66930781796803,73.45065236569498
2021-02-04,50512,52578,48869,50854,6039,6577,0.013940267726403893,103.7759773117819,86.65048160581634,73.4494268045829
2021-02-05,50566,51981,49486,50988,4767,6825,0.0026315287863264976,99.71275726189674,86.51316109381176,73.44859624016946
2021-02-08,52343,61028,51377,60029,14369,7628,0.16323746786682744,115.39833677841726,91.53944708799901,75.03706595450787
2021-02-09,60639,65568,60592,64066,11114,7394,0.06508602319917606,99.13608405350848,92.02097004207276,75.27377269751263
2021-02-10,63710,64461,58949,60243,9743,7254,-0.0615274189382458,103.14656371441795,93.45666338020075,75.52785164385912
2021-02-11,61182,66011,59479,63744,9072,7495,0.056488678913700574,103.32875724852988,93.74322625719938,75.69086725845824
2021-02-12,64381,66393,62369,64435,7532,7465,0.010781901778221489,99.94923072750404,93.66553939879502,75.63518611880664
2021-02-16,66279,68492,61631,65622,15414,7188,0.018254041840789176,89.86333316547282,93.44908944628767,75.64113394106346
2021-02-17,66125,71369,65876,70799,9780,7287,0.07593387072499622,92.20580920632004,94.12271139125686,75.66203832960451
2021-02-18,70658,71195,68740,70202,8340,6989,-0.008468075651717711,89.81429084254255,94.27928708797681,75.67378712505467
2021-02-19,69793,75882,67996,74481,11457,6748,0.0591672586474566,79.7134361703308,94.61538126960811,75.78547003545735
2021-02-22,77056,77512,64810,72053,18519,5646,-0.03314209997161349,82.23367850651061,94.96405418466603,75.78998952978246
2021-02-23,73119,73119,60223,63925,18212,4301,-0.11969143815301507,96.70926145125355,98.96688135062242,76.55293107572786
2021-02-24,63925,67405,61938,64691,5396,5503,0.011911567098939133,93.82466107291022,98.82320028052945,76.5549374830284
2021-02-25,64802,68665,62075,64172,6682,6295,-0.008055109787360086,93.19544706129783,94.52827600050348,76.49134095282622
2021-02-26,62750,63620,57860,60159,10550,6809,-0.06457592132582314,97.73492383027117,91.68995648323505,76.78207895976506
2021-03-01,59088,64912,58633,63464,7199,6745,0.053481758836695634,97.30292241461197,91.69914807632355,76.87236201867964
2021-03-02,64185,65646,61354,62100,5993,6554,-0.021726827060268683,97.13875606906295,91.97026206901762,76.92054411445017
2021-03-03,62380,68827,62276,66100,6344,6719,0.06242275791820758,97.17342628724742,92.48000274438958,77.01072824829498
2021-03-04,66191,67775,61588,62737,11795,6570,-0.052217361623429596,99.80161224886939,93.17678899896973,77.22924679692744
2021-03-05,62497,64600,60120,64354,8929,6164,0.025447706938228173,99.92708234101215,93.16655991973414,75.52675084047294
2021-03-08,65685,68081,64282,67717,7528,6507,0.050938164052152006,100.80833677990009,93.1673673835473,75.64755027249151
2021-03-09,67522,71769,67392,71061,5572,6853,0.048201406883963405,85.33157130558122,93.02956574771918,75.7187617790564
2021-03-10,70814,75080,69386,73528,7098,6864,0.03412762294725389,83.28876034659778,93.01830487508163,70.5124139113595
2021-03-11,73996,75827,71016,75262,7793,6683,0.023309073297975075,79.39935003779334,92.61458120616093,69.32577535321319
2021-03-12,75795,76262,71918,74119,7966,6750,-0.015303449662823551,78.0375691577799,92.34198972283671,68.81267073671069
2021-03-15,76301,79548,71314,73892,10372,6507,-0.0030673419945690247,78.11606019994683,92.44153967694187,68.37266283291638
2021-03-16,74028,74249,69444,72606,7097,6269,-0.01755700465242044,78.45603410635604,92.12511374507527,68.40452806131366
2021-03-17,73626,75957,70496,75295,7704,6033,0.036366168494812265,74.89125586289471,90.98743752003594,66.84362677581701
2021-03-18,75970,78281,74139,74496,9656,5625,-0.010668298869864815,74.94030395740779,91.08785770288912,66.85813054197477
2021-03-19,75256,77366,73132,76587,6553,5469,0.027681916881048256,72.60571104997484,91.07242702505812,66.88348979708182
2021-03-22,75574,75918,70262,72210,7201,4703,-0.05884880908687589,74.76870161152644,92.32334009463118,67.15096442777325
2021-03-23,70990,72587,68717,71405,8663,3769,-0.01121064555819381,60.21436462206991,92.44243726555734,67.14638080290145
2021-03-24,71405,75015,69662,71522,4904,5050,0.001637199775187751,60.180445510614625,92.4620841294543,67.14891947575205
2021-03-25,70267,70267,65818,68173,7474,5735,-0.04795650264570861,62.93390252153617,89.80028250801064,67.37652368281077
2021-03-26,68355,70833,66911,70326,5439,5999,0.031092981934722822,58.29563726168393,89.88067349600477,67.19680484765333
2021-03-29,72017,76752,71691,75724,7078,6444,0.07395357717856527,60.821193414143096,90.02027332532643,67.51726902452604
2021-03-30,75373,78137,74911,77669,4634,6527,0.02536105621710289,59.97419373767755,90.06124474460306,67.34802822086816
2021-03-31,77220,78755,74644,77123,6924,7039,-0.007054657404139916,57.10365827343674,89.28500432745285,66.73058921581574
2021-04-01,77506,78502,76225,77552,4326,7122,0.005547129142393847,52.56402753427185,87.74516225635149,66.70713671144496
2021-04-02,79185,79185,77552,77552,2179,7161,0.0,52.386494727692565,87.1755705954875,66.37204710716358
2021-04-05,76167,78183,74352,77845,5908,6994,0.003770991038617698,50.040397606645016,85.8686263242321,66.36850533533442
2021-04-06,77292,78508,75126,76407,5272,6809,-0.018645355129647916,48.33157224575117,86.0068111164496,66.41856562891637
2021-04-07,75841,76856,72426,73253,11417,6144,-0.04215511232207289,49.517243585513384,79.66769850816172,66.59415681550792
2021-04-08,73253,76303,72732,75653,4605,6030,0.03223789307012022,50.17622539886629,79.77555701080703,66.19680680746826
2021-04-09,75464,77279,75451,76440,3954,6091,0.010349023612035126,49.9466726567275,79.24279811324296,66.185817147246
2021-04-12,78053,80583,77942,78762,6628,6448,0.029924527677253156,50.9065836245737,77.74410775390919,66.10514980464885
2021-04-13,78703,83842,78443,82847,7145,6543,0.05056488614954301,52.927008080304226,74.58046261598679,66.09128063485959
2021-04-14,83107,85234,80089,81175,8430,6214,-0.020388215209958777,52.525779139543005,74.7440242307458,66.14389056939996
2021-04-15,81689,83295,81142,83048,4886,6303,0.022811435902034636,52.65031752791294,73.98801158601339,65.9715695055159
2021-04-16,82951,83256,78267,80629,6631,6091,-0.029560367602561522,53.35816786613452,71.30258528911268,66.0806157501172
2021-04-19,74306,75126,70833,72908,10366,5692,-0.1006600139256958,61.22561456252892,74.38944881276298,66.93784709391288
2021-04-20,73285,74352,69506,73779,9193,5384,0.011875765905368641,61.18931584441918,74.13810257119266,66.74895052969873
2021-04-21,74020,74358,70670,72342,5859,5300,-0.01966926490482686,61.65485666332358,73.50718564870662,66.77505872219547
2021-04-22,71321,72387,66820,68765,13161,4860,-0.0507099787965576,61.9493355919805,74.26874777826325,67.01098290365361
2021-04-23,67002,67841,61655,66143,10381,4256,-0.03887582971086888,62.333808071131436,74.65173474106453,67.16789770815448
2021-04-26,66143,75437,65860,75023,2992,3193,0.125975668334564,72.7278073497618,77.78602758310139,67.16756053838752
2021-04-27,74077,76777,73448,75920,2610,4011,0.011885421111306397,72.24885481904494,77.48969200702655,67.167602630647
2021-04-28,76583,78406,74809,76915,4383,4916,0.013020761706042005,72.38214098345395,76.69489098205642,67.14725821222554
2021-04-29,75693,76535,72468,73207,3907,5599,-0.04940987119725338,74.41030618798847,77.38684399341984,67.38754733707924
2021-04-30,73884,79456,73435,79152,6071,5949,0.07807900967489184,79.77932205879668,78.76127362790419,67.763140291325
2021-05-03,78696,81900,77861,79773,5621,5960,0.007815046853872232,79.81071876564211,78.75510766269714,67.68963485363786
2021-05-04,79256,79760,73497,75285,8065,6228,-0.057904189564218306,82.28523216593588,72.89420756118517,67.71459003762108
2021-05-05,75078,80250,72958,79124,6056,5966,0.04973533037882284,82.6152370601997,72.4090018055482,67.85016462024757
2021-05-06,78648,80927,76307,77585,5933,5902,-0.019642132618382095,82.30314479130413,71.30227002829186,66.45699910023627
2021-05-07,77819,81265,76425,79767,4969,5813,0.027735775557033004,82.7877561982964,70.6423836179789,66.48829918140405
2021-05-10,80374,82722,74015,76929,7951,5897,-0.036226966536227846,83.17131982500621,71.09761142357462,66.52958032872722
2021-05-11,76908,78821,75092,78448,5353,5966,0.01955306635262494,81.32035223485755,71.11004891921273,66.41443032619097
2021-05-12,78351,80291,73683,75189,8665,6161,-0.04243104124829256,82.32547236054381,70.05265281116901,66.46922377484653
2021-05-13,75327,75410,64071,66792,14808,6191,-0.11842163076888547,91.06415458867855,74.18962471104801,67.58345055866796
2021-05-14,67966,71087,66799,69312,5432,6021,0.03703473848682597,92.31302009450162,73.56113711548174,67.64033386878907
2021-05-17,62552,64382,58071,60847,11148,6080,-0.1302555347215672,96.76224309332396,77.92521375754177,68.9985168269038
2021-05-18,60074,63188,58389,59590,8310,6443,-0.020874741898070617,96.52127950842568,74.13426757067147,68.7945706599393
2021-05-19,59266,60115,41713,54329,26734,6340,-0.09242962040202915,100.7815552282765,76.39728368497539,69.48980201065356
2021-05-20,53755,58582,48266,55682,13391,6364,0.024598780564444547,100.71999174839581,76.59618160160264,69.3326583972409
2021-05-21,56234,58513,48521,49833,12908,6000,-0.11097951974425328,106.49563267893838,78.76556890461812,70.21633709929395
2021-05-24,49834,57954,48935,57621,3060,2290,0.14520966941377514,110.01318303513246,83.6723691472696,71.55365415861046
2021-05-25,56578,57911,53130,54144,3711,3218,-0.06223992060706655,110.91464700489999,84.49627883048521,71.86363835538948
2021-05-26,55216,59295,54948,55940,4014,4368,0.03263252379005548,111.83105960697365,83.73903858050032,71.90251094626714
2021-05-27,56824,58773,54202,56310,5261,5375,0.0065924514927135774,111.37264736692447,83.12119989744333,71.89054743546505
2021-05-28,56563,56795,50927,51905,8101,5697,-0.08145701462131846,108.40337915492142,84.500250424386,72.42155320786908
2021-06-01,52021,55035,49623,52144,8098,5908,0.004593997449996998,108.29541101783018,83.75354034700044,72.39583089910874
2021-06-02,52456,55549,52072,55115,4028,5822,0.055412789320073076,110.6540185018591,83.95960900231513,72.55415099398434
2021-06-03,54818,57317,53977,56093,4312,5738,0.017589116144450766,108.70809469211584,83.70487142538717,72.56001086537134
2021-06-04,56274,56984,51565,53543,8164,6107,-0.046525958164687256,109.20590091194154,83.9367293787444,72.74840169905289
2021-06-07,52456,53630,49261,51645,6680,5656,-0.036091683936445566,107.96143699884087,84.14644043304929,72.863652449834
2021-06-08,49450,49689,44792,47682,11212,6054,-0.07983941727249942,109.831573027188,85.491501477317,73.01340296494186
2021-06-09,48515,53528,46972,52702,8450,5813,0.10009943730524766,117.51253488322453,88.24467874391392,73.62235402232761
2021-06-10,53043,55723,51891,53159,6676,6006,0.00863401704057539,117.61127929722367,87.86707775842581,73.61833917005978
2021-06-11,53209,54622,52094,54079,3333,5978,0.017158517907564935,111.86175266246047,87.9862375673144,73.62643917246785
2021-06-14,56361,59505,56078,57534,5935,5669,0.061930136960113756,113.60207338095209,88.81129363409345,73.79048309006247
2021-06-15,58317,59889,57324,57947,4180,5612,0.007152722279935092,104.28869225968933,88.12202235810346,73.78988856242424
2021-06-16,57991,58650,55448,55875,6334,5805,-0.03641174674580122,104.79750689399062,88.36517140610867,73.8949441731208
2021-06-17,55854,57281,54064,54571,5646,5765,-0.023614446816450568,99.75331192717921,88.4467970779164,73.91838473379299
2021-06-18,54615,55310,50855,51123,5719,5915,-0.06526811232391708,101.91765820434071,88.88011604612926,74.25999983159053
2021-06-21,51514,51855,45951,47175,9302,5235,-0.08037040253875138,98.1776195413521,89.8874678963147,74.62102222847875
2021-06-22,45929,48262,41727,47059,14889,3544,-0.0024619576499339438,81.18514875977432,88.31094359070812,74.619604775519
2021-06-23,47175,50471,46045,47667,7184,2517,0.012837200969659629,79.14128485480994,88.14644814012247,74.60118066279456
2021-06-24,47667,50438,46286,49811,4402,5226,0.043996508599228074,79.98241574704961,88.79176466874658,74.69834334489227
2021-06-25,49755,50766,44847,45872,6633,5554,-0.0823809340325536,84.2739909161627,90.06831712920065,75.21423673937494
2021-06-28,46692,50324,46656,49185,5519,5667,0.06973378982370722,84.41888955408471,91.48044476193384,75.48682338310483
2021-06-29,49405,52212,48722,51899,4838,5631,0.053710823198758875,86.74928687011287,92.31404494232221,75.56317932182178
2021-06-30,51592,51592,48465,49470,3880,5616,-0.047933096923862835,85.70666263835754,92.66958724666759,75.70758665201537
2021-07-01,49527,50125,46578,47055,4607,5769,-0.05004929492886612,86.65769615136503,92.81062075532016,75.90207456023134
2021-07-02,47667,48430,46471,47418,3489,5682,0.007684773140142153,85.6570021643947,92.49888031370489,75.88034069493126
2021-07-06,51001,51222,47461,48401,6997,5638,0.02051857121527868,85.38240589852937,92.60745481330261,75.82585746016842
2021-07-07,48152,50061,47974,49434,3868,5480,0.021117971895336,80.7659646009093,92.47246278512998,75.84168690431746
2021-07-08,48722,48864,45645,46955,5747,5850,-0.05144875030493103,73.92889918145556,92.08663191676926,76.0540531147801
2021-07-09,46556,48066,46008,47660,2662,5575,0.014902775414019166,74.12415876105469,92.19176768792893,76.06021960644468
2021-07-12,49049,49619,46442,46670,3826,5696,-0.020990911708871768,73.81652932158404,91.98554879462489,76.08396961878634
2021-07-13,46770,47482,45801,45894,3084,5746,-0.016767170393940253,69.1564519350191,91.9043382643452,76.10925437749914
2021-07-14,46350,47290,44897,46642,3546,5612,0.016167033201716616,69.54841340595098,90.0489357233654,76.11725525373582
2021-07-15,46912,47269,44120,44747,6733,6651,-0.041477019402002865,69.81803695212703,90.22365920251947,76.25940026773154
2021-07-16,45160,45880,44106,45481,4090,6224,0.016270252960007173,70.30394462513993,90.33137980309014,76.248426297696
2021-07-19,45246,45388,43137,43721,3945,6447,-0.039466120453664884,68.1334497219104,90.13207546109447,76.37898566968872
2021-07-20,43707,44184,41620,42332,4343,6472,-0.032285234642362035,63.30963020994235,90.04431049913549,76.44625325177253
2021-07-21,42204,46770,41933,45046,9993,5964,0.06214088864770832,67.70965330568627,86.9000447183312,76.66032401740853
2021-07-22,45474,46428,45132,46179,3232,5900,0.024840959416860736,68.19522262806133,87.07025955664312,75.59822736734179
2021-07-23,45844,46912,45559,45972,2498,5708,-0.0044926337895349125,66.0344096418004,86.96111911911018,75.59809787722718
2021-07-26,45972,54420,45972,52911,4272,2053,0.1405787412498251,77.38895294902277,91.73641070688184,76.81246473077266
2021-07-27,49934,51999,48915,50826,2389,2746,-0.04020322207886841,75.40865867327753,90.33040662702085,76.93972923207284
2021-07-28,51329,54909,51269,54245,4516,3537,0.06510278759694504,76.55172070371088,91.49751499199597,77.1614518800284
2021-07-29,53964,54701,52898,53313,3947,4618,-0.017330618402955016,74.63990022338007,90.89841723449203,77.19274007269476
2021-07-30,53226,56250,51496,53575,4892,4911,0.004902337488181747,71.88544501025439,90.19111882371024,77.14619730681812
2021-08-02,55224,55647,51912,52536,4781,4717,-0.019583892470969203,72.47450276639641,90.19075711144531,77.09766134742043
2021-08-03,52536,53407,50390,50907,5443,4885,-0.03149821022987277,73.3557950045399,90.04729031337604,77.1748041726441
2021-08-04,51309,53561,50236,53421,3669,4952,0.04820348842848833,74.88059312282628,90.55724801331854,77.17128095898931
2021-08-05,53555,55620,50015,54648,6706,5027,0.022708690342261213,72.19187835864447,90.59769666142853,77.12305055321484
2021-08-06,55103,58234,53515,57618,6634,4936,0.05292240145434253,73.94314710098314,91.0674369141713,77.07907331723789
2021-08-09,59341,62378,57510,61741,7172,5042,0.06911319701392576,75.90841051366783,89.13108678555227,77.33184556805239
2021-08-10,61359,62753,59870,61003,5332,5020,-0.012025172605948967,75.67184687890247,88.79605118788702,77.34248651361132
2021-08-11,61352,62800,60675,62291,3447,5027,0.020893909786566075,75.7064935492458,84.7934539916771,77.32068265378324
2021-08-12,62103,62103,58704,59481,5190,5394,-0.04616001925389841,76.18221627727866,85.22156621927991,77.38916155401024
2021-08-13,59414,64369,58771,62358,3796,5368,0.04723503800980451,77.07973817926272,83.54395646992086,77.39051201552448
2021-08-16,62894,64496,61238,61808,4125,5448,-0.008859165910414097,74.90517029504785,83.44380612533506,77.32610544423525
2021-08-17,61680,63296,59763,61037,4393,5442,-0.01255256825513815,73.4863679615386,80.13748857402835,77.33763626524546
2021-08-18,60065,61821,59207,60145,5149,5225,-0.014721924222751365,72.4617836605239,74.55620861644954,77.33156711643188
2021-08-19,59709,62881,58865,62619,6208,5221,0.04031043298584311,72.9622256582384,73.81618240201756,77.41113911114013
2021-08-20,62411,65951,62177,65341,5402,4654,0.04255096418469052,73.18643826964663,74.01726551731514,77.34742600468336
2021-08-23,65455,67828,65220,66079,5956,4117,0.011231285309732593,56.956871210264694,74.03408550711197,77.34192385810931
2021-08-24,66079,66511,63675,64294,2571,2902,-0.027384681633820365,55.590488862516416,72.21686374689035,77.3510145449548
2021-08-25,64155,65593,62876,65053,3390,4028,0.01173600797309738,51.90297168816904,72.23602985858739,77.3284990284579
2021-08-26,65686,65859,61665,62523,4520,5174,-0.03966783321861598,53.9750190478276,71.95561029013768,77.45303204871136
2021-08-27,62863,65579,61718,64521,5609,5369,0.031456263159991414,54.594457862041715,72.13897896245676,77.4831964670644
2021-08-30,65340,65926,63196,64934,3419,5273,0.006380617221117489,53.54058591436805,71.41972984790665,77.26419560134225
2021-08-31,64727,64727,62177,63103,4056,5337,-0.028603057429448353,53.24776873360626,71.26000673921185,76.9965293520361
2021-09-01,62503,65606,61957,64341,4280,5513,0.01942875212231049,51.513925941380066,69.18466334577987,76.99305310413536
2021-09-02,64714,67337,64448,65746,4772,5587,0.021601768584423524,51.47719607418922,66.38961937521312,76.73203654626467
2021-09-03,66445,68256,64507,67523,5123,5573,0.026669447874924816,49.32110569463546,66.5497313303887,76.72232153115242
2021-09-07,68915,70739,58196,62290,13967,5398,-0.08066738131422835,53.183300006703796,68.70755095504806,77.21496621725493
2021-09-08,62037,63169,59254,61944,5680,4995,-0.005570148181631715,53.03173678342353,67.59126576217007,77.22288213170987
2021-09-09,61585,63202,60646,62111,4052,4907,0.0026923558240916374,52.506417686802465,67.58075507614198,77.16915575376956
2021-09-10,61977,62670,59587,60819,4853,4839,-0.021020866754347573,50.29612516104566,67.28829446881639,77.21492549489348
2021-09-13,60240,62510,57670,59674,7363,4791,-0.01900582550579238,47.66690988298885,67.22167542571168,77.24414944258314
2021-09-14,60206,62617,59527,61938,3802,4983,0.037237470063133965,49.58268264376742,66.14759085500988,77.3007343016886
2021-09-15,62184,64594,62097,64168,3080,5001,0.035370759353115414,50.861698013641245,64.12401267421704,77.34817667500114
2021-09-16,64274,64714,62650,63242,4538,4852,-0.014536006669982268,50.8533901024795,64.23269849121019,77.25515326248639
2021-09-17,63382,64214,62144,63236,3893,4876,-9.487816069991229e-05,48.8531727094978,64.21934400840287,77.2558926898121
2021-09-20,63136,63409,56412,58296,8330,4659,-0.08134027886596025,54.20643320522931,66.05521216556403,77.70651488389262
2021-09-21,57803,58416,53376,55965,8523,3763,-0.040806985026750155,55.188466912115416,64.2962310365038,77.7801110333885
2021-09-22,55033,58622,53455,57770,7828,2359,0.03174311445194335,56.45387826403889,63.07989210027364,77.82406894233527
2021-09-23,57597,59880,57384,59634,5357,1603,0.031756271420749306,57.69124096349053,62.47890991594127,77.86567633278116
2021-09-24,59634,60345,54262,56536,11471,5348,-0.05334827782537029,58.99178376873729,62.67447659441897,78.0675036463134
2021-09-27,58018,59275,56868,57374,5221,5209,0.014713635646365993,57.90764033252655,61.766093730992246,78.06705377464176
2021-09-28,57460,57912,54708,55313,4666,5144,-0.03658327675960491,58.70486290384365,62.29600418593385,78.1625353918577
2021-09-29,55698,56822,54229,54721,3694,5339,-0.010760414274201307,58.21465530563662,62.24080050658952,78.16603942760206
2021-09-30,54834,58736,54568,57992,4869,5343,0.05805752199746347,62.04081199631848,63.17761574323344,78.32071512665219
2021-10-01,58151,64760,57613,64341,9404,5887,0.10389199412235757,72.71327565289916,65.47424110490465,78.90631731547728
2021-10-04,63915,66482,62732,66289,5865,5910,0.029826906787024397,72.88153711284527,65.63944561450991,78.94216282851889
2021-10-05,65564,69360,65285,68649,8408,5761,0.03498259455753784,67.45784965050856,65.67696931846808,78.97996935235675
2021-10-06,69360,74373,67618,74060,9662,6295,0.07586901001996998,71.83946871485603,67.00973834889658,79.28577182690519
2021-10-07,73901,74891,71607,72425,5323,6349,-0.022324031830052563,72.67165856752304,67.2725581574039,79.23840676464866
2021-10-08,73030,75543,72006,73369,5063,6308,0.012949959428743647,71.88834254789941,66.50618730077703,79.20837864551939
2021-10-11,73568,77591,72890,77105,5686,6158,0.04966662622546199,72.42274969288222,67.0285139144915,79.32299729748641
2021-10-12,76720,77404,72292,74213,6691,6353,-0.038228792326056124,73.98457185610519,66.99092930193368,79.44361822700913
2021-10-13,74925,77052,72731,76786,6939,6537,0.03408299488625091,73.92517448023875,66.63144370145828,79.44669859482346
2021-10-14,76720,78481,76042,77378,6318,6351,0.007680170596570054,73.40681908351665,65.73733851385056,79.39783098666531
2021-10-15,77318,84465,76121,82537,11665,6709,0.06454417518346507,75.76568032076622,66.64287481614652,79.60396379857832
2021-10-18,81267,84073,79911,81972,10019,6414,-0.00686895211213698,67.59653794687856,66.66623303312717,79.40740939514713
2021-10-19,82311,86133,82078,85974,15283,7660,0.047667199424808265,64.79136020833872,61.381637953861755,79.47784665607696
2021-10-20,85748,89989,84870,88640,15201,8182,0.030538298036453002,64.76742031250846,60.71284183796478,79.48786285505213
2021-10-21,87968,89032,82623,83647,15609,7561,-0.05797765992713132,70.44868350604825,61.11684594531079,79.7468580245577
2021-10-22,83620,85030,80057,81214,10125,7452,-0.02951791697265646,67.75240980757685,61.376417052865136,79.6974704623956
2021-10-25,81214,85047,80918,83486,3075,7388,0.027591307029672947,67.82094493316453,61.519027702748254,79.6126480942917
2021-10-26,83697,84330,82281,82439,3857,7876,-0.01262032721413417,65.7288330518868,61.4050481176787,79.60038770586809
2021-10-27,81537,81537,76814,78270,8286,8666,-0.051894238097977934,69.77526949973131,62.096818567914326,79.80736851068244
2021-10-28,77756,82782,76814,81385,7829,9820,0.03902659302671485,68.64020742857767,61.86585722699177,79.87659929994186
2021-10-29,81142,83750,79897,83006,6361,9708,0.01972191349702767,60.52138028901643,61.83652013349409,79.88822894562414
2021-11-01,81668,82795,78645,81168,4979,9452,-0.022391813516155115,61.397659270200634,61.37040955593256,79.91546403974658
2021-11-02,80371,85186,80226,84330,5238,9727,0.038216592762216055,61.581773602357245,60.324819967594436,79.70422743090214
2021-11-03,83756,84264,80285,83078,5495,9508,-0.01495774805087712,57.0234534169069,60.363559614647855,79.70994734095514
2021-11-04,83585,83618,80173,80832,5009,9228,-0.027406998807647166,57.38271590163899,60.636412277112115,79.76028966649582
2021-11-05,80931,82815,80233,80858,3534,9191,0.000321603070370387,57.34007247054787,59.724281784780075,79.75328938663364
2021-11-08,82874,88308,82867,87583,6018,9440,0.07989238538416829,61.337179212061635,61.06782562905329,80.06820067119685
2021-11-09,87886,90896,87577,89085,5457,9437,0.017004054953368493,59.103234254447756,61.035172009180464,80.04722663918358
2021-11-10,89144,91364,83019,87043,7709,9322,-0.023188720710506344,59.392170757119935,61.212615066689516,80.09887480245588
2021-11-11,85904,86806,84758,85700,3912,9221,-0.015549423821692773,59.889278860935015,61.22476471135526,80.06129233451644
2021-11-12,86154,86576,82182,84619,6895,9072,-0.012693997918865567,55.86272332384405,60.915284384610366,79.96487395166207
2021-11-15,85133,87676,83539,84191,5438,9135,-0.005070800510600536,55.83171812818204,60.44200809899755,79.96771135311005
2021-11-16,84250,84343,77084,78685,9161,8924,-0.0676354871214402,58.096763087750226,62.18737357066987,80.27998290753455
2021-11-17,79963,80213,77031,79679,6300,9155,0.012553522943957349,57.00146900773285,61.89431641332971,80.23675394108022
2021-11-18,79014,80404,74561,76425,9180,8843,-0.04169619521988691,55.27372649952381,62.55852872897455,80.34816729820702
2021-11-19,74364,76946,73244,76274,8253,7895,-0.001977747715695934,54.48020951451783,61.942485792459664,80.27945333989133
2021-11-22,77855,78573,73224,73527,11800,6249,-0.036679434359003275,54.44883188319702,62.19366474727206,80.37187699260447
2021-11-23,74529,76327,72948,76215,9700,4256,0.03590560801160595,56.397519599842596,62.572076157926794,79.37219425636228
2021-11-24,76215,76359,73758,75763,7005,9751,-0.005948246887150679,53.497964986937475,62.25993726413972,77.95707673421462
2021-11-26,75212,78508,70239,71327,11541,10440,-0.060335109461267,55.086049838317074,63.49722017509373,78.1781049720794
2021-11-29,73764,77689,73764,76621,5946,10232,0.07159625324455163,61.12015407542176,64.9753174128816,78.46984894206524
2021-11-30,76699,78206,73574,75717,7792,10185,-0.011868484705042974,60.81358809781804,64.84420216888118,78.48110964101575
2021-12-01,75559,78030,74236,74681,6552,9621,-0.01377699685503728,58.85482188157519,62.61668371327415,78.45020311214097
2021-12-02,75094,75618,73371,74924,5835,9625,0.0032485573837872906,58.84521405571916,62.59106478100237,78.45025591311335
2021-12-03,74734,75933,67599,70167,11175,9719,-0.06559615139677928,62.22404301554215,64.1583306206157,78.73226749646459
2021-12-06,64558,66478,61872,64159,9344,9472,-0.08951373763498381,68.64725455320402,66.69489245687001,79.25054278373725
2021-12-07,66498,68398,65993,66308,4985,9550,0.03294617616073672,62.05800601359146,66.88248028686394,79.30350680041782
2021-12-08,66308,67317,63746,66734,4851,9263,0.006404014610481208,61.46884330563975,66.48114826697226,79.25663212164565
2021-12-09,66046,66753,62042,62475,5159,9581,-0.06594809145208463,64.09353668389255,67.49457500381585,79.3133775528821
2021-12-10,62822,65869,62016,63543,6036,9517,0.016950365358954892,65.19177273018786,67.52227387095402,79.31652388073809
2021-12-13,65790,66151,59887,61059,6827,9416,-0.03987623224111926,65.77803230324251,68.0170285750532,79.17291281280883
2021-12-14,61525,63818,60666,62730,5871,9354,0.026999192269800125,67.46851552281495,66.12040179078161,78.74029498531527
2021-12-15,63359,65004,61027,64670,8301,9000,0.03045761334984952,66.23685344847581,65.79781599531275,78.78781389345606
2021-12-16,64132,64866,62370,62914,5529,8830,-0.02752870100166894,65.96967304274949,65.79044276721797,78.84752333813158
2021-12-17,62730,62914,59513,60607,4533,8697,-0.03735831650135417,65.72656576251796,65.9538678539807,78.92157787866458
2021-12-20,61957,62317,59644,61669,4303,8394,0.017370975576741575,66.45684991820693,65.08495739184931,78.93524508296208
2021-12-21,61374,64722,61210,63798,3998,8087,0.033940468364783975,67.50459173985035,65.37098027486127,78.99663386457586
2021-12-22,64578,65043,63556,64270,2811,7918,0.007371117486190751,65.83290652692976,64.88841217382601,77.86717562158746
2021-12-23,64322,67448,62947,66911,4756,7609,0.040270418748959314,68.07861927790285,65.28452041444685,77.95985797504356
2021-12-27,66806,68575,66419,67461,3475,4970,0.00818627499065137,65.13481988077325,64.29208692809534,77.67333208675076
2021-12-28,67133,67186,62193,62815,4706,6304,-0.07135575466642438,63.220344088669876,62.49645788252957,78.02238760962356
2021-12-29,62560,63294,61217,62193,5210,7711,-0.009951445237296113,63.21622551899604,62.20573050266067,77.71957279083063
2021-12-30,61983,62822,60221,61865,4197,8208,-0.005287861553146014,63.21788821911303,61.754885527987426,77.2127326873779
2021-12-31,61879,63805,59880,60037,3726,8258,-0.0299935528379285,63.43565895069887,59.85462008529764,77.06612823569802
2022-01-03,61747,62455,59860,60103,4161,8101,0.0010987182726735372,60.166411178328424,59.732325653078014,76.64894580600581
2022-01-04,60548,62442,59605,60679,5049,8021,0.00953791734932375,52.03509653341053,59.697229691691824,76.65345326994817
2022-01-05,60411,61721,56729,57436,8922,8762,-0.05492639001787748,53.363123565771446,59.59186141594136,75.20128329343714
2022-01-06,56879,57292,55529,56630,5222,8632,-0.014132404306416825,53.167211668997126,59.21984130308544,75.18956241147924
2022-01-07,56571,56663,53033,54868,9276,8765,-0.03160857950955301,49.491252609435314,58.92100778067193,75.0768197630769
2022-01-10,55307,55359,51723,54704,8665,8728,-0.002993467719215138,48.73893477940941,58.858814584971775,74.59316282405686
2022-01-11,54507,56552,54016,56093,6191,8282,0.025074194662784,48.466729780050294,57.38190307234221,73.86241703421545
2022-01-12,55949,58065,55634,57430,4068,8228,0.02355578731647574,48.18695247068031,57.70995370970879,73.85129536295207
2022-01-13,57502,58249,55405,55923,4068,8383,-0.02659107032098703,46.95052885918004,56.76308971896502,73.76780983677834
2022-01-14,55851,56932,54619,56506,4202,8352,0.010371082649185603,46.70791394767706,56.33978973059983,73.16342503838884
2022-01-18,56702,56761,53957,54599,6821,8528,-0.03433125963958144,46.444580949514766,55.639026049825254,73.07961442497603
2022-01-19,55602,55844,53832,54481,6542,8443,-0.0021635505322578803,45.69595230698453,55.450581235503726,72.98389463050107
2022-01-20,54959,57063,54068,55923,7229,8219,0.026123727522653697,44.86195679709412,55.412672075913235,72.87484924378013
2022-01-21,53891,53905,47372,50032,11781,8728,-0.11131294383973275,57.86167315006321,59.411687908910984,73.7109282935396
2022-01-24,50032,52623,46133,52203,5561,3798,0.04247716378606551,58.13337696834265,59.603264573741164,73.74591559514431
2022-01-25,51349,52630,50130,51692,5361,5561,-0.009836933838606069,57.63631382270184,58.83665708510919,73.50145362663342
2022-01-26,51538,54499,50887,51916,5988,6870,0.004323997162567662,53.650494621215884,58.615857362530654,73.4583978622329
2022-01-27,51160,52091,49647,49787,5969,7709,-0.041873122049573865,54.86666950728991,58.95766419774934,73.31973178318803
2022-01-28,51272,53232,50550,52917,5566,7852,0.0609707425215111,60.54832976891012,59.89882287889864,73.49954579179942
2022-01-31,52994,54317,51279,53890,4094,7851,0.018220283647955613,60.62427229641044,60.114237358275204,73.50889021202705
2022-02-01,53841,54996,53288,54030,4095,8002,0.0025945159105691374,60.647862173490964,59.99811402083307,73.50887807810304
2022-02-02,54170,54471,51132,52560,4396,8462,-0.027584073679619306,60.87224263903811,60.130765427844004,71.70077923948797
2022-02-03,51769,51951,50740,50782,4222,8334,-0.03441341309053855,59.1494361090526,57.5697065260644,71.47477731216706
2022-02-04,51713,57321,51664,56908,9595,7954,0.11389396770310405,72.75315975595973,62.645640340124864,72.13644905707628
2022-02-07,58000,62474,58000,61942,7457,7727,0.08476253454708525,77.56327355379446,65.33730554552425,72.41673580339535
2022-02-08,61767,63860,59904,62089,5873,7511,0.0023703762580139258,77.50354915466002,65.32478407252628,72.40885024866259
2022-02-09,61942,62873,60507,62810,4103,7728,0.011545456872269549,77.21787622441451,65.397570377193,72.39472644734705
2022-02-10,62509,64280,60591,61865,8449,7741,-0.015159704800350313,77.25040291119042,65.43092792426582,72.0021466233156
2022-02-11,61543,61816,58917,59358,6220,7510,-0.04136768609679854,78.19171504809974,64.57509606284026,72.11448750281232
2022-02-14,59470,60114,58196,59099,5402,7420,-0.004372901774014138,78.18203255886517,64.47505135001286,71.86262438140231
2022-02-15,59743,62481,59505,61914,4089,7849,0.0465323215665058,78.43343482539996,64.86330003814822,71.94629367702073
2022-02-16,61907,62817,60703,61858,3894,7569,-0.0009048896975274323,78.41672032458403,64.86475473100926,70.93784852754702
2022-02-17,61718,61998,56138,57272,6682,7181,-0.07702958757022092,83.35958204332545,66.25867650972789,71.34588944330093
2022-02-18,56957,57412,55290,55935,7267,6438,-0.023621545794990095,72.80608464748353,65.84286727387979,71.37970962725842
2022-02-22,54415,55255,50887,53092,12994,5247,-0.052164044534937976,74.18163409636077,66.54410698861308,71.27784064652556
2022-02-23,53057,54940,52322,52735,9503,3161,-0.006746886035378324,74.1307141049511,65.57181096598717,71.07240982081665
2022-02-24,52735,55748,48068,53772,8774,7924,0.019473513863428733,74.41534358664795,63.81671261847872,71.06966244408952
2022-02-25,53330,55636,53064,54816,6107,8181,0.019229236549703085,72.80734615332298,64.0104658207321,70.814013736427
2022-02-28,53057,58936,52139,58859,9471,7995,0.07116263105276388,73.9312277252342,65.87456318585632,70.98967855975793
2022-03-01,60400,63217,60162,61998,8747,7934,0.05195737326579953,75.66159420631683,66.85157051562946,71.13655894073608
2022-03-02,61949,63701,60849,61556,6395,7970,-0.007154796858667542,75.81600438317157,65.58095249919477,70.95319919031405
2022-03-03,61949,62117,58677,58971,6109,7629,-0.04290153195783404,76.91684490522752,63.59543104068648,70.91142623464452
2022-03-04,59552,59756,54781,55418,5656,7566,-0.062141346914982264,79.4261784254139,64.38244895720317,71.09075227127143
2022-03-07,54739,55411,52104,52609,5831,7461,-0.05201724295991873,70.40322290605025,65.12730331474764,71.23079549058424
2022-03-08,53407,55229,53106,53961,5230,7509,0.025374355645073107,63.27584957431689,64.09594998992854,71.26769647481527
2022-03-09,54010,59861,54010,58747,7469,8204,0.0849785244767359,71.18105219125414,66.44811136846968,71.7915157304824
2022-03-10,58936,59202,54031,55537,5922,7673,-0.05619062259513008,73.40093958699809,66.93489636144866,71.98665515355856
2022-03-11,55397,56420,53590,53709,5471,7613,-0.033468880058303625,73.98431274706032,66.97929684025807,71.96053154566147
2022-03-14,54269,55131,52545,54416,4213,7627,0.013077643027594,73.15614770761296,66.70720964625632,71.96890852168316
2022-03-15,54269,55965,53372,55720,4604,7793,0.023680920646765233,73.82945969345484,66.72447677874615,71.95374637262391
2022-03-16,55671,58529,54388,57345,8470,7755,0.028746506904880814,72.5067112305172,66.60449193056093,71.78162024208117
2022-03-17,57738,58186,56855,57296,2547,7817,-0.000854842560408972,72.50698147148215,66.49533179145685,71.77412755882949
2022-03-18,57527,59363,56308,58992,5113,8040,0.029171028235711736,67.943090589262,66.3947058953696,71.83710964500098
2022-03-21,58081,58291,56834,57766,5712,7046,-0.021001474185832324,67.82096343552492,66.49088725319054,71.70878365543976
2022-03-22,57927,60947,57296,59405,10059,4998,0.02797803060429426,65.31286805195862,66.20597219299734,71.69550391729047
2022-03-23,60092,60239,58600,59209,8001,3538,-0.003304840548201036,65.23782772773879,66.17245870755013,71.30012834493292
2022-03-24,59209,62009,59112,61507,6888,8471,0.038077432111499596,66.08412947205835,65.07727566001141,71.35908717063579
2022-03-25,61556,63227,61006,62190,5774,8794,0.011043225642248567,65.94233976993019,65.08721875371656,71.36650798633676
2022-03-28,65093,67510,64829,67113,6528,9304,0.07618355078207927,66.61788599143512,66.92031907781293,71.78185311754953
2022-03-29,66806,67391,65783,66751,4677,9378,-0.0054084874563281515,64.51201338133221,66.61737058243344,71.78346597962668
2022-03-30,66054,66848,65059,65790,4074,9346,-0.014501427343642483,64.72821058254459,66.70071723954625,71.7956469765399
2022-03-31,65762,66674,63534,63694,5480,8992,-0.0323774844788519,63.83295114594946,67.03744883959139,71.84365779877042
2022-04-01,63875,65330,61758,64829,5689,8911,0.017662667491302363,58.992178667923156,66.10388842128188,71.74552476958905
2022-04-04,65769,66305,62956,64181,5287,8652,-0.010045817372094479,55.09621382881063,66.06653838033962,71.67588874539851
2022-04-05,64898,66075,63436,64258,7492,8670,0.001199012904566451,54.86585164227531,65.6929422892249,71.66755495441524
2022-04-06,64056,64146,60066,60964,7113,8823,-0.052622703619225775,51.1168025512439,66.65481553625733,71.7897264193013
2022-04-07,61110,61117,59495,60414,4605,8298,-0.009062659862070362,46.55285233671225,66.51281912943399,71.60544239099245
2022-04-08,60672,61403,59112,59488,5079,8133,-0.01544625462249931,45.03297365817187,66.43405552446646,71.5938019475981
2022-04-11,59481,59613,54955,55644,5945,8247,-0.06680035634170947,51.60504635635169,67.63682465314898,71.8539240239417
2022-04-12,54885,56828,54579,54718,5562,7803,-0.016781532258588267,51.255959529799114,67.68645593180612,71.81504572483306
2022-04-13,55219,57921,55094,57267,5018,7791,0.045531818648138635,52.864996696962216,67.96159381441308,71.27103340100354
2022-04-14,57434,57852,55101,55463,3012,7726,-0.03200840982218939,54.069385399641725,68.29151759316619,71.32717412039807
2022-04-18,55916,57274,53667,56682,5796,7800,0.021740568250367163,53.570083605690044,68.22659572852965,71.3394780442308
2022-04-19,56856,58241,56522,57824,3695,8144,0.019947214394765694,53.61532283038789,64.24838097202648,71.19351505958836
2022-04-20,57566,58903,56953,57427,3726,8053,-0.006889338404568623,52.625846740698904,63.7279724924153,71.0922563099312
2022-04-21,57865,59899,56556,57441,5772,8282,0.00024375805392844562,52.62650796892208,63.68424309181747,69.93869017906732
2022-04-22,56612,56842,54544,54948,4525,7811,-0.04437105059621906,52.53704807220008,64.37855246732704,70.06119780926598
2022-04-25,54948,56121,53073,55899,3308,3592,0.01715920745042651,52.83859836638419,63.83599013274819,70.0709861407583
2022-04-26,55906,56725,52434,53205,5662,5216,-0.04939411401969047,45.42596349192512,63.48217346805737,70.07087661503176
2022-04-27,53191,54892,52386,54066,4375,6511,0.016053145587260464,46.44207456338651,63.45728734541365,69.63533304170588
2022-04-28,54573,56204,54017,55580,6542,7789,0.02761790183340229,48.33337307314104,63.70679948681239,69.6905742130129
2022-04-29,55371,55489,52948,53163,4974,7689,-0.04446075865304013,49.30783042752079,64.11681185073779,69.59335438818034
2022-05-02,53254,54406,52775,53517,4364,7899,0.006636694775922727,48.66714756422645,63.72124952177079,69.40718587948697
2022-05-03,53719,53892,51962,52261,4864,8071,-0.023748965434085376,48.926642540397545,59.39048411428084,69.41923525648092
2022-05-04,52386,55684,52122,55406,8011,7561,0.05843749613480725,54.59673287596728,57.98733183284538,69.61860145448188
2022-05-05,55260,55350,49324,50365,10002,7688,-0.09539140174331766,61.026252570374716,61.06245839443588,70.16888049057997
2022-05-06,50553,50817,48852,49886,5712,8161,-0.009556087124050568,61.025981990354964,60.9936612661906,70.14053098293336
2022-05-09,47845,47845,42075,42950,12896,8710,-0.14970375384032944,78.76840217077418,67.90154791619112,71.58133781975202
2022-05-10,42992,45290,41242,43436,7243,8704,0.011251941924389703,76.98196347657749,67.58922101784187,70.62889731311598
2022-05-11,41929,44630,39027,40541,19281,9477,-0.06897478263946542,79.56345540682473,68.84035093792053,70.84179867079311
2022-05-12,40076,41797,35202,39694,15142,9494,-0.021113764945121755,76.28877657096554,68.01467267403595,69.68227690263159
2022-05-13,39235,43047,39201,41707,6899,9086,0.049468937654251637,79.75414432863272,68.99681196977963,69.84417489050844
2022-05-16,43047,43603,40298,40971,6177,8997,-0.01780448105992138,78.61427041882271,67.46411102167825,69.25955341151186
2022-05-17,41839,42693,40853,41659,7459,9032,0.016652932339717517,78.42166616725115,67.50903696462213,69.23427150025282
2022-05-18,42436,42561,39784,40527,7228,9597,-0.027549013048460667,78.43243980010479,66.95938298241903,68.39660000822693
2022-05-19,40305,42367,39652,41582,8809,8889,0.025698962665542727,79.70327686596556,67.24246322096928,66.84909546077765
2022-05-20,41985,42651,39763,40631,9098,8788,-0.02313605926903793,79.06003566950076,67.17519930158045,66.60319013775742
2022-05-23,41672,42603,40214,40291,11285,7471,-0.008403203102311234,78.19289601209267,66.99374888085786,66.51992469823986
2022-05-24,40291,40780,39450,40449,5115,5855,0.003913802370199749,77.4933468154029,65.11393162492053,66.51724669273948
2022-05-25,40780,41739,40394,40684,6328,7842,0.005792973443302583,77.05511282601229,64.0295469711369,66.02848401904922
2022-05-26,41111,41146,38457,40491,10553,9182,-0.004755167568095128,75.56636104473577,64.03122151669079,66.02717649843804
2022-05-27,39436,40870,38836,39732,8360,9603,-0.018922818842145122,74.82343520806813,63.644079319831505,65.80570064901094
2022-05-31,40222,44752,40139,43642,14873,9145,0.09386308107582761,83.95037141869986,65.82037241634816,66.46960917407648
2022-06-01,43710,44152,40353,41415,7625,9531,-0.05237685537870972,85.16939932239532,65.83162226598573,66.51274375587563
2022-06-02,40725,41966,40649,41766,6669,9356,0.008439477364357012,81.4832336264615,65.60008970498802,66.42536126052843
2022-06-03,41856,42366,40215,40725,6335,9462,-0.02524045692647564,75.81186038177981,63.03409696511958,65.99305050409274
2022-06-06,41229,43855,41118,43421,9293,9356,0.06410104055818498,80.3235673444318,63.76825018715855,65.53433367602567
2022-06-07,43435,43538,40167,42807,11270,8850,-0.014241554429745921,60.28285623150862,63.51127555897834,65.54133922960881
2022-06-08,43380,43545,41056,41477,7937,8824,-0.03156258388230051,61.117165139748074,63.66387331721023,65.58825406406272
2022-06-09,41808,42283,41201,41291,4174,9014,-0.004494498190311718,55.8469793948993,63.39197482950234,65.28095103051872
2022-06-10,41484,42780,39629,39877,8031,9192,-0.03484484195692216,56.77044571265119,63.28581288020525,65.3618644196924
2022-06-13,37719,37733,31011,31866,18646,9286,-0.2242601059186962,95.33366645885313,77.47305657809163,68.99730593277937
2022-06-14,31728,32114,28646,30508,16480,9021,-0.0435506663663249,95.92561648655753,77.34488018150161,69.0887631870146
2022-06-15,29591,30866,27612,29818,19873,8728,-0.022876706295784713,95.2333568998971,77.35620130216753,68.82851362250251
2022-06-16,30563,31638,28177,28667,9773,8889,-0.03936560258143623,95.50355314100284,77.13692151349359,68.47917209911849
2022-06-17,28467,29391,27778,28226,8720,8447,-0.015503096432955926,94.1528221770296,77.11772630869586,68.49259272760213
2022-06-21,28115,29942,27026,28763,18029,6403,0.018846299964770746,95.10470171149886,76.68011190349115,68.50846164504254
2022-06-22,28846,28846,27247,27722,13382,3634,-0.036863517165424665,95.28907419559745,76.67592861636919,68.4397568708993
2022-06-23,27502,29081,27405,28819,10083,1751,0.03880857005191973,97.17358443576157,75.17740297501757,68.08608033951732
2022-06-24,28818,29920,28818,29627,7037,9194,0.027651215882003075,98.15689572181883,75.64430044467255,67.7685992750788
2022-06-27,29773,30010,28463,28993,5894,9685,-0.02163168618562918,98.08649936589714,75.66229100114839,67.5633089332969
2022-06-28,28944,29543,28052,28122,5868,9936,-0.030502233370830675,98.20732916683983,75.64344720963697,67.46683215794825
2022-06-29,28282,28442,27564,28135,6703,9846,0.0004621647166181809,89.38793311812113,75.42137783695232,67.29510431449364
2022-06-30,28212,28289,25822,26149,10284,10230,-0.07320340402329494,90.62530864827963,76.38754405034362,67.6655995267329
2022-07-01,26066,28979,25968,26923,10646,9583,0.029169991013036602,91.86912673211937,76.85400814074124,67.70079608620155
2022-07-05,26860,28909,26463,28421,15041,9359,0.05414736866332914,95.73325781597029,77.70209254152756,67.897579825506
2022-07-06,28310,28505,27501,28261,5808,9604,-0.005645546203815425,90.8795438142298,77.71211600828647,67.71693264848518
2022-07-07,28379,30512,28219,30463,8758,9802,0.0750300701054322,97.13126859766598,79.75880411478813,68.13687609392503
2022-07-08,30205,31432,29495,30338,9678,9452,-0.004111780270449351,97.07450118275057,78.92104562306031,68.10980727105579
2022-07-11,29334,29334,28177,28512,7657,8967,-0.06207600088108182,98.34142688970206,79.62734169660752,68.36253421934757
2022-07-12,28142,28142,26783,26923,7721,9475,-0.05734411141341495,99.15782363194549,79.30577320043723,68.56397505790544
2022-07-13,26888,28003,26247,27341,12021,9479,0.015406467196687272,63.726899461004415,79.40486792940452,68.4719650322196
2022-07-14,27724,29111,27299,28749,10781,9611,0.05021557695806367,65.39239315991334,80.1295576021919,68.64807374380572
2022-07-15,28491,29571,28379,29536,6272,9615,0.027006874290706816,65.77445996141414,80.2601509725573,68.60368774765965
2022-07-18,29383,31760,28923,30136,10033,9251,0.02011061206929834,64.48585308789146,80.51238458907426,68.56794325915712
2022-07-19,30191,33070,30073,32700,11774,10199,0.08165460751346774,69.8846817496576,82.68639494694644,68.7785012580358
2022-07-20,32965,33871,31962,33028,10139,9740,0.009980608651974475,69.76210682155947,82.45420950735678,68.73755133501328
2022-07-21,32889,33014,31174,32380,7350,9390,-0.019814738305693014,68.59590372316043,82.31112507919413,68.76187128759368
2022-07-22,32352,33174,31418,31523,6639,9087,-0.026823510123942598,68.61270327194904,81.96845712710378,67.30220618587131
2022-07-25,31523,31806,29837,30265,4534,5067,-0.04072550878189589,69.83265616404188,82.0612784255049,67.30522133635941
2022-07-26,30459,30486,28614,28904,6888,7892,-0.046011935498311424,71.40223605836265,82.01961829203451,67.10708511386463
2022-07-27,29015,31965,29015,31516,6806,8227,0.08651535953810256,76.6914623976005,84.09633957172495,67.68255644610961
2022-07-28,31571,33685,31281,33056,8974,9537,0.04770773955378639,78.08471669165696,84.83454388220422,67.86359416241517
2022-07-29,33174,34016,32552,33146,7464,9810,0.0027189527641241326,72.02032714825461,84.79848128227249,67.84182002576745
2022-08-01,32683,32725,31633,31820,5781,9209,-0.04082702279171143,74.04584270106025,83.93303333302242,67.88953914301268
2022-08-02,31847,32483,31343,31778,5487,9484,-0.0013207964434655104,72.08807248413478,82.00090767468537,67.70161010785083
2022-08-03,32020,32752,31405,32524,6020,9878,0.02320405187941577,72.21936168195569,82.24330495538238,67.7034637809754
2022-08-04,32289,32289,30956,31025,7914,9316,-0.04718494725492024,69.94971955297868,77.18021086882815,67.62643346274426
2022-08-05,31094,32545,31053,31723,8818,9202,0.02224863875739537,70.32335612819887,77.31446078114534,67.28717976844678
2022-08-08,32206,33650,31896,33139,7581,9799,0.04366886667998805,67.45701462637086,76.79282481777862,67.44091996005176
2022-08-09,32994,33111,31571,31861,8218,9026,-0.03932814521920067,65.43213962495958,77.06293361734113,67.50104309493403
2022-08-10,32055,33491,31267,32683,9528,9274,0.025472373735259398,65.67180489991435,76.5112125952993,67.41716230669199
2022-08-11,33160,34514,32939,33498,9242,9252,0.02463067051216506,64.1484596594723,76.67976544282949,67.28682404778145
2022-08-12,33471,33595,32607,33491,4938,8949,-0.00020898953635603953,63.785318080442764,76.56961911915911,67.28413633275179
2022-08-15,33657,34915,33008,33160,7443,8858,-0.009932415752828059,63.812996836652424,76.41961108883774,67.28066939176139
2022-08-16,33243,33526,32662,33084,5100,8832,-0.0022945484374341783,56.993104019010445,76.18017854420354,67.2692793319644
2022-08-17,33105,33802,31979,32096,8565,9383,-0.030318370050134973,57.899808750178195,76.2721661138007,67.18923852956868
2022-08-18,32137,32593,32068,32241,3984,9156,0.004507522747600887,57.517989828265,76.28571788141592,67.03848332721371
2022-08-19,32234,32289,29063,29333,11296,9707,-0.09452577241795941,66.05838688087442,78.50067380747474,67.65211165489251
2022-08-22,29595,29837,28745,28967,7314,8798,-0.012555911092278552,64.70147869837555,78.47943675298022,67.61494140494179
2022-08-23,29091,29927,28725,29692,8565,6615,0.02472039823841242,63.201920631516586,78.72606631639255,67.6565025271399
2022-08-24,29692,30190,29174,29927,7449,7820,0.007883433706504881,54.74522252575507,78.71773187367066,67.56503843029196
2022-08-25,29782,30065,29353,29713,8515,9662,-0.007176422482710201,51.42335453240436,75.9890973076075,67.47722961009644
2022-08-26,29651,30162,28075,28227,13737,11363,-0.051305693786357034,53.82148394543515,75.96173221547274,67.64353716778072
2022-08-29,27494,28082,26741,27598,7992,10770,-0.022535660363375596,52.72368482386247,75.9687083898906,67.62333699563982
2022-08-30,27625,28517,26741,27328,7230,11576,-0.009831488723203361,52.68611470618235,75.87544421529806,67.5875712767082
2022-08-31,27294,28199,27073,27736,7256,11139,0.014819390776563048,52.118122908778,74.57374348642843,67.56558100709066
2022-09-01,27826,27847,26692,27225,7103,11552,-0.018595539563698183,50.217848766435495,74.59596446212228,67.51416971843419
2022-09-02,27612,28185,27031,27335,9765,11047,0.004032263527938451,49.23989809035331,74.46298340847014,67.0701868790768
2022-09-06,27294,27757,25545,25759,15290,12520,-0.05938385174009701,48.6359180435671,75.23140298168556,67.3058651469995
2022-09-07,25960,26768,25379,26160,6749,11600,0.015447445982132425,48.52923692958196,75.16703257141008,67.32993882323512
2022-09-08,26499,26817,26133,26623,7811,11293,0.017543977248248233,47.84040493614534,60.15519078804705,67.33946332170572
2022-09-09,26278,29699,26278,29505,16199,10637,0.10278423667188584,61.494004531047764,63.333082042882246,68.15725977862058
2022-09-12,29720,31143,29720,31040,8764,10349,0.050716954805885985,64.73943987182514,64.01747658764535,68.25080239792945
2022-09-13,30950,31620,27715,27978,15358,10225,-0.10385820826077917,73.86178536910913,67.03348850395476,68.89196481624147
2022-09-14,27798,28337,27073,27543,7625,10110,-0.015670067224566188,73.86542708127944,67.0351034416796,68.89392737925839
2022-09-15,27826,28123,26886,27273,7042,10747,-0.009851218021841813,73.44411581709271,66.94096307975924,68.89626152940423
2022-09-16,27301,27460,26644,27059,6561,11014,-0.007877534663042253,73.29262394532947,66.53794519351457,68.4481325452121
2022-09-19,26941,27121,25151,26927,12241,10656,-0.004890166452447001,65.91607606925831,66.03881896942138,68.3426354452677
2022-09-20,26990,27149,25835,26195,8868,10796,-0.02756094783215852,66.37952884616884,65.9803368809958,68.29751545163192
2022-09-21,26098,27487,25808,26236,15361,10412,0.0015639605713060184,65.50622729971029,65.85746755722161,68.20849663664423
2022-09-22,25587,26920,24999,26672,9042,10593,0.016481812576949077,65.82153264044389,65.68243886639816,68.04990659061436
2022-09-23,26540,26948,25511,25911,9164,10837,-0.028946737042180027,66.33540870998075,65.93277106109271,68.0760315004267
2022-09-26,25911,26781,25814,26621,5145,5307,0.02703278903517771,65.19009658242432,64.45200183479125,68.0597364419254
2022-09-27,26510,28312,26044,26461,8672,7509,-0.006028427133823941,64.79374267391529,64.1816507042885,68.0558812971916
2022-09-28,26329,27331,25570,27171,8359,9611,0.026478277193309176,65.49744116662387,63.42534331859979,67.84310955280132
2022-09-29,27275,27331,26078,26962,8360,11139,-0.007721760792048778,65.29627237108532,63.43361531660082,66.9828302646672
2022-09-30,26997,28090,26628,27039,12261,11388,0.0028518009735100784,64.99091601313675,61.4424932834367,66.9017876372037
2022-10-03,26712,27408,26148,27178,12200,11435,0.005127554255923256,65.00185724326333,61.458022162868076,66.7946580151201
2022-10-04,27192,28584,27164,28236,11729,11853,0.0381899370349201,62.41218398426464,60.690530428667714,66.44658007277575
2022-10-05,28375,28452,27477,28034,9665,11560,-0.007179700292359821,62.406948895741365,59.53145477035435,66.42137521683583
2022-10-06,27958,28556,27658,27874,9200,11351,-0.005723704543548119,62.25681080354559,59.46556974985738,66.40018311563335
2022-10-07,27658,27951,26809,27018,11120,12148,-0.031191044149828224,50.65873964701765,58.885696759711706,66.2364321161844
2022-10-10,26990,27095,26468,26621,7446,12604,-0.014802932546053634,46.35973821268438,58.65825496197496,66.15632137798038
2022-10-11,26677,26760,26113,26308,9226,13143,-0.011827302562331308,29.46922687279277,58.51530054430811,66.04863271610645
2022-10-12,26357,26649,26308,26579,5182,12609,0.010248354865873917,29.436366040705025,55.91337696001047,66.0538441413431
2022-10-13,26656,27248,24791,26948,23505,11751,0.013787652793434727,29.770886519926563,55.95787363999191,65.71436092281421
2022-10-14,27025,27804,26538,26600,14027,11461,-0.012997867310759994,29.991574506621028,55.889813991136265,65.71949910879866
2022-10-17,26545,27394,26545,27164,7538,10812,0.020981351463891587,30.921534981451188,55.88826894458847,65.5595294344252
2022-10-18,27178,27442,26510,26698,8664,11322,-0.01730391101800434,29.886736810636734,55.407755185719665,65.47586183857594
2022-10-19,26802,26921,26496,26726,5612,11225,0.001048218125328567,29.885894583976864,54.6485740779482,65.25851830940111
2022-10-20,26656,26921,26273,26489,9380,11350,-0.008907321881818824,29.48926479440404,51.507628712084994,65.21154711247033
2022-10-21,26517,26795,25911,26719,10597,10279,0.008645370341355653,27.612629297257445,50.48033999332744,65.14495141469739
2022-10-24,26719,26883,26204,26479,4741,4770,-0.009022956813142757,26.122699178843174,50.475441998222536,65.1414463418382
2022-10-25,26438,27994,26314,27822,7316,7064,0.049475108632115496,31.396445933796592,51.03129248522055,65.19073002060128
2022-10-26,27768,28851,27425,28508,7878,8009,0.024357675002245584,31.190055990275393,51.32152012861504,65.10901879963443
2022-10-27,28426,28741,27884,28412,8249,9673,-0.0033731585040607678,31.040692822987058,51.05659051047523,65.06442951232289
2022-10-28,28097,28536,27370,28357,8559,9592,-0.0019376778596967728,31.082460805588724,50.19054979660993,65.03923551491015
2022-10-31,28405,28645,27726,27946,7208,9425,-0.014599836617610709,31.635032902010273,50.01368953126464,64.90661246510719
2022-11-01,28014,28419,27864,28083,4663,9478,0.004890334399461273,28.556290459307487,49.12098346606099,64.90458364991069
2022-11-02,28110,28618,27569,27788,9266,9561,-0.010560138227082874,28.68965047332606,48.556799857536014,64.86601233623136
2022-11-03,27651,27994,27466,27816,7002,9474,0.0010071218749258498,28.62467193189822,48.217243340975,64.86654005988208
2022-11-04,27809,29345,27678,29009,16426,10720,0.04199473196150518,29.8453108376792,48.76563304501164,64.47935182802978
2022-11-07,29070,29091,28296,28583,6250,9991,-0.01479399116470536,29.84458153573335,48.82923315264567,64.45145375816745
2022-11-08,28110,28385,23085,24792,44896,11210,-0.14229111501691288,59.730060053798425,56.590853783313634,65.89323731842752
2022-11-09,25341,25457,20466,21412,29101,15071,-0.1465695079543122,78.20802231136145,63.60273135339071,67.40080895077963
2022-11-10,21172,24593,20884,24381,18015,14065,0.12985262790804264,92.5802949101948,69.33396375090322,68.7536956396302
2022-11-11,23942,23969,21549,22008,12252,14882,-0.10239811681690407,98.83165341766208,72.1401388488612,69.4459394030272
2022-11-14,21762,22955,20911,21947,7191,14117,-0.002775567701551909,98.2185138336841,69.76229834073689,69.16209228931245
2022-11-15,22056,23297,22056,22886,7408,13626,0.0418949139748014,99.92077475585315,70.39452691632468,69.30051786683505
2022-11-16,22920,23112,21960,22331,7008,14341,-0.02454952224277275,100.03648795064417,70.26217251876609,69.22994952965239
2022-11-17,22447,22776,22098,22653,5977,13736,0.014316445836648048,100.37789952348253,70.32391183221843,69.25628480354283
2022-11-18,22687,23147,22440,22667,6052,12956,0.0006178287928212308,100.24358744590253,70.3300509593299,69.18403503473289
2022-11-21,22152,22303,21055,21515,12988,10632,-0.052159755991656516,101.45139910343349,70.35453570888521,69.22581293071394
2022-11-22,21453,22344,21275,22015,12763,6144,0.02297367291715427,99.80033165961407,70.47503739188497,69.28293031031022
2022-11-23,22098,22907,22050,22776,9969,2017,0.033983310768019234,100.31879501333543,70.88484660311431,69.16681250552655
2022-11-25,22159,22571,21912,22351,3599,13705,-0.018836287187778186,100.30845552347894,70.85830092757988,68.75370225658234
2022-11-28,22399,22454,21432,21926,6804,14125,-0.01919791553560994,100.26598058011815,70.86385396501481,68.76512728813718
2022-11-29,21830,22502,21775,22303,4649,14311,0.017048051313472562,100.82093737129401,70.97390793145134,68.79475075248244
2022-11-30,22262,23503,22159,23421,8018,13855,0.048911857240442856,102.9457830983997,70.79460947997345,69.00149554269565
2022-12-01,23572,23633,22982,23064,6039,13476,-0.015360095470162568,102.96905459803156,70.75954128573008,68.73626872281497
2022-12-02,23133,23386,22015,23304,3869,13273,0.010352059321032432,103.146597468293,70.6895821128582,68.2148002968211
2022-12-05,23339,23908,22968,23071,6335,13219,-0.010048602073662047,101.38333900158378,67.2282933454454,68.11530962156918
2022-12-06,23126,23345,23037,23236,3720,13023,0.0071263825468146315,101.58587115514517,66.29728538317742,68.11648879598047
2022-12-07,23222,23434,22735,22934,3966,13044,-0.013082274514173375,88.88892938430118,63.035592952581545,67.83785939571112
2022-12-08,22982,23750,22852,23565,7120,11844,0.02714203475958162,71.61734149059458,63.287249749746366,67.8774320622143
2022-12-09,23640,23798,23318,23359,4444,11533,-0.008780211551143908,54.32853590954969,63.28238875301153,67.7826786622908
2022-12-12,23421,23613,23064,23469,4191,11336,0.004698052546503081,39.35212167456007,63.28992015913123,67.71692895553325
2022-12-13,23544,24854,23380,24333,9178,11043,0.036153052385264,40.95958079018221,63.777246639475294,67.74860877560384
2022-12-14,24374,25258,24244,24401,7805,11079,0.002790661309591158,38.59161235461256,63.554284715223986,67.7100099449327
2022-12-15,24463,24511,23709,23853,5851,11363,-0.022714119478452394,38.42166489395256,63.704059558718974,67.65246952294235
2022-12-16,23777,24031,22865,23003,7266,11623,-0.0362853533815743,40.6317236554725,63.98206242468625,67.69756369382819
2022-12-19,22886,22996,22481,22619,4393,11417,-0.016834381160037482,41.10964372546924,63.81588713613991,67.60186025261015
2022-12-20,22385,23441,22317,23092,5601,11194,0.020695976152842858,36.78066743360032,63.70474758613576,67.6380658835934
2022-12-21,23133,23153,22859,22948,2295,10905,-0.006255450459062559,36.190640484309625,63.705321391839995,67.49035529103448
2022-12-22,22934,23105,22571,22948,5529,10890,0.0,34.170753951183414,63.42360682675593,67.48005515400067
2022-12-23,22982,23188,22893,23009,5712,8959,0.0026546569977710533,33.41121571897206,63.4249715576054,67.14416581557722
2022-12-27,22886,23057,22413,22536,4684,8145,-0.020771413163324145,33.54459497088152,63.522265449923545,67.16262887358873
2022-12-28,22598,22667,22262,22481,7165,10546,-0.0024435225521991944,33.04631270198912,63.499652405937866,67.16270993642972
2022-12-29,22392,22591,22242,22468,4264,11951,-0.0005784333516859876,27.636472880538687,62.91568581965803,67.11262372117093
2022-12-30,22550,22804,22063,22673,6062,11769,0.009082714574319226,27.439554370220986,62.966719317887424,67.12346611009401
2023-01-03,22865,22989,22660,22783,4086,12112,0.004839854572407486,27.209757809876724,62.98826545504734,67.11560454850179
2023-01-04,22797,23332,22776,23009,7387,11238,0.009870799920482629,27.26249093041463,62.77515171059017,66.93225695633545
2023-01-05,23051,23160,22920,23092,3408,11206,0.0036007934612915333,27.16650651692014,62.736604440045,66.92785369771558
2023-01-06,23071,23428,22824,23167,6144,11244,0.0032426150896449728,26.763650063160476,62.71559204810805,66.87162812760076
2023-01-09,23284,23914,23249,23620,7471,11394,0.01936495848088416,25.864323286068025,62.82012131442832,66.91083394052704
2023-01-10,23558,24072,23496,24045,5068,12204,0.017833263960409792,26.3704131766654,62.868909389307284,66.88363688666611
2023-01-11,23983,24182,23764,24154,4674,12160,0.004522923123557466,26.36762290482763,62.83933734683972,66.83331739215328
2023-01-12,24168,26328,24154,26266,14036,13004,0.08382532930978467,37.69078080740887,65.08396052820011,67.36392973665892
2023-01-13,25978,27418,25759,26808,7033,12940,0.020425023272041168,38.14383947197018,65.12867235808349,67.39171765274308
2023-01-17,28775,29790,28371,29461,12709,12535,0.09436700435467574,48.276619817761734,67.93604583138865,68.02160339161327
2023-01-18,29242,29886,28056,28522,13106,12447,-0.03239163547510985,47.79288468676863,68.26123805526683,68.08790530492304
2023-01-19,28666,29173,28426,29070,5319,12755,0.019030995256209226,46.73094524251915,68.34254450619592,68.06135377524383
2023-01-20,29009,30887,28707,30702,9472,12768,0.05462108448022516,49.01163303135864,69.16740855091675,67.41527017494772
2023-01-23,30997,31868,30969,31662,10731,10609,0.03078942460057596,48.71992401587126,68.7296104374668,67.34749171315349
2023-01-24,31662,32004,31436,31813,4435,6852,0.004757787627981414,48.54040695996565,68.57637911502168,67.34624449871805
2023-01-25,31402,32681,30800,31607,6778,9498,-0.006496396231067163,48.98901893808007,68.58948296797162,67.34481819840693
2023-01-26,31737,32093,31505,31922,8326,13206,0.009916812211866636,47.119750868775874,68.60509162609308,67.23501492473287
2023-01-27,31833,32490,31142,31902,7950,14390,-0.0006267235101102061,47.02253992124538,68.52062651238097,66.936976489958
2023-01-30,32695,32941,31074,31224,5865,14109,-0.021481673871942605,48.645824728053135,68.68945028428232,66.9341375548433
2023-01-31,31286,32025,31259,31806,3489,14345,0.018467921355410265,48.57120100106956,68.72454756108766,66.9645695133886
2023-02-01,31922,32784,31334,32497,5605,14525,0.02149282614904285,48.381022018309,68.83685682252253,66.9569722108101
2023-02-02,32750,33447,32216,32839,7693,14067,0.010469056067914892,48.3685532110207,68.36770359086952,66.8881564060138
2023-02-03,32373,32681,31929,32127,6471,13628,-0.021920035363833953,50.175853695211394,68.4583042989871,65.89436133377087
2023-02-06,31601,31840,31129,31614,4857,13449,-0.016096737631643925,51.31087851864409,61.64813568372669,65.32148209121316
2023-02-07,31409,32093,31088,31874,5725,13363,0.008190569982238135,51.353795189092175,53.05833018911068,65.32865887070028
2023-02-08,31874,32202,31047,31306,5590,12764,-0.017980857971410764,52.64756265652699,46.65809969658009,65.33090716803328
2023-02-09,31484,31580,29713,30109,10270,12450,-0.038985642081526786,55.77059809732899,42.054865870665346,65.42031272817498
2023-02-10,29856,30055,29419,29788,6154,12138,-0.010718502536105274,49.09886160386529,42.1507901748759,65.31010601382725
2023-02-13,29850,30000,29248,29699,7442,11484,-0.0029922526402635535,48.908066764659374,41.47519868515766,65.3099075971587
2023-02-14,29685,30609,29514,30554,8590,11712,0.02838223473539541,37.128068741535444,41.318575014619505,65.19661534938737
2023-02-15,30465,33399,30233,33174,10953,12479,0.08227082664031993,44.65939171323188,44.2034537638626,65.75383430799357
2023-02-16,33222,34672,33167,33707,16546,12370,0.015939094338194782,44.567400547715216,44.229988106660805,65.34850786112204
2023-02-17,32941,34330,32052,34022,12414,11212,0.00930184326534536,40.9556597721875,42.501450769003604,65.32247178528826
2023-02-21,33523,34658,32702,33502,19029,8343,-0.01540223564589621,40.39620820630991,42.637451739167886,65.14071360500012
2023-02-22,33372,33509,32271,32558,13563,4807,-0.028582024355176688,41.890446240412615,42.87345741831914,65.19422035111855
2023-02-23,32969,33666,32312,32722,11773,1402,0.005024520374566673,41.81080086253139,42.56187793504895,65.16234636188928
2023-02-24,32722,33116,31214,31730,12099,11997,-0.030785028965780573,43.226454927539564,42.92368847313212,65.19101139177927
2023-02-27,32029,32702,31581,31866,6664,11886,0.004277005073212971,43.2565996255813,42.86507553658802,64.77391449365416
2023-02-28,32056,32321,31465,31818,4903,12311,-0.001507443285269182,42.51921502904513,41.94202180372859,64.54138378117841
2023-03-01,31635,32845,31451,31982,6343,11993,0.005141077154202451,42.05123669837938,41.72460391351485,64.54453962001485
2023-03-02,32138,32518,31669,32063,4721,11669,0.0025294728140547534,41.31452805948722,41.71613400215698,64.41863133609293
2023-03-03,32022,32097,29929,30337,12038,10306,-0.05533462768697774,45.36530766279368,43.425983220040074,64.35838247884611
2023-03-06,30520,30806,30310,30432,4800,9854,0.003126596698652529,44.91932584090446,43.423636020646455,64.16606123008482
2023-03-07,30520,30717,29820,29997,6742,9883,-0.014397309701157778,44.85616004388532,43.44720377002768,64.11737974875513
2023-03-08,30038,30310,29739,30058,6280,9857,0.0020314718500806647,44.712239249982,43.19166278761302,63.51200565972207
2023-03-09,29630,29698,27129,27272,14035,10888,-0.09726831367630058,55.74736503691995,47.86872984324317,63.99433387069311
2023-03-10,27591,27632,26531,27136,13496,10539,-0.004999275226109439,54.44283568649835,47.8916633961569,63.92024384104526
2023-03-13,28883,33463,28692,33171,28142,9998,0.20081474061888177,91.06206421171215,62.5049706082661,67.09054647468105
2023-03-14,32933,36175,32661,34306,16272,10136,0.03364426575925878,91.54272915585162,62.77418006225647,67.13655498246028
2023-03-15,33511,34578,32627,33286,13885,9699,-0.03018337782309853,92.10499938906128,62.93692614393772,67.12465465554864
2023-03-16,33449,34387,32960,34102,6503,9551,0.02421914543142505,87.78954280687167,62.438478800075536,67.17683395187692
2023-03-17,34034,36909,33980,36698,12866,9773,0.07336622406680203,91.34728844566733,63.71816817899434,67.5304902725222
2023-03-20,38186,39029,37133,37982,9810,9879,0.03439010562929157,91.96330001706119,63.895667453403284,67.600867137402
2023-03-21,38261,38981,37452,38478,6288,10368,0.012974286102727644,91.6587768386811,63.830146053652705,67.55102057244586
2023-03-22,38342,39477,36290,36426,10975,10220,-0.05480384401842883,93.46088004149897,65.12112574975917,67.76066817965844
2023-03-23,36970,39328,36800,38805,11418,10368,0.06326629892975019,95.67261824366675,66.09789546002057,67.95813474972923
2023-03-24,38804,39131,37735,38267,978,3545,-0.013961198325290882,94.93936075134769,65.98278682860379,67.95652075998873
2023-03-27,38287,38627,36435,37068,3458,4762,-0.03183384225636631,96.05485293357799,66.47027441388823,67.56394701200632
2023-03-28,37307,37770,36605,37654,5477,7204,0.015685126578075134,96.03344490831998,66.46069157459046,67.58754735929132
2023-03-29,37300,39342,37252,39029,4660,8869,0.03586576924483631,96.51238718478739,66.69514704901607,67.68455407756366
2023-03-30,38934,40057,38015,38430,5849,10406,-0.015466554970603823,96.90666410560056,66.8795053808617,67.62923822866446
2023-03-31,38587,39703,37783,39138,6392,11294,0.018255457465261485,93.89508357450677,66.90777006109036,67.63101051177523
2023-04-03,38866,39186,37579,38491,7861,10802,-0.016669414309626585,94.42523928868704,67.10441135899087,67.64223533355369
2023-04-04,38035,39016,37933,38641,6996,10588,0.003889441194234896,93.97575490158431,67.1023713355282,67.64408052399212
2023-04-05,38662,39472,38042,38655,8243,10341,0.0003622438458158683,94.00266007427447,67.08427949107852,67.45195312098734
2023-04-06,38607,38607,37810,38321,5239,10518,-0.008678083976870938,85.11188992660256,67.14183394100407,67.4515463970274
2023-04-07,38273,38369,37953,38192,1295,10475,-0.003371979199092827,85.05802874727422,67.1776162166464,67.4377541542536
2023-04-10,38818,40405,38491,40064,9746,12298,0.04785210588115907,52.23212083987314,65.82595776484726,67.30115735935132
2023-04-11,40098,41909,40085,41297,8509,12423,0.030311682625815885,52.04034073268235,65.94292393115543,67.35768003146441
2023-04-12,41351,41821,40582,40752,5859,11945,-0.01328493986634797,50.66863532129942,63.510849714321196,67.2040317583486
2023-04-13,40902,42080,40772,41576,5866,12243,0.020018159469039537,50.53534295977467,63.085384608556794,67.16689759914306
2023-04-14,41460,42488,40943,41494,7294,11710,-0.0019742392351929914,44.73043212074798,63.050921578584685,67.12728208558734
2023-04-17,41651,41651,39880,40241,6895,11340,-0.030662462093610194,45.23892877641536,62.65920171827334,67.15786284375886
2023-04-18,40248,41657,39690,41297,5579,11816,0.025903481726111538,45.849899380321816,62.57962549666782,67.21166492811237
2023-04-19,41446,41562,39506,39853,7617,11263,-0.03559217339213849,43.028062612738495,63.114605207545374,67.29947473959392
2023-04-20,39758,39839,38110,38260,7611,10639,-0.040792720699203915,39.91907250099101,63.74080488976852,67.27734041694954
2023-04-21,38457,38621,37034,37191,6273,10295,-0.028338167487987363,40.86713455389429,64.0496061476185,67.30505726926424
2023-04-24,37191,37864,36518,37083,3402,4644,-0.0029081529503236564,39.27123392443935,64.0561395781176,67.13278437056273
2023-04-25,37090,37998,36841,37399,4693,6692,0.008485322521310104,38.972346698504424,63.87092047441749,67.11712023812177
2023-04-26,38342,40657,36955,37837,7366,8305,0.011643493761720096,36.880072967015074,63.81565384781416,67.06618731326036
2023-04-27,38672,40563,38254,40307,6966,9687,0.06323769128265859,43.01286549909755,64.89955463140399,67.24004070051404
2023-04-28,40294,40294,39123,39681,6022,9622,-0.0156526674274645,43.03745433057093,65.00199833258567,67.25129876963166
2023-05-01,39870,39870,37305,37581,8811,9698,-0.05437388018185544,46.95698852450198,65.87116635899939,67.42529821144748
2023-05-02,37736,39116,37635,38840,7112,9622,0.032952039892959674,48.4828821231661,66.04286049162742,67.245018256243
2023-05-03,38766,38981,37938,38254,6486,9521,-0.015202513454781798,48.79220873399255,66.14477961402605,66.58968388944801
2023-05-04,39049,39749,38739,39062,6574,9623,0.020901997446357318,49.2638386585601,66.09694644408286,66.62074825778546
2023-05-05,38961,40267,38853,40072,8255,10349,0.02552770864061605,49.98969198221672,65.63863515008612,64.96409799885092
2023-05-08,39183,39190,36780,36841,11968,10128,-0.08406648062836047,55.68899920215629,68.05436654340143,65.49559407076165
2023-05-09,37150,37527,36888,37386,4968,10195,0.0146849473631848,54.67177570271791,68.07829613128473,65.15012659689525
2023-05-10,37238,38254,36006,37393,11878,10291,0.00018721833724565134,54.60928334117121,67.88905227496316,65.11642715542892
2023-05-11,37177,37440,35986,36141,7435,10568,-0.03405556617456023,54.78836013225193,66.28110533011709,65.01102821029764
2023-05-12,36363,36464,34788,35656,7783,10427,-0.01351051930857066,54.80090395938699,66.28049787759926,65.00093834952082
2023-05-15,36194,37346,36040,36989,5914,10074,0.03670313550107009,56.23607473589296,66.66497858383639,65.08577542204667
2023-05-16,36901,36915,36221,36302,4243,9942,-0.018747734973538845,55.29008463975017,66.70449335646406,65.05471506551032
2023-05-17,36423,37049,35730,36928,6683,9905,0.01709723471384845,54.76701618839688,66.48591207924525,65.02546208075356
2023-05-18,36874,37083,35508,36053,7836,10054,-0.023979992863960777,53.57343490608173,66.6967862987033,65.02849374322925
2023-05-19,36194,36666,35912,36194,5175,9366,0.00390328121633584,52.76492421831694,66.35502239674396,65.02505303221278
2023-05-22,36114,36565,35730,36168,7447,7882,-0.0007186092457053062,52.7621202926742,66.35622186658546,65.02358522937574
2023-05-23,36235,37110,36080,36619,9455,5912,0.012392481398954516,52.87583512260563,66.38499020844942,65.03337032772512
2023-05-24,36619,36665,34979,35192,5455,7585,-0.0397484473448398,54.36489289508105,66.93928126382836,65.15176394982124
2023-05-25,35405,35539,34645,35419,7966,9299,0.006429615272792076,48.52450038459673,66.94638062329584,65.12916964227507
2023-05-26,35345,36139,35192,35885,5519,9041,0.01307098156282448,48.87300377930692,65.91895755541583,64.44654905229442
2023-05-30,37219,38218,36932,37425,10217,9000,0.04201954942365687,47.932862991929866,66.40729278804007,64.37855174588843
2023-05-31,37205,37385,35879,36099,9363,9508,-0.03607376618155685,47.86161315688328,66.80348636049523,64.47171269845452
2023-06-01,36245,36585,35565,35899,5116,9507,-0.005555724171067312,47.67516345772527,66.82669447594866,64.42579657993248
2023-06-02,35952,36585,35412,36512,7219,9277,0.016931533726597198,47.4293916224291,63.52788915846386,64.12042038601211
2023-06-05,36445,36819,33852,34185,14010,10834,-0.06585402231390788,51.00104590496488,65.13524229933184,64.43937969024599
2023-06-06,34219,36499,33752,36352,14581,10023,0.06146227173292884,48.280904223621036,52.09143825362526,64.6678171118981
2023-06-07,36225,36699,35105,35479,7113,10104,-0.024308250947406327,48.619144257557934,51.91891434852636,64.71070053279227
2023-06-08,35112,35939,34932,35532,4011,10369,0.0014927267561746678,48.63134084307612,51.52209506817596,64.61890019782349
2023-06-09,35612,35892,35172,35299,4376,10184,-0.006579063981364224,47.228399946991146,51.317731664430596,60.55716329195321
2023-06-12,34872,34919,34225,34519,5095,10121,-0.02234473784425362,47.636683419477684,49.22513563230213,60.438680205530815
2023-06-13,34679,35405,34299,34572,5185,10079,0.0015342088085549994,45.4706092002093,48.67307492627991,60.392823632075995
2023-06-14,34519,34872,33085,34532,5866,9902,-0.001157675517115483,45.10931970570024,48.57881080135021,60.25866559626888
2023-06-15,33479,34159,32992,33959,10605,10199,-0.0167325157712219,44.757081885587965,47.417388982308545,60.262146759113314
2023-06-16,34132,35465,33525,35259,10238,9968,0.03756690121677236,46.447887376254094,46.202718311233,60.34832232620386
2023-06-20,35312,37925,35079,37572,17218,11813,0.06353827631344211,51.81567203017726,48.01142097992185,60.55543939284422
2023-06-21,37665,41252,37665,40345,18504,12215,0.07120837916820096,57.33556426927693,49.73448873707027,60.84567317536451
2023-06-22,40025,40912,39652,40492,10153,12894,0.003636952436035287,57.27945483383928,49.64802123499394,60.788342399763465
2023-06-23,40232,42205,39965,41492,12562,13418,0.024396213833076226,55.113575336593634,49.36088986506512,60.788653019141826
2023-06-26,41492,41633,40660,41043,5369,6493,-0.010880339963494894,55.52968347363032,49.30438027341597,60.71620395448881
2023-06-27,40841,42163,40841,41633,5565,8636,0.014272824420160098,55.547688445734835,49.25190730523598,60.729617785506576
2023-06-28,41660,41666,40546,40882,6418,10455,-0.018203253648461228,54.68030244766514,49.276447434630995,60.293776334091255
2023-06-29,40855,41928,40801,41633,8930,13290,0.018203253648461277,52.70815219965995,49.399403593744736,60.253410613558614
2023-06-30,41411,42558,39708,41150,19808,12555,-0.011669194903167968,52.94745444417941,49.47005163857317,60.03604324945032
2023-07-03,41378,42699,41224,42518,6603,13490,0.03270358855579152,53.63820032542921,49.8482366689908,60.11338777645082
2023-07-05,42223,42551,40801,41143,9567,12675,-0.03287371238204361,48.696733350334675,50.34148065804974,59.75516707166334
2023-07-06,41183,42733,40318,40922,11172,12130,-0.005385987552459141,44.81981129179826,49.40976401394558,59.75645078651929
2023-07-07,40734,41157,40070,40734,6541,12259,-0.004604691196802541,43.58595876739916,49.02216155205104,59.41820597960711
2023-07-10,40627,41928,40338,41653,5866,12736,0.022310270282860933,43.86852012728505,49.1598166270257,59.15846090174487
2023-07-11,41177,41579,40647,41250,6161,12311,-0.009722282049736006,44.02048890790034,49.029637486296004,59.15353082701786
2023-07-12,41183,41834,40674,40768,10377,11909,-0.011753652830991876,43.21199161397172,49.08626862443628,58.96546828297764
2023-07-13,40855,43142,40721,42820,14992,14006,0.049107823211838535,45.46229138037239,49.69690669039718,59.10419953316328
2023-07-14,42270,42800,40271,40553,11611,11929,-0.05439552259934124,50.90545058864267,50.69530444361554,59.33948243548205
2023-07-17,40794,40902,39889,40224,6236,10971,-0.008145928154358545,50.4404505820359,50.18879096376092,58.789452992401095
2023-07-18,40687,40714,39614,39949,5773,10461,-0.0068601917979526335,49.49724576533323,49.48315913107466,58.78723358127475
2023-07-19,39983,40607,39936,40379,5138,10060,0.010706207233138686,44.707147021260866,49.14969371451277,58.758978017963884
2023-07-20,40177,40929,39648,39923,9406,9792,-0.011357248922800942,37.10800518824902,49.211573276996894,58.70566483292411
2023-07-21,40130,40399,39882,40084,5304,9321,0.0040246532758603844,37.11402823005927,49.19197073784968,58.5559265384479
2023-07-24,40084,40342,38580,38918,3844,7125,-0.02952038366011839,37.25015800786991,49.53925729029663,58.44487844491031
2023-07-25,38938,39289,38845,39070,4016,8222,0.00389804053101508,37.21549619309659,47.78969828569399,57.809343858538
2023-07-26,39037,39607,38872,39229,4034,9154,0.0040613601336927764,36.78040512347408,47.693745123465234,57.6171399375618
2023-07-27,39382,39527,38646,38825,7289,10598,-0.010351900165921121,36.45335928184415,46.39321555269956,57.6274136089869
2023-07-28,38852,39481,38779,39123,6829,10522,0.007646160308123687,35.842505829334144,45.92566667337634,57.479782864893004
2023-07-31,38931,39421,38752,38792,5498,10874,-0.008496489539823227,35.75960543528809,45.85059980965102,57.4870101614093
2023-08-01,38944,39103,37918,38997,10567,10774,0.005270680290940565,33.37843442330175,45.661147358002914,57.444450491853516
2023-08-02,38925,40064,38388,38785,10812,10681,-0.005451146151156822,31.641456573175557,45.360987180653204,57.244645001722084
2023-08-03,38792,39209,38494,38958,4673,10811,0.004450568811569804,31.7335742925846,41.8945026817858,57.205323626042095
2023-08-04,38944,39064,38229,38534,5362,10634,-0.010943174295836234,31.869881444490083,41.8643598090612,57.053914873154234
2023-08-07,38580,38832,38044,38752,6493,10389,0.005641398912113392,30.65576185010525,41.877516781779896,56.91385496666436
2023-08-08,38838,40084,38726,39839,10861,12165,0.027663964629088912,32.48490050827279,41.60563088823613,56.92390105879972
2023-08-09,39825,40103,39024,39090,7172,11018,-0.018979652194907274,32.87919532156251,41.70557978370021,56.90745540771229
2023-08-10,39256,39547,38931,39070,4119,10772,-0.0005117707378842414,26.781265181931296,41.057453585688506,56.907508032202344
2023-08-11,39156,39315,38825,39031,4910,10528,-0.0009987068857403077,19.259494530117724,40.85507864521446,56.897816067415874
2023-08-14,39011,39488,38540,38938,7834,10907,-0.0023855646245203805,19.120265487430796,40.726349385526376,56.89786450408999
2023-08-15,39024,39203,38567,38713,4356,10656,-0.00579517661590957,19.085292302938793,40.42154545759876,56.81598600454991
2023-08-16,38752,38819,38222,38587,5150,10150,-0.003260028760459218,18.529440887929827,40.42763897196948,56.8161388854716
2023-08-17,38355,38401,36408,36891,14274,11396,-0.04494781332192992,23.80088687049676,41.512671547044405,56.18960438699637
2023-08-18,35070,35772,33911,34467,11658,11094,-0.06796527431908245,32.66820533663034,43.723085052249225,56.59796503787587
2023-08-21,34699,34732,34169,34527,7374,9655,0.001739282115126175,31.75129907041446,42.97333301444675,56.54624424362334
2023-08-22,34653,34659,34030,34083,7666,7599,-0.01294290039858654,31.61846052531362,43.026774790963344,56.557766576172206
2023-08-23,33904,35514,33891,35288,12134,3438,0.03474423654676136,34.74155575491367,43.54788390704892,56.656546927722395
2023-08-24,35288,35582,34602,34848,6618,9801,-0.01254721605208864,34.79265061127628,42.71189084416945,56.42975541497739
2023-08-25,34835,35255,34482,34768,5998,10372,-0.002298323236476147,34.47557743611189,42.090000964196626,56.381461233833406
2023-08-28,34942,35142,34568,34782,3315,10465,0.00040258807157698105,34.53137864715402,42.077905984302646,56.37106507438365
2023-08-29,34762,37775,34635,37341,19905,11744,0.07099190710129934,43.859353240336894,44.42881440036775,56.79133251938032
2023-08-30,37161,37288,36168,36341,7293,11123,-0.02714533821090889,44.74178399460396,42.63634509120848,56.8279526378326
2023-08-31,36508,36935,34675,34982,10310,10847,-0.03811293699116992,46.29365806811898,41.47486458915533,56.963727130734995
2023-09-01,34755,34962,33862,34262,6918,10617,-0.020796775176604592,46.58187375152188,41.395443493795625,56.68088907655379
2023-09-05,34642,34888,34102,34308,4758,10524,0.0013416948199083747,46.46574096506937,41.395131790923436,56.6625461748598
2023-09-06,34388,34848,33775,34268,5237,10688,-0.0011665890263775453,44.78454295023201,41.37651021085306,56.638674954670584
2023-09-07,34388,34782,34168,34635,3776,10835,0.010652757372770858,45.014532546691385,41.18439746995388,55.710937295599116
2023-09-08,34942,35408,34248,34668,6232,10882,0.0009523397975301394,45.04141629428277,41.18367802538034,55.481810979954524
2023-09-11,34568,34822,33229,33368,8627,10866,-0.038219714377454334,46.41269855811771,41.923714147659425,54.617653651809626
2023-09-12,33515,35575,33462,34828,11268,10920,0.04282430407172499,49.77008896239847,42.712435217450064,54.755732823622935
2023-09-13,34902,35355,34455,34935,5247,10859,0.0030675310380448547,49.86428465526973,42.01035346160212,54.745329826681925
2023-09-14,35102,35935,34948,35681,5968,11584,0.02112914222047782,50.729887139538945,40.120665453042925,54.77522954210453
2023-09-15,35508,35701,35015,35295,3990,11124,-0.01087702337745639,48.465864286368756,37.24665287852437,54.78515971638973
2023-09-18,35408,36728,35228,35841,10480,11475,0.015351178655760977,42.07578178453693,37.40248908038897,54.72747378481152
2023-09-19,35841,36821,35615,36355,8349,11752,0.014239256598823778,42.30065239011997,37.15302715677828,54.74299380007959
2023-09-20,36295,36601,35788,35981,5569,11083,-0.01034072474740274,42.18392895210965,37.147808252364065,54.733971140050876
2023-09-21,36215,36301,35168,35508,6747,10292,-0.013232998148544539,40.76543844399417,37.054618560326716,54.669084969398085
2023-09-22,35462,35748,35362,35388,3757,10208,-0.003385243584933448,40.51109075949973,36.913171519442024,54.60922637749279
2023-09-25,35388,35582,34874,35442,4361,5892,0.0015247779320136992,40.49542685117755,36.672928400473495,54.60445897664802
2023-09-26,35335,35482,34994,35275,4954,7026,-0.004723059814275472,40.54562606698445,36.627833532694396,54.54792428519759
2023-09-27,35155,36150,35075,35268,8356,8705,-0.00019846051409706848,30.90614178019262,35.88776425410515,54.540917828279035
2023-09-28,35255,36844,35255,36530,13005,12147,0.03515780358241046,32.29326204175166,36.185380217079135,54.64791283924796
2023-09-29,36397,36670,35789,36190,6417,11231,-0.00935100323154012,29.228879178949036,36.210426548026604,54.65672352006457
2023-10-02,36310,38660,36310,37592,16751,12513,0.038008424224863446,30.645678377939138,37.12351490040565,54.655481490934854
2023-10-03,36964,37131,36443,36570,8348,11272,-0.027563029639224714,32.70627275453704,37.17356922152966,54.72516965219999
2023-10-04,36750,37412,36417,37091,5558,11194,0.014146120421889829,32.886753170223734,37.2880845985931,54.73658990237923
2023-10-05,37198,37846,36677,36864,10419,11661,-0.006138887509753587,32.973415356719855,37.24160899006361,54.644531198921264
2023-10-06,36857,37759,36443,37585,9349,12747,0.01936956955600621,33.45746319214851,35.98704746731952,54.650682870498336
2023-10-09,37505,37585,36550,37038,7430,11525,-0.0146606219896184,30.417813082633067,34.41107182226432,54.658352176719504
2023-10-10,37018,37245,36577,36710,6128,11212,-0.008895215131070887,27.319250313837635,34.41758445116124,54.660668271648824
2023-10-11,36777,36844,35489,35789,10160,10620,-0.02540861388673588,29.07265237909514,34.74875105977487,54.71161786043399
2023-10-12,35756,36089,35489,35729,4426,10715,-0.001677899663769515,28.111146162673155,34.650428435110456,54.69382590009773
2023-10-13,35782,36270,35649,35842,4859,10572,0.003157706162959397,27.826443150612494,34.61137335438479,54.6577827445315
2023-10-16,36423,40550,36250,38159,26787,11830,0.06264125066478635,35.19964710261328,37.03250840126549,54.97364621186961
2023-10-17,38159,38466,37719,38219,6603,12327,0.001571133371973698,34.955915522731516,36.548339940563274,54.97363465384414
2023-10-18,38179,38887,37679,37819,4733,12043,-0.01052115231370436,34.964763712762185,36.59699518333478,54.97694479607112
2023-10-19,37839,38854,37625,38593,7780,12820,0.020259291030890896,34.988235112384714,36.83381422858121,55.00474144868437
2023-10-20,38386,40683,38326,39642,10080,13520,0.026818249400660223,35.75784469986857,37.18539263587831,55.05322401801247
2023-10-23,39875,42653,39849,42045,15576,11968,0.05885131100905755,40.368030900738674,39.048728803806114,55.14369278490354
2023-10-24,42045,46554,41980,44772,10369,10407,0.0628424707421599,44.35124632453296,40.9811879946615,55.43864563913395
2023-10-25,45178,46699,44628,46161,8730,13275,0.03055234171632975,44.57943191041279,41.3826652333451,55.5111586188554
2023-10-26,45886,46332,44765,44968,11346,15854,-0.02618416004357688,45.91675594571556,41.77573158300252,55.58163701583091
2023-10-27,45119,45394,44116,44510,7077,16076,-0.010237242672010894,45.96834225288595,41.85428990642237,55.57029916304804
2023-10-30,45598,46109,45001,45571,6449,15894,0.023557666268832066,45.09285300195065,41.98783963442612,55.61218437315457
2023-10-31,45584,46024,44955,45755,5971,16281,0.004029526070746408,42.982375054989454,41.9844726307263,55.598294177745935
2023-11-01,45702,47112,44975,45834,9752,16746,0.001725098419936054,43.09558071238205,41.66283315538287,55.59821182676898
2023-11-02,46941,47944,45342,46273,10328,16144,0.009532463857132249,42.64577178166531,41.44897743462529,55.45721477203007
2023-11-03,46142,46227,45086,45624,6829,16095,-0.014124743790172206,43.461575950785026,41.589246815731066,55.45522050026314
2023-11-06,46286,46954,45919,46299,5080,16402,0.014686468732566495,42.518851523047694,41.65569828337543,53.53145440500795
2023-11-07,46384,47636,45558,47380,8038,17075,0.023079836143835384,42.030720202831844,41.84558526208528,51.418370592519366
2023-11-08,46876,47734,46273,47053,7862,16881,-0.00692557277659118,40.28029518339829,41.856684990984675,49.81690378744048
2023-11-09,47308,50310,47013,48245,16525,15973,0.02501756951829902,40.04409461780995,42.06942776264551,48.72885524863963
2023-11-10,48259,49648,47983,49229,8283,16625,0.020190685274066228,39.83094754717812,40.95389455836552,48.75518765938918
2023-11-13,49170,49445,47852,48390,6819,15798,-0.01718969994118615,37.40350790443871,38.33864859139401,48.6417381717482
2023-11-14,48245,48468,45643,46358,10502,14778,-0.04289930390274178,42.06862618579802,39.603940818953085,48.78158783844685
2023-11-15,46751,49982,46522,49576,12335,15795,0.06711296875732106,45.97522682518241,41.41921818651016,49.19266298699925
2023-11-16,49753,50186,46679,47243,11861,13992,-0.048202350843223565,50.8149899606546,42.45684794269462,49.46138022996687
2023-11-17,47577,48560,47118,47931,10400,12139,0.01445798189696144,50.46421287744016,42.344433828184094,49.16165940625922
2023-11-20,48599,49635,48167,49307,15555,8839,0.02830358208539706,47.58425350077105,42.573309622757584,49.18625726784137
2023-11-21,49189,49478,47485,48396,17841,4846,-0.01864889311970981,43.758056853667014,42.85501255248986,49.13698965376111
2023-11-22,47754,49714,46666,49360,11869,2070,0.01972321391790088,43.04601107331998,40.74488231947758,49.11595108562879
2023-11-24,49360,50799,48527,49786,10216,17267,0.008593440412583772,41.62802395687958,40.20844004139563,49.06709761105419
2023-11-27,49515,49515,47882,48024,8695,15774,-0.036032934060174174,43.836149368935004,40.1147877176997,49.20558006827916
2023-11-28,48469,50657,48140,50186,12491,18231,0.04403521739048683,45.62641306663571,40.513031261259385,49.162014503746924
2023-11-29,49799,50470,49050,49127,9088,16757,-0.021327321511140074,46.56310105229599,40.89755313443696,49.18827116715072
2023-11-30,49308,49882,48876,49289,6891,16550,0.0032921505917009788,46.558253574980554,40.874458500770835,49.18273410027012
2023-12-01,49237,51160,49102,50625,11744,18040,0.02674459300611365,47.24332204655021,41.08421838532651,49.22267867167646
2023-12-04,52244,55129,52044,54567,13276,17809,0.07498377899910989,52.84230926231286,43.40639383359788,49.74693202850466
2023-12-05,54716,57723,53961,57162,10616,17321,0.04646003752688426,54.47811586937837,43.05956793459077,49.90602607875474
2023-12-06,57781,57788,56549,57065,9164,16656,-0.0016983729471339933,54.431541148216375,42.52798689230567,49.852620912797036
2023-12-07,57071,57504,55955,56400,7768,17215,-0.011721810501550129,54.647358642458556,42.71226425093727,49.860850907850605
2023-12-08,56265,58413,56161,57962,7011,17274,0.027318464909376516,54.74249373036291,42.81234640459503,49.917921404625666
2023-12-11,57200,57200,52206,52961,14410,15162,-0.09023182978767645,64.88765538547162,47.17972091959084,50.69097049621727
2023-12-12,53599,54587,52780,53503,6933,14692,0.010181933470471773,64.447426880131,47.15141854246742,50.695929433962206
2023-12-13,53490,56148,52657,55768,7734,15483,0.04146250108791254,63.06988355461659,47.665163541264924,50.774089193519664
2023-12-14,55948,56413,54122,55677,8287,14747,-0.0016330929198204302,59.312181836220525,47.56212916404381,50.618957557190534
2023-12-15,55864,56084,54019,54774,6434,14038,-0.016351506453278538,56.475440637324326,47.62381906806825,50.61701413278683
2023-12-18,54142,55490,52535,54342,6931,14265,-0.007918220190132318,56.66253866541905,47.67598366385904,50.600371865488945
2023-12-19,55200,56361,54083,54671,9272,14639,0.0060359956863401095,56.06257532018986,47.662216524865684,50.59162525828608
2023-12-20,54793,57542,54600,56310,10587,13654,0.029538734959320623,55.95723762120093,47.812376552934,50.657986436420664
2023-12-21,56490,57387,56103,56607,8472,11869,0.005260513207159418,55.77592238449589,47.78647746933283,50.65817479311154
2023-12-22,57736,58478,57007,57342,4242,11629,0.012900687038410996,55.8147250541991,47.46052838234897,50.60699882894632
2023-12-26,57368,57368,54522,55213,6492,12207,-0.037834906710149496,56.002619027582824,48.24537376677359,50.77519611350228
2023-12-27,55619,57207,55168,57058,7314,14188,0.03286986154541706,55.156481101978585,48.11581295498529,50.85836221707874
2023-12-28,56968,57587,55297,55639,6988,14672,-0.02518390013515764,55.43007938152562,48.045333007085524,50.93814792029603
2023-12-29,55697,56400,54116,54832,6815,14624,-0.014610429079954478,55.917787868529224,48.223614598595695,50.97074244796851
2024-01-02,56742,60782,56742,58504,19344,16638,0.06482116283639715,59.378317954065594,49.60138238548939,51.337364401358045
2024-01-03,58723,59388,53057,55600,14998,15907,-0.05091192671211335,57.09870813374053,50.967449772437334,51.629688926568484
2024-01-04,55864,58626,55503,57600,8081,16368,0.03533936644530886,56.04960525977324,51.10956469077491,51.72844852677022
2024-01-05,57878,57910,55703,57284,6448,16233,-0.005501215085389405,56.08456699576428,51.06817670607775,51.7122045984582
2024-01-08,57174,61692,56129,61053,13422,17896,0.06372098678206499,60.201414900392244,51.88149234413747,52.04468940677276
2024-01-09,61298,62595,58426,60717,13488,17218,-0.005518614646342746,59.637585283616225,51.920899781536825,52.05289970999088
2024-01-10,59891,60756,57439,59788,18562,17073,-0.015418752828610213,49.24552859705253,52.14678116264126,51.45682503408777
2024-01-11,60762,63802,58981,59820,26661,16623,0.0005350812782339067,49.25755089688151,50.93328352017442,51.428535081730494
2024-01-12,60020,60253,55710,56387,19477,14416,-0.059101417720079784,52.377114646865174,52.7209653356601,50.98176416265714
2024-01-16,54677,56368,53825,55877,14369,13761,-0.009085789005140617,52.48504668180487,52.702010588644335,50.87347262206846
2024-01-17,55974,56019,54484,55251,7598,13091,-0.011266406695002973,52.30334644757764,52.7466150754865,50.865920103956306
2024-01-18,55168,55426,52386,52761,13037,12511,-0.04611415835924185,54.80953405546985,53.62634743857444,50.82810125398128
2024-01-19,53303,54419,52012,53670,11085,11754,0.017081904766400768,55.149523966488424,52.49833857138773,50.76857434769062
2024-01-22,53690,53774,50779,51857,13318,9935,-0.0343642558039312,55.13280450467999,51.62262353431439,50.89970510222184
2024-01-23,51309,51844,49740,50637,12701,7372,-0.023807396009905935,55.44155519365253,51.56065273549526,50.95843175419714
2024-01-24,50637,51836,50453,50701,7817,12284,0.001263099893601841,55.079973505770454,51.23604753477651,50.95203445296851
2024-01-25,51069,51538,50555,50777,6512,12638,0.001497861885520185,53.83487785084865,51.17273970726327,50.95143551100829
2024-01-26,50834,54037,50834,53777,9966,13699,0.05740237031188517,56.70256981577651,52.235235486646815,51.20064025668761
2024-01-29,53523,55395,53333,55223,7389,13599,0.0265336667023583,56.9853085365783,52.46171458231606,51.23301032007919
2024-01-30,55116,56143,55103,55680,7256,13721,0.008241482857898386,56.80522340033889,52.471233326470546,51.19979008253112
2024-01-31,55445,55972,54012,54316,7804,13441,-0.024802173189615907,52.116293468206386,52.76643371741147,51.2642393250578
2024-02-01,54462,55312,53409,54900,6568,13368,0.010694505678936596,49.22412857917253,52.67408064912568,51.214696646683976
2024-02-02,54824,55547,54310,54786,4777,13242,-0.002078661653226928,47.35372701765982,52.628398018869895,51.18349861515572
2024-02-05,54285,55579,53714,53987,6737,12762,-0.014691410021428122,47.542855332669525,52.576145490123835,51.20794282693733
2024-02-06,54164,55369,54031,54938,4921,13447,0.017461999814571725,41.37236318153243,52.63335650195765,51.19086152100601
2024-02-07,55147,56701,54462,56340,7443,14339,0.02519948579282475,42.76208933176407,52.636681618722,51.07308165077449
2024-02-08,56340,58211,56340,58040,8758,15032,0.02972766556776052,44.10849917944924,52.80893131254363,51.128492114449166
2024-02-09,57767,61535,57767,60602,11047,15510,0.04319546781501484,46.87976480257483,53.28325586313704,51.286788218892085
2024-02-12,61478,64288,60831,64021,9063,15702,0.05488325870743522,45.03494805016251,53.39495489981838,51.48891133565128
2024-02-13,63793,64358,61655,62975,9230,15333,-0.016473332299763235,45.44523121712865,51.99686861907604,50.900620007041866
2024-02-14,62987,66464,62842,65956,10316,15478,0.04625003080004787,47.106028581602786,51.54878288890525,51.071911443459626
2024-02-15,66178,67421,65468,65912,9406,14453,-0.0006673340254329604,42.620954712956284,51.53048258707119,51.06864767708979
2024-02-16,65747,67053,65747,66000,8909,13275,0.0013342230131366622,42.69565402234158,51.31241976552109,51.03642297986977
2024-02-20,66508,67491,64484,66083,16703,8475,0.0012567856715086769,39.501728028665106,51.084554693257424,50.9390870513264
2024-02-21,66387,66819,64231,64643,12760,4695,-0.022031703670957338,39.29199114561474,51.29352063777761,50.99969196158482
2024-02-22,65328,66191,64618,66020,9292,1628,0.021077902398070083,39.1892051341998,51.39982115140008,50.92058333920156
2024-02-23,65246,65290,64396,64647,989,0,-0.021016025996162986,40.86012819265456,50.98191761930069,50.97710421310684
2024-02-26,64647,68873,63584,68317,11813,18887,0.05521693708028831,40.54472668446422,51.39783038309228,51.24567793692941
2024-02-27,68490,72079,68267,71196,13225,18264,0.041277999555334295,41.57215538385942,51.62174111515123,51.38878769349057
2024-02-28,71295,80302,70862,75212,24495,17024,0.054874155628721666,44.12547582697736,52.571971136285754,51.64992557266641
2024-02-29,76534,79481,75341,77547,18024,17647,0.030573411461510904,41.81227313063406,52.63906855694989,51.38051785290973
2024-03-01,76614,79159,75978,78863,10098,18400,0.0168279656710838,41.730569119277575,50.751523112440836,51.39723624086175
2024-03-04,78782,84967,77911,84615,14722,19073,0.07039938603422644,44.890820275651876,51.79039468153478,51.79678990430459
2024-03-05,84843,86734,74285,77133,24388,18046,-0.09258035129909585,59.432086570708265,55.61547291563262,52.699059384200986
2024-03-06,78999,84269,78319,83725,13346,17816,0.08200641411931495,63.6445211295658,57.688699553291855,52.2926444287125
2024-03-07,82607,85059,81624,84472,8061,17531,0.008882499823945041,63.76741755713756,57.52919173395218,52.28573168615496
2024-03-08,84040,87796,82483,86252,11249,17400,0.02085312554420609,63.67022479772167,53.96369124251309,48.42838952637567
2024-03-11,86073,90879,83465,89779,12897,18058,0.04007785090517499,63.52779090716153,54.35864166184944,48.47277170695914
2024-03-12,90323,91157,85412,88717,13572,17609,-0.011899566730266785,63.03646515577442,54.081234603393725,48.377524467777576
2024-03-13,88185,91886,87988,91330,7789,17371,0.029027792480259905,61.957635714795956,54.21918946058776,48.400346911824215
2024-03-14,91188,91948,85016,85998,12636,17408,-0.06015528053445397,66.96666153862301,55.78852321641288,48.31841768889682
2024-03-15,87796,90039,81705,85461,15859,16819,-0.0062639086409524095,67.15032708448364,55.76999902874007,48.22689541445063
2024-03-18,84615,85597,82576,83008,8669,16696,-0.02912314283420249,68.70367987536713,56.273857546324976,48.326037183157965
2024-03-19,83719,84497,77207,79814,13848,16371,-0.03923806102927525,70.96801748666181,56.8573995317209,48.1623543952888
2024-03-20,79240,84046,75397,81538,13914,15742,0.021370241586494115,70.08198663751405,56.94648788658003,47.81543182274213
2024-03-21,84009,84516,79820,80827,12956,13382,-0.008758101126795276,70.34707893219797,57.00867970594049,47.79963680700888
2024-03-22,81192,82477,77417,79048,11341,11354,-0.02225580523174058,70.42119035252672,56.588140405738585,47.73864870093697
2024-03-25,79048,84618,78720,84255,9298,14648,0.06379265175984404,71.211966980201,57.56220092022596,48.11060878302944
2024-03-26,83107,84765,82135,82246,8497,16299,-0.024133158408454133,71.24567654460708,57.537898663771934,48.075702431908184
2024-03-27,82955,84929,80858,81192,10303,16993,-0.012898036097534527,69.26660626894811,57.51211091656073,48.06641817671645
2024-03-28,81549,84923,81268,83792,7625,17402,0.0315208173906148,69.31592860348368,56.466229802827975,48.12746252720967
2024-04-01,83757,84612,80348,82445,8077,17965,-0.01620613318420032,69.48864577432465,55.4105993312642,48.12556436956915
2024-04-02,82398,82650,76143,77959,10550,17551,-0.05594835688665516,67.49131360419689,56.532814761538916,48.48857040218659
2024-04-03,77156,79019,76038,77672,6321,17245,-0.0036882153984326947,58.85806366493872,56.51958929002029,48.49234276917802
2024-04-04,77607,81895,76641,80641,9226,16942,0.03751237297197628,52.43981735288929,55.605877286371864,48.60339926361515
2024-04-05,79927,81016,77666,79370,7986,16273,-0.015886741937035855,52.50282525858317,55.727227062643,48.636171351519494
2024-04-08,80952,85960,80922,84472,10264,16485,0.062299655401429024,56.89026632304025,56.80847100586208,48.79261246760021
2024-04-09,84560,84876,80296,81245,9476,16241,-0.03895083764947363,56.22645301321313,57.53530088213088,48.89543619520481
2024-04-10,81491,82656,79388,82480,10230,16450,0.015086558853964984,56.60160165320038,55.98739328888595,48.88449675075017
2024-04-11,82539,84074,81824,82937,7179,16543,0.005525443729528308,55.40440268338737,55.89546309125092,48.85454178505936
2024-04-12,82668,84115,76582,78685,14415,16066,-0.05262874338540511,54.46382080882767,57.08960426247891,49.167942778146276
2024-04-15,75089,78738,73285,74456,15198,15192,-0.05524419316941842,57.378056471492435,57.47421385059073,49.39744386910821
2024-04-16,74456,75071,72506,73706,9645,14832,-0.010124139875637041,56.795127256509346,57.51534305295871,49.356826836435964
2024-04-17,75118,75751,69940,71610,15392,13372,-0.02884947798892386,56.10287214475166,57.36386074760904,49.30903380439337
2024-04-18,71955,75428,71463,74573,12012,12987,0.04054378238338362,57.70723850397053,57.481267761230235,49.26508748140197
2024-04-19,74597,76893,69858,75387,12735,11548,0.010856334953608236,57.93325024456237,57.477904336711724,49.17249620967378
2024-04-22,75786,78421,75551,78029,10176,9360,0.03444570610695952,58.98315858909967,57.74868471368506,49.27132475266899
2024-04-23,78123,78884,77074,77824,9402,6478,-0.002630685559152617,53.84697687898915,56.82099164661397,49.271384430575715
2024-04-24,77824,78958,74513,75042,7003,14269,-0.03640191010882254,54.62676074417424,57.31884472167391,49.42130154489049
2024-04-25,75444,76340,73629,75950,7236,14668,0.012027272246957373,54.83966000752668,57.332924691523026,49.05293211050498
2024-04-26,76090,76096,74211,74821,5338,14755,-0.014976634800779978,53.38410427893655,57.14856743878782,49.05044234714721
2024-04-29,75194,75194,72302,73832,6714,14744,-0.01330635227772625,53.31802179866829,57.26404058727314,48.74053092040761
2024-04-30,74059,76026,69003,69120,12130,14683,-0.06594811746747546,54.6734264819969,59.06592781725644,49.12918723881043
2024-05-01,70219,71156,66222,66740,12640,14442,-0.03503965117257221,55.62071493258124,59.48482073580757,49.24097415858078
2024-05-02,67886,69899,66635,69544,7940,14928,0.04115517245353533,56.02600374891401,59.918363426665636,49.36055387667138
2024-05-03,69312,74077,68963,72832,8896,15546,0.04619577328704787,59.03240580207273,60.389366950529386,49.502365894189914
2024-05-06,74688,76817,73396,73989,6195,15369,0.015761014442404797,54.18091105802083,60.205533799807895,48.74671853098576
2024-05-07,74362,75444,73495,73733,3917,15379,-0.0034659733320245253,52.81999109842733,59.66661146161882,48.73595271191278
2024-05-08,73664,73827,71825,72680,4441,15227,-0.014384216646220707,52.378661572582594,58.789557632639976,48.76555506196033
2024-05-09,72273,73448,70836,73123,4727,15643,0.006076711222670024,52.39556569654135,58.66654794533055,48.62603130250399
2024-05-10,73285,74344,70312,70923,9605,15257,-0.030548173254869956,50.35229685195034,58.33006154929947,48.71394343669945
2024-05-13,71523,74304,71034,73867,8495,16128,0.04067139733444575,49.20446816444641,58.885818637955126,48.743554690301885
2024-05-14,73652,73873,71389,71953,5849,15636,-0.026253050744118,49.95471687442024,59.16785646861572,48.782889127688364
2024-05-15,72058,77812,71610,77376,12434,16706,0.07266352690622922,55.22182402558759,60.941583886423956,49.26504925783072
2024-05-16,77253,78120,75508,76154,6307,15759,-0.015919049125248965,53.86922878417507,60.84873675055429,49.22707276331896
2024-05-17,76584,78970,76037,78388,7980,15815,0.028913248549729233,54.68045446523212,60.97070680286956,49.29575541788375
2024-05-20,77410,82391,77149,81960,9663,15887,0.04456046895389129,55.588006924113934,61.35372599852622,49.4696461392305
2024-05-21,81588,84200,80779,80872,11094,14417,-0.01336366551894256,55.84825707648354,60.51036072584424,49.48917149091916
2024-05-22,81524,82629,80768,81239,6283,13785,0.004527769577381417,53.98177508223736,59.97890962653219,49.29986054314107
2024-05-23,81216,81885,77265,78202,10274,11824,-0.038100204757348405,55.88799553090449,59.51615180356165,49.474082739475364
2024-05-24,78202,80284,77046,80152,3856,11131,0.024629609285172334,56.110814114265814,59.40086394597066,49.51109376124281
2024-05-28,79294,81679,77647,79020,8059,14042,-0.014223846973717135,56.14806792970344,59.378305461699675,49.38682124334773
2024-05-29,78997,79626,77418,77538,4762,15304,-0.01893284621213534,50.658739496891606,57.653987654136905,49.27947641473371
2024-05-30,78065,80415,77487,79329,10428,17273,0.022835622891688615,48.60246080971786,54.63548491050042,49.311681441818955
2024-05-31,79060,79763,76646,77830,7435,16816,-0.01907680069150115,47.956307370997166,52.058687605569546,49.34250503099823
2024-06-03,78019,81193,77870,79689,9361,17852,0.023604597733699786,46.05440713652092,52.26768737968012,48.89402467309729
2024-06-04,79575,82103,78894,81319,8788,18675,0.020248132881654335,46.22716048096901,52.257043595827966,48.57261613505487
2024-06-05,81399,82886,81039,82240,6981,18686,0.011262110120203861,46.17670812866287,51.61979722899107,48.499821056436474
2024-06-06,82183,82669,80667,81176,5012,18404,-0.013022164730073168,46.10154579183311,51.63000424917544,48.52737101575939
2024-06-07,81519,83121,78471,79798,11270,17932,-0.017121195491733947,46.79508491430356,51.33064851752965,48.560632508004325
2024-06-10,80072,80827,79483,79935,4482,17683,0.0017153629318074762,44.96794152026603,49.895556898531076,48.49226199252889
2024-06-11,79821,79958,75885,77487,10980,16805,-0.03110362406328979,44.84131353336751,50.26118710802844,48.615248088308235
2024-06-12,77458,80627,76898,77647,10968,16829,0.002062733594590316,43.550083930465384,49.93795097301641,48.61338285708182
2024-06-13,78768,78768,75954,76486,7277,16741,-0.015065196399352939,35.55272688720062,49.39245215166826,48.606737604886824
2024-06-14,76943,77395,74587,75090,6556,16431,-0.018420323437010475,35.70662570425206,49.30579009410847,48.53163706848666
2024-06-17,75902,77247,74564,76492,7918,16058,0.018498766088935234,34.7391801724179,49.44763903452139,48.17260748309852
2024-06-18,76297,76554,73306,73757,9773,15498,-0.03641025423072909,32.396143508238076,49.79239727212491,47.83748802373762
2024-06-20,74575,76274,73895,74472,9083,14454,0.009647309844189978,32.6625353118285,47.979312171715364,47.842849688907485
2024-06-21,74570,74655,72522,73512,9351,12950,-0.012974557615604974,32.63861922476089,47.81423298025616,47.81637322077748
2024-06-24,73512,73512,67112,67916,6257,16373,-0.07917701074481845,40.47930339817448,50.33025974352371,48.49357230727954
2024-06-25,68930,71700,68822,71289,8642,19559,0.048470390364596626,43.709748427166424,50.94260080789872,48.70215483512606
2024-06-26,71232,71802,69705,70013,6076,21701,-0.018061098726051866,43.828206392908385,50.965030352875175,48.70155564021946
2024-06-27,70024,71728,69597,70486,6817,23369,0.00673316944570051,43.77454365462622,49.77411856489969,48.67690539197785
2024-06-28,70577,71386,68600,68754,8336,22440,-0.02487919186564436,43.05462259561159,49.9995952624912,48.732775371631256
2024-07-01,70760,73324,70760,72594,9316,23062,0.054347357115029575,47.96615516573668,50.68266990280641,48.918636846001085
2024-07-02,72412,72520,70703,70873,6486,22267,-0.023992730832519824,47.373118477570856,50.80630061612861,48.86239903667599
2024-07-03,70976,71244,68087,68184,7862,21479,-0.03867960973487936,47.68234737156066,49.55672505820789,49.02859280533045
2024-07-05,68725,69107,61129,64605,18530,21504,-0.05391812604581291,49.6174734616902,50.10503158006827,49.345214346028484
2024-07-08,64793,66702,62206,64685,10642,21362,0.0012375281956817131,49.83877284335093,49.9620147150069,49.30210103784395
2024-07-09,64765,66753,64440,66286,7065,20914,0.024449378136614873,51.3620040830756,50.266526471205516,49.340908540782756
2024-07-10,66241,68087,65380,65676,6654,20347,-0.009245151556698658,51.19800513335444,49.23996263878633,49.33452710033245
2024-07-11,65745,68264,65232,65625,7909,19955,-0.0007768410379936354,50.65505070025029,48.02237759991845,49.10519799807187
2024-07-12,65608,67004,64605,65927,6811,19641,0.004591348372130059,50.73160479350379,48.01210448417026,48.779183101730275
2024-07-15,69506,73181,69346,72600,13383,19855,0.09641685254683252,62.738202325820346,51.72420584181757,49.681614347813166
2024-07-16,72765,74657,71438,74595,11092,18734,0.02710855900406121,63.295235574536854,51.348863231498186,49.73482742542807
2024-07-17,73860,75558,72959,73774,8505,17941,-0.011067114824885715,62.99804837590336,51.3475431319547,49.74649981426611
2024-07-18,73558,74526,72190,72543,7890,17032,-0.01682687651735636,61.94619699591891,50.93658436133007,49.76484775310463
2024-07-19,72993,77205,72292,76908,17385,14800,0.05843041281752052,65.36637398088256,52.3807849631998,50.081713844777354
2024-07-22,78247,78247,75985,77888,13300,10929,0.012661995054971929,65.24107146198395,51.89518693660167,49.98683422266958
2024-07-23,77609,77655,74646,74726,12316,7691,-0.04144380688246283,60.1195177580657,52.54609242241591,50.183428056916135
2024-07-24,74726,76251,74305,74518,8317,25178,-0.002787383542004187,57.890626455991914,52.459695137721965,50.18611191298476
2024-07-25,74468,74468,71866,73335,9576,25758,-0.016002722241876398,57.79954616553816,52.491659322374396,50.20403652105334
2024-07-26,74703,77412,74412,77131,8446,26763,0.050467290286959725,60.27442820644342,51.67079046273722,50.43164492046556
2024-07-29,77305,79430,75180,76105,12489,25922,-0.013391309254048118,59.66652028406987,51.19937314803642,50.445050545379644
2024-07-30,76228,76413,73795,74451,8097,24778,-0.021972774858373158,57.41584146396315,50.78010349928866,50.50509452548558
2024-07-31,74955,75544,72931,73666,7240,23854,-0.010599827838318967,56.82829427732542,49.954835637950545,50.516031451392294
2024-08-01,73307,73705,70223,71540,11015,22978,-0.029284629204066284,56.0300376946962,50.207475292993685,50.616739229028816
2024-08-02,73122,74092,70060,70593,11759,22533,-0.01332574438901852,52.3501741015195,50.27246116226558,50.62367520751587
2024-08-05,66040,66668,55363,60303,30884,22065,-0.1575491357024843,77.79431050534318,59.62553478146607,53.10897222935406
2024-08-06,61352,64397,60819,64088,11490,21780,0.060875285173446925,80.55599408915558,61.027338119346986,53.37685429400331
2024-08-07,63707,65081,61537,61682,9708,21263,-0.03826498476190371,81.56940667357033,61.20069770975854,53.48821047767734
2024-08-08,62395,67559,61447,66948,11456,20848,0.08192404450047962,86.98916384803003,62.9962188740795,54.08872979566285
2024-08-09,67985,70621,67077,68400,8408,20116,0.021456625977113276,87.2870527329898,62.95879379289294,54.122457241614455
2024-08-12,66449,68311,64985,66393,8516,19320,-0.029781195390120245,80.37235044604573,61.32957313924522,54.21598307239572
2024-08-13,66634,69415,65720,68529,7446,19269,0.03166538410345758,80.62568001958196,61.661000217379915,54.290933416675855
2024-08-14,68714,69757,66006,66258,7782,18512,-0.033700801048793534,81.27750172795076,61.66592922105213,54.40829115275078
2024-08-15,66168,67346,63135,64172,9285,18181,-0.03198923380421941,81.73780618359207,61.14810374927936,54.310202101625926
2024-08-16,64772,67436,64228,67279,10524,18065,0.04728117380737787,80.65849815866942,62.0117104071528,54.03489582064924
2024-08-19,66954,67077,65047,66393,6577,16894,-0.013256523057822578,80.35794959911712,62.0257854961814,54.058494543975335
2024-08-20,66365,69140,65821,66920,10871,16004,0.007906246880238735,79.53772777124186,61.640715926335865,54.03828982862289
2024-08-21,66578,69527,66056,69230,8981,15967,0.033936418571310904,80.76363164855893,61.84546243721507,54.03350229307043
2024-08-22,68871,69197,67111,67683,9974,15040,-0.022599254133210265,80.93088988020848,61.93736506156036,54.07161204674693
2024-08-23,67974,71776,67699,71569,19987,12804,0.055826978761391144,81.43021882504758,62.9805521796753,54.33200673258456
2024-08-26,71568,72356,70076,70313,7660,20642,-0.0177053158335485,81.51237606671623,62.863922513548864,54.37079228728764
2024-08-27,70230,70346,68166,68860,8770,22430,-0.02088124557418885,81.4812953402712,62.885929297309275,53.985961210092285
2024-08-28,67203,67203,64175,65336,9624,23847,-0.05253227185440314,83.27807375236983,63.49260826514834,54.18659624150036
2024-08-29,65595,67808,65171,65672,10034,24918,0.005129468989990512,82.89693474441475,63.32840205760112,54.03353691282531
2024-08-30,65755,66366,63888,64940,9451,24149,-0.011208888371265154,82.86969625405911,63.271153993883985,54.000229857443294
2024-09-03,64571,66267,63107,64125,11642,23774,-0.01262946318376625,60.146102855824715,63.26879649599907,54.02162760015033
2024-09-04,64263,64786,61356,64252,10982,23628,0.0019785482045862075,56.13881854427921,63.21977098738909,54.02038897917291
2024-09-05,64395,64593,61609,61896,10653,22462,-0.037357294448366316,56.05735162137103,63.58522072774565,54.16205191406994
2024-09-06,62072,63057,58157,59121,14268,22062,-0.0458693660005981,49.283759207307554,63.922556048763354,54.37760903599143
2024-09-09,60079,63288,60057,63211,11263,21475,0.06689214539411382,54.97752587404236,65.56680233741271,54.61168208771841
2024-09-10,63310,64153,62330,64076,6715,20951,0.013591542198567947,54.42706450591497,65.61257099521065,54.47221971230872
2024-09-11,63602,64092,61268,63707,12196,20258,-0.005775432188705073,52.97928249343036,65.5363642102281,54.47842125564484
2024-09-12,63360,64692,63217,64500,7146,19587,0.012370777151194766,52.02859084952314,65.46353422061529,54.45504494184842
2024-09-13,64059,66333,63652,65991,9727,19163,0.022853145289969116,51.382236615298346,65.29200109865573,54.47730961219984
2024-09-16,65975,65975,63365,63844,9573,18038,-0.03307576127138397,49.75644062192702,65.55707839560905,54.57859269457579
2024-09-17,63883,67781,63492,66179,14607,17817,0.03592058425376414,51.39719604839931,65.98991066118447,54.66988764879839
2024-09-18,66498,67709,65259,66217,10263,16315,0.0005740354851124347,51.31037273979957,63.98692003516905,54.65513309737645
2024-09-19,66525,70517,66443,69823,11001,15838,0.05302624082567048,53.415292170900194,64.1422294694323,54.86727711436696
2024-09-20,69366,70687,68739,69295,10825,13095,-0.007590714864093164,52.81955574530023,64.05455150524813,54.873625505145625
2024-09-23,69295,71387,68739,69763,10084,9779,0.006731029742443599,48.804613613961216,64.0545416549835,54.87499808883987
2024-09-24,69763,71162,69031,70883,7799,22426,0.015926847194369535,48.763272241348744,63.92804466400571,54.88585774674518
2024-09-25,70637,71435,69265,69484,7496,24621,-0.019934120217902,48.709569621667505,63.06274057434861,54.932484639346136
2024-09-26,69828,72599,68959,71271,12634,27587,0.025393002324817865,45.19441815256342,63.09679372639355,54.88284089909654
2024-09-27,71686,73369,71276,72282,10156,27332,0.014085622948275778,45.32659728146362,62.63685204817331,54.88131536007978
2024-09-30,72440,72566,69222,69664,12426,25027,-0.03689145046063373,47.398721500671776,62.09439229580239,54.90974536104511
2024-10-01,69987,70413,66063,67719,13503,24437,-0.02831689458258653,48.42325977242808,62.38947839812332,54.91396998678223
2024-10-02,67058,68484,65861,66042,9309,23765,-0.025075887200240756,49.420698507190785,62.412004269700326,54.97069159787225
2024-10-03,66664,67413,65648,66987,6977,23298,0.014207667444683353,47.40945276181889,62.4496668066433,54.977007005661115
2024-10-04,66801,68943,66266,68539,7563,22865,0.022904355605608384,43.98537825879572,62.620097064954194,54.98920038657648
2024-10-07,68495,70785,68429,69462,8352,22277,0.013376914132044991,38.09073976613156,62.66913695293459,54.97319576197155
2024-10-08,69506,69506,67752,68194,6539,21682,-0.018423256011982168,38.79002169383087,59.531597525624505,55.00152682691477
2024-10-09,68353,68544,66052,66790,6181,21060,-0.020803215702119564,39.60502917435676,59.37342001136774,54.979835329459036
2024-10-10,66577,67156,64419,65348,8549,20557,-0.021826533573282427,40.31285025332925,59.485662375242335,55.032504346566746
2024-10-11,65812,69588,65561,69184,12263,20329,0.057042786852481,44.426897975044845,60.616006584028796,55.305106811865414
2024-10-14,69014,72763,68462,72287,13384,20154,0.04387468461849506,44.68188408910986,60.07964401243336,55.13084077214396
2024-10-15,72074,74560,71041,73462,15057,19444,0.016123959086732385,43.47219534698311,60.117526611041264,55.14756954889324
2024-10-16,72861,75074,72856,74233,8332,19281,0.010440529517403646,43.47341044946202,59.56355138858852,55.13719765841321
2024-10-17,74107,74478,72965,73118,7484,18074,-0.015134220765153366,40.24772867153725,59.640949439845755,55.13761516508081
2024-10-18,73489,75686,73489,75172,12552,15204,0.027704246720133722,41.038869656425106,59.82230066500055,55.14163240355491
2024-10-21,75730,76101,73063,74085,14146,10832,-0.014565738533656537,41.54883048071723,58.97681426388075,54.87513211022009
2024-10-22,74096,74249,72746,73757,10746,7040,-0.0044371766906991465,41.337121842104494,58.92285412095508,54.53819095985013
2024-10-23,73888,74172,71265,72522,12272,3466,-0.016885941864623798,41.13639990130272,58.852939739577494,54.49476352184107
2024-10-24,72522,74566,72284,74425,8492,27984,0.025901942796465204,41.17493541360525,59.058794246348135,54.47490768656363
2024-10-25,74468,75139,71760,72744,10944,27729,-0.022845478478228414,41.8383646194773,58.93624048863912,54.51829840366238
2024-10-28,73717,76328,73593,76003,8448,28440,0.04382638476786455,42.12676341143145,59.53361678325629,54.637391384745015
2024-10-29,76220,80528,76176,79290,13100,29074,0.04233920409283133,42.32434914254679,50.111651289530045,54.78664375145134
2024-10-30,79106,79760,77987,78420,7999,28545,-0.011033020420121989,41.151044317101935,48.81022616475429,54.80273253016313
2024-10-31,79236,79571,75766,76182,11205,26945,-0.02895378254847624,43.17187642096079,48.50740314728552,54.88640611640962
2024-11-01,76636,78047,74847,75387,11898,26283,-0.010490367959869034,43.10919395370957,45.74609856050394,54.876816169109745
2024-11-04,74598,75447,72587,73171,10301,25253,-0.0298356787499569,44.66465124798981,46.02020231587649,54.954717727599125
2024-11-05,73787,76739,73236,75528,8871,24576,0.031704280824332076,45.07750255997311,45.9816894174781,54.99527396339451
2024-11-06,75679,83398,75295,83112,29081,26810,0.09568564733801511,54.23205921363097,49.47605429132743,55.78848524335599
2024-11-07,82593,83825,81160,83442,11723,26154,0.003962683956298321,52.92276870972109,48.87418110794712,55.74165126007584
2024-11-08,82717,84252,82409,83636,10585,25799,0.0023222696846479374,50.2743065289367,48.30223262869746,55.71211871368921
2024-11-11,87799,96372,87215,94853,22345,26137,0.1258542753593812,64.2039497135103,53.666746820765624,57.04546159886817
2024-11-12,95934,98086,92858,97399,21811,25305,0.026487618886774356,64.36351673680598,53.684447192138485,56.90943704956781
2024-11-13,96567,101696,93977,97577,20471,24052,0.0018258662548332552,64.50101509869745,53.69155967837557,56.54100640613271
2024-11-14,97291,99826,94431,95053,12045,22838,-0.026207179138194533,65.27204490269878,53.78333862797531,56.38347522748719
2024-11-15,95107,99842,94064,99448,12201,21883,0.04520026371744325,66.08105062219126,54.0761017342811,56.53210723852463
2024-11-18,97513,100778,97037,99529,12505,21687,0.0008141644961410191,65.42169798408815,53.095381195542814,56.47452754672623
2024-11-19,99291,102399,98134,100610,14591,21322,0.010802597318403974,65.05112856251944,52.88431522803463,56.4386713054966
2024-11-20,99821,103318,99469,102426,13156,20833,0.017888930322711452,63.914448939205634,52.63979880767886,56.43344701642148
2024-11-21,102345,107654,101940,106745,20641,17894,0.041302225977616534,64.42230314520381,51.63938756863171,56.562127967528006
2024-11-22,106881,108297,105334,107556,17264,14144,0.007568829558937545,62.74544929681135,51.635649072888704,56.426452037513684
2024-11-25,107557,108498,102230,103706,10188,28266,-0.03645166939226529,65.05470891262365,52.29629727817427,56.415948881110644
2024-11-26,103257,104096,99202,99429,9937,30708,-0.04211615115631518,67.30855903619538,53.130812940059855,56.54477446896908
2024-11-27,100256,106616,99986,105934,12335,32505,0.06337243706626419,69.18731780158679,54.343614920715886,56.87064887145213
2024-11-29,105680,108498,103809,106389,9278,31930,0.0042859294235506815,67.3663282878862,53.51193101673363,56.82066982293629
2024-12-02,106940,107687,103041,104518,12122,31622,-0.017742882728887757,67.80233735782372,52.581879522578625,56.392365492438465
2024-12-03,104242,105340,102138,104409,9601,30944,-0.0010434267460823815,65.9467298193289,51.24068565765069,56.219861352700086
2024-12-04,104956,108460,103171,108065,13087,30513,0.03441701930639269,66.02969911793618,51.508476052291805,56.31001086382994
2024-12-05,107497,113916,106654,107914,19550,29578,-0.001398284320261897,59.536590960996364,51.46368746145791,56.29305925115957
2024-12-06,105258,111391,103998,110791,11218,28998,0.026310929961613633,59.61225852363139,51.58433967128,56.28867172265149
2024-12-09,109563,110607,102360,104685,14138,28220,-0.05668970244000877,64.6369833310749,53.2227567339973,55.82772860956784
2024-12-10,105442,107059,102517,104885,11149,26973,0.0019086707135281852,48.422946843274076,52.55697579670271,55.82272474095049
2024-12-11,105507,110823,104144,110482,13648,25833,0.05198809991047015,50.713751036297325,53.019103070455664,55.90664739389711
2024-12-12,110320,111645,107914,108595,12579,24911,-0.01722724583693891,51.383335189652094,53.258334662945636,55.940889139187696
2024-12-13,109103,110974,107746,110645,11146,23946,0.018701512023545083,50.18409923206064,52.484553299084915,55.93094887344409
2024-12-16,112126,117323,112126,115252,15357,22961,0.040794157357532716,49.76883869399054,52.81919414744402,56.050062897493405
2024-12-17,115074,117848,114646,115933,11429,22022,0.005891402726936352,49.71267593850028,52.820661305169615,56.04998570431945
2024-12-18,115187,115685,108509,109098,18669,21102,-0.060765877166985637,55.285288663766586,54.66417773347192,56.349852768081846
2024-12-19,109655,111607,103577,104377,19910,17871,-0.04423721620122904,57.57354744550616,55.40112082381759,56.54539967881163
2024-12-20,106443,106464,99888,104480,20236,13006,0.0009863208640371885,55.56887883622535,55.27658180234983,56.53576064320348
2024-12-23,103539,104474,100002,100878,14664,7974,-0.03508379960327484,56.739382455420994,55.898613969147625,56.5166174510898
2024-12-24,100877,106274,99440,105637,11227,29596,0.046096822766880645,57.87873922635167,55.79423754307658,56.604295342263256
2024-12-26,105948,106811,101167,101620,11193,30477,-0.038768322526140916,57.55988185387425,56.11649435945093,56.687815536816835
2024-12-27,101904,103642,98966,100361,7880,30508,-0.012466680587870786,52.771949081279814,55.86987069585053,56.68170989839981
2024-12-30,98977,100646,96597,99988,8813,29853,-0.0037235067901997595,52.70782444730489,55.89156934834154,56.3346877077336
2024-12-31,98224,102152,97524,99108,5745,29293,-0.008840014170935051,52.47406137972608,55.876506328584405,56.09151537502812
2025-01-02,100319,103968,99856,103394,8727,28435,0.04233676869480867,54.85628538038123,56.349751955967484,56.13759380991383
2025-01-03,102889,105216,101899,104489,6396,27748,0.01053486939502693,53.478491051875345,56.11186552834456,56.138012010987346
2025-01-06,104721,109054,103889,108617,11431,28251,0.03874613029588637,55.37178416047242,56.17361991748873,55.91750335969567
2025-01-07,108480,109180,101641,101915,16649,27342,-0.06368880046660866,58.87480246322606,57.75909472097824,56.30352120231896
2025-01-08,102689,102736,97660,99224,9662,26975,-0.026759212022665225,56.23328049972138,57.234098039731684,56.35066663365631
2025-01-09,100625,100709,96139,97023,8380,27014,-0.022431856714523572,56.63225504488195,56.97303777313596,56.40397023306615
2025-01-10,97587,101483,97245,100256,12066,25589,0.032778850971276294,54.48806152674444,57.21484599796669,56.15150867095979
2025-01-13,99508,101530,94270,98882,16032,24709,-0.013799694727737353,54.39835838651451,57.335241047043716,56.16317710691724
2025-01-14,99719,102994,99561,102041,11867,24304,0.03144747326194692,55.30571012871186,57.438896615113045,56.222581584267516
2025-01-15,102130,106606,101988,105363,12804,22902,0.03203683752976405,54.44462715525843,57.51706538522424,56.086678711006435
2025-01-16,105432,106801,102725,106037,10448,21910,0.0063765589760024066,54.45716230462766,57.36295492799799,56.06932136757406
2025-01-17,105579,112223,105500,110860,13868,21970,0.04448005418190153,52.81421613310074,57.85754662978573,56.100287004436275
2025-01-21,108996,115988,105031,112039,31624,21042,0.010578880976626188,50.130418472111316,57.65089881649743,56.039945394092825
2025-01-22,112034,112266,108949,109965,10580,19836,-0.018684891624625243,50.745940122675826,57.75878966929005,56.08261021035265
2025-01-23,109754,112776,106648,108896,26998,18732,-0.009768835025164412,49.02168461071325,57.53670394052768,56.0972669445885
2025-01-24,108897,112366,107476,109867,11095,21646,0.008877245024691765,46.47918714905484,57.01758130144783,55.83238966446984
2025-01-27,109618,109618,102134,106018,14618,22761,-0.035661652326675404,46.12986841565069,57.143234561098566,55.9145978983649
2025-01-28,106272,108570,104857,105775,10344,26213,-0.0022946944103804066,45.84373001160797,57.06756101503234,55.91386263714841
2025-01-29,105801,109685,105308,109026,8440,28487,0.030272189288843645,46.79742344391127,56.853430719123054,55.91444167226407
2025-01-30,108679,111505,107974,109675,13546,30671,0.005935061157302801,46.539235993296224,56.74981903650364,55.90967138287116
2025-01-31,109929,110930,105821,105899,13151,29168,-0.03503563736013372,46.4245851704489,56.90084389797961,56.03635433258587
2025-02-03,102113,106708,94863,105764,23146,28842,-0.0012756128213798881,46.298627166354436,56.66945708082529,56.010552140750505
2025-02-04,106438,106459,100651,102881,12852,27910,-0.027637216366485903,45.02453674967835,53.863572984272636,56.07316019928321
2025-02-05,101854,103451,100490,101351,7679,27111,-0.01498324085672171,39.22132394432117,53.99724777770981,56.05372735762701
2025-02-06,100604,103482,99608,100910,9256,26393,-0.00436070917111911,38.00242561178545,54.01946741556689,55.9896645027083
2025-02-07,100884,104520,99463,99567,11785,26040,-0.013398246087444181,37.39912913080522,47.67246755620288,55.85857731769928
2025-02-10,99567,102435,99064,101320,7178,25508,0.01745304074448136,36.05957145172148,47.500252121274585,55.62577411867634
2025-02-11,101366,102647,98607,98981,8935,24335,-0.02335591260964847,36.716729680659846,47.753475458921315,55.65298688907253
2025-02-12,99499,101957,97798,101024,9596,23440,0.020430199851755263,35.66025622364087,47.60661647869417,55.50449621265562
2025-02-13,101963,102108,98923,100106,10729,22874,-0.009128487790799765,33.613564482861605,46.747163154855244,55.514656723921554
2025-02-14,100241,103052,100033,101190,9907,21853,0.010770313156887217,33.804122112217215,46.79807121210735,55.522159430877316
2025-02-18,100728,100822,96782,97559,15289,21274,-0.03654261454898266,31.042038847940834,47.34586505712726,55.65481755295597
2025-02-19,98752,100500,98607,99893,10523,19437,0.023642289936729875,32.3096510201584,47.455930750768964,55.64780526579555
2025-02-20,100500,102678,100111,102383,11812,17504,0.024621070068872514,33.63748513213829,46.95000878274263,55.66140109070139
2025-02-21,102123,103482,98104,98203,20717,13850,-0.04168391840633957,36.225428813924836,47.65939482732166,55.7855121934304
2025-02-24,98202,99160,95933,96382,9094,20695,-0.0187173026018713,36.130571289935155,47.240896720445335,55.56072305589066
2025-02-25,95153,95153,87894,90198,17927,22588,-0.06631220831632502,40.74924315656611,48.382008644889694,55.828148510049715
2025-02-26,90881,91646,84244,86446,13146,23858,-0.04248731233487382,42.454275102105285,47.1563865014122,55.732019011140075
2025-02-27,86609,89240,84672,85467,10352,24751,-0.011389605012072566,39.68641141003596,47.15685413337451,55.66248761003326
2025-02-28,86629,87399,80216,86308,17881,25286,0.009791957150332695,39.942603820255854,47.143001023699604,55.64593762587561
2025-03-03,96861,97580,87160,88006,14921,24400,0.01948270029497505,40.45356005220645,47.37006425390341,55.230615993327234
2025-03-04,88674,91131,83418,89041,14112,24058,0.011691943839566735,41.0502458649343,46.832370125896546,54.44528146744992
2025-03-05,89545,93323,88449,92716,9646,24130,0.04044411965075015,43.87985325481527,47.679569289929,53.974025479183
2025-03-06,92859,95036,89882,91213,9412,23669,-0.01634362668090656,43.92271064227601,47.37793756266232,53.993359106231665
2025-03-07,92365,93461,86451,88959,18525,22593,-0.02502184134962675,44.47482776710059,46.283901655946174,54.013130238432325
2025-03-10,83719,85849,79049,80573,14120,21938,-0.09901198363324426,55.34162736428787,50.30034893523081,54.77172691543374
2025-03-11,81159,85493,78238,85029,11375,20902,0.053828768974793884,59.16033531166261,50.389809515999815,55.02939504233788
2025-03-12,85019,86308,82322,84784,9080,20531,-0.0028855290230407654,58.93651114959947,50.31911189796596,54.95125113613335
2025-03-13,84968,86206,81608,81817,8097,20165,-0.03562179977323254,58.74110460886604,50.49780288954467,54.735571708115735
2025-03-14,82403,87272,82342,86502,10850,18769,0.055682489080647955,63.27799893451066,51.16266938685915,55.01871765286028
2025-03-17,84570,86589,83785,86268,6936,18132,-0.002708805268086904,62.947405950489845,51.11637171414629,54.940837747843354
2025-03-18,85875,86043,82709,83841,8993,18008,-0.028536581807218547,62.52829165463767,50.027735861507736,54.87364910719344
2025-03-19,83729,87833,83683,87313,10604,16266,0.040577215575175414,63.92312252124482,50.16165926588195,54.98242874618027
2025-03-20,87700,89367,85294,85844,8120,15348,-0.01696766799845623,62.91449927771865,50.23599168532269,55.002251283181735
2025-03-21,86069,86528,84769,85600,9024,12842,-0.0028464124115388763,61.72202631438096,49.79664039991649,54.95640883764204
2025-03-24,85600,89335,85600,88915,8760,19177,0.03799557404792761,63.53426869450731,49.48400635745584,54.71536800508504
2025-03-25,88705,89075,86800,88655,8767,21681,-0.0029284246866721174,59.1241630985158,48.91540484740544,54.66126049658387
2025-03-26,88490,88825,86255,86965,6050,23134,-0.019246693648835234,57.50749603445339,48.99541187174805,54.68048723220552
2025-03-27,87540,88250,86200,87455,7986,24015,0.005618636498909975,57.36571360657165,49.02193399187422,54.59246049531168
2025-03-28,87995,88050,83800,84045,11000,24432,-0.03977200567366897,59.04854776310191,49.606404675860034,54.71514023824191
2025-03-31,82505,84250,81485,82710,7917,23469,-0.016011855981542523,58.73268338389664,48.77571370084276,54.44754557947002
2025-04-01,82805,85955,82485,85350,11676,23139,0.03141993553663456,59.79959222099688,49.22217061460402,54.535956618035264
2025-04-02,85600,89020,84285,87375,11509,23102,0.023448751313524707,58.48512822877561,48.76076506772018,54.45726083297275
2025-04-03,85135,85240,81400,82165,12706,21900,-0.06147977992072101,61.94650279858729,48.64651403928785,54.785982659204514
2025-04-04,82845,85060,81890,84350,14524,21340,0.026245388358724028,62.44432370520154,48.78089597474349,54.490764387780125
2025-04-07,79590,81450,74635,78245,24238,20403,-0.07512987937684201,57.9721021456216,50.84298364582076,54.87218567960004
2025-04-08,79490,81100,76390,76815,13587,19397,-0.018444996032511922,54.39521262014109,50.359640145882736,54.881224518554696
2025-04-09,77065,83550,74655,82615,17299,17858,0.07279132852033086,61.02855341171028,52.74246474885881,55.36667167998387
2025-04-10,83410,83880,78495,79695,12134,16580,-0.03598441353193783,61.055733987918316,52.67202510021508,55.23165391772938
2025-04-11,79750,84490,79055,84095,11870,0,0.053740263608379975,60.818692530662396,53.48980452348332,55.21126177989421
