date,open,high,low,close,volume,open_interest,log_return,histvol20,histvol60,histvol250
2008-01-02,2369.81,2376.27,2308.36,2323.51,390997,284958,,,,
2008-01-03,2324.92,2336.98,2308.64,2330.53,291493,290491,0.003016736136306042,,,
2008-01-04,2329.69,2337.82,2218.84,2228.1,524481,302344,-0.044946505160664715,53.83860482772948,53.83860482772948,53.83860482772948
2008-01-07,2227.82,2239.89,2181.8,2217.16,581477,316750,-0.004922106732592565,40.81040417297749,40.81040417297749,40.81040417297749
2008-01-08,2216.04,2243.26,2157.11,2164.68,592711,333892,-0.023954553103180592,33.97230211993637,33.97230211993637,33.97230211993637
2008-01-09,2164.12,2205.37,2136.06,2196.11,665797,327493,0.014415068941999353,37.22169193808258,37.22169193808258,37.22169193808258
2008-01-10,2196.11,2224.74,2174.22,2200.88,639029,325151,0.002169666918147596,34.41393970592838,34.41393970592838,34.41393970592838
2008-01-11,2200.04,2203.41,2146.44,2161.32,488354,343107,-0.01813813423076766,31.88655002190205,31.88655002190205,31.88655002190205
2008-01-14,2163.56,2205.37,2139.43,2194.43,378134,346737,0.015203185555937604,32.81735085881133,32.81735085881133,32.81735085881133
2008-01-15,2196.95,2199.48,2127.92,2146.16,540891,358088,-0.022242132965582397,31.72031384617971,31.72031384617971,31.72031384617971
2008-01-16,2110.24,2154.3,2086.95,2111.37,707613,355139,-0.0163431728546538,30.14358207875447,30.14358207875447,30.14358207875447
2008-01-17,2113.61,2138.31,2075.17,2083.3,645261,366981,-0.013383850938331814,28.65478830624112,28.65478830624112,28.65478830624112
2008-01-18,2085.83,2118.1,2064.22,2076.01,644551,365019,-0.0035053927044742957,27.478974693995045,27.478974693995045,27.478974693995045
2008-01-22,2078.25,2085.83,1958.15,2021.57,751476,374503,-0.02657334499689352,27.37577551302129,27.37577551302129,27.37577551302129
2008-01-23,2031.11,2033.92,1906.23,2028.86,888037,371676,0.003599621705124438,26.993185168018336,26.993185168018336,26.993185168018336
2008-01-24,2026.34,2063.1,2018.76,2061.98,505973,353681,0.016192627270726193,28.09088161752708,28.09088161752708,28.09088161752708
2008-01-25,2073.2,2102.95,2010.34,2013.15,519626,371639,-0.023966026696894287,27.871802448317972,27.871802448317972,27.871802448317972
2008-01-28,2016.52,2037.0,1977.23,2031.95,399003,356564,0.009295263584495223,27.887117668453477,27.887117668453477,27.887117668453477
2008-01-29,2030.55,2048.51,2017.64,2033.92,329069,357821,0.000969042371821853,27.256659770192364,27.256659770192364,27.256659770192364
2008-01-30,2034.48,2076.57,2016.24,2033.35,531765,374903,-0.0002802862872303811,26.615145707221455,26.615145707221455,26.615145707221455
2008-01-31,2028.3,2088.36,2001.93,2074.04,580744,375405,0.019813716825566763,27.60099167649545,27.60099167649545,27.60099167649545
2008-02-01,2050.75,2109.12,2049.07,2091.72,431952,356101,0.008488298008196195,27.896379592769932,27.346107264982077,27.346107264982077
2008-02-04,2093.13,2098.18,2047.39,2050.47,283442,369000,-0.019917658867596243,24.384783051873864,27.16017557190996,27.16017557190996
2008-02-05,2049.63,2054.96,1996.59,2003.61,470679,379523,-0.023118481660000568,25.299105483474783,27.156115859618456,27.156115859618456
2008-02-06,2007.54,2021.85,1949.17,1962.36,432051,385149,-0.02080272295487809,25.010049234250804,26.963873976673554,26.963873976673554
2008-02-07,1966.01,2003.89,1922.79,1983.4,668884,388093,0.010664713219725293,24.658737541708483,26.98793971460447,26.98793971460447
2008-02-08,1984.53,2002.77,1964.32,1994.07,411987,383800,0.005365232469529412,24.809211128616855,26.69219762047889,26.69219762047889
2008-02-11,1992.1,2023.25,1979.76,2017.36,360065,381270,0.011611949701869774,24.956231761233646,26.713859586591752,26.713859586591752
2008-02-12,2016.8,2039.25,1989.86,2009.22,411526,400472,-0.004043138886446008,23.964008381890206,26.21692101930952,26.21692101930952
2008-02-13,2011.75,2053.0,2002.49,2043.18,392000,397588,0.01676083062643484,24.113153071822158,26.545270556452866,26.545270556452866
2008-02-14,2045.14,2055.52,2006.98,2013.99,424778,399667,-0.014389588640528899,23.973524361424513,26.242702849216275,26.242702849216275
2008-02-15,2011.19,2020.45,1986.77,2005.29,250730,406457,-0.00432914033734967,23.634395634392476,25.801917378852814,25.801917378852814
2008-02-19,2001.08,2044.02,1977.79,1999.68,370968,432839,-0.002801520944817188,23.629406944951008,25.388242743511025,25.388242743511025
2008-02-20,1999.68,2015.68,1967.41,2008.38,421143,409763,0.004341259194588517,21.822319205493994,25.11273153506824,25.11273153506824
2008-02-21,2007.82,2032.51,1980.88,1993.51,371062,437422,-0.0074315228234925175,21.91016390690583,24.742925759815535,24.742925759815535
2008-02-22,1992.95,2002.21,1955.34,1999.12,380620,422426,0.002810179601865409,21.024249152301525,24.45525211796797,24.45525211796797
2008-02-25,1993.51,2014.55,1980.6,2004.17,383131,409644,0.0025229262325088555,19.310810973159192,24.170790494558663,24.170790494558663
2008-02-26,2004.17,2033.35,1982.0,2016.8,437185,405778,0.006282086927523025,19.14270553731643,23.986445837990804,23.986445837990804
2008-02-27,2015.68,2031.39,1994.91,2020.73,364965,415443,0.0019467353759118468,19.154946588727476,23.70674239279942,23.70674239279942
2008-02-28,2021.57,2034.2,2001.08,2002.77,357767,415414,-0.008927609935377747,19.396662402001148,23.430816754376625,23.430816754376625
2008-02-29,2003.61,2008.38,1956.18,1962.36,437678,456036,-0.02038339178194451,18.986137113144032,23.499640475160433,23.499640475160433
2008-03-03,1962.08,1963.76,1928.68,1949.45,414735,456301,-0.006600549040502038,18.55016503880873,23.21151934184067,23.21151934184067
2008-03-04,1950.29,1965.44,1918.02,1955.9,525382,441641,0.003303164051674671,17.63681669001128,23.0018520019151,23.0018520019151
2008-03-05,1957.03,1987.61,1951.69,1974.99,442014,442372,0.009712889487792305,16.312449787615428,22.971080879331474,22.971080879331474
2008-03-06,1972.74,1990.14,1920.55,1924.19,429884,449211,-0.026058235082576986,17.25034141114478,23.32008105500463,23.32008105500463
2008-03-07,1927.0,1946.64,1888.28,1918.02,536846,444384,-0.0032116960309946313,16.702253871780965,23.054958209231895,23.054958209231895
2008-03-10,1917.46,1928.12,1879.01,1882.1,378869,447689,-0.018905229221174647,17.545787476403042,23.053550025480387,23.053550025480387
2008-03-11,1884.35,1968.25,1873.12,1964.88,510675,414148,0.04304300003978418,23.520992766666694,25.328136247688732,25.328136247688732
2008-03-12,1965.44,1982.56,1943.56,1947.2,390376,397096,-0.009038731503039698,23.66416815773279,25.088585013607023,25.088585013607023
2008-03-13,1948.61,1977.23,1907.64,1962.64,295281,374582,0.007898062458514415,22.952128851545037,24.964355755322153,24.964355755322153
2008-03-14,1962.63,1993.93,1903.11,1927.7,658524,178439,-0.01796292328823152,23.240967421569408,24.922351586609732,24.922351586609732
2008-03-17,1923.79,1961.79,1871.25,1895.0,600803,225805,-0.017108743887018926,23.832203368196755,24.850326777130064,24.850326777130064
2008-03-18,1896.12,1981.63,1894.16,1979.68,573469,280841,0.043716376949138956,28.999310344521252,26.75363968584198,26.75363968584198
2008-03-19,1979.4,1991.97,1924.06,1927.7,578465,293111,-0.026607633062120002,30.362492399313766,26.987276371344436,26.987276371344436
2008-03-20,1928.82,1966.54,1911.21,1956.2,387747,298988,0.014676233452846812,30.852954440507656,27.019047583233874,27.019047583233874
2008-03-24,1959.28,2041.72,1954.53,2033.61,353222,318932,0.0388087229545903,33.927021988882416,28.236767919058124,28.236767919058124
2008-03-25,2033.33,2056.25,2019.36,2041.16,328964,309058,0.0037057348709306904,33.937329522909685,28.00908249125216,28.00908249125216
2008-03-26,2040.88,2045.35,2015.17,2023.55,304128,311451,-0.008664879009794338,34.03836132683368,27.789980644400377,27.789980644400377
2008-03-27,2020.76,2038.36,1992.81,2003.15,377784,304776,-0.010132453141745108,34.224142684131785,27.591941396763758,27.591941396763758
2008-03-28,2003.71,2022.71,1976.32,1989.74,286251,304667,-0.006716964614049138,34.160338399571046,27.366547617362947,27.366547617362947
2008-03-31,1990.3,2008.18,1975.76,2001.47,301949,297583,0.005877933645539613,33.37821159594011,27.189579831039403,27.189579831039403
2008-04-01,1995.89,2081.68,1986.66,2076.65,436928,308926,0.03687410783713563,35.56336417554225,28.34317705564994,28.123913745561946
2008-04-02,2076.37,2099.56,2060.44,2081.68,366927,310290,0.0024192415961545996,35.564277753417386,26.897595132917147,27.90566030756493
2008-04-03,2079.16,2094.53,2059.6,2087.27,295361,305367,0.0026817320189147253,35.47877506629513,26.896983510644322,27.69403256665168
2008-04-04,2087.83,2114.1,2071.06,2090.06,321637,308005,0.0013357816666878292,33.820890614316816,26.471369377929065,27.479971293762883
2008-04-07,2088.11,2116.89,2082.24,2085.59,291299,316345,-0.002140984856236176,33.792168559275844,26.28748563193728,27.264607065500595
2008-04-08,2086.71,2086.71,2060.72,2073.3,254231,311207,-0.005910248059062768,32.91783805567642,26.299854255063153,27.06679910711534
2008-04-09,2074.13,2086.15,2035.01,2053.73,335959,316226,-0.009483888745025525,29.981583912110928,26.118089855303605,26.90306519631052
2008-04-10,2052.62,2090.62,2038.64,2077.77,307696,310333,0.011637551163511332,29.850607725946592,26.03456638036919,26.827335697910392
2008-04-11,2076.93,2090.06,2010.98,2019.08,349457,312298,-0.02865324108007231,31.84777978790127,26.29082478872104,27.124985612649404
2008-04-14,2019.92,2027.74,2002.59,2007.9,251452,311562,-0.0055525623291658235,31.14299937474226,26.114571474242283,26.935978576852182
2008-04-15,2009.3,2022.99,1991.13,2008.46,295909,310615,0.00027885946659595627,30.326046018927954,25.983991796755646,26.746596215692282
2008-04-16,2031.1,2085.59,2028.3,2081.68,409684,305957,0.03580700075385246,29.01605800256048,27.025046620498482,27.485832078901808
2008-04-17,2086.99,2091.74,2050.66,2086.99,329325,298492,0.0025475765037238913,26.904077893702333,26.452843293610307,27.304784773285125
2008-04-18,2093.7,2140.36,2090.9,2127.23,374155,317823,0.01909782737674235,27.181799769425925,26.71898072599022,27.38147549574876
2008-04-21,2127.23,2146.79,2116.05,2139.53,207006,317527,0.005765514850693221,23.937272707294312,26.547129844765365,27.22572867603572
2008-04-22,2138.41,2144.0,2093.42,2118.29,288111,312046,-0.009977019313698758,24.338171841407085,26.14564272376913,27.09188154008014
2008-04-23,2118.85,2145.4,2111.58,2130.03,292852,318246,0.00552690469871185,24.044186064181922,26.105018157642903,26.940691537007417
2008-04-24,2131.14,2179.21,2109.35,2147.07,421390,330234,0.007968057868943142,23.63139225168123,26.146491730103815,26.815081973477895
2008-04-25,2146.23,2161.6,2122.48,2147.35,304354,328656,0.00013040177737453715,23.363406916615794,26.145833797043945,26.643417872814528
2008-04-28,2148.75,2170.55,2144.84,2153.5,189027,328622,0.0028599017365201966,23.352561902751347,25.851462062792958,26.483104667720035
2008-04-29,2153.5,2177.25,2144.84,2167.47,283763,331594,0.006466163234296594,19.84801409136929,25.828507773355348,26.34955223805318
2008-04-30,2167.47,2191.51,2142.6,2149.87,368157,332687,-0.00815321355112132,20.18031351999612,25.540406387992952,26.217603717685122
2008-05-01,2148.75,2219.73,2147.91,2216.94,437067,358574,0.03072049147328648,22.67734451404043,25.770169580296898,26.635090652296356
2008-05-02,2217.77,2244.6,2202.13,2224.76,373363,352261,0.0035211779633087252,22.669166670236386,25.34210924431692,26.483613789649148
2008-05-05,2221.13,2233.14,2201.01,2213.86,210793,346286,-0.00491144631037791,22.775570193466123,25.31808368621482,26.336372739976383
2008-05-06,2214.42,2238.45,2193.18,2234.54,341520,361305,0.009297792006167852,22.62712295910699,25.354325012364708,26.23541502493917
2008-05-07,2236.5,2241.81,2179.77,2191.51,377149,347148,-0.01944458637662733,23.652494248615767,25.64331085318676,26.281928128875975
2008-05-08,2192.06,2217.77,2188.71,2196.54,303943,363101,0.002292591106814445,23.444485121130352,25.618942276700214,26.13526229666936
2008-05-09,2195.42,2206.04,2181.17,2194.58,260386,366687,-0.0008927108027863975,20.37842518913242,25.42408097239539,25.986377393633813
2008-05-12,2194.58,2239.57,2192.62,2233.98,281049,388964,0.017794063800468114,20.585491225263954,25.43719728358073,26.023461751376466
2008-05-13,2232.59,2245.72,2219.45,2242.37,274146,372439,0.003748594200479591,20.509167442904573,25.408896821715803,25.887853204181987
2008-05-14,2242.65,2272.27,2230.91,2231.75,355469,368980,-0.004747311178602701,17.375597745315147,25.427274274701812,25.755314549761316
2008-05-15,2231.75,2277.3,2229.23,2275.62,363687,387802,0.019466511669240665,18.269970920007985,25.67877459514389,25.823661147023575
2008-05-16,2274.78,2282.05,2249.91,2275.34,339383,387223,-0.00012305096083157265,17.465065704784053,25.60670510999406,25.68445433360341
2008-05-19,2275.34,2296.3,2244.88,2264.44,364272,383694,-0.004802004037848046,17.674032570826686,25.64649674919246,25.558353232832232
2008-05-20,2263.33,2264.72,2224.76,2246.28,357159,370487,-0.008051973128794368,17.501283528534135,25.73007524606819,25.454715887782413
2008-05-21,2245.44,2257.18,2184.24,2195.98,480931,360454,-0.022647098481414062,19.670466937260535,26.19845737874085,25.575508380247076
2008-05-22,2198.49,2214.98,2188.15,2198.21,378163,356265,0.0010149766812273416,19.5226669515717,26.198351020659732,25.444622982377318
2008-05-23,2197.65,2201.57,2175.02,2188.99,281965,354477,-0.0042031425846489985,19.613867776186872,26.136598594864502,25.321121943919643
2008-05-27,2191.23,2233.98,2184.24,2227.84,327749,375010,0.017592255966616916,20.481082433191894,25.937634283753543,25.357941910274
2008-05-28,2228.67,2245.44,2216.94,2241.25,309767,369304,0.006001239736323158,20.46738366849059,25.885299758630865,25.251215444684018
2008-05-29,2238.45,2272.55,2235.38,2261.37,355558,385525,0.008937078375472595,20.2772347587615,25.920122197897832,25.168329536125523
2008-05-30,2264.44,2284.57,2261.93,2275.06,255734,398761,0.006035601368831218,17.416672804744763,25.886856942869468,25.06403890670838
2008-06-02,2277.02,2278.7,2225.6,2248.24,371385,384720,-0.011858737782838873,18.001616367442125,25.3797209286766,25.007957982287287
2008-06-03,2248.79,2268.36,2211.91,2233.7,462336,364368,-0.006488284541296504,18.07333375918279,25.42058545595819,24.905795693834335
2008-06-04,2234.54,2278.14,2220.01,2258.85,469216,391573,0.01119643086142697,18.208724924145102,25.082265884074257,24.851046701763202
2008-06-05,2257.46,2303.01,2254.94,2298.54,381105,401544,0.01741830454782497,17.531372295388437,23.856570008530788,24.881999509525283
2008-06-06,2297.42,2305.8,2221.13,2223.08,524914,376984,-0.03338051702768908,21.64623463947172,24.864679284680708,25.281813603077186
2008-06-09,2221.69,2236.22,2178.65,2221.97,512507,369476,-0.0004994319627777932,21.64308632724025,24.842152523072837,25.164499715952115
2008-06-10,2220.01,2223.92,2187.03,2205.76,410368,373265,-0.007322069061009102,20.820361901327907,24.56990053430896,25.07063880411873
2008-06-11,2204.64,2217.5,2150.43,2153.78,481595,360757,-0.023847682758890414,22.301336229720146,24.834030615006412,25.203717751764298
2008-06-12,2150.15,2186.48,2135.33,2157.41,242630,307454,0.0016839902012372378,22.313687173402,23.27284189205738,25.09244345542465
2008-06-13,2162.44,2202.68,2145.67,2196.54,131468,284671,0.017974966900278853,22.13162442058353,22.76652947449648,25.134739402814205
2008-06-16,2196.55,2227.7,2183.2,2214.07,375901,193855,0.007949055711699668,22.395133832769368,22.650212783082274,25.05476768378744
2008-06-17,2212.4,2231.32,2202.11,2209.62,392702,225110,-0.0020118957255283315,22.360210452337807,21.32806541770678,24.945744863340675
2008-06-18,2209.35,2213.52,2172.08,2182.09,442572,240667,-0.01253742192089758,22.597268048314472,21.51151773369588,24.901000080241285
2008-06-19,2181.53,2226.87,2161.79,2214.35,552215,278566,0.014675773583474685,21.82409115320304,21.590074853633965,24.89381292653485
2008-06-20,2216.58,2218.25,2144.27,2159.84,541065,275249,-0.024924761828144317,23.599888035394635,22.13645426687312,25.04472662603623
2008-06-23,2161.51,2171.52,2133.14,2133.7,347901,269922,-0.01217658294967905,23.916373633996255,22.24842904066609,24.995028419517826
2008-06-24,2134.81,2152.33,2108.11,2126.47,413462,268336,-0.0033942340053544255,22.856760676737885,22.2456717353379,24.892811186587092
2008-06-25,2127.02,2181.26,2127.02,2149.55,395524,264137,0.010795189983855154,23.149940962518844,21.06032458059434,24.844692052923737
2008-06-26,2149.27,2150.66,2071.96,2076.41,492064,270226,-0.03461807692012147,25.447207350607165,22.255707462829623,25.219045340173178
2008-06-27,2082.25,2088.92,2042.48,2075.57,434636,273923,-0.0004046262320436323,25.202911035240653,22.248559906933043,25.11558494783085
2008-06-30,2076.68,2083.64,2049.43,2053.6,369687,284128,-0.01064146418024299,25.160005794341917,22.35086030150567,25.051663686513955
2008-07-01,2056.66,2082.53,2019.95,2079.19,582015,295947,0.012384044216652538,25.84738945402702,22.497319891734325,25.02266469981569
2008-07-02,2080.02,2099.49,2025.23,2030.24,476841,306638,-0.023824382124978616,26.178511510441783,22.99073513970677,25.132558425112123
2008-07-03,2032.19,2045.81,2009.38,2026.9,326610,303542,-0.001646480404685604,24.82021457687899,22.913717887200125,25.032758712084497
2008-07-04,2026.9,2034.13,2017.72,2026.9,391725,288934,0.0,22.727706002881018,22.780245793977116,24.934466309961458
2008-07-07,2019.95,2063.06,2006.88,2038.3,506848,311212,0.005608594845765674,22.97660955354832,22.036103519119138,24.854393937685717
2008-07-08,2037.19,2087.81,2014.39,2078.63,490691,303947,0.01959289575178675,24.448394048428653,22.357996838110843,24.923578070725487
2008-07-09,2079.19,2088.64,2028.85,2037.47,425063,330427,-0.02000018076123209,24.04744324387316,22.752330469049678,24.96910315673154
2008-07-10,2037.75,2061.11,2013.0,2051.65,520207,313112,0.0069355053603611504,24.248031165296975,21.562849485421644,24.89779024596391
2008-07-11,2053.04,2069.45,1989.08,2025.23,586094,311118,-0.012961073102795309,23.247021697617757,21.710880966207906,24.858409760418425
2008-07-14,2022.17,2058.61,1998.81,2005.21,480210,311049,-0.009934480927179704,22.88563612150263,21.40462358288798,24.794847573291793
2008-07-15,2005.49,2039.7,1963.77,2001.32,685484,300223,-0.001941830572758598,22.88684433714302,21.359042112363237,24.70242432343949
2008-07-16,2005.49,2058.33,1986.58,2052.21,542827,306944,0.02511029839778295,25.032547706055013,21.9396363450166,24.868143895924366
2008-07-17,2048.32,2078.63,2039.14,2046.65,532829,303519,-0.0027129511182040263,24.142922543703634,21.90746861791363,24.777750869852266
2008-07-18,2038.58,2056.38,2023.84,2034.41,430280,309206,-0.005998459567428833,22.86154345028926,21.85930835644132,24.696669388572463
2008-07-21,2033.3,2052.49,2017.17,2033.02,332636,307878,-0.0006834782917522052,22.61174241882146,21.8583087677834,24.607054760969664
2008-07-22,2026.62,2032.74,1988.8,2029.13,436295,320255,-0.0019152425139854676,22.60935702083657,21.84501775809318,24.51871475954291
2008-07-23,2030.52,2080.58,2027.18,2056.94,494064,314852,0.013612311790992773,22.847335282210494,21.997775823941872,24.5086217851399
2008-07-24,2053.88,2073.07,2015.22,2024.12,412530,329698,-0.016084403347862673,20.147306204507665,22.16927984760894,24.505580549218948
2008-07-25,2022.45,2061.94,2019.39,2047.48,294471,317373,0.011474730482339608,20.65038717305054,21.32783095251085,24.474972323939028
2008-07-28,2052.77,2063.06,2002.43,2017.72,351219,328514,-0.014641607621888918,20.95288213924463,21.475850286048953,24.45705118484291
2008-07-29,2015.5,2064.17,2009.66,2049.15,374080,322087,0.015456911953745637,21.23736950518832,21.746809160799714,24.468120472895315
2008-07-30,2049.43,2076.68,2033.85,2065.0,412764,307546,0.0077051533935272734,19.573238723713427,21.71612258322117,24.409592825888836
2008-07-31,2066.12,2090.03,2038.58,2062.22,448365,320094,-0.001347153977948538,19.56846535822595,21.385003920610306,24.325957172347536
2008-08-01,2063.06,2072.79,2009.94,2039.14,454181,327534,-0.011254922091408865,20.036578772073444,21.475587095623094,24.28134485516249
2008-08-04,2039.42,2043.87,2004.37,2015.5,282460,328774,-0.011660846768555168,20.364878028733216,21.581290215405744,24.239739707300934
2008-08-05,2015.22,2084.75,2013.55,2079.19,408417,303909,0.031111091216362678,22.204193218300944,22.249871446358824,24.513166340677603
2008-08-06,2079.19,2121.18,2064.73,2109.5,418191,314338,0.014472557790810303,21.441758669139926,22.459235923899275,24.510239416414116
2008-08-07,2109.78,2122.3,2087.53,2098.1,361538,321406,-0.005418779301738319,21.492890003255173,22.464419049611358,24.436693082541378
2008-08-08,2098.38,2149.27,2090.59,2140.09,405308,330188,0.019815710943676675,21.791881835059808,22.478136727935485,24.497680999140837
2008-08-11,2137.04,2187.1,2134.53,2161.51,431061,328050,0.009959167307493244,21.39559367196366,22.590073543400205,24.454382957562366
2008-08-12,2159.84,2181.53,2148.44,2163.46,386802,330101,0.0009017404199957267,21.31888217275719,22.57775142423037,24.375483187201027
2008-08-13,2163.46,2179.59,2140.09,2159.84,443815,343739,-0.0016746470733035924,19.85336323391717,22.527554167080865,24.297215445603392
2008-08-14,2162.07,2194.88,2150.94,2186.82,440377,356966,0.01241428890229861,20.046120494386283,22.209242108172823,24.274145943363894
2008-08-15,2187.1,2199.61,2172.08,2186.54,346035,334041,-0.00012804799988231708,19.791172779517872,22.20809316776002,24.19673821416598
2008-08-18,2184.87,2198.22,2140.09,2162.07,352952,337854,-0.011254289659610043,20.440086848800316,22.310666738118147,24.158831582158
2008-08-19,2161.79,2165.4,2117.01,2135.09,385099,337422,-0.012557295762332209,21.122509693781577,22.138289754689,24.130603454381657
2008-08-20,2134.53,2153.72,2116.18,2131.47,341719,327920,-0.001696917830129398,20.754460229728117,22.094803708710877,24.055521225993953
2008-08-21,2131.2,2132.59,2100.6,2121.74,303345,332726,-0.004575375762791123,19.821701070608924,22.012879870018267,23.98599018826625
2008-08-22,2121.18,2159.56,2115.06,2146.49,271663,337740,0.01159744315889584,19.82923563920079,22.118733906728774,23.959583945842986
2008-08-25,2147.05,2147.88,2099.21,2108.11,351009,319603,-0.01804213844396696,20.248277602852493,22.28443424043185,23.984906824002366
2008-08-26,2107.83,2117.85,2087.53,2104.22,263220,316899,-0.0018469593340581477,19.667979351269896,22.256539747644062,23.912172281055483
2008-08-27,2104.22,2132.03,2093.65,2115.62,297429,327167,0.00540306160110687,19.585751537194287,22.152418851282395,23.85107522307522
2008-08-28,2114.79,2140.37,2103.66,2119.79,285917,329842,0.0019691134258072508,19.563667864311334,21.824890005245585,23.781163015527
2008-08-29,2119.24,2122.57,2077.52,2085.86,366685,325037,-0.01613578694134861,20.05225943962319,21.015002098931706,23.786576528013363
2008-09-02,2086.14,2130.92,2051.38,2060.0,456058,317696,-0.012475257430879768,20.123133461058806,21.14423282048165,23.75965555764387
2008-09-03,2060.0,2068.62,2026.62,2040.53,406931,311943,-0.009496404766990672,17.01040934353214,21.175524581239433,23.71338587349405
2008-09-04,2042.75,2042.75,1973.5,1975.45,491522,303684,-0.03241335753358441,19.356400083078146,21.632949356764765,23.953675346451117
2008-09-05,1974.34,1980.74,1937.07,1969.05,472011,294839,-0.0032450275655256243,19.339956618847562,21.626126028423432,23.885149530508055
2008-09-08,1996.31,2019.39,1930.4,1958.76,571291,344785,-0.00523957296358214,17.330235073646957,21.252261537833107,23.82120885343822
2008-09-09,1960.71,1980.46,1914.27,1923.17,484670,346464,-0.018336753736385065,17.12427713212351,21.413581616906104,23.843854521223246
2008-09-10,1926.5,1953.2,1920.11,1932.9,408212,330615,0.0050465995951475195,17.40171534370391,21.46710156962694,23.786628527787038
2008-09-11,1932.06,1976.29,1897.02,1974.89,327402,294576,0.021491234768893065,19.868852698081877,21.897673515561912,23.87146495809958
2008-09-12,1972.67,1980.18,1939.85,1972.67,153681,270166,-0.001124745530927858,18.89993738179955,21.631939474670666,23.80356378224222
2008-09-15,1972.67,1975.46,1914.23,1925.13,526445,162250,-0.024394457141469043,19.976439295379606,21.608118087348625,23.899929975664243
2008-09-16,1924.85,1955.33,1890.18,1938.27,737643,218185,0.006802324722983225,20.41389907692585,21.57327840800512,23.850936005627464
2008-09-17,1939.67,1954.77,1833.98,1842.09,710823,277087,-0.05089502607568798,25.96267686124154,23.82117294121347,24.505601259414952
2008-09-18,1856.07,1915.63,1803.22,1910.87,1039167,306373,0.03665783915893527,30.286002385886988,24.9935373927906,24.844260354332707
2008-09-19,1908.63,2014.89,1905.84,1945.54,536698,292339,0.017980937765099334,31.411114145818992,24.37508065689669,24.876852998451625
2008-09-22,1940.51,1959.52,1860.26,1867.53,393824,290762,-0.0409228713455607,33.35041905725156,25.70490552084567,25.24742272676323
2008-09-23,1867.25,1903.32,1842.93,1846.0,423082,282654,-0.011595566072174164,33.1441909202571,25.719724733452402,25.20775569518692
2008-09-24,1852.99,1881.23,1844.88,1870.05,354265,276792,0.012944032396296226,33.83640955887002,25.733145656163643,25.193689593942477
2008-09-25,1868.93,1917.3,1861.94,1879.0,356372,279250,0.004774551954371596,33.80929018341664,25.350729294450286,25.135043517103977
2008-09-26,1872.84,1884.03,1823.07,1873.12,363341,285666,-0.003134230682103101,33.69949327651792,25.353455644657817,25.06845237044425
2008-09-29,1879.83,1887.94,1670.96,1691.1,602280,317387,-0.10222628497572328,47.924351759638675,32.71426404941643,27.60442055743473
2008-09-30,1694.45,1795.95,1684.11,1794.55,433127,304371,0.05937508935831998,53.938663571559175,35.08936114387848,28.419534032705307
2008-10-01,1789.24,1789.8,1736.11,1765.75,360321,312863,-0.016178764824927402,54.03343826722411,34.90916159679206,28.395534705217884
2008-10-02,1764.08,1779.17,1672.92,1689.42,375716,320529,-0.04419025454315772,54.91588993886614,35.76222077051993,28.743172054995682
2008-10-03,1688.86,1746.74,1649.43,1652.51,501705,328884,-0.02208993060112614,55.11468968295225,35.90798078697867,28.763136063500948
2008-10-06,1653.07,1655.31,1502.92,1573.1,665348,356122,-0.049247149316288784,56.92556910314801,37.063216653141666,29.196480306830995
2008-10-07,1575.9,1610.57,1490.06,1494.81,586337,380934,-0.051049086381332286,58.64585198731781,38.27247754801249,29.652012772003474
2008-10-08,1500.96,1558.28,1432.45,1476.35,720811,380479,-0.012426283025686713,58.275373372961745,38.298220227668544,29.598002577070776
2008-10-09,1486.42,1535.63,1412.04,1422.67,596728,392640,-0.03703743765284365,57.31332313597585,38.32420975036644,29.783231716459763
2008-10-10,1433.57,1483.34,1340.18,1434.41,829115,390828,0.0082182270540769,57.73794465415924,38.43087780599971,29.731893131937394
2008-10-13,1451.19,1632.38,1451.19,1631.26,483702,393600,0.1285991074977394,77.06820386877182,47.29663315546359,33.13712789852302
2008-10-14,1623.71,1676.56,1513.54,1527.8,629280,384325,-0.06552393021315348,79.43062452167608,48.9586464920825,33.822591036375684
2008-10-15,1541.78,1556.04,1374.58,1374.58,559282,389864,-0.10568056221278395,85.17117998064786,53.140788464885446,35.684533455509666
2008-10-16,1380.17,1488.38,1332.35,1479.71,787162,382928,0.07369789271782448,89.05612879593973,55.486574046650695,36.60670010551277
2008-10-17,1477.47,1534.23,1419.31,1466.29,585775,389802,-0.009110721539311728,88.33103285714941,55.448092057073595,36.52357656313626
2008-10-20,1469.64,1524.73,1443.92,1521.09,382889,390301,0.036691782033367856,89.49854742800872,56.0133170186573,36.69088244630011
2008-10-21,1525.85,1525.85,1432.18,1445.6,427559,407044,-0.0509027228283373,90.65648173649711,56.769067864367194,37.00035171520111
2008-10-22,1442.8,1480.83,1351.37,1395.83,508040,403245,-0.03503523987535945,90.48935571666055,56.91366076823411,37.08728607386264
2008-10-23,1393.59,1415.4,1315.02,1401.98,585868,395878,0.004396302754889893,90.47870014853142,56.88266904621294,37.00454824790062
2008-10-24,1397.78,1403.38,1285.94,1332.63,530487,394013,-0.050731089900702256,91.24988076913087,57.58925804682108,37.29697945273257
2008-10-27,1331.79,1374.02,1271.4,1299.64,394574,408273,-0.025067130234417298,85.63165534789778,57.69946812766007,37.288249325959036
2008-10-28,1300.48,1464.05,1287.62,1462.93,485392,407425,0.11835397096304359,94.37134280841912,63.19066562204397,39.505585234213434
2008-10-29,1460.14,1506.27,1421.83,1447.27,521645,385490,-0.010762250809355856,94.3455308880505,62.74006518171247,39.422085182812545
2008-10-30,1446.16,1515.22,1446.16,1504.32,412418,367088,0.03866194565964818,94.93877491802077,63.27142880200536,39.5814952239966
2008-10-31,1498.72,1522.49,1459.86,1495.37,351846,356718,-0.005967300993186369,94.74420827975173,63.271448539141794,39.48988619674717
2008-11-03,1498.72,1517.18,1479.15,1500.4,214652,341446,0.003358071365153018,93.31482495271266,63.07819363119792,39.401077764975334
2008-11-04,1500.12,1547.93,1491.73,1544.02,323132,350695,0.0286576656609706,92.08057548208734,63.39483119671932,39.449497414123854
2008-11-05,1543.18,1553.53,1449.79,1460.98,372652,349198,-0.05528196146563787,94.18024328315478,64.1891281622346,39.77912431543874
2008-11-06,1459.3,1460.42,1381.29,1387.44,462520,354669,-0.05164712096073476,95.0700763864306,64.84091981027711,40.04488117226015
2008-11-07,1388.28,1442.8,1388.28,1441.12,338144,346537,0.03796026659310234,96.04429450426383,65.38303658115868,40.187973969957
2008-11-10,1446.16,1477.75,1381.84,1405.33,291818,353041,-0.025148438401665654,83.4728742261151,65.47253256828854,40.171103361655206
2008-11-11,1403.65,1411.48,1351.09,1367.86,339641,361075,-0.02702467586956911,81.00272817668464,65.59218186409072,40.166475413586134
2008-11-12,1366.75,1392.19,1298.52,1301.32,371596,367619,-0.04986834085345337,73.9675400555046,66.15517092883299,40.39514504102016
2008-11-13,1303.27,1391.07,1239.8,1380.73,579982,360040,0.059233210884240536,72.14067755650164,67.57625375757101,40.84111296887054
2008-11-14,1384.36,1386.6,1291.81,1292.37,439353,368623,-0.06613460274172857,75.4946595390453,68.64194062074951,41.31131070421286
2008-11-17,1294.33,1329.56,1274.19,1295.72,364613,376092,0.0025887831342176083,73.8711829787078,68.5553875671792,41.22191320861508
2008-11-18,1296.28,1314.74,1244.83,1313.06,437110,361847,0.013293765948631714,72.42885956305545,68.66808918778705,41.163999231304224
2008-11-19,1306.91,1310.82,1211.0,1221.91,469239,370161,-0.07194508287134212,75.58797237174846,69.89631399294672,41.72348429105043
2008-11-20,1218.55,1247.07,1153.4,1162.63,584821,367567,-0.04973052809854265,76.96772812373258,70.32105831085657,41.92388016988837
2008-11-21,1167.1,1222.47,1138.3,1220.23,511389,353747,0.048354685382718046,77.93400697085562,71.29346261519652,42.18038535671001
2008-11-24,1228.34,1301.88,1199.26,1282.86,415253,352151,0.05005259486100525,79.83116697223063,72.30191222815277,42.45309090629132
2008-11-25,1281.46,1313.34,1250.15,1270.0,388743,360351,-0.010075059957307042,66.31065178375331,72.29738377710031,42.36713686683207
2008-11-26,1269.44,1336.55,1254.9,1335.99,304609,358822,0.05065568958600097,69.3704630242654,73.29055881655046,42.640997527647926
2008-11-28,1332.91,1341.58,1309.98,1326.48,86994,326260,-0.007143772845520687,67.51487939146108,73.09989470409671,42.55107606188842
2008-12-01,1326.2,1329.0,1219.39,1224.14,335423,360397,-0.08029026057666726,72.44236741092008,74.6362902528086,43.227421487377605
2008-12-02,1220.51,1270.56,1218.55,1267.2,376422,344794,0.03457118544371136,74.03586819354464,75.14162236148029,43.30854450160787
2008-12-03,1266.37,1304.67,1225.82,1292.93,422325,342192,0.020101218581853455,73.52768047645904,75.31229261701677,43.2796831091044
2008-12-04,1294.89,1307.47,1240.36,1269.44,381601,358284,-0.018335102316049397,71.57855933333576,75.31006047737486,43.21820612329792
2008-12-05,1268.32,1320.89,1224.7,1317.53,440158,335989,0.03718291322879244,71.17807958686406,75.63165746894904,43.321374906873864
2008-12-08,1316.42,1384.36,1309.43,1355.56,383648,353386,0.028455881513520444,70.5370795001057,75.96777079862261,43.3464557706449
2008-12-09,1357.52,1400.86,1342.7,1361.15,373552,341083,0.004115277588791372,70.08509464347829,75.90163298680676,43.259906560151485
2008-12-10,1361.99,1387.16,1345.77,1361.15,339136,309880,0.0,69.43818205920809,75.86627236758409,43.169545254030886
2008-12-11,1361.99,1375.13,1314.74,1329.28,182020,268168,-0.023692488409376943,67.55323948525897,75.38032127075547,43.13519973856161
2008-12-12,1325.64,1358.92,1268.32,1357.24,135271,239268,0.02081578367134401,64.47174373751525,75.07174042035882,43.11024278893101
2008-12-15,1357.24,1369.54,1306.09,1336.0,309117,145609,-0.015773150822445632,60.0345176219619,74.93551722909912,43.042899255823954
2008-12-16,1334.32,1396.09,1329.57,1387.43,342050,180242,0.0377730398008814,61.39047200313205,75.11622779300595,43.14716305012092
2008-12-17,1387.98,1391.62,1347.46,1373.45,294861,191813,-0.010127292373869886,61.45371836216764,75.1112843832498,43.06597643617197
2008-12-18,1372.33,1383.23,1334.32,1370.1,285614,209228,-0.0024420926645395188,54.93042296936995,75.02104741691224,42.977645760429375
2008-12-19,1365.62,1383.79,1351.65,1353.89,231281,207821,-0.011901799455147013,51.392630736540234,75.00433510657525,42.9011880177712
2008-12-22,1354.44,1367.86,1307.49,1338.23,186232,220491,-0.011634085132816715,49.46056642013077,75.01329252364349,42.824514907009906
2008-12-23,1340.75,1348.85,1315.04,1324.26,134786,222127,-0.010494032430761443,46.6743338979586,72.27223022585939,42.74584838088304
2008-12-24,1325.66,1329.85,1317.83,1319.23,39768,221970,-0.0038055797983374572,46.519345457562764,71.05265775393777,42.65986096722418
2008-12-26,1324.54,1331.53,1317.83,1328.73,39812,220802,0.0071753657605214665,42.89452840503727,71.05872392682872,42.58467972203515
2008-12-29,1328.17,1339.35,1292.68,1314.2,120963,226003,-0.010995483338754065,42.99802796671771,70.5957045287455,42.59042681238736
2008-12-30,1315.04,1350.53,1313.92,1348.3,151277,227381,0.025616424176261345,31.93013471945291,70.75576210752807,42.46423793731205
2008-12-31,1348.58,1369.26,1342.71,1355.56,125382,227971,0.005370113428249308,29.943314128526943,70.12644396280264,42.469665057715886
2009-01-02,1353.89,1417.89,1346.06,1400.84,190785,229030,0.032857403607039225,31.204457615535585,69.75163562252841,42.554949532158965
2009-01-05,1399.44,1425.44,1391.06,1414.26,206046,219837,0.009534369408577418,30.10657854742848,69.74428157746848,42.539015129188364
2009-01-06,1412.86,1438.85,1408.11,1420.97,264042,219604,0.004733310897313469,27.667978198308994,69.33933928195134,42.54219066258603
2009-01-07,1419.85,1423.48,1372.33,1385.75,277243,227516,-0.02509822768129441,27.86275235138207,69.50624052990275,42.575051672170545
2009-01-08,1386.87,1400.56,1367.02,1396.93,256807,225984,0.00803546232868933,27.953594576500784,64.1190037979638,42.55219444992399
2009-01-09,1397.77,1404.47,1359.48,1365.62,245200,238098,-0.022668433678582366,29.222434041470386,62.91240307063578,42.554287884675915
2009-01-12,1365.07,1370.66,1326.22,1348.3,224799,244141,-0.01276399830999229,28.281461815653923,59.13210800061511,42.54343137998246
2009-01-13,1348.58,1362.27,1324.82,1346.06,285219,243798,-0.001662732905828238,27.26946536089947,57.084375718478455,42.527387988280026
2009-01-14,1346.06,1353.61,1291.56,1303.02,289537,253344,-0.03249715953298592,29.10333543388045,57.41642525301609,42.63898460905193
2009-01-15,1302.74,1331.53,1272.83,1316.15,384576,247806,0.010026160951538144,25.627983228599877,56.90737301782352,42.58262315621767
2009-01-16,1320.35,1342.71,1301.9,1338.23,310413,249160,0.016637037118346357,26.341484965017358,56.127262764590434,42.619198093860824
2009-01-20,1340.47,1366.46,1265.56,1282.89,326088,266515,-0.04223249988600056,30.090413747932214,56.33111642420828,42.774835797307155
2009-01-21,1283.73,1324.82,1274.51,1320.91,299364,249436,0.029205547611868395,32.00667092025446,56.66871200206931,42.83029954993467
2009-01-22,1321.18,1344.1,1281.22,1310.56,356738,258457,-0.00786636622967516,31.871938514785718,55.734979437217824,42.82042695855995
2009-01-23,1307.49,1331.53,1276.19,1301.62,347363,249767,-0.006844884276765878,31.754550466770333,55.51348932682533,42.822584200446784
2009-01-26,1302.46,1342.99,1282.06,1318.67,300366,247848,0.013014010386636762,32.10707871449866,49.8298815526279,42.84810679310946
2009-01-27,1320.35,1341.87,1315.04,1325.66,248890,246595,0.005286795733504712,32.057895179291194,49.814180494116826,42.798973145505656
2009-01-28,1327.89,1391.62,1324.82,1376.53,320654,244353,0.03765539114060232,34.43155167364373,49.779966433940956,42.969705146240194
2009-01-29,1375.13,1376.53,1337.12,1348.3,268951,251995,-0.020721300111240983,34.200676880244366,49.92838564759902,42.973233943411685
2009-01-30,1349.97,1357.52,1312.24,1318.39,298960,267883,-0.02243324446504378,35.035438758538774,50.09572549379132,42.96982868045619
2009-02-02,1320.35,1343.82,1289.6,1329.01,289561,258782,0.008023008964428723,32.85697944456011,49.73078619850011,42.93740926454384
2009-02-03,1330.13,1361.43,1316.43,1350.25,305832,254101,0.01585545633358679,33.24177133258658,48.630671785110295,42.95552333480249
2009-02-04,1351.09,1389.38,1345.78,1357.24,310950,251257,0.0051634654460362564,33.25421795968988,47.499766259304685,42.955199946364026
2009-02-05,1358.08,1396.65,1324.82,1380.16,428893,261874,0.01674620854044174,32.76194608430233,46.964599968786466,42.974196727875366
2009-02-06,1382.39,1430.47,1375.41,1426.28,337645,253911,0.03287022167613502,34.717784118514,47.18032242019674,43.111832900236195
2009-02-09,1423.2,1437.18,1406.43,1426.28,218398,252594,0.0,33.57844006784233,46.836947925068564,43.07331706278134
2009-02-10,1424.6,1437.74,1365.62,1377.92,423413,262110,-0.03449454039966995,35.680705646291436,46.230073299192206,43.181659738963404
2009-02-11,1371.77,1386.03,1348.85,1368.98,295597,260983,-0.006509178758008497,35.77159003605948,44.62564768936683,43.18365061864672
2009-02-12,1369.26,1394.13,1344.38,1392.18,412705,270359,0.016804926901395595,33.90921740932776,42.577109545590076,43.22264129505694
2009-02-13,1392.18,1403.08,1370.66,1374.29,286592,271687,-0.012933629776635756,34.283348176393936,42.67483269181514,43.2340187211634
2009-02-17,1368.7,1371.77,1318.11,1322.02,383318,293872,-0.0387763642124584,36.73511608834384,43.3618402224823,43.39165904915771
2009-02-18,1325.1,1346.06,1309.73,1319.23,355522,293267,-0.0021126368482361534,33.306333106845884,40.68429141112861,43.389360843207356
2009-02-19,1317.55,1343.26,1302.74,1308.61,339233,296678,-0.008082727881013135,31.771694859865264,39.326726683064365,43.39207211981907
2009-02-20,1308.61,1323.14,1285.69,1310.0,442366,304226,0.0010616320342102035,31.653784606495282,38.12012190018939,43.38551205922824
2009-02-23,1313.08,1337.12,1258.3,1269.76,377881,298470,-0.03119923097879863,33.478037825637735,37.29915463858987,43.48463037602288
2009-02-24,1270.04,1315.59,1266.68,1300.78,390287,295018,0.024136178305197115,34.32807129859964,37.569138525345544,43.556879375402104
2009-02-25,1300.22,1323.98,1276.74,1290.16,419637,299022,-0.008197842849335387,34.3507496218367,36.11444123447224,43.52122203843756
2009-02-26,1291.84,1313.64,1259.7,1265.84,364112,303274,-0.019030308261532666,31.594744360535625,36.28842843034562,43.55333169304467
2009-02-27,1264.45,1273.11,1237.89,1248.79,401798,295547,-0.013560850928946998,31.19761818635552,32.413534279210985,43.566527329017035
2009-03-02,1245.72,1247.68,1201.0,1214.14,398697,305483,-0.028139075259262195,31.710331486438907,32.130818476822384,43.631043751048814
2009-03-03,1214.14,1232.3,1194.01,1198.49,367263,306678,-0.012973576145926001,31.51932714029696,31.93003978116395,43.57760612727863
2009-03-04,1199.6,1257.74,1187.31,1230.91,426573,306208,0.026691302143467478,32.69086777017167,32.23378422819083,43.6717699340237
2009-03-05,1254.66,1254.66,1198.49,1210.78,426158,313839,-0.01648895321354521,32.73429087012455,31.419286927034744,43.66285031846188
2009-03-06,1211.9,1218.05,1166.06,1203.52,455925,327026,-0.006014183724543186,31.64222717212759,30.808093987658623,43.430528900621184
2009-03-09,1203.8,1216.09,1162.99,1170.54,421893,325954,-0.02778541550474639,28.735908065075755,31.229194444386486,43.502173446684296
2009-03-10,1168.58,1243.76,1164.67,1236.5,418341,316204,0.054819627184245684,36.71622362526886,33.36548162904431,43.86417712517694
2009-03-11,1235.38,1269.76,1235.38,1257.74,420617,312545,0.01703165167272491,36.17612969807986,33.257444158698135,43.87477222340673
2009-03-12,1258.3,1305.53,1242.93,1301.9,224268,281016,0.03450827626915571,38.72367197146761,33.754375302625085,43.99729122453412
2009-03-13,1295.75,1314.76,1284.85,1307.49,109382,248420,0.004284532822922521,38.1460220954538,33.62168827625293,43.76464940032638
2009-03-16,1307.48,1325.74,1283.33,1294.56,386080,169353,-0.009938399666744585,38.05872563576006,32.7201698251296,43.700432487868554
2009-03-17,1293.44,1338.66,1288.39,1337.26,387148,207425,0.03245187535714699,37.570404997969234,33.3784236865574,43.803724554591916
2009-03-18,1336.98,1377.42,1324.62,1362.54,405034,222087,0.018727860487956088,38.09741658033083,33.605515857745495,43.6627814400388
2009-03-19,1361.41,1373.77,1342.03,1352.14,327571,236122,-0.007662082366826919,38.083504855986554,33.5530706465747,43.66371311126552
2009-03-20,1353.55,1370.68,1322.65,1334.73,331995,230280,-0.012959498349188112,38.43514990388453,33.573756458227,43.67282648057568
2009-03-23,1333.04,1413.38,1333.04,1406.63,371424,238802,0.0524677484828861,40.57215311241196,35.177922923577974,44.000994074135406
2009-03-24,1408.32,1410.01,1383.6,1388.94,272775,236186,-0.012655906394434,40.38632515833133,35.276245872615746,44.01227634132495
2009-03-25,1388.1,1417.31,1354.11,1385.85,402757,234852,-0.0022271964922060293,40.21654265089458,35.256952719344916,44.00616388106957
2009-03-26,1383.04,1440.06,1383.04,1430.23,386569,251664,0.03152160069669739,40.45001509490336,35.728044244218395,43.96222262673799
2009-03-27,1430.79,1434.72,1402.14,1411.13,274212,247229,-0.01344446863391549,40.4425309046954,35.493731166287525,43.97678863419518
2009-03-30,1404.39,1409.44,1352.14,1373.77,307717,249661,-0.026832016546073235,40.29812204597093,35.92595036686984,44.04778300043786
2009-03-31,1373.77,1413.09,1372.93,1390.34,311992,241165,0.011989536228953494,39.69447003362328,35.36648197348099,44.06813082464958
2009-04-01,1379.67,1409.72,1359.45,1405.51,330213,235649,0.010851904696477576,39.068020516176574,35.382879330065144,44.085911356613224
2009-04-02,1405.51,1472.64,1402.98,1462.25,429146,227936,0.03957611909613188,39.73040976257604,36.295084399832724,44.27680099806015
2009-04-03,1464.78,1480.79,1452.98,1478.82,275816,236060,0.011268127127194296,39.31045211387435,35.96424712917198,44.287459333462884
2009-04-06,1477.98,1491.46,1444.27,1474.05,253879,239319,-0.003230757973783861,37.056924785851145,35.945338177222766,44.2686091383618
2009-04-07,1474.05,1479.94,1423.21,1438.94,308263,238260,-0.02410698308042399,35.379964185931776,35.986802439894085,44.24260118236616
2009-04-08,1440.34,1467.02,1423.49,1458.88,273572,236688,0.013762286628955041,35.283037404111475,35.968110775021835,44.26654688813401
2009-04-09,1459.16,1506.91,1457.47,1501.01,268598,243826,0.028469196811375993,34.72881041098447,36.38924011588417,44.3669455999875
2009-04-13,1496.52,1509.44,1484.72,1496.52,193379,247054,-0.002995802115796585,34.90324051296387,35.69674593023682,44.21046161517922
2009-04-14,1498.76,1506.63,1472.36,1487.53,282602,244217,-0.006025386437017056,34.682006186062644,35.70007761677126,44.21124979774663
2009-04-15,1474.89,1483.03,1453.26,1479.66,315134,251988,-0.005304694647124302,33.571160246510715,35.59994834421502,44.164862576572375
2009-04-16,1479.38,1526.01,1468.71,1518.99,357821,259396,0.02623330865911574,34.07833973611642,34.748237175375955,44.24644674302963
2009-04-17,1517.58,1528.82,1501.85,1518.99,247517,256560,0.0,33.795139983593344,34.31363230919142,44.23814320746539
2009-04-20,1516.18,1516.18,1462.25,1475.73,280756,259202,-0.028892857697633872,35.40427180963157,34.846896395272125,44.31904764601486
2009-04-21,1475.17,1494.27,1460.28,1492.02,321736,264847,0.0109781239016031,30.792472080588347,34.84558105296273,44.326563337011535
2009-04-22,1491.74,1530.22,1477.13,1486.97,376040,273039,-0.00339041409164812,30.342138186738012,34.79178876063988,44.32669763904366
2009-04-23,1492.3,1513.65,1481.91,1507.75,363322,268059,0.013877980923144758,30.48350659038664,34.87089390214882,44.35138611710878
2009-04-24,1508.87,1548.76,1500.45,1544.83,318441,275630,0.02429539858428566,29.72341796957016,34.39403068112384,44.41956543792288
2009-04-27,1536.96,1554.38,1517.02,1542.86,283010,274142,-0.0012760350082469225,29.09127154403684,34.07663492552651,44.414278778819096
2009-04-28,1540.89,1547.64,1517.86,1528.54,263519,273849,-0.009324805471489237,27.195399882506273,33.77570451113962,44.303683556856214
2009-04-29,1527.13,1569.82,1522.36,1547.92,289106,279636,0.012599062792027698,27.21602627826045,33.82085659475718,44.32343990804704
2009-04-30,1547.35,1592.29,1546.23,1565.61,349743,274360,0.011363430161336258,27.230298098014156,33.75779680394256,44.34069548900778
2009-05-01,1560.27,1576.0,1551.57,1571.23,231095,280536,0.0035832277152639744,24.049150001963138,33.75395759100445,44.33047138258364
2009-05-04,1570.11,1601.84,1570.11,1598.19,271837,277204,0.01701298677734425,24.376514552941686,33.75883094913918,44.33147007689829
2009-05-05,1599.88,1604.65,1579.94,1603.53,252848,282005,0.00333571015047978,24.233431476402558,33.15919656361476,44.33244045160832
2009-05-06,1602.41,1612.8,1571.79,1606.34,396535,283761,0.0017508501701515918,21.84670541638529,33.1567349595187,44.33345580087879
2009-05-07,1604.09,1615.33,1545.11,1566.73,392552,288019,-0.02496765445738418,24.112702683391287,32.76424985182202,44.35544481188666
2009-05-08,1566.17,1584.43,1545.67,1561.12,377894,281830,-0.0035871323852255323,22.341460014892515,32.73676335578253,44.3529096735177
2009-05-11,1558.31,1583.87,1534.71,1569.26,331434,285055,0.005200658288622854,22.289541615425453,32.60157727121763,44.35666693168879
2009-05-12,1569.54,1580.22,1528.82,1556.06,366820,285664,-0.00844718524204825,22.426724386257305,32.52670643965547,44.312227061869095
2009-05-13,1557.18,1561.12,1503.54,1510.28,365972,275006,-0.02986192132377166,25.063289008255847,32.09702943863891,44.4032330915812
2009-05-14,1510.56,1537.8,1501.57,1520.95,306161,277235,0.007040075526721498,23.371734453552826,32.09908216766525,44.410613603301165
2009-05-15,1521.51,1542.58,1506.91,1521.51,265844,278176,0.0003681231676498134,23.371965049313136,32.02817012699583,44.40626384482827
2009-05-18,1519.27,1564.49,1508.31,1559.99,271860,288293,0.024976148189812572,22.31225241562266,32.35521811853859,44.43477339915912
2009-05-19,1560.56,1584.71,1549.32,1566.17,266271,288384,0.003953737524949871,22.108170682401074,31.564722459773375,44.43734776514244
2009-05-20,1565.05,1598.75,1557.75,1564.49,332484,291565,-0.0010732562215399067,22.042531185869034,31.28221045374064,44.436429341675925
2009-05-21,1563.93,1565.61,1518.99,1536.4,334972,287074,-0.018117874798286956,22.77373277664835,31.500219291911336,44.427058003267305
2009-05-22,1537.24,1549.6,1519.27,1528.82,211742,292589,-0.004945821475317912,21.10045709732727,31.212120785473697,44.421980545083315
2009-05-26,1527.69,1589.2,1508.59,1584.99,374372,300632,0.03608190214678137,24.770820102891296,31.730949599006152,44.5700662357635
2009-05-27,1584.43,1605.21,1570.39,1577.41,301025,290943,-0.004793836653328985,24.563261570754765,31.075767169098068,44.56499023295946
2009-05-28,1575.72,1600.16,1560.84,1593.42,313662,290315,0.010098388153684827,24.43006595902033,30.885159220365438,44.56768676810924
2009-05-29,1592.86,1620.94,1585.27,1612.8,271583,288441,0.012089149233480256,24.470454969905646,30.58554811154157,44.58514971381909
2009-06-01,1611.11,1665.32,1606.62,1651.56,318103,282254,0.02374849690239198,25.715057791694935,30.517528376018344,44.63854095846579
2009-06-02,1651.56,1679.09,1645.38,1661.11,294033,279883,0.005765757806626823,25.177041588868903,30.428423789561617,44.60453269374718
2009-06-03,1661.67,1667.85,1638.92,1659.99,242330,282714,-0.0006744753500098281,25.18759881638039,29.66433084729146,44.48717615059894
2009-06-04,1658.02,1678.24,1655.77,1677.4,204494,283361,0.010433397314252803,25.376394437310136,27.873620766075042,44.50237850124266
2009-06-05,1677.12,1699.87,1661.11,1679.65,289129,278047,0.0013404628092567223,23.27714642776596,27.771627313371315,44.49866781895194
2009-06-08,1676.0,1685.55,1647.91,1674.59,260179,275801,-0.003017079182367919,23.255061386129345,27.115345097144942,44.43995851702261
2009-06-09,1674.31,1695.94,1670.1,1686.11,241128,274452,0.006855741435479246,23.278446203393635,27.120824323951638,44.446160460722936
2009-06-10,1685.55,1705.21,1655.21,1680.49,326638,280096,-0.003338683075161376,22.99698555804432,27.006959931397784,44.405634067072
2009-06-11,1679.09,1698.75,1672.06,1676.28,191213,239177,-0.002508365010058039,19.45642925283767,26.396598377978957,44.396546732142006
2009-06-12,1673.19,1682.46,1651.28,1670.1,94492,217139,-0.003693547669888114,19.694420545490004,26.25333674222113,44.39721234059847
2009-06-15,1670.1,1670.1,1625.61,1641.1,321471,158273,-0.017516756171989657,21.18060053683288,26.507022931751724,44.41298382755745
2009-06-16,1640.53,1653.48,1623.08,1626.46,316703,193857,-0.008960874758257503,20.073626338179704,26.41523291258271,44.391194866589075
2009-06-17,1625.89,1654.89,1619.14,1636.87,401376,227620,0.006380007728993688,20.121979962531736,24.3594316271943,44.33334205102706
2009-06-18,1636.31,1647.29,1625.05,1632.37,316590,231612,-0.0027529351421089763,20.167086767006936,24.179687252077517,44.319626577794665
2009-06-19,1629.27,1663.06,1628.15,1648.7,280991,233798,0.009954152052923685,18.848773051168454,24.202709384562734,44.33280645267874
2009-06-22,1648.42,1656.02,1600.55,1608.16,312002,240154,-0.024896430290703164,21.219531225150153,24.11411662735601,44.3813518238415
2009-06-23,1607.87,1615.19,1590.14,1603.65,259634,233350,-0.0028083871488111655,17.1670647239575,23.921769268598396,44.25338470131334
2009-06-24,1603.93,1640.82,1599.15,1629.84,261782,238982,0.01619956934602696,17.8964944556243,23.3142779745309,44.28715884912855
2009-06-25,1628.71,1663.06,1613.51,1658.83,313194,251686,0.017630684097955273,18.55649801652541,23.437085019963558,44.315609791513936
2009-06-26,1659.4,1668.97,1648.42,1663.06,209361,252296,0.0025467443451057913,18.174372448534104,23.37910846513083,44.2968716733154
2009-06-29,1662.21,1680.79,1651.8,1668.41,210022,247871,0.003211798154603654,16.19983816915497,22.08834434737316,44.23835537755345
2009-06-30,1667.84,1679.95,1650.67,1662.49,242467,240269,-0.003554598596985722,16.136298024895744,22.037207464732713,44.23914617250978
2009-07-01,1663.9,1685.02,1660.24,1665.31,224432,245643,0.0016948137959087838,16.144269127318385,22.010840994951483,44.23978077830937
2009-07-02,1665.03,1665.87,1623.08,1627.58,263370,242482,-0.02291704324965445,17.603861976212485,21.951752914627036,44.29072450398072
2009-07-03,1627.3,1633.21,1619.98,1627.58,263370,241693,0.0,17.581515291927026,21.818998276303518,44.2426345791111
2009-07-06,1624.77,1626.46,1601.68,1622.8,251049,236834,-0.002941196688286823,17.58071014644727,21.118985768163085,44.20153921517975
2009-07-07,1622.8,1629.27,1578.03,1585.63,286819,247335,-0.023171247653011907,18.8565086234716,21.691281155806998,44.25078125798656
2009-07-08,1585.91,1594.08,1568.18,1584.51,326368,248492,-0.000706593429059283,18.874711000056966,21.645420038172414,44.23444502592446
2009-07-09,1584.51,1600.55,1583.94,1591.83,223831,248740,0.004609086532700745,19.064457173985904,21.616388467480533,44.22875421403024
2009-07-10,1592.11,1606.47,1579.72,1594.64,250572,253125,0.0017637076315887013,19.12068894296109,20.979200049266975,44.22945541450343
2009-07-13,1597.46,1629.27,1576.06,1624.49,324779,257716,0.01854591493547041,19.596261181034258,21.290595600699994,44.195270826387855
2009-07-14,1623.64,1636.59,1618.57,1629.27,257499,252499,0.002938141374091347,19.369434199091636,20.352839835268618,44.19661170378528
2009-07-15,1647.01,1688.68,1646.73,1686.14,355255,259327,0.03430983116379512,22.80554523245168,21.346989668486785,44.33473076229567
2009-07-16,1684.45,1712.04,1676.85,1703.6,296176,256711,0.010301766161191332,22.954267797574804,21.382658230115926,44.348616525957254
2009-07-17,1703.04,1721.9,1694.59,1720.77,229769,267651,0.010028206000748935,22.9576281074036,21.307792964734567,44.36153286281982
2009-07-20,1720.49,1738.79,1715.7,1734.85,259734,278474,0.008149089262262488,20.679877610978536,20.844649432198352,44.34713386022706
2009-07-21,1734.0,1751.18,1721.05,1750.05,293030,279030,0.00872340462590581,20.596705238015048,20.879593625061034,44.32986933067289
2009-07-22,1748.08,1769.48,1739.64,1752.87,327293,278367,0.0016100856480926707,20.13095517710993,20.743853173906537,44.3137772367468
2009-07-23,1754.28,1806.08,1751.18,1783.84,354201,295867,0.01751389943319311,20.12022911381722,20.872311424518536,44.328412791718385
2009-07-24,1779.05,1802.14,1770.32,1798.76,267261,293144,0.008329194583124077,20.183428672971925,20.825645661969588,44.30822941476954
2009-07-27,1798.76,1811.99,1777.64,1801.29,258387,297897,0.001405536265611959,20.202032546491104,20.824757615307156,44.30090587591734
2009-07-28,1799.89,1810.87,1781.02,1803.55,307330,303329,0.001253869961549237,20.040315488359514,20.597673241048565,44.30119980481331
2009-07-29,1803.26,1806.08,1783.56,1802.7,297487,307739,-0.00047140382155462903,20.08908874107904,20.602021675511697,44.288021699567196
2009-07-30,1802.14,1837.89,1800.73,1809.46,324926,309963,0.003742917197453463,17.40770713725361,20.60523856340839,44.27571127142956
2009-07-31,1808.05,1822.97,1800.17,1804.11,258709,313183,-0.002961062832057286,17.558285256592914,19.855706495539426,44.162056653782784
2009-08-03,1803.26,1833.67,1802.42,1831.98,277745,316218,0.015329953770528664,17.639381702098365,19.992067311802934,44.165095646665605
2009-08-04,1830.57,1838.46,1816.21,1835.92,267943,312835,0.002148369102439494,13.985054235950761,19.985327433194648,44.16321224333861
2009-08-05,1835.64,1837.33,1804.67,1818.19,299454,313002,-0.009704217518723721,14.998643007172227,20.016683395041294,44.12498307494357
2009-08-06,1819.03,1829.45,1794.54,1803.26,271304,311194,-0.008245362816457063,15.922210201670842,18.983144763090277,44.118530232956594
2009-08-07,1802.14,1833.11,1796.51,1824.1,280789,326895,0.011490576781693315,15.934227966072184,19.045858557697652,44.13528675869746
2009-08-10,1823.25,1824.1,1799.32,1815.93,216984,322330,-0.004488981530062771,15.764132122454106,19.10077693528162,44.136831488705
2009-08-11,1815.09,1821.85,1785.81,1797.91,267557,331938,-0.00997285400141728,16.689084843703714,18.718336188087807,44.126772941445694
2009-08-12,1797.63,1839.86,1787.5,1822.97,348712,365529,0.013842159991301319,13.10605200937548,18.863305205434546,44.151156892661746
2009-08-13,1823.25,1845.21,1813.12,1837.61,272005,354425,0.007998775088105323,12.981787688503163,18.8808928652567,44.147013314067785
2009-08-14,1836.2,1840.15,1796.23,1818.75,300515,339541,-0.010316362320992775,13.674497649687487,18.579095594629035,44.141469429805404
2009-08-17,1815.65,1815.93,1758.22,1763.85,366441,329337,-0.030650531982268175,17.924840586717362,19.747598519044864,44.24407383372353
2009-08-18,1764.13,1788.62,1761.03,1787.22,271573,321811,0.013162420004133021,18.250440007366375,18.6025028151062,44.264418130111935
2009-08-19,1786.09,1802.42,1761.88,1800.45,292131,325186,0.007375293697796089,18.388086906576547,18.579799235840838,44.254588808760765
2009-08-20,1799.6,1824.66,1791.72,1817.62,258289,328940,0.009491319347957121,17.658137989637364,18.569196021457515,44.23174346517227
2009-08-21,1816.78,1846.62,1801.86,1841.83,291155,330643,0.013231689580699769,18.012498242405194,18.596656315538436,44.2533193813995
2009-08-24,1841.27,1856.19,1834.23,1840.15,249412,327824,-0.0009125525486749617,18.02748969719025,18.055786254618056,44.24928857036854
2009-08-25,1840.15,1864.36,1830.29,1842.96,290751,324207,0.0015258846709524316,18.02812183730559,18.036930326891003,44.24905476391366
2009-08-26,1842.96,1857.32,1832.83,1842.96,262334,321518,0.0,18.023514633081778,18.03361699527032,44.22121806607955
2009-08-27,1843.81,1850.84,1813.68,1845.78,315245,316731,0.0015289776722548153,17.99764196425674,17.94243270466597,44.20517112762143
2009-08-28,1845.78,1879.0,1836.2,1849.72,304044,327250,0.0021323239035950545,17.93991874500101,17.942688145006834,44.19647491542788
2009-08-31,1848.31,1852.53,1819.59,1830.01,239131,323673,-0.010712844964836907,17.607351485249215,18.09606836357175,44.090933988966434
2009-09-01,1830.01,1857.04,1790.88,1796.79,458728,333461,-0.018319691782407554,18.730962956926106,18.507424236890945,44.127065372441606
2009-09-02,1796.51,1805.23,1785.25,1793.97,279445,343074,-0.0015706984481095897,18.454576759540867,18.493019409881825,44.124502005271566
2009-09-03,1793.69,1811.43,1784.4,1806.36,210225,340434,0.006882729589519175,18.412234834982,18.51512616305774,44.09310514753526
2009-09-04,1806.92,1847.47,1802.42,1842.12,280186,353599,0.019603311612697478,19.283316118200112,18.862017017551732,44.135004723713955
2009-09-08,1841.83,1865.77,1839.86,1864.08,223373,342095,0.011850551506391182,19.59333921145769,18.54603871723228,44.097666925838425
2009-09-09,1862.39,1888.57,1852.53,1876.18,317742,329270,0.006470161011166253,19.203118305609685,18.421332663019797,44.10270141401191
2009-09-10,1876.75,1899.27,1871.4,1897.58,186098,271894,0.011341595328191196,19.02049607997673,18.49525757829153,44.050208825371115
2009-09-11,1895.61,1904.34,1885.19,1898.14,128182,221511,0.00029506918532624243,18.89470640926892,18.46907158536397,44.04479741474325
2009-09-14,1898.14,1909.72,1879.8,1905.48,245248,205891,0.0038594860218210563,18.369646953853575,18.406334419626788,43.74758494885971
2009-09-15,1906.05,1921.29,1896.17,1913.38,328788,240087,0.004137366265961648,13.62326646143216,17.506190986240142,43.59438981594638
2009-09-16,1912.82,1945.56,1911.13,1939.06,326862,263085,0.013332007957391336,13.638405384265006,17.593826015982344,43.57748486279666
2009-09-17,1938.78,1953.46,1932.86,1941.6,338889,280134,0.0013090558630323539,13.613798800656706,17.386077666323967,43.382083322751285
2009-09-18,1941.89,1953.46,1933.42,1943.02,237788,282331,0.0007310882728545683,13.480309908565067,17.118117067975057,43.36594080667371
2009-09-21,1938.5,1957.13,1926.65,1950.35,262505,291920,0.003765379946136949,12.967670494209033,17.119668919010703,43.34844056790219
2009-09-22,1950.07,1965.59,1947.81,1957.69,226574,287774,0.003756363103128996,12.893091296840293,17.120788012650653,43.34746608848322
2009-09-23,1956.84,1979.14,1942.45,1947.81,311914,289270,-0.005059542223261692,13.207527270880304,17.14689686300189,43.349379668433905
2009-09-24,1946.4,1960.51,1914.51,1918.46,351064,293463,-0.015182883663700143,14.650146754740081,17.53118707113924,42.13262665167326
2009-09-25,1917.9,1929.19,1906.33,1915.64,310136,299541,-0.0014710104110533407,14.70175447802918,16.74379988859415,41.71298262956884
2009-09-28,1915.64,1955.72,1905.48,1944.71,251261,327414,0.015061095242432201,15.431961185049243,16.92299285476375,41.706293174492124
2009-09-29,1944.43,1953.74,1926.65,1936.53,276654,314136,-0.004215153977349856,14.855461559352104,16.943990550122003,41.466305701168665
2009-09-30,1935.96,1952.89,1906.33,1938.78,427976,321078,0.0011611975572644786,12.618088392365982,16.05240536841129,41.403512453852834
2009-10-01,1937.09,1949.22,1878.11,1885.73,405570,315410,-0.027743895441083244,16.81779328266934,17.2555661716149,41.19707434107653
2009-10-02,1884.88,1890.52,1862.3,1876.41,367020,326418,-0.004954637023575933,16.932620508980932,17.326290924948744,40.86943613702285
2009-10-05,1876.7,1897.86,1871.62,1889.68,261834,324113,0.007047125755268206,15.736008926325237,17.347379194161242,40.851889376703404
2009-10-06,1889.68,1931.73,1889.68,1919.87,348109,331288,0.01584997284672856,16.15108340881641,17.251589348419653,40.69847894762017
2009-10-07,1919.87,1930.32,1914.51,1928.06,235732,324817,0.004256840622032505,16.079232677713602,17.254207927798138,40.693507385118124
2009-10-08,1927.49,1953.74,1927.49,1937.65,298222,323607,0.00496158256740353,15.709369751746372,15.965675160048054,38.615834561235204
2009-10-09,1937.09,1950.35,1926.37,1947.81,207432,318992,0.005229765925633021,15.775649824055012,15.890997113247462,38.03708304692668
2009-10-12,1947.25,1964.75,1937.65,1950.35,178737,312428,0.0013031791201326814,15.746529936491049,15.808570617984675,36.48616699685962
2009-10-13,1950.64,1959.38,1941.89,1949.22,218745,313428,-0.0005795510949302519,15.71737734004498,15.766767803221047,35.75131113183186
2009-10-14,1964.18,1980.55,1961.64,1972.93,279426,318706,0.012090454890727714,15.593108274919407,15.84353768037253,35.75338242407523
2009-10-15,1972.65,1980.27,1960.8,1973.78,260884,325572,0.0004307385205105793,15.59291378153558,15.846613982927094,35.573856157125114
2009-10-16,1974.91,1984.5,1946.97,1954.59,333540,321582,-0.009770033192336899,16.040149772424517,15.689859648695112,35.20377997855545
2009-10-19,1952.89,1982.81,1945.27,1975.75,270731,322940,0.010767620329730646,16.42884451719759,15.742904412859904,35.0264665799395
2009-10-20,1974.91,2002.0,1968.13,1984.78,325391,318093,0.004560003659714143,16.451478909183628,15.75481574963099,35.026612639833246
2009-10-21,1983.65,2008.49,1970.95,1979.14,321499,317192,-0.0028456698449932085,16.367465343069487,15.781228110932657,34.633199109050615
2009-10-22,1974.91,1993.81,1961.36,1989.58,344422,316625,0.005261154267051339,15.293543326511916,15.79361488872959,34.53072390332254
2009-10-23,1989.3,2007.36,1971.8,1977.73,358585,315248,-0.005973838818063002,15.50413231436503,15.863842536227748,32.47504446640178
2009-10-26,1976.6,2006.23,1961.36,1973.21,393166,319974,-0.002288064092058677,14.708180962583889,15.856389557294733,32.45457607131159
2009-10-27,1972.65,1977.45,1933.7,1941.32,442445,323652,-0.016293504203777037,15.828710361089302,16.001514996872455,32.281816934251665
2009-10-28,1941.04,1944.99,1893.35,1896.45,441310,327956,-0.023384436626941847,17.880302579688728,16.758604236683254,32.36721918801168
2009-10-29,1897.3,1933.7,1893.35,1927.49,297972,319106,0.016234920930565253,15.894138582859894,16.923632167634945,32.40271285232955
2009-10-30,1926.93,1932.29,1873.87,1880.08,452709,317504,-0.024904309246458783,18.29714241637294,17.640393646952088,32.38628299910382
2009-11-02,1875.0,1905.2,1862.87,1884.03,456628,316949,0.0020987704662859493,18.131429930702183,17.499350712827187,31.88947464305022
2009-11-03,1886.01,1893.63,1863.71,1891.37,323654,312771,0.0038883346124253377,17.204946788390625,17.480756320634466,31.445630439272577
2009-11-04,1890.81,1919.03,1889.11,1904.07,350126,310460,0.006692266192553815,17.320239034060645,17.38039873555487,31.232071841124455
2009-11-05,1904.07,1943.86,1886.86,1940.76,334091,321426,0.01908594853829975,18.602751339133413,17.578548273235704,31.171323493914826
2009-11-06,1940.48,1961.36,1924.67,1952.61,293095,298522,0.006087290235395504,18.636694551341407,17.55058759223242,31.043925503300652
2009-11-09,1950.64,1995.22,1950.07,1994.1,276685,298034,0.021025881560562856,20.06271441961036,17.859223304220162,30.672217449005135
2009-11-10,1993.53,2005.38,1985.63,2000.87,255967,304867,0.0033892652413651143,20.067867744962044,16.553882712419348,30.119698729361673
2009-11-11,2000.59,2023.45,1998.89,2013.57,288232,308069,0.0063271800641932175,19.759044706031364,16.417516510306935,29.341909094075813
2009-11-12,2013.85,2024.57,1996.35,2002.28,279329,313695,-0.005622734785695669,19.899307340414463,16.45139428969251,29.3511813054746
2009-11-13,2001.15,2023.45,1998.33,2018.65,253483,324672,0.008142439904814438,19.661688027057107,16.426660912414583,29.335213216738808
2009-11-16,2020.06,2047.43,2017.52,2035.86,294545,326554,0.008489362886877991,19.53722457093658,16.313423025090596,28.387266513961944
2009-11-17,2035.02,2045.18,2026.55,2041.79,214345,325486,0.0029085400563827572,19.51167940174106,16.306386812553235,27.90350211363451
2009-11-18,2041.79,2046.87,2019.21,2032.48,256352,333232,-0.004570151808433067,19.57114646468901,16.357472092962773,27.521864359854476
2009-11-19,2032.48,2034.17,1986.48,1998.33,356418,337959,-0.016944890539750835,20.542724043522277,16.792491267539013,27.158614543826626
2009-11-20,1998.61,2002.56,1981.11,1990.71,225734,345628,-0.003820472729511448,20.470714001978102,16.825795906634315,27.13825227147485
2009-11-23,1990.14,2033.89,1989.3,2022.03,261423,358650,0.015610598259716476,21.142360857604487,17.080452477919277,26.7246603960142
2009-11-24,2020.91,2024.86,2004.54,2016.67,220400,349621,-0.0026543210176313598,20.175931026047557,16.913687808824033,26.713495441899198
2009-11-25,2016.39,2031.63,2015.54,2025.42,170098,349279,0.004329450194130801,17.830777337422628,16.402491487650344,25.404697357485524
2009-11-27,2025.42,2028.81,1944.14,1985.91,256664,352500,-0.019699839084386318,18.90092535300545,16.981451148980902,25.284854905836596
2009-11-30,1990.14,2003.69,1975.75,1995.22,309164,340156,0.004677072575552244,16.135894950935008,16.958667181469096,25.2191874418218
2009-12-01,1994.1,2030.78,1992.4,2022.88,268854,356855,0.013767918630317476,16.577738484282442,16.73561601833767,25.166529090832846
2009-12-02,2022.03,2039.25,2016.11,2022.32,246295,354847,-0.00027687135547196673,16.632486024382555,16.60112518339465,24.914233986400724
2009-12-03,2022.32,2039.53,2006.8,2009.62,282247,340374,-0.006299717754459977,16.922743378726572,16.639400340308917,24.780690243284514
2009-12-04,2008.77,2050.26,2001.15,2026.27,409656,338713,0.008251014997856736,15.939548617827642,16.57042115384317,24.788458541229954
2009-12-07,2026.27,2030.78,2008.21,2013.85,239154,334860,-0.006148351596131204,16.1298683204088,16.636169608913658,24.80013667450635
2009-12-08,2015.26,2020.34,1986.76,1996.35,350189,334816,-0.008727799654706603,14.763361360341845,16.74297265597313,24.691153471595616
2009-12-09,1996.64,2023.73,1985.35,2023.45,364559,329899,0.013483462148479184,15.482878150583337,16.93160067069619,24.644412766525498
2009-12-10,2022.32,2041.51,2016.39,2031.91,183615,291007,0.0041722620297456004,15.39508384273386,16.748152143341176,24.583416335575798
2009-12-11,2031.35,2046.3,2014.41,2025.14,86820,265250,-0.0033374034255603305,15.296511484699222,16.76893532261154,24.317572808359312
2009-12-14,2025.15,2046.07,2020.34,2044.66,224192,179424,0.009592682532271107,15.400073752836944,16.867640609525285,24.302635585294805
2009-12-15,2044.37,2049.46,2026.28,2030.23,282377,221845,-0.007082429375182526,15.33925063547816,16.933927391889853,24.31489281339731
2009-12-16,2030.52,2050.88,2029.95,2035.89,234924,247616,0.002783982595535842,15.336032420198334,16.92752667654868,24.277201790562934
2009-12-17,2036.46,2039.0,2006.48,2019.49,317003,250709,-0.008088065435478848,15.520404355982107,16.98246766499484,24.26019616466314
2009-12-18,2018.92,2044.37,2017.79,2043.81,287861,258866,0.011970708742312004,14.789205159008143,16.815373810230962,24.251267435020377
2009-12-21,2042.68,2074.06,2039.28,2064.73,220689,270436,0.010183754228403823,15.001977008159226,16.90996874201043,24.259586675788018
2009-12-22,2064.73,2082.26,2064.45,2082.26,165980,274320,0.008454375060015867,14.329821301017606,16.73275892758759,24.26279882599877
2009-12-23,2082.26,2095.84,2077.74,2094.99,135399,279446,0.00609493777393949,14.332572950174749,16.725255676917765,24.232258778944136
2009-12-24,2094.42,2114.5,2093.29,2112.8,66098,283220,0.00846530190776646,14.499575387575636,16.789326952689816,24.12306313438643
2009-12-28,2112.24,2128.07,2106.86,2120.15,120920,294655,0.0034727588971199073,11.992619908658385,15.65267957478071,24.12097069563799
2009-12-29,2119.3,2127.79,2114.22,2117.89,103211,294073,-0.0010665308558801864,12.07627865460571,15.599585701712213,23.918371006001973
2009-12-30,2116.19,2126.66,2106.3,2122.7,128388,302485,0.0022685532262359293,11.384253076705898,15.56448170086184,23.905262668976825
2009-12-31,2121.85,2128.64,2102.34,2102.34,112919,303786,-0.009637853180131767,12.137134489097097,15.467628004304936,23.929877758133337
2010-01-04,2109.97,2136.55,2109.97,2134.01,205157,314877,0.014951828816066924,12.560423240401953,15.702171030193782,23.815779486199123
2010-01-05,2133.73,2137.97,2121.85,2132.31,208698,309080,-0.0007969397935338311,12.469291982156552,15.695295678197235,23.80861001947372
2010-01-06,2132.31,2139.66,2117.61,2124.68,261274,310532,-0.003584696309123126,12.26359597431456,15.712065855604301,23.68778720589026
2010-01-07,2123.83,2126.94,2110.26,2123.55,241321,317226,-0.0005319862750603412,11.578481232345702,15.717291698535615,23.64363544146228
2010-01-08,2123.55,2140.51,2109.41,2137.68,268934,327918,0.006631912283107675,11.003797233997076,15.747600499567755,23.645946755645813
2010-01-11,2140.23,2149.0,2119.87,2130.33,244841,314557,-0.0034442315111356107,11.203172068008733,15.624322783569763,23.397452684618834
2010-01-12,2128.64,2130.62,2092.44,2109.97,328565,306114,-0.009603167921031509,11.829441458234855,15.782119966575667,23.412014733301607
2010-01-13,2110.54,2137.12,2096.12,2129.2,315109,331168,0.009072592939045608,11.786832271540721,15.699404260715141,23.376076396748672
2010-01-14,2128.92,2137.97,2121.85,2135.71,206040,324274,0.003052821773940402,11.286503407696578,15.582513943670095,22.949919692198865
2010-01-15,2141.08,2142.21,2097.81,2106.3,345081,320266,-0.013866290381229699,12.696677830576931,15.872606521670269,22.84107292208543
2010-01-19,2105.73,2144.19,2100.93,2137.4,333010,337906,0.014657283399483375,12.935825561052813,16.095679326638713,22.85587783758523
2010-01-20,2136.84,2140.23,2087.35,2111.67,403528,316675,-0.012111033472947272,13.493047061089142,16.304641457461944,22.882501058576164
2010-01-21,2112.52,2130.33,2079.72,2082.26,501308,325303,-0.014025261316632513,14.177381549024187,16.533462726237328,22.911029561091482
2010-01-22,2082.55,2091.59,2024.01,2033.35,527630,343220,-0.023769163120205248,16.22278417741016,17.277428076333198,23.05191346406309
2010-01-25,2029.95,2049.18,2027.41,2034.19,340316,348509,0.0004130260609319831,16.008403352663848,16.91936562419795,22.765676675074403
2010-01-26,2046.92,2062.75,2017.51,2031.93,419117,357335,-0.0011116249558426369,15.574954243703226,16.159410523725636,22.65629010971814
2010-01-27,2034.48,2060.21,2022.03,2046.07,443906,369022,0.006934799738945618,15.781973511022274,15.898900070639552,22.531997780596175
2010-01-28,2044.37,2058.51,1989.8,2002.52,570517,400697,-0.02151449261680139,17.259577330775553,15.676668827689836,22.643757169789776
2010-01-29,2010.72,2023.73,1958.7,1967.18,538161,403801,-0.017805342292388535,17.935246388760557,16.143625451960183,22.682050743647032
2010-02-01,1968.03,1988.67,1964.63,1985.84,344059,407199,0.009440953296178849,18.38517271460821,16.230048851012207,22.693095627783233
2010-02-02,1986.41,2011.01,1976.79,2000.83,331528,405500,0.007520096041364071,17.603376070402465,16.24373956038783,22.649318436405927
2010-02-03,2000.83,2020.62,1994.61,2019.49,315040,413642,0.009282909817085327,18.142908528180875,15.893529239412437,22.441384057262624
2010-02-04,2018.36,2026.84,1958.41,1962.09,483901,408558,-0.02883477263761126,20.378990383826356,16.960043286430786,22.645277266508675
2010-02-05,1961.24,1976.79,1934.94,1973.68,556768,379958,0.005889588823579412,20.648810381325365,16.437259973497376,22.360874226209308
2010-02-08,1976.23,1983.58,1957.28,1961.81,295062,378400,-0.0060323039796614224,20.29800962756966,16.46347019490357,22.359210313147333
2010-02-09,1961.24,1998.85,1958.98,1981.6,380797,379815,0.010037082698358308,20.92709500163991,16.54488480336402,22.322434291762946
2010-02-10,1982.17,1993.76,1963.5,1973.4,296949,388775,-0.004146655752083427,20.80943674429275,16.52723130703752,22.282680865706197
2010-02-11,1973.12,2011.86,1964.35,2008.18,339083,380249,0.017470895805263276,21.669905512197175,16.83703220839409,21.96847599018058
2010-02-12,2005.63,2017.23,1983.86,2016.94,328637,388295,0.004352672134195583,21.722319504622902,16.76823904880081,21.96679254994552
2010-02-16,2014.97,2037.59,2007.9,2035.04,259717,390731,0.008933963340649326,21.697903347133135,16.86048173996066,21.956546969221797
2010-02-17,2035.04,2050.03,2033.06,2049.18,238098,394712,0.006924238407939613,21.08879882626357,16.893540609708605,21.962531697278255
2010-02-18,2049.46,2063.88,2041.26,2059.36,268313,399318,0.004955541789953532,20.884203738851465,16.540259954455195,21.7114610022114
2010-02-19,2057.66,2069.82,2037.02,2057.66,281740,403306,-0.0008258400962922836,20.331912839634228,16.518209969078033,21.597471570714593
2010-02-22,2057.1,2073.21,2047.48,2059.64,226172,404894,0.0009617954254648659,18.396149166887206,16.21787285582745,21.57397735820266
2010-02-23,2058.23,2068.69,2019.21,2037.02,348962,406102,-0.01104325469130041,18.85874265652078,16.3736786126464,21.51047417450603
2010-02-24,2035.32,2058.23,2031.93,2051.72,299224,399189,0.0071905101995507386,19.019348578757388,16.415187459202482,21.460332984202335
2010-02-25,2050.59,2053.99,2013.83,2051.16,353568,397793,-0.0002729789823135934,18.86661354395227,15.882704175183719,21.245741984376366
2010-02-26,2050.59,2061.06,2039.85,2056.81,223029,397502,0.0027507521051149714,17.05452241384748,15.866164478953952,21.191440008818603
2010-03-01,2059.92,2090.75,2059.92,2084.24,257074,403164,0.013248041528992062,15.958524289472283,15.847952487345504,21.076617921879066
2010-03-02,2084.24,2106.3,2083.96,2094.99,248834,396651,0.005144499684872194,15.796661641884867,15.875552330676221,20.995205846324748
2010-03-03,2093.57,2105.17,2087.64,2094.7,216095,400399,-0.000138435063435717,15.718859978768954,15.811457667827433,20.9802424073778
2010-03-04,2093.86,2104.6,2085.94,2103.47,197677,404269,0.00417801697277405,15.520953526015147,15.750193992552683,20.76194752102543
2010-03-05,2102.34,2137.12,2100.36,2132.59,287880,407536,0.013748841476708571,10.984472962485944,15.911844415027135,20.110650906003954
2010-03-08,2130.9,2143.06,2130.05,2135.71,198595,403959,0.0014619406113394024,11.004763838609785,15.783519800533252,20.054960987321273
2010-03-09,2135.42,2162.57,2127.51,2150.41,332075,395238,0.006859377543094282,10.388758424687689,15.619510469445498,19.793440542585074
2010-03-10,2150.69,2173.03,2149.0,2170.2,321409,368450,0.009160807570470497,10.332318625487536,15.69586126727634,19.80516932174838
2010-03-11,2169.07,2179.25,2159.46,2177.55,217905,281933,0.0033810623894398183,9.825456474553532,15.675160288367469,19.768843959116698
2010-03-12,2178.4,2188.86,2167.66,2179.25,75098,261045,0.0007803893161383048,8.722479571690517,15.577593983915195,19.530696532403574
2010-03-15,2179.24,2180.94,2159.67,2174.7,256111,185799,-0.002090056916743755,8.992148527041365,15.499506258519508,19.461457160388978
2010-03-16,2174.7,2192.0,2174.14,2187.75,270071,224897,0.005982894440998724,8.826669249315708,15.527786881792679,19.442026062261508
2010-03-17,2187.75,2205.05,2186.33,2193.99,280816,254431,0.002848185523706427,8.742344460702412,15.409714615031447,19.384240884160764
2010-03-18,2193.42,2203.91,2188.03,2202.78,245304,271738,0.0039983950539118586,8.726548839211015,15.261620762923314,18.705761254826818
2010-03-19,2202.78,2210.15,2180.66,2192.0,295754,272913,-0.004905829925652813,9.098739750316172,15.197451888366764,18.661301903912886
2010-03-22,2186.33,2216.96,2176.97,2210.44,282045,286333,0.008377221649733105,9.240521930771592,15.195842977276225,18.668366920636696
2010-03-23,2209.87,2226.04,2201.36,2226.04,218369,287324,0.007032631408333924,7.527609320997827,15.210490928495126,18.43513079505251
2010-03-24,2224.62,2225.75,2207.6,2213.84,232925,280688,-0.00549565785814513,8.226574748261424,15.187347168984841,18.38594923953182
2010-03-25,2213.27,2239.65,2207.32,2211.57,301151,281177,-0.001025893735988322,8.280212371419102,15.181243434792439,18.160385170808038
2010-03-26,2211.0,2226.89,2199.94,2214.12,287784,282104,0.001152362809951409,8.325491151540612,15.177002924862423,18.13205017318843
2010-03-29,2214.41,2230.57,2214.12,2223.77,220198,293178,0.004348920414560413,7.531105360569821,15.191929806683465,18.11115958873241
2010-03-30,2222.92,2237.1,2214.69,2229.72,230740,292491,0.0026720632763117856,7.499247219252787,15.040251576167266,17.707362492043423
2010-03-31,2228.59,2231.99,2214.97,2218.66,232540,297531,-0.004972607011935466,7.959707700003654,14.802122899153497,17.693501992573722
2010-04-01,2218.66,2243.05,2201.65,2214.41,309482,292698,-0.0019174077116205746,8.11978930003484,14.80857541180574,17.690347073186636
2010-04-02,2216.11,2226.32,2210.72,2214.41,224250,292585,0.0,6.998463466517202,14.783203065323997,17.499972669865603
2010-04-05,2228.02,2244.75,2218.09,2238.8,200178,304381,0.010954005708097016,7.698845980769403,14.92935568169355,17.482684941122248
2010-04-06,2238.23,2252.69,2229.44,2244.75,190613,300439,0.0026541483837134784,7.515190471908799,14.886101728662418,17.273711533229292
2010-04-07,2245.04,2251.28,2228.3,2240.5,259268,298638,-0.0018951011747202413,7.163047531631331,14.870549460462756,17.2710947134565
2010-04-08,2239.36,2249.01,2222.63,2246.17,231684,307410,0.0025274883235999663,7.141177719101728,14.713653088885833,17.254145113569766
2010-04-09,2245.6,2260.64,2240.5,2259.78,190400,299640,0.006040919845445779,7.308042246727088,14.655989055161308,17.245471602772966
2010-04-12,2263.19,2270.85,2254.96,2260.35,183339,292181,0.0002522051370298209,7.1883851910974625,14.650406670268707,17.067676478028364
2010-04-13,2258.93,2273.4,2250.99,2270.28,228319,308163,0.0043835033540553505,7.090580448478947,14.336383833733436,17.069217994139414
2010-04-14,2279.92,2299.21,2276.52,2298.92,249031,317118,0.012536275533250818,8.04139347778127,14.258035120994247,16.825063202806138
2010-04-15,2298.36,2311.68,2289.0,2308.28,251312,326040,0.004063211007792122,8.043203494951806,13.995288070004165,16.80108232252265
2010-04-16,2306.3,2308.85,2266.31,2279.92,451415,330631,-0.012362303813771514,9.275159871382394,13.920527682421307,16.852905770834642
2010-04-19,2273.96,2287.58,2252.69,2283.61,338183,324772,0.001617169517538113,8.960499838834147,12.88507895243621,16.808209275804995
2010-04-20,2282.19,2297.5,2276.8,2296.37,228510,327725,0.0055720911508645955,8.858078220492944,12.902425553026408,16.65747471649771
2010-04-21,2296.37,2314.8,2289.85,2297.79,308038,330494,0.0006181761389329091,8.469963526272755,12.889353419826435,16.655266792964017
2010-04-22,2292.68,2319.91,2269.43,2309.98,374013,350447,0.005291075048764913,8.481203516340058,12.86712590429092,16.62291347310844
2010-04-23,2306.3,2329.55,2302.04,2328.98,289715,361711,0.008191537001212433,8.732767482932864,11.95406370356814,16.599410447339345
2010-04-26,2325.58,2335.51,2317.64,2322.46,210352,359992,-0.002803434751470528,8.9024497999792,11.2387050651959,16.576295755838853
2010-04-27,2320.76,2326.15,2267.16,2278.79,436324,370656,-0.01898236839736079,11.638708051282197,12.001473966718434,16.703000351946393
2010-04-28,2278.79,2294.67,2256.95,2276.52,359035,377604,-0.0009966391696272078,11.448097363581692,11.969930503916657,16.631294751092607
2010-04-29,2275.1,2318.77,2274.25,2315.37,294958,385391,0.016921540810694587,12.63972430287903,12.263087535413147,16.70295263897039
2010-04-30,2315.37,2322.18,2266.59,2267.16,341920,376448,-0.021041555089922122,15.099371104280632,11.498742880525306,16.855126866444504
2010-05-03,2271.41,2311.97,2268.01,2299.49,256440,392030,0.014159412325823482,15.41423642980181,11.728280080652443,16.693168447801852
2010-05-04,2298.36,2301.19,2214.69,2234.26,515322,371419,-0.02877728217269664,18.73765407933323,13.264568730199585,16.960825471000813
2010-05-05,2233.98,2237.1,2194.55,2221.78,401892,392450,-0.00560140062957226,18.827198445060578,13.25546198352415,16.97121764559594
2010-05-06,2221.21,2226.89,1962.85,2139.53,736165,379843,-0.03772249767046729,22.95923373991842,15.505405756854751,17.392263900934854
2010-05-07,2137.27,2165.91,2048.5,2096.99,710793,356291,-0.02008319555297982,23.545744546556335,15.74564801343481,17.242158374517714
2010-05-10,2125.64,2203.06,2123.94,2200.23,489875,339079,0.048058917163123126,29.88271822474806,18.48549399303292,17.860772360548008
2010-05-11,2200.51,2229.15,2172.43,2195.41,373205,346618,-0.0021930831150237654,29.806508914916403,18.433654979503974,17.864232215611533
2010-05-12,2194.84,2241.92,2174.7,2237.95,323983,343596,0.01919145102463569,30.316660730242962,18.763026899691575,17.796500268462033
2010-05-13,2234.83,2247.87,2199.09,2209.02,329770,340916,-0.013011289996408697,30.51791982283138,18.980449265038793,17.853699607946123
2010-05-14,2206.47,2212.71,2136.13,2166.48,449745,340182,-0.019445247591651636,30.931575214507838,19.44199957794391,17.97408035674373
2010-05-17,2164.21,2177.54,2121.95,2170.73,363023,336959,0.001959785834796732,30.937938347578058,19.443300917055844,17.867254984614615
2010-05-18,2169.31,2191.72,2129.04,2141.8,405003,342040,-0.013416919526031105,31.01217228791164,19.51141542856788,17.917790272524957
2010-05-19,2139.82,2148.33,2098.13,2119.4,435357,342284,-0.010513567226039093,31.06854821783148,19.602278134000663,17.611757683871414
2010-05-20,2118.83,2127.06,2035.17,2042.54,575943,346435,-0.03693889835500941,32.945772057621504,21.05380927674746,18.01291240857202
2010-05-21,2041.97,2080.54,2002.84,2063.81,514060,347056,0.010359657714907503,33.0796858864722,21.154858833682844,18.014262101481663
2010-05-24,2066.08,2087.35,2037.44,2056.15,319255,341495,-0.0037184869883813178,33.06939038713615,20.988077595105352,17.98597889625056
2010-05-25,2053.03,2064.1,1990.07,2059.56,425513,348839,0.0016570656242948817,32.8126862152131,20.962114523043855,17.839002090453114
2010-05-26,2058.42,2098.41,2029.21,2032.33,391061,357450,-0.013309449649079902,32.90153431760499,21.131307014999763,17.888894278442475
2010-05-27,2028.64,2115.14,2021.27,2114.29,326868,341266,0.039536140634398344,35.81189740650626,22.653508427206535,18.305879497272386
2010-05-28,2112.59,2126.21,2082.25,2100.96,315745,335132,-0.006324675611170856,35.2898316464487,22.509462919827673,18.295497721204594
2010-06-01,2100.96,2130.46,2069.48,2077.14,368555,344065,-0.01140243559526242,34.725789617314376,22.621811348304398,18.33708232502634
2010-06-02,2078.28,2131.88,2074.31,2131.59,307154,344028,0.02587623258449965,35.19601688522694,23.212736408806045,18.504114390806812
2010-06-03,2129.33,2154.57,2122.52,2152.86,285099,349461,0.009929010604428327,35.4367608290993,23.226422215834276,18.51658395801776
2010-06-04,2152.58,2160.52,2069.48,2080.83,426018,358630,-0.03403033814213176,34.95825480809345,24.228451669771516,18.842514390847946
2010-06-07,2077.99,2093.59,2034.88,2037.15,334305,359250,-0.021215080344041713,35.040737688959915,24.585532747476876,18.96947977903268
2010-06-08,2036.3,2062.11,2007.94,2032.33,409445,360771,-0.0023688541307195668,29.766364316976578,24.586067130061746,18.966784249006093
2010-06-09,2032.61,2068.63,2012.2,2021.84,361910,358179,-0.005174930212639284,29.76158763289804,24.554539950469596,18.88656341697206
2010-06-10,2019.85,2077.99,2013.9,2067.5,231353,319193,0.022332160023018247,30.106717566974307,25.015953305279037,18.983379971737296
2010-06-11,2066.08,2097.28,2050.77,2091.89,101875,299836,0.011727815642573705,30.39963885763159,25.131666889990385,19.00641232870039
2010-06-14,2091.89,2123.29,2085.38,2089.91,329991,149816,-0.0009469607097237191,29.75237942818425,25.11754370730646,19.00368618284447
2010-06-15,2088.77,2148.48,2087.92,2142.82,349007,211383,0.02500171571478007,31.226215260879158,25.603207954114104,19.13513189734119
2010-06-16,2143.1,2164.89,2126.69,2157.25,357551,266076,0.006711543842940183,30.950659577215834,25.599247845205646,18.963777862568847
2010-06-17,2156.68,2171.11,2142.25,2161.21,345053,277642,0.0018339876298303468,30.684537159291263,25.582503416856945,18.959636343586713
2010-06-18,2161.78,2178.47,2156.12,2161.21,246943,282045,0.0,27.23872056537493,25.58229703890053,18.899541413739787
2010-06-21,2176.49,2196.86,2132.07,2149.89,328037,284496,-0.005251571996096644,27.229550310680136,25.599530161155382,18.836865713581723
2010-06-22,2149.33,2169.42,2123.86,2125.84,335379,289118,-0.011249659654122793,27.57000554432585,25.673070413665556,18.876562329501475
2010-06-23,2126.41,2139.14,2102.64,2120.75,321722,297750,-0.002397218680183596,27.60772598560557,25.665223513748515,18.87825689097419
2010-06-24,2116.5,2122.45,2079.44,2093.3,339934,295006,-0.013028031587369695,27.58792646585707,25.773556009990738,18.92508455014427
2010-06-25,2089.34,2101.22,2068.12,2081.7,323580,297597,-0.005556900526861678,23.707928441798824,25.790061350202585,18.93608795521414
2010-06-28,2081.42,2095.56,2061.33,2078.02,280729,291209,-0.0017693503216805917,23.62152737332671,25.789592241351304,18.78541198558994
2010-06-29,2077.46,2081.98,1978.42,1995.96,477966,297844,-0.04029037966148826,27.318391933925195,26.88504285143427,19.236728082128906
2010-06-30,1996.53,2011.81,1961.44,1967.1,370543,298826,-0.01456476065276047,25.56155810897455,26.99147003975621,19.295014409016982
2010-07-01,1965.12,1975.87,1921.83,1955.78,505855,295486,-0.005771286106272494,25.02754038248243,27.001284283409362,19.155093400806297
2010-07-02,1956.63,1975.87,1935.7,1948.15,317947,297274,-0.003908886540048271,22.51993314839062,26.984702898653474,19.160406225680404
2010-07-06,1948.99,1994.83,1930.6,1963.14,359579,305044,0.007665027851058063,21.79337630457667,27.008373188021846,19.168966565699076
2010-07-07,1963.42,2025.39,1948.71,2025.39,304126,297494,0.03121704244723889,24.747953628162218,27.867429746812316,19.409924217123088
2010-07-08,2024.26,2040.95,2008.41,2035.01,310109,318412,0.00473845827987599,24.73227362764038,27.87090443573129,19.332641645328348
2010-07-09,2033.6,2054.54,2025.11,2050.29,207835,313233,0.00748051367254701,23.511202372288064,27.778754292731882,19.342861552638013
2010-07-12,2048.59,2070.95,2038.69,2060.2,238450,316627,0.0048218189075101515,23.163247411002917,27.786152846303114,19.052078026100705
2010-07-13,2058.78,2093.3,2057.65,2085.38,310229,315824,0.012148027373673115,23.611526633011795,27.84575334172133,19.062294317226808
2010-07-14,2105.19,2112.26,2080.29,2095.28,336833,314157,0.004736103153711877,21.777655802723743,27.86792878661018,19.043786764275122
2010-07-15,2094.15,2110.28,2069.53,2093.02,366657,307548,-0.0010791969149037237,21.580677271460367,27.829813628365873,19.030218157527802
2010-07-16,2093.3,2100.66,2037.28,2039.54,397734,322306,-0.025883706846627327,23.19334942775889,28.268342904159027,19.199917714634747
2010-07-19,2037.84,2061.33,2017.47,2043.5,301727,312258,0.0019397317888849692,23.2356678959236,28.23981796598857,19.20011961048326
2010-07-20,2043.22,2083.96,2016.62,2082.27,350306,314802,0.018794620759587388,24.435951624780028,28.486472046185764,19.211955465089698
2010-07-21,2082.27,2105.19,2049.73,2054.82,401877,315400,-0.013270391910796969,24.552063589697244,28.581786188804337,19.24658420168589
2010-07-22,2054.82,2115.65,2051.42,2096.98,349001,325157,0.020309961568885742,25.759763971011047,28.721018701917828,19.348578267110483
2010-07-23,2094.43,2123.58,2087.36,2120.75,326684,324966,0.01127158526583588,25.64413291204874,28.8379284718068,19.378080951622405
2010-07-26,2121.31,2137.16,2111.98,2136.31,254147,322988,0.007310241947886319,25.63771616547236,28.646865860431447,19.389277516946702
2010-07-27,2136.31,2151.31,2125.84,2135.18,270426,323682,-0.0005290893933314807,25.621831143592615,28.351286267863646,19.387189660810606
2010-07-28,2134.33,2144.52,2110.56,2116.22,253384,331519,-0.008919473914436146,20.830516421113337,28.218439216461622,19.40767777052392
2010-07-29,2116.79,2135.18,2080.85,2102.07,384506,332146,-0.0067089048280458636,20.130558979050665,27.66034280781024,19.36492034889645
2010-07-30,2101.79,2120.46,2072.93,2107.73,355325,338776,0.002688965466483872,19.845896391357822,27.653827996698837,19.365447955047618
2010-08-02,2115.09,2152.44,2110.28,2143.95,244657,345704,0.017038383056832876,20.165300207558467,26.801662659735037,19.408185451980508
2010-08-03,2143.38,2148.48,2127.54,2142.54,215692,347536,-0.0006578809472807888,20.22416221410857,26.47252794584018,19.387893575554923
2010-08-04,2141.97,2161.78,2131.5,2156.4,276207,350332,0.006448123501560723,17.60512430172077,24.575623288097876,19.366061059240433
2010-08-05,2157.53,2164.89,2140.27,2151.59,224033,349064,-0.002233060893260969,17.694546178402046,24.575753728728213,19.361303602146425
2010-08-06,2153.29,2159.23,2117.92,2153.29,373034,352558,0.0007898013827885973,17.618297424113845,24.238270630078667,19.3315117022768
2010-08-09,2153.85,2170.83,2148.76,2166.02,184344,357905,0.005894477061606716,17.64154261644397,24.13566842523556,19.29334984736231
2010-08-10,2166.3,2166.3,2128.67,2146.5,344656,361810,-0.009052773464032722,17.709434912322735,23.876656057792633,19.30392468846235
2010-08-11,2147.06,2148.19,2079.15,2080.0,407601,346169,-0.03147071496925163,21.14679352511378,24.71833691904474,19.540619091044405
2010-08-12,2079.44,2080.57,2044.35,2068.12,349332,347117,-0.0057279116712461026,21.231799618730488,24.599473490528442,19.296738677473112
2010-08-13,2071.23,2085.66,2054.54,2054.54,239248,345873,-0.006588003432891655,19.190645079629643,24.544885154888725,19.268852866844142
2010-08-16,2057.37,2074.91,2037.28,2059.91,286982,342215,0.002610313917606322,19.19941109781794,23.34736540881374,19.25772578661484
2010-08-17,2059.06,2105.75,2056.52,2081.98,271497,346126,0.0106570714720079,18.36448750365067,23.353004097241804,19.26356538016707
2010-08-18,2082.55,2107.73,2072.36,2078.87,298743,345253,-0.0014948871404432415,17.70017327617174,23.34173076381588,19.22209210689155
2010-08-19,2081.13,2094.43,2048.88,2059.91,346596,336941,-0.0091621843315648,16.38622777974045,23.417739719568182,19.245988518926417
2010-08-20,2059.91,2070.95,2046.9,2066.14,264182,333829,0.003019839669661811,15.826046042031624,23.259841655540782,19.247417158799948
2010-08-23,2065.29,2085.66,2042.65,2048.03,275129,348398,-0.008803776688882908,15.695803966802679,21.841235492299116,19.26981605530424
2010-08-24,2047.75,2048.88,1998.79,2007.57,317739,351458,-0.019953320036263582,16.90420145470995,22.171740414782164,19.377726691764437
2010-08-25,2007.57,2035.58,1988.32,2025.67,354186,345599,0.008975474561334525,17.273905988281278,22.147173065146497,19.396317297661998
2010-08-26,2025.96,2040.39,1997.66,2000.49,325465,358403,-0.012508359480198673,17.594964654458938,21.59075901631163,19.40752861804018
2010-08-27,1998.79,2031.05,1973.89,2025.11,391994,347647,0.012231869518478865,18.279306316134896,21.645899058692038,19.352305417618993
2010-08-30,2026.81,2043.5,2001.34,2001.91,255852,351428,-0.011522295233259754,17.10791952263951,20.64829584463484,19.388727605863824
2010-08-31,2001.62,2016.62,1985.78,1999.36,360795,355936,-0.001274595488545501,17.096074433552552,20.19931715916082,19.37858381833035
2010-09-01,2007.0,2065.57,2003.89,2059.91,389294,338225,0.0298351631776751,20.558410877073868,21.116637843051258,19.507962344053556
2010-09-02,2060.48,2083.96,2051.99,2079.44,250865,341177,0.009436334168190737,20.97567896786413,21.169304358521465,19.495181396506815
2010-09-03,2081.13,2117.92,2076.32,2113.11,306188,342529,0.016062169268362507,21.896955354649194,20.93036320402155,19.548933698578267
2010-09-07,2113.67,2125.56,2098.11,2102.36,271396,345499,-0.005100272711278604,21.789219162327765,20.82396939720806,19.52612663203243
2010-09-08,2102.07,2136.88,2096.41,2124.99,308420,339352,0.01070657323098465,22.00756326054048,20.935997302521887,19.553467285408303
2010-09-09,2125.84,2147.91,2121.88,2134.33,235345,317910,0.004385683616460139,18.75602329686093,20.31317222880743,19.55446677143381
2010-09-10,2135.46,2146.78,2127.82,2141.69,125668,299175,0.0034424568960440957,18.582647915750815,20.27760070058428,19.55326634820142
2010-09-13,2146.5,2179.04,2146.5,2172.25,107079,263027,0.014168259741719605,18.806987338041832,20.484877674593996,19.5590211076361
2010-09-14,2172.25,2195.21,2165.45,2179.9,372238,236502,0.0035155074520541647,18.80861321526494,20.49692123870972,19.5612514195391
2010-09-15,2181.32,2200.03,2170.55,2199.18,325442,297170,0.008805559422235197,18.717695102973895,20.541290574690027,19.57916106133428
2010-09-16,2199.18,2214.77,2187.84,2210.8,328922,325547,0.0052698773655033915,18.668743570648267,20.42052899172701,19.582286489264543
2010-09-17,2213.35,2233.76,2202.58,2214.2,305013,329529,0.001536723466258458,18.116596853652158,20.411342887070862,19.57982041982691
2010-09-20,2211.65,2257.29,2207.97,2247.09,284093,343142,0.014744881362386142,18.53896205821765,20.40601260347536,19.623896152122935
2010-09-21,2247.37,2268.06,2241.7,2251.34,319921,336458,0.0018895486934395454,17.922655985008614,20.357992744666458,19.559936005819555
2010-09-22,2251.34,2261.83,2234.33,2244.54,336151,375147,-0.0030249940769474727,15.699652736652453,20.367717608839968,19.562255461406618
2010-09-23,2244.54,2268.06,2225.26,2246.8,378087,394965,0.0010063812540333336,15.725794380280151,18.433830456106406,19.508170065081323
2010-09-24,2248.22,2292.73,2243.68,2288.47,304445,408767,0.01837649032611719,14.918853681676417,18.407733164228638,19.583711345264025
2010-09-27,2289.04,2304.06,2276.0,2276.0,233636,398794,-0.005463955738173417,15.368036826856216,18.401925977876367,19.593316280067015
2010-09-28,2276.85,2295.56,2241.98,2277.42,440359,412641,0.0006237070360446241,14.10057184432908,18.357607681196,19.383269067200967
2010-09-29,2278.84,2288.76,2266.08,2277.99,274660,423234,0.0002502518995983035,13.999849647367995,18.333150767400273,19.37479505363882
2010-09-30,2278.55,2299.81,2248.79,2262.68,444527,425807,-0.006743523761304266,11.763906867409224,17.41945043192637,19.379090437227376
2010-10-01,2262.96,2285.36,2250.77,2261.54,321294,430232,-0.0005039542834464042,11.761630007679116,17.41540760416963,19.319340774335185
2010-10-04,2265.23,2265.23,2223.56,2241.7,298949,440261,-0.00881149055726347,11.747649783287914,17.5066219623348,19.33922699882138
2010-10-05,2241.98,2296.13,2240.0,2288.76,352212,459409,0.020775679596485505,12.926352666752965,17.936442068288834,19.440209681493755
2010-10-06,2289.04,2295.56,2256.72,2272.6,334881,446950,-0.007085635692427026,13.285069006421352,17.893428110139823,19.4502693005342
2010-10-07,2272.6,2290.17,2260.69,2283.65,285357,438045,0.004850489619607111,13.29086171050839,17.894345358521242,19.454796167677195
2010-10-08,2283.65,2300.95,2247.37,2291.31,313502,444846,0.003348666286914637,13.290845992739516,17.89078371448227,19.45631979973727
2010-10-11,2293.86,2307.47,2289.04,2296.69,175827,437941,0.0023452495492244825,12.66545943793888,16.955660701897106,19.422882786201196
2010-10-12,2296.41,2317.1,2272.6,2309.73,319824,442447,0.005661678627937623,12.704721475296092,16.97244064346034,19.429499357534052
2010-10-13,2315.4,2341.77,2308.32,2331.28,296220,443484,0.009286838374441168,12.735541480245505,16.68092973331518,19.42047981919453
2010-10-14,2331.84,2344.32,2314.55,2338.08,316761,441192,0.002912606784308696,12.705223144725775,16.380019204015074,19.395285251330215
2010-10-15,2341.48,2378.62,2336.1,2375.5,374142,440094,0.015877861900633863,13.510581139454914,16.194303697643544,19.451442296825203
2010-10-18,2375.5,2386.55,2361.61,2374.93,254281,428757,-0.00023997827680258973,12.891622465212095,16.08667228420753,19.44836884369035
2010-10-19,2372.1,2384.57,2326.18,2344.32,474153,431451,-0.012972582199778478,14.052858397119488,16.329801064239167,19.491478824255605
2010-10-20,2344.88,2379.47,2338.65,2362.74,288963,445373,0.007826581359449665,14.063712011354662,16.374117894105126,19.493216268684304
2010-10-21,2364.16,2386.27,2343.47,2358.49,327967,434119,-0.0018003787775570667,14.14007937996909,16.241601709250574,19.492518273526382
2010-10-22,2359.06,2386.27,2355.09,2385.7,206996,439322,0.011470998575365318,13.294062322069164,16.261814607904657,19.446620446951705
2010-10-25,2385.7,2410.08,2383.44,2390.81,241766,436843,0.0021396383340503144,12.992305887575958,16.261368224501282,19.293284890761434
2010-10-26,2391.66,2406.11,2372.66,2399.31,255462,452922,0.0035489753582861015,12.978937751634929,15.964374599548318,19.233362714733524
2010-10-27,2400.73,2409.52,2383.72,2408.1,267310,447152,0.0036568588056518758,12.953203232577723,15.959617951809522,19.058889001002665
2010-10-28,2407.82,2422.84,2391.66,2410.37,306514,441997,0.0009422078659548243,12.48270804389164,15.9331667869056,19.058561837231675
2010-10-29,2411.5,2421.42,2400.16,2406.11,232478,439844,-0.0017689271463107556,12.539919089343382,15.928362798022958,19.058304834183275
2010-11-01,2409.52,2433.89,2398.18,2414.05,286483,441286,0.003294499428047029,11.724760796989576,15.929423098810048,19.05101884200427
2010-11-02,2413.2,2442.12,2410.93,2438.15,227217,441753,0.00993372003610114,10.157861383591097,15.994007537274598,18.98488426376074
2010-11-03,2439.28,2455.44,2415.19,2454.02,348195,449653,0.006487941207463129,9.460508664412552,15.852928506147654,18.986032042300298
2010-11-04,2454.3,2484.35,2451.75,2476.98,324318,450532,0.009312579976458919,9.654314340782788,14.27442504375974,18.896670724832052
2010-11-05,2476.42,2484.35,2467.91,2477.27,324318,448973,0.00011707120162738088,9.753675649261005,14.1732345987738,18.895106874121588
2010-11-08,2472.45,2482.37,2464.51,2476.42,200812,437679,-0.0003431785228151344,9.856714492041208,14.049879357101016,18.88742020643668
2010-11-09,2475.28,2492.29,2454.02,2467.63,269273,433857,-0.0035557930285825866,10.16011926638083,14.115970011217927,18.88141529549182
2010-11-10,2466.49,2480.1,2449.2,2465.64,297588,452697,-0.0008067671576608573,10.002627528845293,14.046049682089132,18.867740204187744
2010-11-11,2466.49,2466.78,2429.08,2463.38,316764,466403,-0.0009170180516099946,10.088994397582315,14.03896697835647,18.852572919936332
2010-11-12,2462.53,2465.36,2403.0,2419.44,393579,448705,-0.017998282200517916,11.276534926585889,14.47143837228866,18.945111809989115
2010-11-15,2419.72,2439.0,2411.22,2412.92,259982,458016,-0.002698476088879857,11.343542076902494,14.51311435788433,18.94079507371254
2010-11-16,2411.5,2412.07,2362.46,2370.68,408237,464124,-0.017660798518138728,12.188723449262099,14.917865190324807,18.947674589014955
2010-11-17,2373.23,2391.66,2367.56,2377.77,260007,455015,0.002986239833558883,11.924168729571583,14.169186184617264,18.943623345686092
2010-11-18,2378.33,2434.18,2376.35,2420.0,299550,451584,0.017604466510395825,13.369053408291997,14.43710484931777,18.96054499429868
2010-11-19,2421.14,2425.11,2403.56,2419.15,216792,442747,-0.00035130136852196874,12.82208669776308,14.091444736111718,18.95780833932827
2010-11-22,2425.39,2444.1,2404.7,2442.97,284564,441921,0.009798273416504008,13.218504295645635,14.03328550604087,18.97626527241175
2010-11-23,2440.98,2442.68,2386.55,2402.71,342591,411714,-0.016617245225194612,14.586223838024356,14.29681618363568,18.945144031297797
2010-11-24,2400.73,2455.44,2395.91,2446.93,267835,427557,0.018236910603093653,15.91891933083979,14.601175239834427,19.022260886303467
2010-11-26,2445.23,2452.89,2420.57,2433.33,112446,424292,-0.005573487972192261,16.078405083684927,13.630584282427218,18.988070771737664
2010-11-29,2437.86,2449.49,2401.3,2432.76,294225,407875,-0.00023427433631797987,16.059227417968998,13.572734666235231,18.9880481902034
2010-11-30,2431.91,2435.03,2391.66,2400.45,320212,400142,-0.013370195507994039,16.755945110189078,13.667267807882983,19.027801810868624
2010-12-01,2398.18,2465.08,2393.36,2447.5,307681,427864,0.01941087564455656,17.825865783745016,14.032081033907973,19.10538803680867
2010-12-02,2448.07,2481.8,2445.52,2479.82,235665,427330,0.013118881475098683,18.28597648984355,14.100635782102849,19.132835781817647
2010-12-03,2480.95,2488.89,2457.99,2480.1,182022,426724,0.00011290504697542482,17.988638610945635,14.104372415089589,19.108701350293643
2010-12-06,2480.95,2487.47,2468.48,2483.79,173121,411652,0.0014867374900307188,17.99575395005255,14.104499985100036,19.066458009208276
2010-12-07,2484.64,2513.83,2478.12,2483.22,235786,407022,-0.00022951433659374176,17.995401590479148,13.901630323985364,19.06374693185419
2010-12-08,2483.5,2496.83,2471.88,2495.12,206132,391360,0.004780719141242443,18.011795829325767,13.909044087002362,19.063329325144878
2010-12-09,2493.99,2511.28,2487.47,2495.98,161286,354959,0.0003446134152835802,18.004894918654884,13.846687360853677,19.042931676986104
2010-12-10,2494.84,2515.25,2491.44,2513.27,98939,333445,0.006903256440698815,18.130393723766776,13.866640063711412,19.036126812034805
2010-12-13,2514.68,2530.56,2502.21,2507.88,110952,303075,-0.0021469193592412055,16.74743066176136,13.893975571345047,19.037503961815574
2010-12-14,2507.88,2520.08,2502.49,2513.55,255796,249371,0.0022583217966827026,16.663248523624404,13.641021635050917,19.016759128028497
2010-12-15,2514.41,2524.34,2493.12,2499.08,320618,308937,-0.005773432387167438,15.275388305354326,13.730602373430195,18.995417564557847
2010-12-16,2499.65,2525.76,2494.54,2519.51,243753,333822,0.008141774026577269,15.400120824508559,13.755776563947123,18.98631759570183
2010-12-17,2522.64,2527.75,2511.57,2512.7,158393,332319,-0.0027065659649421984,14.487673383252794,13.787389135345412,18.973820284124635
2010-12-20,2515.82,2531.72,2503.9,2520.65,172358,330887,0.0031589325641930427,14.469555115750568,13.354893875801766,18.967741204481253
2010-12-21,2520.37,2539.67,2519.51,2537.68,103147,333497,0.006733473041293958,14.291831605536236,13.312796466762258,18.961398480043957
2010-12-22,2535.98,2541.09,2532.0,2538.53,89776,329939,0.0003348955255769622,12.537532475641708,13.314030772686412,18.959426864409163
2010-12-23,2539.38,2541.94,2524.62,2532.29,87905,319294,-0.002461141649576757,11.231036078271096,13.339161351183115,18.96127405495493
2010-12-27,2528.6,2536.26,2505.89,2531.72,139752,331091,-0.0002251180398171907,10.927065711108641,13.228025630183424,18.960858929702827
2010-12-28,2530.87,2539.67,2521.79,2526.61,80279,323161,-0.0020204303548050206,10.993306206632257,13.243303980970728,18.934212078594935
2010-12-29,2528.6,2538.25,2525.19,2530.02,64609,326653,0.0013487245524848141,9.410546051632279,13.056409326285262,18.880022763681207
2010-12-30,2530.02,2534.84,2522.07,2525.47,85956,330962,-0.0018000238269812211,7.128871104334082,12.47792607969635,18.881085957383192
2010-12-31,2526.33,2530.58,2506.17,2515.82,100071,328097,-0.0038283898709739286,5.923043954330871,12.39823744646464,18.881658459774112
2011-01-03,2520.37,2574.58,2519.51,2554.99,276753,367978,0.015449515605115278,7.889657815716758,12.700076369184515,18.93939838727062
2011-01-04,2554.14,2568.62,2539.1,2549.32,216365,358623,-0.002221652811893171,7.998762052593284,12.723683083064028,18.932381007853984
2011-01-05,2550.74,2579.12,2531.15,2576.85,213120,372554,0.01074106581663686,8.642207760241911,12.855319444813473,18.95447695516005
2011-01-06,2577.98,2587.63,2574.01,2584.23,177334,368408,0.002859868488762459,8.582520435696585,12.833277162319817,18.926789196593294
2011-01-07,2585.08,2591.04,2556.7,2580.54,279363,367230,-0.0014289118887578986,8.644031288027794,12.756488859908119,18.909756797924437
2011-01-10,2579.69,2596.43,2566.63,2591.32,197994,365344,0.004168719033937036,8.477169757194643,12.764213263045091,18.911452565492805
2011-01-11,2590.75,2605.8,2586.21,2594.73,208383,353688,0.0013150665695231744,8.36640320892432,12.418223443465495,18.853849155144005
2011-01-12,2595.3,2618.85,2593.03,2616.3,176801,357552,0.008278640957021082,8.686284092235205,12.4905900766942,18.8173605218253
2011-01-13,2616.58,2621.98,2607.5,2614.31,185940,350845,-0.000760905552512554,8.262999240774246,12.126939703033052,18.772945244151472
2011-01-14,2615.45,2637.3,2608.35,2633.9,177966,358615,0.007465437161864001,8.202344869990975,12.119518939270781,18.72448982754185
2011-01-18,2635.32,2648.09,2594.44,2646.1,289649,375241,0.004621220345302026,8.029189222145593,12.109244111678585,18.56157382700915
2011-01-19,2646.95,2663.98,2603.24,2604.95,293316,371487,-0.015673376710405883,10.309930604917053,12.467088677833603,18.637301970235534
2011-01-20,2608.64,2610.62,2573.73,2590.19,351068,375596,-0.005682249069000043,10.438318495105381,12.551788607861965,18.64816246289278
2011-01-21,2590.47,2611.47,2572.31,2576.0,252574,366684,-0.005493423852053075,10.691308685429503,12.620275780110898,18.649682941064892
2011-01-24,2575.71,2612.04,2570.89,2608.92,222971,386317,0.012698534353055927,11.420058538516667,12.830225934765286,18.54919837250233
2011-01-25,2608.92,2614.88,2589.9,2612.61,250703,382582,0.0014133790725226446,11.402205554160485,12.829973235079917,18.451501620397636
2011-01-26,2611.47,2633.9,2608.92,2632.19,218232,379195,0.00746647763977248,11.502550251797151,12.87383296728461,18.44356959555242
2011-01-27,2631.63,2650.36,2626.23,2637.3,242547,373103,0.0019394672356475707,11.499705645562651,12.868745036106638,18.432499806245968
2011-01-28,2636.17,2646.38,2563.51,2574.86,434902,363658,-0.02396050283748891,14.727773587241465,13.760865396265402,18.584773622456837
2011-01-31,2572.02,2595.3,2552.72,2588.48,316720,336077,0.005275667141834007,14.68899502661829,13.742104230946175,18.345103305427312
2011-02-01,2593.03,2643.26,2589.9,2636.73,300511,365526,0.018468682203081024,15.104572026614244,14.1051377698632,18.421596095670452
2011-02-02,2634.75,2642.69,2624.81,2633.61,193313,361694,-0.001183984473287476,15.074443274059366,14.111299241383598,18.408869393807787
2011-02-03,2632.76,2640.99,2606.36,2635.88,258037,356421,0.0008615635063040617,14.685047384123845,14.10848817016617,18.387217825712344
2011-02-04,2636.45,2656.03,2629.92,2653.76,224139,352239,0.006760410197153629,14.81063462861566,14.123355362866597,18.388081164835043
2011-02-07,2654.05,2679.02,2650.36,2662.28,240695,353310,0.0032053962328876364,14.787579038751158,14.122795884998016,18.31584854262943
2011-02-08,2660.86,2683.85,2658.02,2682.43,187536,349758,0.00754020160806697,14.914371734062993,14.172896337887874,18.32432229347968
2011-02-09,2682.15,2685.55,2668.52,2681.86,198569,344833,-0.0002125164754869031,14.929827352218346,13.588766411694362,18.307955694374904
2011-02-10,2675.9,2684.98,2654.62,2681.29,334186,359153,-0.0002125616483395718,14.732861399314467,13.563798541830613,18.2990132537667
2011-02-11,2679.31,2702.58,2665.4,2700.03,191884,353492,0.006964862061836678,14.849384061977124,12.984506177453564,18.304436319974407
2011-02-14,2697.76,2710.53,2696.91,2704.0,153281,351558,0.0014692741210511188,14.68761252476168,12.984145409215078,18.303463831899887
2011-02-15,2704.0,2708.26,2691.51,2703.72,166706,352466,-0.00010355565756009464,14.642162067053519,12.584495779472835,18.303853433276558
2011-02-16,2703.43,2728.13,2701.73,2715.64,230670,355668,0.004399050523540975,13.265412561701421,12.586698014756776,18.265892319375222
2011-02-17,2715.64,2725.57,2705.99,2717.34,197725,362402,0.0006258075882781792,12.961295880082648,12.481625759007692,18.25581019490856
2011-02-18,2717.62,2725.29,2704.28,2719.04,183849,372510,0.0006254161980626303,12.645439077639612,11.882295211096562,18.255337307118566
2011-02-22,2717.34,2717.91,2628.79,2635.88,450245,387305,-0.031061784749491148,16.88649256281635,13.23421213588371,18.538358186377888
2011-02-23,2636.17,2650.64,2594.16,2615.16,407845,361644,-0.007891810969965331,17.141868956300073,13.29358455532825,18.518403380393618
2011-02-24,2614.31,2635.03,2588.77,2620.56,362545,363720,0.0020627542782003967,16.937836473474043,13.291326156825601,18.513851925510494
2011-02-25,2622.54,2668.24,2617.43,2663.13,244697,374808,0.016114087372039707,17.89779616612686,13.280604227336473,18.576469157063595
2011-02-28,2662.56,2682.71,2650.64,2668.81,232535,366709,0.0021305574138456005,15.391603241093895,12.759998508258462,18.57401720107699
2011-03-01,2669.09,2692.65,2619.7,2624.25,349697,357949,-0.016837539243898598,16.67571264304008,13.062494132993645,18.61455981160297
2011-03-02,2623.96,2657.74,2613.18,2637.59,335530,352825,0.005070480508979716,15.41097391048685,13.088516482015919,18.61932500773251
2011-03-03,2636.17,2697.47,2635.32,2692.65,288788,380496,0.02066021736030192,17.04894120220734,13.693204364936742,18.715752929351908
2011-03-04,2692.08,2700.59,2661.43,2679.02,299221,366337,-0.005074782796255457,17.189983597549514,13.752884586048294,18.706728764971928
2011-03-07,2679.59,2695.49,2618.29,2639.0,402341,360571,-0.015050998485609226,17.917048545061455,14.131673278849307,18.772831577066455
2011-03-08,2638.44,2665.68,2623.11,2649.51,363782,356775,0.003974659719407364,17.9389570879834,14.144778166747768,18.775590662319956
2011-03-09,2648.37,2657.17,2620.56,2623.11,374399,335765,-0.010014080521490444,18.011190680136316,14.267324981856111,18.804688517406397
2011-03-10,2625.1,2628.79,2583.09,2591.89,346788,299236,-0.0119732974012096,18.412104137423142,14.491810171682348,18.8404991960109
2011-03-11,2591.32,2618.29,2571.45,2617.15,140465,275998,0.009698600126694103,18.849654517744725,14.609034545029084,18.861027388343928
2011-03-14,2617.17,2620.3,2586.42,2607.49,420634,171870,-0.0036978666502354156,18.614810387864154,14.57607035959806,18.863256453408077
2011-03-15,2607.2,2611.47,2521.22,2556.81,430853,201862,-0.019627685073259404,19.611492491311083,15.073654800603503,18.96496812535438
2011-03-16,2557.66,2575.88,2490.18,2515.24,628574,249110,-0.016392161286911615,20.15927036375394,15.444481302027768,19.025327234032133
2011-03-17,2515.81,2557.66,2489.33,2535.17,373620,270123,0.007892469504450743,20.380345182348577,15.515914274760767,19.028503135183797
2011-03-18,2534.6,2566.77,2522.64,2530.04,356862,280988,-0.002025583047505178,20.33189236358067,15.459602677138726,19.020588137584195
2011-03-21,2531.75,2586.99,2527.2,2567.63,250481,277868,0.014748181559038585,21.31284528590718,15.754323908088846,19.07335414166969
2011-03-22,2569.62,2578.73,2561.65,2570.76,214276,274758,0.0012182805848255562,18.5495785306698,15.745921808960087,19.073374710211578
2011-03-23,2569.34,2590.69,2542.0,2579.59,277187,284850,0.0034288965415688114,18.447005653946622,15.759001352377073,19.071766915588853
2011-03-24,2579.59,2634.82,2576.45,2629.13,289374,293449,0.019022521408139263,19.720403067578058,16.209593485613443,19.16024231051271
2011-03-25,2625.71,2659.31,2624.0,2638.81,256984,302200,0.0036750649760324246,18.8615632205732,16.220804778158758,19.154188330054517
2011-03-28,2637.95,2651.91,2613.47,2614.61,205806,299841,-0.009213111145608683,19.083523369688937,16.34034220288647,19.178244161647452
2011-03-29,2615.75,2647.63,2607.49,2645.07,221150,314537,0.011582583173302111,18.621235735745877,16.46756461964762,19.20941313819526
2011-03-30,2644.79,2668.7,2642.51,2658.74,181624,317776,0.005154796370849761,18.624067351155386,16.210480522505097,19.18692767340204
2011-03-31,2658.45,2666.71,2650.77,2660.73,177992,329784,0.0007481948738626145,17.02342427265283,16.19932695182393,19.185904890863313
2011-04-01,2663.86,2685.5,2657.32,2663.29,227985,347297,0.0009616794066500268,16.947478942957925,16.0641674084694,19.184168140074043
2011-04-04,2661.87,2676.11,2644.5,2665.57,213559,360012,0.0008557177854656476,16.02601750081179,16.057107542984124,19.183283106608346
2011-04-05,2666.14,2668.42,2640.23,2645.93,246330,360711,-0.007395308108885008,16.20632707458879,16.13435273421003,19.192744566619417
2011-04-06,2646.78,2676.39,2638.52,2648.49,260050,358939,0.000967055956840932,15.775480816228349,16.1158864346692,19.192735964799162
2011-04-07,2648.49,2669.84,2632.83,2652.76,299965,352552,0.0016109411642290501,15.074393893378774,16.116746499592537,19.18927235302678
2011-04-08,2652.47,2668.13,2624.86,2639.95,231045,349496,-0.0048406298525056615,14.864183214428722,16.06591545862012,19.159374307764853
2011-04-11,2645.36,2658.17,2621.72,2628.56,224000,348113,-0.0043238098608449505,14.88889903051573,16.09111661599091,19.1623281996609
2011-04-12,2630.27,2630.84,2602.36,2611.47,288991,335461,-0.006522886546630546,13.1791128109163,16.072643166300303,19.13154305911309
2011-04-13,2610.62,2641.66,2609.77,2629.13,287483,334580,0.006739711807242469,11.577432557653792,16.105292593347446,19.14136383381505
2011-04-14,2629.7,2633.11,2605.21,2620.3,291384,334992,-0.003364177949961882,11.534627038333346,15.791655124651868,19.138726038566105
2011-04-15,2621.44,2635.11,2607.2,2630.55,236995,332171,0.0039041347665365635,11.475814109070045,15.76396872981073,19.141726201660983
2011-04-18,2628.56,2630.84,2562.79,2608.06,376034,321974,-0.00858629986653557,11.003186165736146,15.824789148846923,19.157574036598042
2011-04-19,2606.92,2639.38,2594.11,2631.97,226895,315173,0.009125965287080325,11.39587501634429,15.720927272600235,19.161607313196637
2011-04-20,2635.11,2692.05,2634.25,2682.09,307353,343666,0.018863726121622446,13.004045610985603,16.18102331472306,19.247217331999934
2011-04-21,2683.22,2713.69,2683.22,2705.43,242215,351746,0.008664523201277566,11.649482289638001,16.205096750102346,19.16286095647913
2011-04-25,2702.59,2713.12,2701.16,2707.71,115169,353674,0.000842394667357375,11.620447981455465,16.202370756392682,19.162115736293174
2011-04-26,2707.43,2735.61,2702.3,2715.97,226453,364476,0.0030459047679935935,10.946225758864893,15.390246883930892,19.093709918967786
2011-04-27,2719.67,2747.86,2718.82,2743.59,213497,379858,0.010118117810128939,10.785609367267849,15.480925812005102,18.991659984555838
2011-04-28,2743.87,2751.27,2729.07,2735.33,229280,383427,-0.0030151950595788393,10.841168956879168,15.064202312739292,18.947279486663263
2011-04-29,2734.47,2747.57,2730.2,2734.19,164125,391368,-0.0004168555984831363,10.858617951198871,15.061116266640559,18.713336681003227
2011-05-02,2742.45,2765.22,2725.93,2735.04,286554,397399,0.0003108298633786631,10.864254521214598,15.061169174344977,18.70225490386581
2011-05-03,2736.47,2736.75,2703.72,2721.66,287245,411354,-0.004904072723682944,11.087628411854938,15.047604223669584,18.303567298103328
2011-05-04,2721.66,2728.78,2693.19,2715.11,300764,408581,-0.002409520052895889,10.719605799798208,15.047227224964574,18.183519598045844
2011-05-05,2716.25,2733.05,2691.77,2709.42,393338,404477,-0.0020978783735556175,10.786868356578998,14.979391279293083,17.55725676681369
2011-05-06,2708.85,2744.44,2702.3,2703.16,358939,400545,-0.0023131308142202303,10.853738767357902,14.987847321898373,17.5574702823075
2011-05-09,2708.28,2731.06,2703.72,2717.96,265715,395331,0.005460139886040472,10.74127815663955,15.027315562173957,17.46604307482866
2011-05-10,2717.68,2747.0,2713.69,2743.87,291892,398272,0.009487733730859949,10.87358760608119,15.084421315710536,17.43232268248712
2011-05-11,2741.88,2750.7,2703.72,2725.93,297723,382128,-0.006559678353459756,10.87748539424364,15.14673728863909,17.328060958659382
2011-05-12,2726.22,2743.87,2698.03,2741.31,288507,391246,0.005626254040721296,10.822141991442537,15.188349496122159,17.334198991727906
2011-05-13,2742.45,2749.57,2698.03,2699.17,300837,370719,-0.015491589991789857,12.377123943585634,15.499005635162641,17.352822913411785
2011-05-16,2694.61,2702.3,2652.76,2658.74,405609,365981,-0.015091991984258271,13.6550170002339,15.799330869387829,17.389416587640998
2011-05-17,2657.88,2671.84,2640.23,2661.87,338037,361493,0.0011765569590961521,13.223182860923952,15.80120771933204,16.96579322577268
2011-05-18,2666.43,2693.47,2657.6,2689.49,232300,341719,0.010322701242649175,13.32688653494873,14.596316206333318,16.965588601235805
2011-05-19,2690.06,2702.87,2680.38,2698.03,228801,345695,0.003170292510389309,11.602151865994156,14.505770970717252,16.960052114257536
2011-05-20,2697.46,2702.3,2667.57,2668.99,257419,347082,-0.010821753377660193,11.798246571947164,14.686447847315337,17.002028745950163
2011-05-23,2666.71,2668.13,2624.29,2637.1,247592,345884,-0.012020295160690902,12.44417374242914,14.52385581140658,16.99150922251418
2011-05-24,2637.1,2647.07,2618.02,2621.44,244139,343278,-0.00595604342427142,12.435425293125405,14.563792446611945,16.556772124291314
2011-05-25,2620.3,2643.08,2597.81,2630.27,261109,343548,0.0033627174085030997,11.793412366365637,14.166957266505603,16.542789249453733
2011-05-26,2630.55,2654.75,2621.72,2648.2,246269,331423,0.006793661406229122,12.20039933432462,14.197469737768056,16.506687418055517
2011-05-27,2649.63,2663.29,2644.79,2656.46,154910,326967,0.0031142454656158847,12.310419670766008,13.551095596791763,16.316220799212143
2011-05-31,2655.04,2708.0,2654.47,2701.16,251027,349703,0.01668690098639382,13.890679870591912,13.946597082341693,16.368173886032643
2011-06-01,2705.43,2711.41,2639.95,2641.66,325409,346013,-0.022273802942784922,15.833202322595168,14.355129668475463,16.155382765191693
2011-06-02,2642.79,2659.88,2635.11,2649.06,278595,338928,0.002797352657304881,15.900902354649466,14.343288300343392,16.00103970694994
2011-06-03,2648.77,2651.34,2602.08,2605.21,288850,332117,-0.016691573930414236,16.82343681082633,14.605246818590059,16.09634767946639
2011-06-06,2606.35,2618.59,2586.7,2589.84,222242,328318,-0.0059171884181839505,16.8819801074187,14.447092256319449,16.09939856368774
2011-06-07,2589.84,2606.07,2583.0,2589.55,226064,327133,-0.00011198229919078592,16.663669755239198,14.3046091827934,15.955341921827614
2011-06-08,2589.27,2594.39,2558.8,2560.22,274206,315792,-0.01139092314320444,16.329581573553188,14.471404228469842,15.965396832608695
2011-06-09,2563.36,2582.43,2557.38,2565.35,186589,288218,0.002001729256632301,16.39694911397568,13.905698657166543,15.96486109108641
2011-06-10,2565.35,2569.05,2526.63,2529.76,136078,256550,-0.01397048497598977,16.49910393038773,13.791745509196291,15.84648720667893
2011-06-13,2524.92,2544.28,2522.07,2532.04,91589,223420,0.0009008653657576075,16.00552682508494,13.69703763067922,15.834778948726939
2011-06-14,2532.03,2565.34,2524.35,2558.79,324061,224819,0.01050918855883989,16.061545838862262,13.858608172013115,15.865319397637043
2011-06-15,2557.09,2558.51,2504.99,2510.97,408611,257552,-0.01886535783152109,17.092223055379247,14.060884501440752,15.98604945969704
2011-06-16,2512.67,2521.21,2478.51,2500.15,360888,273581,-0.004318402598547336,16.362463948188907,14.079910421252956,15.98286673389738
2011-06-17,2500.15,2526.62,2485.34,2494.17,308529,281390,-0.0023947215467922263,16.172947659804915,14.061706096178298,15.941075482981537
2011-06-20,2493.32,2513.24,2475.66,2505.27,215125,276875,0.004440504632206429,16.21745859066395,13.500656974946054,15.942676433196121
2011-06-21,2504.7,2561.93,2502.99,2555.38,339993,287392,0.01980442742146064,17.772624199390716,14.119705186102493,15.997938061668446
2011-06-22,2554.52,2563.06,2538.01,2538.87,223745,277427,-0.006481840429728664,17.790789656503335,14.05897424788069,16.001925419464726
2011-06-23,2538.3,2566.2,2504.7,2547.98,415542,277621,0.003581788234174228,17.799063114686277,13.859734415249324,16.00226852024306
2011-06-24,2547.98,2571.89,2512.96,2514.1,316081,275309,-0.013386001761171067,17.978959616682065,14.049154984310988,15.523655730476113
2011-06-27,2515.24,2573.6,2495.59,2561.07,316081,265454,0.0185102532924885,19.402049117086875,14.600656451211483,15.544847029287231
2011-06-28,2562.78,2602.07,2552.53,2600.93,237750,267788,0.01544393346162081,19.249140513133728,14.965457519689066,15.596397483383045
2011-06-29,2599.79,2619.72,2590.39,2612.32,237750,266315,0.004369642017231499,17.773990245472284,14.995296507745806,15.591419603261814
2011-06-30,2611.46,2645.91,2604.91,2643.06,201935,274045,0.01169862144435617,18.27078707062752,15.121423971632533,15.613659537021082
2011-07-01,2640.5,2688.33,2638.22,2682.06,238609,288216,0.014647819133831327,17.881718729104794,15.416537248117782,15.378010053917478
2011-07-05,2681.78,2701.14,2677.79,2701.14,249553,292509,0.0070887501478803655,17.76626447281367,15.478548819296211,15.385410465247427
2011-07-06,2698.86,2711.1,2685.77,2704.84,257899,300440,0.0013688547045102532,17.749536210533584,15.442715659291817,15.372121012459255
2011-07-07,2705.69,2751.24,2705.41,2750.67,214745,316826,0.016801757541301816,17.71213881236071,15.76985797693779,15.448277017852046
2011-07-08,2750.39,2757.79,2705.41,2742.7,283491,337636,-0.002901681697071679,17.855308000318768,15.715829438565306,15.413759181204952
2011-07-11,2737.86,2737.86,2677.51,2695.44,280079,343656,-0.017381380329772333,18.32873062907539,16.100327086036053,15.520480801364592
2011-07-12,2694.02,2694.88,2653.88,2669.82,304899,356085,-0.00955040193147465,18.867992859658617,16.211879225889476,15.555271584709352
2011-07-13,2669.82,2704.56,2662.14,2669.82,267288,373043,0.0,18.654916992649078,16.194666348894046,15.318253314095406
2011-07-14,2671.25,2696.87,2635.66,2657.87,344083,368293,-0.004486004268407816,17.146401965764895,16.120774701712737,15.328173348526757
2011-07-15,2662.42,2686.05,2655.02,2682.35,254820,364426,0.009168225831424242,17.067451621391886,16.121763518314864,15.245647659948805
2011-07-18,2681.21,2682.06,2640.5,2664.7,249078,345789,-0.006601795047478198,17.324132078948423,15.709869568446939,15.197041976123565
2011-07-19,2666.69,2732.74,2663.56,2720.5,275586,363406,0.0207242060190262,18.396540169188853,16.18474724898129,15.20241397814016
2011-07-20,2721.35,2748.4,2711.39,2712.24,253753,345866,-0.0030408252059751276,17.58268781331934,16.196624661673912,15.172822341456648
2011-07-21,2712.24,2749.54,2693.17,2744.41,278950,351597,0.01179125387379711,17.474728973470622,16.364520140305864,15.198379096223194
2011-07-22,2735.87,2766.9,2728.75,2764.91,184217,353045,0.007441969104126861,17.51929431937391,16.304138586553837,15.211317103232878
2011-07-25,2753.24,2772.31,2710.25,2759.78,195167,357365,-0.0018571183086831464,16.439047233260936,16.296325204114993,15.181044540790497
2011-07-26,2759.22,2773.45,2747.54,2759.78,185139,359272,0.0,15.665774157118346,16.295931642224033,15.161218614125529
2011-07-27,2760.92,2762.35,2684.91,2684.91,328563,351114,-0.027503758561146226,18.55924028781044,17.253437664832287,15.429635261483257
2011-07-28,2687.47,2731.6,2682.63,2698.86,287066,358221,0.005182253781198064,18.57762112614477,17.26250791695495,15.350375882821293
2011-07-29,2699.72,2716.23,2662.42,2686.62,335802,367656,-0.004545563654636104,18.3026925114313,17.280043135499863,15.35938183341801
2011-08-01,2717.08,2727.33,2642.78,2671.53,356651,349073,-0.005632555973621452,17.675082351618833,17.311989955675188,15.363148271037003
2011-08-02,2672.95,2682.06,2602.92,2605.77,340611,348753,-0.024923125057666532,19.484955133807293,18.033030721035175,15.576745461683275
2011-08-03,2607.76,2635.66,2565.63,2621.99,448373,336555,0.006205354510466027,19.66399800836218,18.044390804485662,15.586315387141719
2011-08-04,2623.42,2641.35,2499.58,2516.09,536231,326518,-0.04122746218809506,22.9867592537873,19.746549056145657,16.138304465033436
2011-08-05,2520.93,2549.97,2424.14,2490.47,683266,310215,-0.010234661578898619,23.06818685953814,19.801496863530346,16.14589274774265
2011-08-08,2442.64,2471.96,2313.39,2320.79,731047,327148,-0.07056380272794913,32.64464956956961,24.27938720422027,17.362818157141202
2011-08-09,2326.49,2461.15,2245.92,2454.03,715540,323873,0.05582392619611119,39.601960611177425,26.93751086532048,18.220173399956273
2011-08-10,2452.89,2469.12,2352.39,2374.31,543270,326467,-0.033024702193002,40.85118569966505,27.564907728172344,18.517858870431102
2011-08-11,2371.75,2487.62,2343.0,2457.44,421381,330955,0.034413288725311866,43.28635232170433,28.546720527439014,18.8258904611925
2011-08-12,2457.44,2496.73,2407.34,2479.65,292340,333466,0.008997263499812728,43.279538096222225,28.524892097317945,18.817746907991918
2011-08-15,2486.77,2518.37,2478.51,2512.67,224281,339517,0.013228511602793586,43.687597002513826,28.667154584464445,18.85838952291227
2011-08-16,2510.4,2518.08,2463.71,2504.13,294934,337094,-0.003404563964665291,42.784557016756544,28.60089659486479,18.836584169583077
2011-08-17,2502.99,2521.21,2456.59,2477.09,273534,338192,-0.010856884700640385,42.847743475566745,28.582846805678564,18.871384005648505
2011-08-18,2477.66,2477.66,2337.87,2370.9,444399,342066,-0.04381485422557953,44.55016058285278,29.884200651644317,19.371061589358053
2011-08-19,2374.03,2393.67,2315.95,2324.21,374568,350733,-0.01988943354380389,44.40554637200789,30.09598723329813,19.3703770977998
2011-08-22,2324.21,2374.88,2302.86,2327.63,254177,348637,0.0014703861767300795,44.4890009088307,30.048822700875416,19.352126610284234
2011-08-23,2330.76,2424.7,2319.65,2418.73,273713,354190,0.038392026498090086,47.45213887491875,31.161952217017426,19.676405052599204
2011-08-24,2418.73,2445.49,2387.13,2435.81,270378,361556,0.007036741061902171,47.01553300960513,30.982810942750216,19.652648371141492
2011-08-25,2435.52,2450.61,2392.53,2403.92,308466,367312,-0.013178611840796488,46.946633044984594,30.78055160156935,19.6638067015529
2011-08-26,2403.92,2469.97,2369.47,2464.28,344089,369138,0.02479893732976311,48.188628238548525,31.24075676463599,19.810577626148316
2011-08-29,2464.28,2533.74,2457.44,2528.05,198317,368779,0.0255485789912449,49.33341773723773,31.544294191494497,19.751661409064468
2011-08-30,2527.48,2561.64,2506.7,2536.02,254838,366195,0.0031476684091808647,48.6625267638742,31.53251849976076,19.733978179698735
2011-08-31,2534.88,2583.28,2529.47,2551.68,285780,363949,0.006156042791585387,48.6615135653604,31.56069185007858,19.681403477272426
2011-09-01,2554.81,2577.87,2522.92,2524.92,262316,365630,-0.010542586713714233,46.49804616866125,31.548372569500554,19.70535798793946
2011-09-02,2524.63,2530.04,2454.88,2465.13,271645,371677,-0.023964834616333888,47.15649732314126,31.916538057303285,19.83478767140942
2011-09-06,2459.15,2472.53,2400.79,2465.7,341285,384855,0.0002311983996766654,39.23903909423725,31.796125458083814,19.83113529241273
2011-09-07,2465.98,2533.17,2465.13,2530.32,252548,390300,0.025870034114239937,35.11777908437724,32.24922001430884,19.99111770548995
2011-09-08,2531.46,2555.38,2511.25,2524.35,254052,372474,-0.0023621731096119874,32.72095924556873,32.177677060672266,19.946974414439573
2011-09-09,2523.49,2536.87,2448.05,2469.97,143421,369173,-0.021777599027917247,31.64206565632634,32.25517236075348,20.070829994334098
2011-09-12,2459.44,2503.85,2416.45,2499.58,125382,294883,0.011916712943436675,31.765783365532624,32.33972725346939,20.086284525452047
2011-09-13,2499.29,2534.6,2467.41,2528.9,114565,253208,0.011661707824795208,31.686632687903376,32.42353386764561,20.111842001439648
2011-09-14,2528.9,2594.25,2495.23,2564.0,401860,265166,0.013784113473054128,32.004350653747544,32.53171650546558,20.155540829995918
2011-09-15,2564.29,2609.95,2556.01,2607.09,400800,288499,0.01666611773664106,32.12220671610768,32.45798020875367,20.1701167902903
2011-09-16,2603.96,2634.78,2590.26,2633.63,313377,297813,0.010128465892188002,27.10961072132976,32.48749651727435,20.19241996142192
2011-09-19,2611.66,2641.91,2573.14,2626.5,317744,305449,-0.002710961275373537,25.64247477459957,32.48851311570218,20.19186971187385
2011-09-20,2623.93,2662.46,2606.81,2621.36,325787,309653,-0.001958894346887716,25.753485603145183,32.363981703201894,20.193502925795993
2011-09-21,2621.93,2645.9,2561.72,2563.15,353504,315020,-0.022456296229766762,24.616895080412597,32.48959792368732,20.246129765487655
2011-09-22,2563.43,2567.71,2447.86,2482.1,581136,322241,-0.032131994775794905,27.501194240541476,32.98376517129654,20.50045429847338
2011-09-23,2485.81,2522.91,2435.88,2513.49,398446,312185,0.01256724956713506,27.265434268884096,33.081065869119165,20.53712434567862
2011-09-26,2500.37,2548.31,2468.12,2540.89,390098,311801,0.010842187731131105,26.160796957628218,33.067882174967636,20.563886151199213
2011-09-27,2541.46,2608.52,2535.47,2572.85,351571,316322,0.01249982053557689,24.954098959342655,33.02832608970449,20.586629274054598
2011-09-28,2570.85,2597.68,2524.91,2532.33,325688,313710,-0.015874406350233766,25.629044064520066,33.132353182157765,20.652054789323625
2011-09-29,2530.9,2579.41,2456.99,2499.23,405111,311159,-0.013157143110625647,25.92170767558105,33.220202028472606,20.676377250836136
2011-09-30,2503.22,2509.5,2422.46,2436.45,386656,326012,-0.025440622581036142,27.156217649972366,33.36380420501091,20.736802260025915
2011-10-03,2427.31,2451.86,2354.55,2357.4,453776,321038,-0.032982745041045244,28.297836312641294,33.96187863285648,20.99096238563177
2011-10-04,2359.68,2427.6,2323.73,2412.48,537716,322617,0.023095947230867966,29.69163813796372,34.217635965211876,21.1119230851937
2011-10-05,2411.62,2490.67,2396.21,2474.11,402321,313116,0.025225471349726743,29.614792845786447,34.62310900238628,21.258483938082726
2011-10-06,2473.83,2526.91,2452.43,2516.63,386531,311539,0.01703996955933629,30.300024236786783,34.825303511476456,21.323836453314385
2011-10-07,2516.35,2542.03,2492.66,2513.21,354155,297846,-0.0013598844205964218,29.21470919893427,34.81777199854948,21.31784000569279
2011-10-10,2518.06,2599.39,2514.64,2598.82,223258,298353,0.033496675324586875,31.23179739872243,35.47010043351916,21.557914877338554
2011-10-11,2597.11,2621.08,2582.27,2612.23,243144,298743,0.005146766813474121,31.04809197437336,35.46588210982697,21.56168057005242
2011-10-12,2610.52,2658.46,2596.25,2621.36,304865,303711,0.0034890043972636937,30.7265721269926,35.20376171311737,21.507738767637843
2011-10-13,2625.07,2666.74,2612.8,2655.04,315723,306405,0.012766453428791891,30.494960954480234,35.30621410683599,21.543471065420647
2011-10-14,2655.32,2704.12,2648.47,2702.12,274440,306047,0.01757692960506223,30.90541168243186,35.41098531086172,21.56921772272479
2011-10-17,2702.12,2726.38,2644.76,2649.33,314777,306305,-0.019729872256334553,31.775356535413806,35.59596032125258,21.65264330906338
2011-10-18,2649.33,2706.97,2630.78,2698.13,381902,324448,0.018252162622130537,32.377778262219124,35.80626836376848,21.724952529691176
2011-10-19,2699.84,2703.26,2631.92,2645.9,332866,327734,-0.01954766838098285,32.108359281023,36.02094919939694,21.790088289307437
2011-10-20,2643.91,2662.74,2589.4,2626.5,351193,325546,-0.007359110671779617,29.777212356920618,35.61505212624888,21.803340675460724
2011-10-21,2621.93,2677.29,2620.79,2664.45,259719,320273,0.014345495919988174,29.860930088698147,35.72536727879237,21.846144225598398
2011-10-24,2655.89,2723.24,2648.47,2710.68,241760,338629,0.0172018685931796,30.168563397457387,35.8903691694154,21.90869689004813
2011-10-25,2710.97,2724.38,2643.62,2650.18,325017,337283,-0.022571963705380622,31.287795004792024,36.17368808294951,22.0304627354664
2011-10-26,2651.9,2682.72,2610.23,2655.61,322352,343308,0.0020468212634644073,30.60866417565027,35.804663907680634,22.030027882732057
2011-10-27,2659.32,2749.49,2658.46,2732.37,329377,351880,0.028494980973347173,31.366501616333537,36.249894501951566,22.208168234669166
2011-10-28,2732.37,2741.5,2714.96,2735.51,213787,344531,0.0011485256974065198,29.360674931916435,35.181636334332765,22.1878882974455
2011-10-31,2736.94,2737.22,2683.0,2689.28,243862,345907,-0.017044390359495506,27.021039864450984,35.305232466991924,22.248895095695232
2011-11-01,2686.14,2688.99,2605.67,2629.35,445641,339377,-0.02253683243986086,28.154242454645377,32.381887033409605,22.348846184472677
2011-11-02,2628.78,2659.32,2617.65,2641.91,285448,327884,0.004765473063181041,27.052911861041945,30.391965717516083,22.35346234556286
2011-11-03,2644.76,2701.27,2601.39,2694.99,322415,333973,0.019892353361227657,27.263448351808826,29.773122344257047,22.44011639290448
2011-11-04,2696.13,2698.98,2656.18,2683.57,235043,335366,-0.004246496148092427,27.349741372528886,29.026462729094842,22.44143654637878
2011-11-07,2689.85,2706.97,2647.62,2704.97,245858,338111,0.007942824033086422,25.009164911583092,29.0155814284309,22.45411868584075
2011-11-08,2704.12,2738.93,2688.42,2733.23,251312,345941,0.010393238345495638,25.165523252255873,28.972206264305335,22.476257103209356
2011-11-09,2733.51,2736.65,2628.21,2637.91,337138,333198,-0.035497123051411006,28.498151792517803,29.930314978569722,22.689003293328216
2011-11-10,2639.34,2675.58,2609.95,2629.35,301449,324293,-0.003250269603487197,28.13476406443301,29.84351878264121,22.68982019784569
2011-11-11,2635.06,2694.13,2627.07,2682.72,187760,328212,0.020094537852832172,28.36241573322526,28.592852997967494,22.703250747266253
2011-11-14,2688.14,2701.27,2659.32,2674.44,184831,328515,-0.0030911925696727465,27.45576363450842,28.247247940262426,22.704699931754377
2011-11-15,2674.73,2710.11,2636.77,2693.56,257276,345477,0.007123726101927222,26.77565422111202,28.26357564367388,22.648969082289845
2011-11-16,2695.56,2706.97,2639.34,2641.05,285487,336664,-0.019687173381189152,26.789146057813312,27.606186862801703,22.73872514056293
2011-11-17,2641.62,2662.74,2575.13,2589.12,369831,330511,-0.019858515721088196,27.59420069814182,27.922799282129823,22.808862994275874
2011-11-18,2591.11,2613.94,2567.14,2568.0,257930,327941,-0.008190663809622993,27.118085620352346,27.833054727656574,22.761504138056832
2011-11-21,2561.44,2561.44,2496.37,2526.62,300992,324872,-0.01624494466910248,26.596444176948037,27.610547816200924,22.749253462152538
2011-11-22,2528.62,2541.75,2500.65,2527.48,264163,319131,0.00034031776510174127,25.645632687310343,27.109265072759957,22.742000005820483
2011-11-23,2527.19,2530.33,2466.7,2466.7,252323,310084,-0.024341533959492834,26.73049153934987,27.554483119331273,22.874550637490536
2011-11-25,2470.69,2493.52,2437.87,2451.29,162261,304863,-0.006266808363945208,23.874673733513,27.54465953592124,22.843453279647257
2011-11-28,2491.81,2543.17,2486.39,2535.18,288245,296513,0.033650223839229346,27.56444834870676,28.345376729688244,23.009510490761375
2011-11-29,2535.18,2562.58,2517.2,2525.48,272608,294212,-0.003833496768808473,27.117991781780393,27.91331837840666,22.97566517786244
2011-11-30,2524.91,2621.36,2506.93,2619.65,296698,300034,0.03660957739240605,29.527618828430167,28.88254396133283,23.26665672385846
2011-12-01,2617.65,2643.05,2607.09,2635.92,226157,305999,0.00619154610296022,29.563645396638467,28.43720457994835,23.274044937189988
2011-12-02,2635.92,2676.44,2626.21,2629.07,201365,308489,-0.0026020956792153944,28.607539188788756,28.438343852757402,23.275745978166576
2011-12-05,2635.63,2675.3,2635.63,2653.89,228283,309449,0.009396316691577462,28.82631516158799,28.1026324122831,23.289491165619143
2011-12-06,2648.19,2672.73,2639.91,2649.9,212669,315824,-0.0015045847413661065,28.651417559410014,28.018446559035137,23.29015253265789
2011-12-07,2650.47,2675.3,2615.66,2649.9,265639,314362,0.0,28.33769994121814,27.9302260464728,23.280473158092096
2011-12-08,2651.33,2672.16,2599.96,2608.52,215994,294334,-0.015738892744432187,25.966957125811845,27.998330450764346,23.334342316968414
2011-12-09,2607.38,2656.18,2589.97,2650.47,124579,267818,0.015953972069912135,26.590380139091728,27.98091123019601,23.38727546880496
2011-12-12,2649.9,2654.47,2594.82,2618.51,95705,229992,-0.01213152905209375,25.87557414287709,28.017960280510124,23.41244225040923
2011-12-13,2618.79,2645.9,2577.7,2592.26,101723,198674,-0.010075371609017138,26.060971929386547,28.087880544266692,23.421237407532697
2011-12-14,2592.26,2603.41,2534.22,2548.51,341733,246099,-0.017021207434376955,26.400929708876834,28.296586026825683,23.482696630148045
2011-12-15,2549.37,2575.39,2533.07,2542.51,243508,255199,-0.002357092597531546,25.633410278350986,27.926941508375563,23.481851854898935
2011-12-16,2542.51,2589.4,2540.79,2553.37,214925,256047,0.004262273225078123,24.808930500259663,27.13056472432317,23.476027055443463
2011-12-19,2555.95,2574.24,2520.78,2530.21,183913,251060,-0.009111752047237243,24.847963778964115,27.081490380170496,23.493915299620713
2011-12-20,2531.93,2611.12,2529.93,2592.26,227829,255790,0.024227778854067746,25.639190600529655,27.444554051751822,23.618246896658828
2011-12-21,2595.4,2620.27,2536.22,2560.52,248778,256505,-0.012319719237046788,26.09073815680858,27.445972163588195,23.651091153244522
2011-12-22,2562.81,2589.4,2555.37,2585.39,128977,250109,0.009666004122405297,24.51541352554917,27.317011154599534,23.669857230788054
2011-12-23,2586.82,2611.12,2584.82,2605.69,72450,254109,0.007821148385213464,24.368269212577427,27.21222703300013,23.682251953965903
2011-12-27,2607.41,2626.28,2601.69,2612.55,73764,255946,0.002629240491766294,21.524309866332235,26.663240397155754,23.682796831691093
2011-12-28,2612.55,2621.42,2577.39,2583.96,128306,254965,-0.011003649939386758,21.90716346748251,25.828429167671345,23.7058966221218
2011-12-29,2587.11,2609.7,2582.53,2604.26,100733,253950,0.007825459827792812,17.70677611482544,25.470942167240647,23.66828682434322
2011-12-30,2605.41,2612.55,2596.26,2601.12,69032,255464,-0.001206444248396129,17.541305889398537,24.980666645240174,23.66750869625346
2012-01-03,2644.58,2662.59,2639.43,2648.58,177461,264616,0.018081525819337203,18.734219264697867,25.010420655259956,23.712402515716803
2012-01-04,2648.86,2664.02,2633.14,2663.16,142882,268878,0.00548974031738705,18.534828130814322,25.02394089451066,23.716958840558895
2012-01-05,2663.44,2684.6,2640.86,2675.45,195109,285434,0.004604202858413655,18.58820145226831,24.1032946298464,23.72070497131955
2012-01-06,2676.31,2697.47,2667.45,2690.03,158875,290923,0.005434755469002509,18.669525011828977,24.105746123614576,23.72321912165111
2012-01-09,2691.18,2702.9,2674.31,2683.74,152188,294258,-0.002341001893488356,17.67942914762329,24.104367557188784,23.72424100970703
2012-01-10,2683.46,2719.77,2683.17,2702.9,147334,298216,0.007113926605068029,16.98030373719473,24.008068160121727,23.720482662860146
2012-01-11,2702.61,2714.05,2690.32,2706.9,173538,312707,0.0014787980069311632,16.258425563807794,23.738364815854375,23.72069691321081
2012-01-12,2706.9,2725.2,2694.04,2720.05,160555,319406,0.004846193805466123,15.68249681073568,23.39647251727684,23.71396652181565
2012-01-13,2719.48,2729.49,2685.74,2714.33,199235,317244,-0.002105116724394002,14.039478490255902,23.10462339479674,23.710685848660773
2012-01-17,2707.19,2745.78,2700.61,2732.92,190236,328086,0.00682548888757959,13.939607409034618,22.776585804390916,23.666750904987303
2012-01-18,2733.49,2770.94,2730.63,2768.08,214767,346899,0.01278330441680062,14.315497616078726,22.85219044367794,23.692966137318557
2012-01-19,2767.8,2793.24,2765.8,2773.52,185083,358263,0.0019633325203740207,13.481831237652145,22.68069308609389,23.686449511647574
2012-01-20,2776.66,2786.95,2770.66,2784.38,153095,367921,0.003907955818299677,11.311012493361417,22.429022503254423,23.656287728477146
2012-01-23,2778.95,2804.39,2768.37,2784.67,165315,370479,0.00010414702696580538,9.747085273350585,21.910453935129908,23.65600709851082
2012-01-24,2785.24,2790.1,2766.94,2787.52,146667,375313,0.0010229372108704691,9.585253140538882,21.909020040549258,23.644971030946035
2012-01-25,2788.1,2823.55,2786.67,2813.83,249740,374100,0.009394232994323829,9.689269007234689,21.216801440471563,23.662266998349406
2012-01-26,2813.54,2831.55,2791.24,2805.54,186795,381467,-0.0029505108273911616,9.980002362488346,21.227991717367814,23.53832354126321
2012-01-27,2805.25,2818.4,2795.82,2808.97,169927,378167,0.0012218342924723686,8.43753497627675,20.913828317519755,23.53324456161422
2012-01-30,2813.26,2819.55,2778.09,2815.54,182360,385979,0.0023362045718377205,8.347024211920338,20.345642691665624,23.463014640337082
2012-01-31,2815.83,2834.41,2800.39,2818.12,271817,381985,0.0009159232826854782,8.207640460836165,20.33163693052742,23.462651706050142
2012-02-01,2807.54,2852.42,2805.82,2844.7,206687,388383,0.009387617901270857,6.665527294950594,20.028113530092337,23.480432661229518
2012-02-02,2845.85,2859.86,2835.56,2849.28,191477,392395,0.0016087169212896314,6.659767218279619,19.999764223190862,23.471793651231035
2012-02-03,2849.85,2893.31,2847.28,2885.3,168427,380770,0.012562549904182582,7.410942838414626,20.090478849995783,23.502359534970157
2012-02-06,2881.59,2889.02,2871.01,2888.45,156417,380510,0.001091145377798393,7.442283917338694,19.99643983525667,23.491229793789376
2012-02-07,2887.3,2898.74,2872.44,2892.45,176247,385159,0.0013838677847266931,7.162875540517109,18.50005020289696,23.491426831058448
2012-02-08,2891.88,2913.32,2883.02,2910.18,198952,385989,0.00611104108893437,7.108951002218163,18.496096619510666,23.498602162689703
2012-02-09,2910.46,2933.33,2899.31,2928.76,244811,407444,0.0063641903194678355,7.118503696366442,18.122870264738502,23.496962449622895
2012-02-10,2929.05,2929.05,2899.31,2914.46,228662,423609,-0.004894571331746098,7.7642504188465065,18.1459779310784,23.502512829331458
2012-02-13,2923.9,2940.48,2918.18,2936.48,165757,431337,0.007527031199782094,7.601029084853951,18.151568054774085,23.513671044378796
2012-02-14,2938.48,2947.63,2919.9,2945.91,193336,437197,0.003206182547588971,7.526585287853457,17.611828605738147,23.511887010004013
2012-02-15,2946.49,2973.93,2919.04,2924.76,393394,446156,-0.007205341640235862,7.688167743741784,17.130913002303785,23.524017805858808
2012-02-16,2923.61,2966.78,2907.89,2965.93,313173,467066,0.013978216592688147,8.647568888449332,17.168317458906756,23.564086224203496
2012-02-17,2966.21,2970.5,2941.34,2952.78,216108,458603,-0.004443543149539202,9.074177625172675,16.786994797829472,23.355629125455216
2012-02-21,2966.21,2975.36,2943.91,2963.07,187245,461464,0.0034787935385335,9.01335374910148,16.78128954728117,23.34240409421982
2012-02-22,2962.21,2973.93,2945.06,2949.06,186677,466015,-0.004739417510936674,9.413107513806944,15.891911578732351,23.34778377488716
2012-02-23,2949.34,2975.65,2938.19,2974.22,229551,477310,0.008495344241056765,9.334883104082103,15.812939548731741,23.308624727742178
2012-02-24,2973.65,2984.22,2971.07,2975.08,147647,473004,0.00028910964516504033,9.14029443988512,14.494154185384955,23.30800779107152
2012-02-27,2976.22,2992.52,2949.06,2982.51,209203,475748,0.0024942984838368628,9.119822511101622,14.430819350170632,23.243748416613034
2012-02-28,2984.22,3013.39,2981.94,3009.96,199721,479996,0.009161561759756997,9.37250707732607,12.670921775407388,23.25549472322301
2012-02-29,3010.24,3025.11,2989.66,2999.66,258510,477646,-0.0034278407238707204,9.644316491858316,12.698542696506177,23.17004841203871
2012-03-01,3000.52,3026.25,2992.23,3022.82,257365,480380,0.007691221612633034,9.516076683552456,12.709075157682948,23.174792029905213
2012-03-02,3024.25,3030.54,3010.81,3023.11,179764,477388,9.59323049464354e-05,9.561227396085966,12.630767684308342,23.12187499967189
2012-03-05,3018.82,3024.82,2979.65,2991.66,223081,465212,-0.010457685538154722,9.977837251705498,12.872996459278935,23.145590932678136
2012-03-06,2991.37,2993.37,2944.77,2961.35,285518,475855,-0.01018317184780754,10.850018721020245,13.10831882166838,23.146373462611255
2012-03-07,2961.64,2989.94,2959.92,2983.37,260566,471684,0.007408288602233764,11.06868597378607,12.631246097571363,23.122578702055556
2012-03-08,2982.51,3023.96,2978.51,3016.53,286625,403103,0.011053630104150725,11.470706542258489,12.442479314975492,23.128396531384045
2012-03-09,3016.24,3033.4,3009.38,3028.82,126691,333189,0.004065940576273852,11.377909823924707,12.085742800473549,23.127039024426278
2012-03-12,3029.68,3033.4,3013.67,3032.26,122352,268626,0.0011351113561819523,11.114071666164659,11.805573882488098,23.037032211508738
2012-03-13,3031.11,3088.29,3030.25,3085.15,147067,209306,0.01729206245908447,12.243481995865771,11.457370400421615,23.032598186755372
2012-03-14,3085.14,3109.2,3077.4,3096.59,341477,419810,0.003701227505456888,12.248692901753074,11.39933240435516,23.023409775150323
2012-03-15,3096.02,3113.21,3090.01,3106.91,304394,432415,0.003327157095244798,11.700801087797116,11.397521939866536,23.023033112166438
2012-03-16,3106.33,3116.36,3096.59,3103.76,196864,441184,-0.001014383398282434,11.029657884653972,11.1396866237544,22.980888531144156
2012-03-19,3103.18,3133.54,3093.73,3125.24,229820,441567,0.006896800495365604,10.84704154773424,10.289825593200126,22.989108661496658
2012-03-20,3126.96,3136.98,3101.75,3134.12,212356,441649,0.0028373526869906887,10.84440662393276,9.774622378812373,22.98849587867253
2012-03-21,3134.98,3149.01,3127.82,3133.83,210535,436403,-9.253424172397476e-05,10.536647796634199,9.710488483243598,22.91496080402098
2012-03-22,3133.26,3140.13,3111.2,3129.25,233139,440336,-0.0014625394586667245,10.44513891750615,9.708432530851566,22.914021114244285
2012-03-23,3130.68,3146.72,3105.76,3126.38,198235,438194,-0.0009175735142149587,10.488329829556383,9.742175534340168,22.89289336738955
2012-03-26,3127.53,3182.81,3126.67,3181.66,202381,442401,0.017527287457751922,11.77012947327745,9.746124588401397,22.929205012292538
2012-03-27,3180.23,3195.99,3175.94,3180.23,179109,434823,-0.00044955194889660156,11.621422858023378,9.735641583768118,22.92518496568231
2012-03-28,3180.81,3196.85,3151.02,3171.35,238252,437201,-0.00279615647939022,11.57896142324573,9.772661627703208,22.927896857628944
2012-03-29,3168.2,3177.37,3135.84,3160.18,246572,444562,-0.003528376739383307,11.632941594127185,9.372211856561353,22.931814001701326
2012-03-30,3161.04,3177.37,3139.56,3151.59,209242,447711,-0.0027219006089969004,11.74371810372666,9.42784683559084,22.934356223536636
2012-04-02,3159.9,3189.4,3143.28,3181.66,210984,452176,0.009495985776667076,11.032429168294303,9.520531747965705,22.936939560862562
2012-04-03,3181.66,3198.28,3165.62,3183.96,252462,446459,0.0007226319196207178,9.916402072283894,9.515671066176404,22.936927933731745
2012-04-04,3185.67,3186.25,3121.8,3135.26,273624,445477,-0.01541359983390354,11.876509671139402,10.172373073911151,22.99397505013668
2012-04-05,3137.55,3163.05,3119.22,3155.03,225937,451677,0.006285899409042373,11.535866924300128,10.15805579271101,22.994131444898326
2012-04-06,3156.46,3163.62,3115.21,3155.03,215603,451315,0.0,11.541004408370595,10.169404392339686,22.988643329184207
2012-04-09,3122.95,3148.44,3114.93,3126.1,192709,450506,-0.009211783413393244,12.213563754561642,10.43855954358204,22.998812149204067
2012-04-10,3126.38,3146.15,3075.4,3090.01,383510,448526,-0.011611894100526814,11.555928175760513,10.786668876810186,23.023984911632073
2012-04-11,3091.73,3120.65,3090.58,3098.31,270038,454635,0.0026824743959598975,11.519171123557106,10.743469559058756,23.021329453501338
2012-04-12,3100.6,3139.56,3098.89,3137.84,283699,448477,0.0126778635742061,12.324447611195746,10.739008420326462,23.050636625214704
2012-04-13,3137.55,3142.42,3083.13,3086.0,293032,431658,-0.016658911179569143,13.747571688509112,11.405804901953754,23.097769745695807
2012-04-16,3087.43,3104.9,3043.61,3051.91,396998,436860,-0.011108129813327615,13.983286246060262,11.697528961357504,23.112160478518703
2012-04-17,3053.34,3125.81,3041.03,3108.05,300859,439439,0.018227895764444488,15.550179025355781,12.182853459800436,23.107160905632835
2012-04-18,3108.91,3125.81,3087.14,3087.14,285992,434989,-0.006750423926487735,15.71047915129313,12.308388195946,23.104471765173308
2012-04-19,3091.44,3133.54,3060.79,3074.54,435456,432701,-0.004089799393274889,15.753890716311195,12.258546149796997,23.1090985110683
2012-04-20,3077.12,3102.61,3058.79,3063.94,292572,429562,-0.0034536271311437724,15.780350011920902,12.266738067459766,23.11108827889271
2012-04-23,3060.22,3064.8,3007.52,3036.44,318640,421040,-0.009015892872544801,14.397254901673623,12.45353700102462,23.110190291219265
2012-04-24,3037.59,3054.49,3007.23,3016.11,265558,415394,-0.006717854939476384,14.460125403030583,12.559077974025476,23.118725470672207
2012-04-25,3016.11,3101.18,3015.54,3098.6,339631,415013,0.026982474950896125,17.879251991988873,13.629147577973132,23.272189550502116
2012-04-26,3098.6,3124.38,3087.72,3116.64,206885,411092,0.005805101866094801,18.021685898020444,13.561111293141117,23.278273195513542
2012-04-27,3115.79,3146.15,3103.47,3135.55,211998,410098,0.006049098847675123,18.159170668783034,13.592824794960023,23.278407336045657
2012-04-30,3140.42,3144.14,3111.2,3115.5,198658,408235,-0.006414944291684819,17.90245718697003,13.494895927939494,23.28706126536703
2012-05-01,3115.79,3154.17,3105.47,3114.64,180909,409018,-0.0002760772648647963,17.892843919018333,13.498618714486149,23.285682908370852
2012-05-02,3114.07,3130.11,3096.31,3124.95,221305,407446,0.0033047073230886284,17.124051384032324,13.505130910140606,23.285504757497677
2012-05-03,3125.52,3137.27,3084.28,3084.28,274369,408961,-0.013100040300264647,17.533237680576946,13.783151011298154,23.32067188625791
2012-05-04,3088.0,3094.02,3007.8,3008.09,320105,419720,-0.02501291690733995,19.46077603925478,14.726254684532499,23.44311307836288
2012-05-07,2990.62,3034.15,2963.4,3020.69,238011,420887,0.004179956258357548,19.418191370207776,14.703118235692953,23.4357907608015
2012-05-08,3020.98,3026.71,2959.68,3004.94,328108,417612,-0.005227681045412883,19.116521915721442,14.678670169345539,23.43667993435457
2012-05-09,3006.66,3015.82,2960.83,3000.93,373576,411718,-0.0013353604376658606,19.05593952721337,14.670882428399242,23.382768265589483
2012-05-10,3000.93,3020.69,2980.02,3000.35,312502,407607,-0.0001932920982876223,18.310267576899275,14.587637948507338,23.330501138178263
2012-05-11,3000.93,3024.99,2976.01,2991.19,266269,399861,-0.003057646994448425,17.50868433448468,14.32708275092645,23.333101058689394
2012-05-14,2981.16,2993.77,2959.97,2961.69,245850,406503,-0.009911250181011001,17.427081744128195,14.445151325028313,23.33503505750548
2012-05-15,2963.98,2997.49,2949.66,2953.95,324953,405034,-0.0026167935901127673,15.791333413967113,14.43737058435913,23.33527929308318
2012-05-16,2954.81,2974.29,2928.75,2930.18,283940,407494,-0.008079403175059965,15.845255653512874,14.499784971670712,23.32359864061617
2012-05-17,2932.76,2945.65,2869.74,2869.74,348697,406046,-0.020842421255816413,17.11765898231156,14.994484076158015,23.38777266760978
2012-05-18,2872.32,2889.22,2827.64,2827.92,421401,405138,-0.014679974242243522,17.575971879386923,15.268065606687786,23.427900140833774
2012-05-21,2832.79,2917.58,2824.2,2914.14,299364,399624,0.030033291453757677,21.193661275381167,16.517362529724988,23.615423175271157
2012-05-22,2915.57,2934.76,2889.79,2904.69,293161,394405,-0.0032480784996758282,21.128110041534814,16.406386985885867,23.609471121715412
2012-05-23,2906.41,2924.16,2861.44,2910.7,313137,388722,0.0020669300389689225,18.271427256081328,16.40448561278349,23.608473144037
2012-05-24,2910.99,2928.75,2876.04,2905.83,287392,388011,-0.0016745383030735608,17.9769440717869,16.316752841019962,23.551911487258504
2012-05-25,2905.83,2923.3,2885.21,2891.8,186910,382052,-0.00483991816914619,17.62166338941341,16.33835452945339,23.447669614733183
2012-05-29,2902.4,2944.5,2900.39,2932.47,289944,378872,0.013965925702247766,18.709760760039394,16.483963621849185,23.486190145805462
2012-05-30,2933.04,2934.19,2887.5,2899.53,307814,384421,-0.011296416421819437,18.90278195018578,16.513928342229242,23.45266216445055
2012-05-31,2900.68,2912.99,2871.17,2891.8,307420,387041,-0.0026695092804283078,18.73244714981769,16.44065292185892,23.44603512313465
2012-06-01,2887.21,2889.51,2811.6,2812.74,362792,389600,-0.027720048388698973,20.337278503614385,17.178623840742354,23.615856550212932
2012-06-04,2818.47,2841.67,2788.4,2828.78,283657,387063,0.0056864260772571335,19.136031736020488,17.202895890735213,23.59230065638977
2012-06-05,2831.93,2855.13,2817.9,2851.41,209961,377977,0.007968085480295341,19.372246441725483,17.298203988986444,23.60400441181727
2012-06-06,2853.13,2923.59,2849.41,2921.59,279489,365663,0.024314379849874813,21.60738307543962,17.671639810469163,23.680579643481625
2012-06-07,2922.73,2945.07,2900.96,2905.83,274330,327271,-0.005408924849582156,21.653937011093713,17.668778414955955,23.68817601855611
2012-06-08,2906.41,2937.91,2884.64,2935.91,131002,303240,0.010298392550438304,22.061407839308536,17.799979461408434,23.687288601363065
2012-06-11,2963.98,2983.45,2879.77,2881.77,152735,263380,-0.0186127676292794,22.920079968864687,18.164617539281682,23.68520678511752
2012-06-12,2883.49,2923.59,2876.04,2921.87,103670,211334,0.013819133561310063,23.358608048748707,18.351446412325327,23.717449282518164
2012-06-13,2920.73,2930.47,2886.64,2896.38,78437,169981,-0.008762140878417528,23.527546157878657,18.39847659448504,23.734259623019888
2012-06-14,2896.37,2918.47,2879.73,2909.57,338260,317784,0.004543622556771902,23.44918365984753,18.436126005606152,23.734430835575324
2012-06-15,2910.43,2947.16,2907.85,2942.86,223665,325992,0.011376593671678873,22.48436289904258,18.616319653970802,23.680432246659215
2012-06-18,2961.51,2977.86,2925.93,2969.83,215740,328886,0.009122814505614477,21.824348316323462,18.732117461979936,23.685263859569744
2012-06-19,2971.84,3014.02,2966.96,2998.52,218312,329811,0.009614121486698768,19.47879275156291,18.468770230712998,23.700617895391062
2012-06-20,2997.95,3016.6,2981.31,3003.97,257546,339420,0.001815913561749717,19.400367267941494,18.47742537347577,23.658602448044036
2012-06-21,3005.12,3007.71,2925.07,2928.8,289047,340551,-0.025341964343710804,21.63841878888467,19.139472570760557,23.734271075230588
2012-06-22,2929.37,2963.23,2925.07,2953.76,253677,339765,0.008486152216232917,21.814688428602103,19.23854949072856,23.700299173623925
2012-06-25,2954.05,2958.06,2893.5,2899.82,186964,337799,-0.018430268939569155,22.793626619586444,19.5608567056241,23.77314444958333
2012-06-26,2901.82,2928.8,2898.38,2924.78,194181,339251,0.008570598079362628,22.43719293724068,19.539773029792652,23.760193153008263
2012-06-27,2924.78,2951.46,2918.18,2935.68,184611,350386,0.0037198488066994438,22.076356609599372,19.563340158277633,23.719193893811948
2012-06-28,2937.12,2943.72,2873.42,2901.25,264989,339875,-0.011797434380105597,22.490608222907973,19.4661275836917,23.74076419955612
2012-06-29,2901.82,3002.83,2890.92,2995.37,252211,350659,0.031926084562613755,22.647899626201244,20.570398369993764,23.952157754269017
2012-07-02,2997.95,3007.42,2983.6,3000.53,187657,349480,0.0017211765619350864,22.63262638320421,20.576514923965554,23.89548501549185
2012-07-03,3001.39,3032.96,2999.67,3031.81,105725,353769,0.010370861177887464,22.719229440985778,20.62739183575455,23.914366742404923
2012-07-05,3031.23,3048.16,3008.28,3032.96,219466,360700,0.00037923944808559545,21.294310031835305,20.49772761205962,23.84709606898537
2012-07-06,3032.96,3035.54,2973.27,2994.51,253562,359738,-0.012758428184558843,21.781764804737172,20.645159998525227,23.862910820169656
2012-07-09,2987.05,3001.97,2974.42,2991.06,163428,355799,-0.0011527725453230756,21.54648811487942,20.459892998333608,23.863415927823834
2012-07-10,2991.06,3013.44,2948.02,2958.93,250297,348887,-0.010800123129657087,20.771139226347216,20.300518483927487,23.885056027505673
2012-07-11,2958.35,2971.84,2918.75,2939.99,228325,347946,-0.006421536513231492,20.39503697658195,20.220460178375756,23.878612595481084
2012-07-12,2942.28,2949.46,2888.34,2912.73,235274,346633,-0.00931539425332369,20.428592167319724,19.909218364959074,23.888179581463444
2012-07-13,2912.44,2966.67,2912.44,2957.78,187072,342056,0.015348201214327279,21.077288604565467,20.154071880189008,23.847852584596872
2012-07-16,2958.06,2966.39,2939.7,2951.46,158595,339995,-0.002139023769460244,20.722628778944618,20.14407604115507,23.846732682130067
2012-07-17,2951.75,2977.29,2924.49,2969.26,269331,339390,0.006012800344571976,20.57280576892916,20.181808325922898,23.825693241798547
2012-07-18,2970.12,3016.89,2957.49,3007.13,244551,360281,0.01267337200911862,20.79012464983283,20.281223708613886,23.847309913005148
2012-07-19,3010.57,3050.75,3010.57,3044.15,254512,374173,0.012235580522613851,21.225736300209437,20.391195433873506,23.876150411896262
2012-07-20,3045.58,3050.17,2998.81,2999.38,237989,366777,-0.014816115409164377,19.795936900523714,19.8339930288276,23.924901992355448
2012-07-23,2994.51,2999.1,2919.04,2960.36,276430,358184,-0.01309471808066392,20.218744803103228,19.95349077915311,23.798635960724827
2012-07-24,2960.36,2972.7,2921.05,2925.07,282945,352332,-0.011992470540886067,19.553915172403663,20.029192668739736,23.82609210505647
2012-07-25,2932.53,2939.13,2888.62,2919.33,270731,350125,-0.0019642741241490524,19.328741758440426,20.00004752731257,23.82216429030809
2012-07-26,2918.75,2976.72,2903.55,2952.61,290555,345198,0.011335387060361675,19.713212415738003,20.160999417011098,23.840072290325253
2012-07-27,2952.9,3036.97,2952.61,3032.38,284847,357784,0.026658264784696236,21.252470594599142,20.922266681973685,23.848047071640586
2012-07-30,3030.09,3050.46,3016.6,3025.21,235413,367646,-0.002367279181455364,18.152972313078962,20.761220217582267,23.843209116037116
2012-07-31,3026.64,3044.43,3019.76,3026.07,215377,368192,0.0002842373864009292,18.14727066921814,20.113431495981736,23.46800132321768
2012-08-01,3024.06,3048.74,3005.41,3012.87,252194,366804,-0.004371635095664546,17.82719830910087,20.115681357672152,23.447630947184482
2012-08-02,3013.16,3040.13,2984.18,3005.41,303243,369169,-0.002479114903517185,17.841337472177436,20.093298692643458,22.32092852600237
2012-08-03,3006.84,3077.43,3002.54,3065.67,225449,381295,0.019852144614872058,18.59810241499974,20.49812870364786,21.711156999953456
2012-08-06,3070.26,3100.96,3066.53,3083.46,160449,381910,0.005786200530561237,18.64598989711061,20.52789629086222,21.445634030047938
2012-08-07,3084.89,3125.35,3083.17,3110.43,187004,392451,0.008708637205697253,18.21716414801192,20.58344508513802,21.194680531412004
2012-08-08,3107.85,3118.46,3099.81,3106.7,176853,394758,-0.0011999107136358592,17.970750246601565,20.469615614864463,21.180182478004795
2012-08-09,3107.27,3125.64,3102.97,3119.32,151552,399599,0.004053959763606793,17.396922533319533,20.467754672531335,21.146146001117017
2012-08-10,3119.61,3125.35,3101.53,3123.05,145597,403816,0.0011950590701677699,16.826566646596937,20.381888894388283,21.141788987595387
2012-08-13,3121.91,3133.1,3105.55,3131.09,148106,402563,0.0025710983217726523,16.729002404013755,19.865403170577494,21.10928229376137
2012-08-14,3131.09,3148.31,3122.77,3129.65,188377,409435,-0.0004600095277532628,16.72981554484917,19.583929083244335,20.622238428714663
2012-08-15,3128.51,3145.72,3120.19,3143.14,162515,421936,0.004301123039889275,16.32221680411822,18.68253580970017,20.515674482352487
2012-08-16,3144.86,3183.89,3142.85,3171.83,208209,428426,0.009086408136112518,16.102511822822965,18.72635037974348,20.530906539686743
2012-08-17,3174.42,3191.35,3171.55,3186.18,151382,428368,0.004513998677734632,14.82790486296652,18.73641483602969,20.189344430304043
2012-08-20,3184.75,3195.65,3175.85,3190.77,187197,427421,0.0014395599127065746,13.577611871579245,18.72469369532407,20.180512747609562
2012-08-21,3191.92,3216.6,3169.54,3183.89,242251,439318,-0.002158547333143115,12.469057379342962,18.693593067792943,20.131983614822136
2012-08-22,3185.61,3201.96,3166.67,3192.21,247130,448203,0.002609747250557824,12.271375146937446,18.5168697342607,19.990663353804567
2012-08-23,3193.07,3205.12,3160.93,3168.97,213607,442278,-0.007306852941980866,12.665533634305778,18.41768303510325,19.85461622941068
2012-08-24,3170.4,3196.8,3156.91,3185.03,188828,457837,0.0050550941768100245,9.312142898295763,18.411366497977838,19.857721160682136
2012-08-27,3195.36,3208.85,3186.76,3193.93,140197,451447,0.0027904253279426644,9.136153362203157,17.36758665744709,19.851599215296414
2012-08-28,3194.5,3202.82,3180.44,3191.63,173035,459271,-0.0007203753780289561,9.178444927586437,17.360996211922263,19.818777785892816
2012-08-29,3193.07,3202.82,3180.73,3192.21,134170,461148,0.00018170881525726444,8.85206779904023,17.32017720277555,19.659355455114042
2012-08-30,3192.21,3193.64,3156.63,3160.64,165170,461984,-0.009938928159588595,9.797823554737137,16.84124517871093,19.690050274966204
2012-08-31,3162.08,3196.8,3150.89,3180.44,293090,469068,0.006245013262811018,7.533907688681656,16.811963689232346,19.537105602608555
2012-09-04,3182.74,3193.93,3148.02,3184.46,239905,454796,0.001263177908382499,7.389183150409935,16.711788423467546,19.534342065431947
2012-09-05,3185.32,3191.63,3164.37,3176.43,216605,453590,-0.0025248052601750544,7.0250888964789855,16.208443360276963,19.403044791859504
2012-09-06,3176.43,3247.59,3175.28,3243.0,270232,466521,0.020740902676536856,9.844510776624634,16.490528422003443,19.473360424974356
2012-09-07,3244.14,3255.33,3233.24,3240.13,194752,459349,-0.0008853748690770803,9.873688641564554,16.35476245194387,19.444832037577072
2012-09-10,3239.27,3240.99,3195.94,3195.94,188797,444133,-0.013732198195132828,11.329449886296542,16.65326414531377,19.457864862847924
2012-09-11,3195.94,3213.44,3188.19,3189.91,181217,434183,-0.001888551028360885,11.365978171082373,16.540953905461162,19.39460158576323
2012-09-12,3192.21,3214.01,3185.32,3209.42,255194,399004,0.006097532225493066,11.497162388181497,16.491729513850746,19.3792110054163
2012-09-13,3209.14,3261.93,3196.8,3245.29,389648,361759,0.011114478963705078,11.980526206814615,16.526892071628883,19.403622716983726
2012-09-14,3245.3,3289.88,3245.3,3279.53,315187,231024,0.010495405023940044,12.107087318409837,16.63343828579879,19.42567755776982
2012-09-17,3281.83,3282.12,3267.73,3274.92,230849,303452,-0.0014066781378047845,12.105004694738252,15.68205792605972,19.28402608995505
2012-09-18,3275.5,3284.13,3265.72,3279.24,195602,350779,0.0013182469227478075,12.104993530104197,15.621415635817762,18.99297850099412
2012-09-19,3281.83,3297.94,3273.2,3283.27,219652,389325,0.0012281887590531147,12.033635968275066,15.046066316652817,18.957863588025898
2012-09-20,3284.7,3288.44,3264.57,3282.98,230586,399974,-8.833047787966739e-05,12.039839026692736,14.99082018881024,18.93257980285621
2012-09-21,3284.13,3304.26,3281.83,3282.12,170166,402364,-0.0002619914410806132,11.616225351277642,14.992674168024491,18.8976230141237
2012-09-24,3281.54,3287.58,3251.91,3265.72,204718,406954,-0.005009295979686553,11.785028602137764,14.791773314311316,18.830953796656516
2012-09-25,3268.31,3282.69,3219.69,3225.45,235185,410224,-0.012407783693727475,12.719455795376152,13.707930129476031,18.825394704153855
2012-09-26,3226.6,3230.05,3178.27,3192.08,253321,404160,-0.010399733467229536,13.292849051285566,13.913044299785335,18.671369280944187
2012-09-27,3192.66,3246.16,3192.66,3238.39,219259,401365,0.01440355079138204,14.24231737219482,14.052514293312509,18.400616535379708
2012-09-28,3238.39,3243.86,3208.76,3212.5,242772,403871,-0.008026842500184643,14.067655840867117,14.175949154624263,18.291996391898895
2012-10-01,3209.05,3247.6,3196.11,3208.19,261991,410315,-0.0013425350382473011,13.936332967850879,13.894405050144766,18.131821108131103
2012-10-02,3206.75,3230.63,3190.07,3216.24,222226,412507,0.002506060214854554,13.953109578902081,13.888750765328044,18.060595221222776
2012-10-03,3216.24,3241.56,3207.9,3230.91,203387,419383,0.004550855903250272,13.975933124469563,13.676468872167307,18.062590670070477
2012-10-04,3232.06,3256.23,3230.63,3246.45,194754,414660,0.004798260345315019,11.96806430356333,13.593145249630947,17.76752852779033
2012-10-05,3247.02,3268.6,3221.42,3226.6,209852,416780,-0.006133140396604466,12.165975673095131,13.498791864016244,17.776268656725268
2012-10-08,3228.9,3230.91,3192.37,3195.82,191473,410101,-0.009585245332432126,11.631942480299221,13.389189568437551,17.80502845544374
2012-10-09,3197.26,3206.46,3141.17,3145.77,333498,398689,-0.015785012663432605,12.906930151291379,13.823480695625118,17.8414213670501
2012-10-10,3146.92,3156.99,3126.5,3132.82,258892,393696,-0.004125135854992758,12.701665825278985,13.824556029528171,17.766281549770877
2012-10-11,3132.54,3159.0,3120.45,3121.89,248073,392513,-0.0034949697510059884,11.852088128198556,13.631879948320314,17.652754176356922
2012-10-12,3122.47,3139.15,3114.99,3118.15,208152,391159,-0.0011987104082138952,10.914815206564759,13.419501579715535,17.5643355170959
2012-10-15,3121.6,3148.36,3112.4,3142.6,217875,389242,0.007810605534065289,11.5137909528607,13.121528528776121,17.461539576598472
2012-10-16,3144.04,3195.53,3140.88,3181.72,235193,389465,0.012371448298200105,12.564734563561043,13.009033137472379,17.48186649905164
2012-10-17,3182.3,3197.26,3168.2,3187.77,228333,386052,0.0018996817074623056,12.586381917301468,12.715449067872123,17.428609251656813
2012-10-18,3188.34,3191.79,3138.29,3144.33,332954,384625,-0.013720781888643264,13.297201252132758,13.072869379222176,17.409114171356237
2012-10-19,3142.32,3149.79,3065.23,3065.23,338284,391824,-0.02547822353512326,15.628644767981664,14.002303794004378,17.450648170761525
2012-10-22,3065.8,3098.59,3057.75,3092.55,278347,378350,0.008873385946759474,16.207393474308866,13.030596405658223,17.469896274406445
2012-10-23,3096.29,3101.18,3050.84,3061.2,356710,370712,-0.010188997348920956,16.04993827546283,13.19721549370457,17.275617694889974
2012-10-24,3060.62,3084.21,3044.8,3049.69,261593,366540,-0.003767049844199069,15.793797022653633,13.222166479398027,17.28066783591246
2012-10-25,3051.99,3076.16,3037.9,3046.82,252966,370275,-0.0009415223503324593,14.532605654428544,13.190941138373411,17.19122145310491
2012-10-26,3050.84,3071.27,2996.76,3059.47,378539,371160,0.004143274589507783,14.621507304789208,13.203589461233353,17.03740282573296
2012-10-29,3054.29,3059.47,3030.99,3059.47,19101,371325,0.0,14.64262787681122,12.55886278701979,17.032345628638755
2012-10-30,3034.45,3059.47,3021.5,3059.47,18475,371065,0.0,14.558649307576518,12.50018102542472,16.920885886165337
2012-10-31,3063.21,3079.9,3028.12,3038.19,326935,370955,-0.0069797549851495074,14.39252989342386,12.439709348077937,16.930879682315062
2012-11-01,3030.99,3093.7,3022.94,3089.1,285578,368209,0.01661784298522209,15.79344052651536,12.917042529506025,16.991785667802382
2012-11-02,3090.54,3099.74,3038.76,3038.76,287864,366579,-0.016430248879076143,16.515438399292847,13.312169094700085,17.047547696209733
2012-11-05,3038.19,3076.16,3031.57,3063.21,251300,363186,0.008013848265954781,16.764192176621137,13.420759898835641,16.67532998221898
2012-11-06,3062.06,3097.15,3052.86,3078.74,248029,360760,0.005057036640321611,16.131249130934,13.453282835258722,16.676786313230448
2012-11-07,3079.9,3092.84,2990.44,3003.09,401571,363594,-0.024878663793807012,18.200753628362328,14.36689119686585,16.756650722643947
2012-11-08,3006.26,3018.34,2955.34,2959.37,384377,365512,-0.014665350737126765,18.73711762316056,14.609339679253752,16.821580347902746
2012-11-09,2961.09,2999.93,2941.25,2969.15,366575,368185,0.0032993087217823474,18.851737919720374,14.486238616701536,16.810499608569383
2012-11-12,2970.3,2988.42,2959.37,2969.72,193646,359417,0.00019195570933522413,18.49240451960913,14.44170184032745,16.68825766052717
2012-11-13,2970.59,2975.19,2937.51,2946.14,315321,361851,-0.007971833300945464,17.66597643532424,14.497683404207157,16.58407012913318
2012-11-14,2954.19,2975.19,2907.02,2910.47,365096,376659,-0.012181258805887083,17.76533025214661,14.666689672181016,16.61009420734701
2012-11-15,2912.48,2923.7,2891.2,2901.84,337005,387195,-0.002969561617265265,17.436110965573555,14.64452587718214,16.527916048423247
2012-11-16,2902.7,2921.69,2867.32,2914.5,342959,392935,0.004353259951503442,15.693547538292671,14.645053326779218,16.5323014094983
2012-11-19,2916.8,2984.97,2916.22,2974.9,271966,400763,0.02051214648380294,17.278149092814363,15.265291616626763,16.461464913135295
2012-11-20,2974.04,2987.85,2954.77,2984.11,227460,399921,0.0030911199455879324,17.079065807621934,15.268720335825392,16.44790540556237
2012-11-21,2982.38,2993.89,2965.12,2986.98,164688,400690,0.0009612985974126583,17.070037428188375,15.274547553278886,16.110879598011564
2012-11-23,2989.57,3036.17,2987.27,3030.99,132805,399317,0.01462645529877799,17.953432185603482,15.609682704608923,16.165330680151698
2012-11-26,3029.56,3049.98,3018.05,3044.23,203339,399961,0.00435869679168238,17.960601866521873,15.529451930910424,15.760089438496424
2012-11-27,3047.39,3059.18,3033.58,3039.05,266935,399067,-0.0017030290409010094,17.96763375432206,15.464552031462734,15.751675664835114
2012-11-28,3037.61,3066.95,3004.82,3061.2,308712,398210,0.007262029373798469,18.16936283152291,15.54668728386996,15.762705695003424
2012-11-29,3064.65,3093.41,3060.33,3083.63,273982,400437,0.007300478490328257,18.14590273550768,15.626487561301483,15.752281788019257
2012-11-30,3074.43,3094.85,3068.96,3078.74,213421,390618,-0.0015870520680791374,17.157155160755224,14.987436077511404,15.752395488740017
2012-12-03,3079.03,3104.92,3067.81,3072.13,219674,388152,-0.002149290277487888,16.0766965394429,14.989742932484395,15.754701826531276
2012-12-04,3069.54,3078.74,3049.4,3065.8,259040,387042,-0.0020625853485201147,15.852219801158615,14.751522984404888,15.670846472618058
2012-12-05,3061.77,3082.77,3018.05,3034.73,361358,387567,-0.010186088304502973,16.133579240675882,14.877721404202152,15.632137624503597
2012-12-06,3033.01,3062.92,3017.47,3053.72,298028,386963,0.006238061109288953,13.523408715952723,14.88054431921199,15.590159137157759
2012-12-07,3054.87,3075.87,3025.53,3033.01,276669,389245,-0.006804993788035693,12.583574793382354,14.718522958086409,15.570909233763677
2012-12-10,3034.16,3061.49,3021.21,3049.69,211325,390365,0.00548442034280932,12.654959746744657,14.584727514594723,15.476397475301878
2012-12-11,3046.24,3102.62,3042.5,3090.25,266219,393224,0.013212047676365737,13.324751279741797,14.88104902942304,15.523953919929193
2012-12-12,3090.83,3102.04,3069.83,3072.42,272392,378645,-0.005786469095526221,13.129217913270242,14.9056531080779,15.53392403717396
2012-12-13,3072.42,3094.28,3040.49,3051.13,299474,341516,-0.006953510882811291,12.490705670666648,14.945659298862301,15.521577467152472
2012-12-14,3051.14,3066.13,3016.82,3025.76,252883,103707,-0.008349714210632091,12.933323763284418,15.014629783716474,15.36669096809978
2012-12-17,3035.85,3074.21,3009.61,3070.46,328783,163836,0.014665087911368396,13.6695779764252,15.368712452532932,15.375577780191366
2012-12-18,3073.34,3122.36,3070.75,3116.02,397730,242903,0.01472915896494666,12.790762320734975,15.683998771670781,15.413726024454485
2012-12-19,3116.59,3130.15,3099.87,3106.21,278685,293465,-0.003153212956833226,12.931930073342818,15.504649781831267,15.402126367962902
2012-12-20,3100.45,3116.88,3089.2,3102.75,243345,301409,-0.0011145184888141269,12.975072338638642,15.37089260571928,15.401973787458752
2012-12-21,3105.64,3108.81,3040.76,3068.73,241714,295604,-0.011025019799646592,12.832510535413528,15.202204341227235,15.402138107101665
2012-12-24,3068.15,3071.32,3052.58,3055.17,40306,293932,-0.0044285576713178195,12.871864337873115,15.147911296785507,15.393800547063336
2012-12-26,3060.65,3066.71,3024.32,3031.82,82841,292204,-0.007672138293296711,13.15883180282598,15.212340174997932,15.415316256868053
2012-12-27,3035.57,3042.49,2991.45,3024.9,211526,285187,-0.0022850661780899743,12.882031713509923,15.197632339588901,15.317045291599552
2012-12-28,3027.78,3034.12,2978.76,2982.8,149073,283985,-0.014015576397639616,13.362102822146497,15.382032638786953,15.37820890870065
2012-12-31,2987.7,3073.92,2975.88,3062.67,198763,281059,0.026424627846789905,16.672461870455525,16.357714337326545,15.592369323532134
2013-01-02,3098.43,3163.6,3098.43,3158.98,285939,294901,0.030962106148171575,19.988333696197092,17.578741536072588,15.8814146109283
2013-01-03,3159.27,3168.5,3136.2,3143.7,216626,307412,-0.004848740515595759,20.07650732422557,17.49911262207264,15.888177207400403
2013-01-04,3144.85,3155.81,3127.26,3129.28,212859,303629,-0.0045975040250952936,19.74946133438763,17.223593835714148,15.88333586154596
2013-01-07,3133.03,3140.53,3117.17,3134.76,174832,298178,0.001749669988702023,19.671779959993227,17.206844985817966,15.883513248612768
2013-01-08,3135.92,3142.84,3112.56,3130.44,200787,300396,-0.001379046378291776,19.468156231761693,17.193893479243684,15.878915255887213
2013-01-09,3131.59,3149.18,3127.26,3139.66,159091,301454,0.0029409440504714647,19.421394606874298,17.20202613341929,15.878419091196116
2013-01-10,3140.24,3164.46,3130.15,3156.97,244792,300964,0.0054981930356193505,18.99021132904605,17.164325023204555,15.873695926751166
2013-01-11,3163.31,3165.62,3151.49,3164.75,140405,302733,0.0024613566965265374,18.82027875700157,16.980285739265135,15.827126990232115
2013-01-14,3165.04,3172.25,3136.49,3147.45,207499,304854,-0.005481462348123998,18.739867640642256,17.010711976735326,15.837976507027024
2013-01-15,3150.04,3151.49,3120.34,3130.72,210640,309216,-0.005329591139025086,18.55795632808904,16.811857431852907,15.845047923851174
2013-01-16,3138.22,3157.54,3126.4,3144.28,181659,315500,0.004321919078006725,17.953255094221678,15.976929062364448,15.849722991754433
2013-01-17,3144.57,3174.27,3133.32,3161.0,211220,314679,0.005303504107822373,17.310592141120623,15.912918139542832,15.85701593780913
2013-01-18,3155.24,3162.44,3140.24,3153.22,171009,315221,-0.002464280287072353,17.291882550085287,15.772220187383168,15.834402164167521
2013-01-22,3153.79,3181.19,3138.22,3173.11,195839,315577,0.0062880265608370855,17.385351721016765,15.790809132205553,15.841455433498
2013-01-23,3179.46,3193.59,3147.16,3182.34,189334,320784,0.002904595737267914,16.787448580583373,15.793807899585858,15.843140361051145
2013-01-24,3133.03,3163.89,3123.23,3135.34,289636,321927,-0.014879154089667121,17.688837966145286,16.096213827946254,15.917046709169183
2013-01-25,3130.72,3159.85,3127.84,3146.58,234408,327339,0.0035785275822739454,17.38050584289723,16.109039157533818,15.920113312946697
2013-01-28,3148.31,3169.08,3144.57,3157.54,202433,328155,0.003477094675345229,17.31858534179599,16.120482299554553,15.897541250604485
2013-01-29,3154.37,3168.5,3133.03,3163.6,221674,329973,0.001917376250659627,16.236223266723822,16.04650000604393,15.897805550703367
2013-01-30,3166.77,3173.98,3144.57,3155.52,252062,325816,-0.002557319501297902,13.744869691772829,15.710410916443562,15.85332975704748
2013-01-31,3153.5,3167.63,3141.68,3143.12,216929,329099,-0.003937362992514053,8.341305786691718,15.344689092469673,15.859014322023505
2013-02-01,3152.35,3188.11,3149.47,3179.46,222751,349875,0.011495433882442865,9.127176686135245,15.433230645107827,15.898207801797065
2013-02-04,3182.63,3182.63,3124.67,3127.55,275933,335938,-0.01646142061038904,10.82998613153752,15.794867011559251,15.977163998024624
2013-02-05,3125.82,3182.63,3124.96,3171.09,243055,335456,0.01382542692588863,11.889306849337816,15.141740804788984,16.0233749432775
2013-02-06,3176.0,3180.03,3152.35,3157.25,217756,331194,-0.004373981823113236,12.001628235770315,14.833420202780715,16.021746174040498
2013-02-07,3159.85,3170.52,3128.99,3162.73,273081,323403,0.0017341831377235954,11.97571037851049,14.82687939748164,16.005922935796814
2013-02-08,3162.73,3204.83,3161.58,3197.34,211104,339336,0.010883635443956178,12.425923814769975,14.961662747715842,16.03857280679256
2013-02-11,3196.47,3207.43,3187.53,3195.61,146485,334267,-0.0005412212021772253,12.413103849839855,14.843480912570769,16.02084172740211
2013-02-12,3195.89,3200.22,3182.05,3184.36,171647,332918,-0.003526666006277438,12.307424502668823,14.610529410629935,15.96649340390655
2013-02-13,3189.55,3208.58,3186.67,3195.32,164467,338462,0.0034359123913264436,12.14109491594663,14.585806738568447,15.962478273374447
2013-02-14,3191.28,3200.8,3178.88,3191.86,154958,340115,-0.0010834203321170516,12.097724463303503,14.584620279212773,15.959900683093947
2013-02-15,3194.16,3202.81,3176.86,3184.94,169760,336294,-0.0021703684344459725,12.015302616405982,14.053854769491927,15.953778156884704
2013-02-19,3183.21,3213.48,3181.48,3207.43,163031,346255,0.0070365428770289215,12.18932683690497,14.10046830754346,15.946872116422254
2013-02-20,3211.75,3214.06,3143.12,3157.54,230436,341334,-0.015676750006694558,13.330324550866345,14.518715336034122,16.027362857062574
2013-02-21,3155.81,3161.58,3113.71,3130.44,283845,335510,-0.008619673660281985,13.594129767519567,14.362528113243526,16.050354960057994
2013-02-22,3132.74,3159.27,3130.72,3155.52,187525,329447,0.007979730409643865,12.860898123382986,14.422715321547885,16.044109444978787
2013-02-25,3156.68,3188.68,3104.77,3116.88,383420,330840,-0.012320798674019721,13.54675272471483,14.657322751901921,16.089177836893818
2013-02-26,3116.88,3135.34,3101.6,3123.23,321127,325434,0.0020352212354828535,13.500562766484839,14.592130084068202,16.07237216136488
2013-02-27,3126.98,3180.9,3118.04,3161.0,281226,329946,0.012020710510190363,14.203155819467112,14.719882068007262,16.116641460448385
2013-02-28,3161.58,3185.22,3151.77,3158.12,248960,330896,-0.0009115193885883711,14.176474312153662,14.716612300160776,16.081342313627
2013-03-01,3158.12,3173.69,3127.84,3170.52,278656,329172,0.003918698446448784,14.158314623125145,14.723828645817841,16.051344033350546
2013-03-04,3166.77,3187.82,3152.06,3183.49,243022,325105,0.004082466981872304,13.624637352809188,14.731551045453454,16.03985065314321
2013-03-05,3186.38,3233.96,3184.65,3227.61,249527,336147,0.01376384599155918,12.971139031254555,14.798164132985578,16.060603230985418
2013-03-06,3230.5,3240.3,3216.08,3216.08,224481,326322,-0.003578698635555311,12.241659536501452,14.787265773177518,16.060659249335927
2013-03-07,3218.67,3234.82,3216.37,3228.77,194930,290178,0.003938033127168708,12.139454476168197,14.713028986912366,16.064705197483423
2013-03-08,3227.9,3261.64,3220.98,3231.36,147817,232505,0.0008018414919731305,12.137709130227185,14.683913831374262,15.972723857906823
2013-03-11,3231.36,3243.76,3219.54,3240.88,120851,178994,0.00294179661620666,11.601900971086126,14.467281939138822,15.97121392040497
2013-03-12,3240.88,3242.61,3215.5,3233.09,90209,153938,-0.0024065615873022084,11.646671264872337,14.41812506973507,15.970161716399577
2013-03-13,3233.09,3239.44,3215.5,3228.48,78283,153116,-0.0014268980393861428,11.572010710770115,14.334618990237624,15.970522218448973
2013-03-14,3228.48,3242.92,3225.01,3234.25,163965,355495,0.0017856235779967896,11.534802167288213,14.203918499008248,15.956932819301914
2013-03-15,3233.39,3240.32,3216.64,3223.28,151634,358101,-0.0033975871742821097,11.608755231618824,13.94775539315897,15.958533458410379
2013-03-18,3204.22,3231.08,3174.48,3219.24,261520,353919,-0.0012541677882429998,11.58544161770409,13.647866123186333,15.959110437249196
2013-03-19,3219.52,3234.25,3182.56,3210.57,280858,340124,-0.0026968153816696594,11.374298522687356,13.642906128885551,15.960820399539935
2013-03-20,3207.4,3241.76,3201.62,3217.21,213748,347217,0.0020660328641921174,9.74819333284909,13.641895419383207,15.961701301566414
2013-03-21,3220.68,3220.68,3189.49,3199.31,221279,341677,-0.005579362780603463,9.406668811317118,13.488411868155648,15.874943920997664
2013-03-22,3198.73,3233.67,3191.8,3226.74,180406,350506,0.008537178079574399,9.462750289308472,13.539706731677489,15.897865261806041
2013-03-25,3226.74,3247.54,3200.75,3216.06,249371,341729,-0.0033153317757391694,8.22581825854975,13.450896174537757,15.898894014353962
2013-03-26,3220.68,3238.58,3216.35,3233.96,168868,348241,0.005550384635523032,8.34615487716593,13.465421900836978,15.90430723860709
2013-03-27,3236.85,3241.18,3207.11,3235.41,185710,352810,0.0004482662219907437,7.414806439172569,13.09239825041737,15.901814738453973
2013-03-28,3235.7,3251.29,3224.43,3246.96,145542,335105,0.003563515264460338,7.418868561660519,12.01678569299044,15.877493802518682
2013-04-01,3246.96,3252.44,3216.06,3220.39,145803,360179,-0.008216703746532517,8.089871034024888,10.41669941075016,15.899190862304177
2013-04-02,3222.41,3260.82,3218.37,3248.98,214259,377526,0.008838630693243796,8.512481802300302,10.503885688510522,15.84690292955972
2013-04-03,3250.71,3256.49,3211.44,3219.24,256746,363783,-0.00919579407443973,7.826680362167865,10.641486778595933,15.862383735311342
2013-04-04,3220.39,3235.98,3202.49,3216.93,226614,357814,-0.0007178182363697393,7.724693631642193,10.64085177238413,15.862584358324607
2013-04-05,3216.93,3217.5,3162.06,3191.51,265278,352690,-0.007933329585024209,8.066509856542432,10.772444330594748,15.855524968179019
2013-04-08,3191.8,3220.68,3184.58,3212.31,176139,350367,0.006496145471438089,8.440493843274778,10.83382576079761,15.824554190791726
2013-04-09,3216.64,3245.51,3203.06,3231.36,237574,351613,0.005912796744966197,8.654798203125257,10.842519381377107,15.833096387273981
2013-04-10,3233.1,3300.67,3228.19,3295.76,259070,376832,0.01973369261370591,11.108542492538408,11.539027329520275,15.90519925094706
2013-04-11,3294.32,3301.82,3284.21,3295.76,199356,385258,0.0,11.079387937731378,11.468559955723325,15.814211075902001
2013-04-12,3296.34,3299.23,3266.88,3287.67,198997,386505,-0.002457686668535129,11.143269480834876,11.418340873421373,15.775060810558136
2013-04-15,3287.96,3293.16,3201.04,3215.19,326433,372926,-0.022292653271936823,13.79464249004144,12.335159948633297,15.83341730707814
2013-04-16,3218.08,3273.81,3217.21,3266.59,236656,368466,0.015860173423658124,14.902160964326894,12.699773510697748,15.896507503444598
2013-04-17,3269.48,3269.48,3186.03,3204.8,378577,354043,-0.019096941415834262,16.458189850080338,13.31100139956514,16.008749979949343
2013-04-18,3200.18,3220.39,3146.47,3164.37,345298,356158,-0.012695702279483802,17.0260472539777,13.511487420352333,16.056717683873146
2013-04-19,3172.17,3210.57,3161.19,3197.58,273830,346221,0.010440290054464911,17.379042990537606,13.66911454138914,16.06339084764162
2013-04-22,3202.49,3248.69,3200.47,3231.08,230393,350431,0.010422172967617003,17.51459731512403,13.468495809199558,16.08077878896312
2013-04-23,3235.12,3284.5,3216.93,3260.82,269327,353480,0.009162250819624736,17.753377168877975,13.571205949316953,15.879523003996383
2013-04-24,3268.33,3278.43,3252.73,3261.97,257076,365266,0.0003526098531195022,17.66031224834604,13.55795852819245,15.86949211859098
2013-04-25,3259.38,3297.2,3250.42,3285.08,196635,374150,0.007059697415525813,17.816401298090167,13.621046323009192,15.873597042732127
2013-04-26,3281.61,3285.94,3259.95,3269.48,165108,372317,-0.004760053903095172,17.88763767553851,13.650496618107635,15.867500375827055
2013-04-29,3273.24,3317.13,3266.02,3302.11,175223,379884,0.009930707229425486,17.89540368717162,13.749498545345421,15.897508768688795
2013-04-30,3303.27,3331.57,3295.76,3326.66,190418,390201,0.0074071395586235815,17.821987065005626,13.639035617023932,15.910858904474795
2013-05-01,3331.28,3334.74,3306.16,3307.6,154074,394019,-0.00574594677936425,17.596206077729466,13.23205542340588,15.865476621212357
2013-05-02,3312.8,3361.89,3311.93,3352.07,199370,400880,0.01335521459080678,18.078911548604168,13.212824009125942,15.713365912508111
2013-05-03,3352.07,3404.92,3350.05,3390.19,193083,404054,0.011307901562732306,17.958344882055805,13.334497274906893,15.746828045676173
2013-05-06,3392.21,3412.14,3391.92,3404.63,134824,400030,0.004250302947922355,17.918330010810514,13.348874488203633,15.740922767985385
2013-05-07,3404.63,3415.31,3392.79,3403.47,176584,407929,-0.0003407705560217017,17.91670732465182,13.199474537940887,15.740066140386311
2013-05-08,3403.76,3424.84,3397.99,3421.09,144664,411863,0.0051637143351494,16.77843217570692,13.222021980018361,15.746853653795325
2013-05-09,3420.22,3440.15,3407.52,3416.76,185018,413017,-0.001266480130089548,16.803119087023866,13.196064344031882,15.743756020732222
2013-05-10,3420.51,3440.72,3417.62,3436.97,169255,415959,0.005897535670895493,16.783866933743017,13.223700286826128,15.717611544350799
2013-05-13,3433.22,3450.83,3419.64,3443.32,162112,409416,0.001845852951827042,14.076747400646743,13.2155775944265,15.714767363341425
2013-05-14,3443.61,3471.05,3432.06,3459.78,192387,411439,0.004768880993971139,13.30701217092884,13.215074262166043,15.695773261230858
2013-05-15,3460.36,3473.93,3445.06,3466.43,206061,413665,0.001920242684930454,10.499986596291008,13.16302332960909,15.54577263686578
2013-05-16,3470.18,3487.22,3460.65,3463.25,203738,417474,-0.0009177913621466814,8.706606326529574,12.689265479619447,15.468692253445024
2013-05-17,3466.43,3497.9,3462.96,3491.55,188115,418970,0.00813830913818928,8.535402602029137,12.580465313692809,15.204010651213679
2013-05-20,3489.82,3502.23,3476.82,3489.53,193256,411464,-0.0005787070356951261,8.397677449562964,12.523609572942624,15.199315802583804
2013-05-21,3487.79,3507.72,3476.82,3490.1,185202,415275,0.00016333244062136985,8.24850671256263,12.18437233129071,15.19882757815268
2013-05-22,3490.39,3527.07,3446.5,3466.43,363785,419334,-0.0068051431809689235,8.959616759677322,12.313725866741427,15.215748551319757
2013-05-23,3472.49,3475.09,3420.51,3456.32,313279,430919,-0.0029208066700256966,9.065476272831587,12.160566612694272,15.209888682735603
2013-05-24,3460.36,3468.74,3423.11,3456.32,203972,432233,0.0,8.707433462050842,12.154315717168593,15.151253614423196
2013-05-28,3455.16,3507.72,3447.94,3469.31,238818,431497,0.00375128767580962,8.301043403320636,12.152943365330735,15.106357254887659
2013-05-29,3470.76,3475.38,3440.15,3460.07,242455,430855,-0.0026669068449244075,8.27649867709893,12.170412543853084,15.106351351679015
2013-05-30,3459.49,3494.72,3444.19,3476.82,215945,437919,0.004829262840640251,7.807559629407804,11.917487025835918,14.837304308887077
2013-05-31,3477.98,3491.55,3437.84,3442.46,273254,435387,-0.009931750828931291,7.886615704400011,12.096965293842606,14.868583627473896
2013-06-03,3443.32,3459.49,3407.52,3448.52,322752,428851,0.0017588214048491584,6.958077309775554,12.0836246504214,14.851285394052164
2013-06-04,3449.68,3473.36,3420.22,3436.1,283605,418660,-0.003608046188061028,7.0081333793941605,12.12196775207723,14.666546203428924
2013-06-05,3431.48,3439.57,3386.72,3394.23,302592,402259,-0.012260176144351377,8.33948598091058,12.416026059494232,14.71124722231888
2013-06-06,3395.1,3412.14,3361.89,3406.94,280562,395425,0.0037375965594628664,8.233981442708817,12.412723760796462,14.682288956452908
2013-06-07,3405.49,3456.03,3395.96,3442.75,266604,386603,0.010456042902632131,9.045401023463171,12.55674174679415,14.587171581203041
2013-06-10,3443.32,3469.89,3437.84,3450.25,242507,376059,0.0021761215609140123,8.838353484948156,12.557945953392835,14.528007002106595
2013-06-11,3451.12,3452.56,3406.94,3423.11,312061,368013,-0.0078971976006919,9.263103346464693,12.659876060675677,14.522585404262186
2013-06-12,3425.42,3441.59,3372.29,3373.15,328526,339991,-0.014702468697094184,10.36456689628977,13.056068196268312,14.598958578023305
2013-06-13,3376.04,3430.04,3347.16,3421.67,284586,299272,0.014281710098207246,11.710330357278831,13.323962666222371,14.623572084298397
2013-06-14,3421.67,3427.16,3393.62,3397.37,227209,145179,-0.007127133104327352,11.934456533908536,13.427158293058106,14.618765261914119
2013-06-17,3396.8,3452.9,3396.51,3429.47,306903,216395,0.009404127406022198,12.070137720394442,13.469007626600701,14.61746094014273
2013-06-18,3434.68,3467.65,3430.63,3456.95,237841,297406,0.007980967139184381,12.475684526247042,13.456468375260927,14.636012322891872
2013-06-19,3462.44,3469.09,3415.59,3419.64,298769,326740,-0.01085141505124854,13.00315370230142,13.650476653706306,14.447552355927392
2013-06-20,3417.91,3419.93,3326.52,3331.44,468435,306251,-0.026130639423237505,15.677937021949143,14.705025986091055,14.673072704878642
2013-06-21,3331.73,3353.71,3292.11,3314.09,399203,297576,-0.005221566803635112,15.717353163631914,14.751629614679626,14.56027402952593
2013-06-24,3315.82,3320.74,3259.43,3289.8,358805,303377,-0.007356303493270642,15.803600008750198,14.821208494755478,14.559113103835461
2013-06-25,3292.4,3324.21,3274.47,3306.28,257859,300041,0.004996917651393379,15.874650905674267,14.747208682948818,14.56256187818129
2013-06-26,3304.83,3346.19,3291.82,3334.91,196345,294254,0.008622002189383941,16.348774346611904,14.742004346432472,14.532672417836206
2013-06-27,3338.09,3375.69,3334.04,3354.0,173476,293393,0.005707970904319104,16.39922999268946,14.64221379566985,14.194387126022301
2013-06-28,3353.42,3380.02,3336.36,3356.02,239222,305667,0.0006020846617511529,16.13037182843541,14.63931685187418,14.193819386316097
2013-07-01,3357.76,3408.65,3347.92,3374.24,200624,306288,0.005414365718548926,16.273017788814137,14.558238652109196,14.167449513286162
2013-07-02,3376.84,3402.29,3362.96,3381.47,202883,307405,0.0021404124097310824,16.282911079222888,14.514383099496452,14.168491503090308
2013-07-03,3381.47,3411.26,3351.1,3396.8,152053,316155,0.004523285775806244,15.799059274815145,14.496485833494729,14.111752137070734
2013-07-05,3398.24,3436.99,3386.67,3419.93,228913,316324,0.006786271061932768,15.930265662288045,14.0101179696111,14.124822383191265
2013-07-08,3425.72,3445.09,3410.97,3422.53,200400,317654,0.0007599606355416235,15.46659122076115,14.009555564314368,14.078535175548252
2013-07-09,3425.14,3452.9,3422.82,3440.46,162518,319901,0.005225139711363893,15.568720087980903,14.025723401476123,14.068453797697886
2013-07-10,3443.93,3486.44,3434.39,3465.91,198676,329335,0.007370041048559734,15.503136241896822,13.23895612460874,14.048816951021692
2013-07-11,3483.55,3537.34,3483.55,3533.87,200923,346692,0.01941836328448098,15.75896756383316,13.425426548146364,14.097637755636022
2013-07-12,3531.56,3551.8,3527.22,3541.97,148453,351825,0.0022894818249607155,15.114149784662716,12.73455791803666,14.09558563055512
2013-07-15,3542.84,3558.74,3542.84,3554.69,112409,353073,0.0035847887940949293,14.755831557219382,12.38249374277802,14.088481484285891
2013-07-16,3555.85,3563.08,3543.99,3552.09,147259,366441,-0.0007316956810253724,14.542349801409355,12.265996247358546,14.037566370862573
2013-07-17,3554.98,3570.31,3546.02,3561.92,186222,372293,0.0027635626759601366,14.3629830586444,12.134501309401392,13.990694217827063
2013-07-18,3557.3,3570.89,3523.46,3525.2,179562,383422,-0.010362553079355626,14.308188675620126,12.27540509426316,13.948018678411717
2013-07-19,3526.93,3526.93,3505.53,3517.39,203203,387909,-0.002217934936323691,10.068775715388112,12.295160626704888,13.882168285088383
2013-07-22,3520.86,3534.16,3514.78,3525.2,140933,391848,0.002217934936323668,9.6275749137802,12.237456510501055,13.823976439750298
2013-07-23,3527.22,3539.66,3497.43,3500.33,161677,395869,-0.007079922478333197,9.588228956149052,12.294620367372659,13.843655697461
2013-07-24,3514.21,3536.47,3503.51,3525.77,314733,396735,0.007241602361027868,9.679750911946845,12.224622529325783,13.817981725150421
2013-07-25,3530.98,3537.63,3502.06,3528.09,214945,394235,0.0006577958971837705,9.500740271305641,12.15375639294912,13.568155455237624
2013-07-26,3531.56,3555.27,3513.63,3551.8,183575,395813,0.006697869215111016,9.54709566691767,12.127159054707011,13.57857479883229
2013-07-29,3551.22,3561.05,3535.9,3546.02,189954,385094,-0.0016286694443228631,9.649514010750424,11.871094232106964,13.580442799950065
2013-07-30,3546.6,3579.85,3546.02,3569.15,237285,397799,0.006501624410246485,9.696880281010928,11.731807137942681,13.583756561935449
2013-07-31,3565.68,3591.71,3561.92,3566.26,254202,403980,-0.0008100445967444326,9.780016583069138,11.715123421075546,13.580864234052381
2013-08-01,3572.91,3613.11,3572.91,3600.67,153830,407508,0.009602511649114234,10.07022038087465,11.851184095903102,13.473019078179641
2013-08-02,3607.04,3629.88,3600.1,3627.57,162654,405241,0.007443063369895838,10.106348324203559,11.89501657543062,13.480444564859795
2013-08-05,3627.86,3632.48,3618.31,3627.57,114587,398078,0.0,10.13173036742526,11.887644803536421,13.456090007589852
2013-08-06,3627.57,3631.62,3593.15,3606.75,170125,404257,-0.005755912782802412,10.540365418680409,11.922343012664474,13.470077089939627
2013-08-07,3606.46,3608.48,3575.23,3604.43,228788,405008,-0.0006434453390552643,10.418299268756822,11.923962984002848,13.466131921726248
2013-08-08,3605.88,3628.15,3595.76,3617.16,215700,406980,0.0035255430412350908,8.170875357118188,11.908831211251542,13.469244717163667
2013-08-09,3619.76,3626.12,3594.02,3601.25,199820,404505,-0.0044081801293232225,8.391495911904022,11.95261638236279,13.477067115873897
2013-08-12,3601.54,3620.05,3579.27,3613.69,171281,415866,0.0034484035425119005,8.385695017500325,11.961864840780015,13.479786931804544
2013-08-13,3616.0,3641.45,3591.42,3628.72,239126,416449,0.004150558053735251,8.444507594928407,11.88373742471485,13.4793742172539
2013-08-14,3630.75,3636.53,3602.41,3612.82,234087,400831,-0.004391338182511994,8.633676981304179,11.926079905460698,13.461148647134843
2013-08-15,3600.96,3602.99,3547.17,3552.38,307034,383374,-0.01687082944059502,9.94948276322156,12.450807768336611,13.56774585410507
2013-08-16,3553.25,3574.36,3549.2,3550.93,189035,383439,-0.00040826038005955894,9.907360875246498,12.363718350777631,13.567629846419285
2013-08-19,3549.49,3586.5,3539.94,3551.8,210781,384786,0.00024497622867578186,9.886042607168854,12.344392552699714,13.565138655358991
2013-08-20,3552.67,3582.45,3543.7,3563.95,164001,384413,0.003414963091099327,9.531819739532644,12.358856783155218,13.566684486150987
2013-08-21,3564.81,3584.48,3538.79,3542.55,295659,377061,-0.006022673520323842,9.524349259638091,12.411618624412563,13.55987354836912
2013-08-22,3541.97,3594.02,3534.45,3587.95,190514,385948,0.012734201950296387,10.508840589604167,12.65083855518872,13.608123144564422
2013-08-23,3589.97,3617.16,3581.88,3610.51,194415,385481,0.006268027845321664,10.478130990982711,12.674772410832164,13.618582858673548
2013-08-26,3609.35,3640.58,3605.88,3610.22,189292,376259,-8.032428858482054e-05,10.444505526540837,12.483539348836864,13.618158567418535
2013-08-27,3613.11,3614.55,3530.98,3539.08,360118,362659,-0.019901905952613277,12.556870981454422,13.18171417565604,13.771221769235295
2013-08-28,3541.39,3568.28,3535.03,3549.2,188487,358574,0.002855419615492293,12.609187205628821,13.163644539063032,13.733748942040286
2013-08-29,3549.2,3596.34,3544.28,3573.78,246337,362305,0.0069016331836517725,12.363628419067938,12.951873437528,13.736704190752238
2013-08-30,3578.41,3589.97,3541.97,3555.27,253781,337863,-0.005192849424411628,12.114990848395472,12.996335378677518,13.748202124858436
2013-09-03,3572.91,3601.25,3558.16,3570.31,314381,344211,0.0042214170172384475,12.253389140291679,12.858726489155355,13.75015972511597
2013-09-04,3571.75,3622.94,3566.55,3618.6,216735,356825,0.013434783947334949,13.088083433664313,13.12175239714281,13.660412833505628
2013-09-05,3622.36,3629.59,3613.69,3618.31,152933,353809,-8.014470268529325e-05,13.085001222520493,12.997815034066166,13.659862358164407
2013-09-06,3618.89,3644.05,3581.88,3620.05,281130,356130,0.00048077189681515486,13.026630671096576,12.584015187870573,13.584937058047197
2013-09-09,3623.81,3672.97,3621.21,3661.11,196240,352234,0.011278542225125232,13.497749936438485,12.464927599846083,13.625782313288436
2013-09-10,3668.63,3689.16,3663.72,3681.65,230771,344400,0.005594641136345206,13.574373586668909,12.377456162700438,13.623804009382653
2013-09-11,3683.38,3688.59,3655.33,3676.73,220768,332868,-0.0013372510615594013,13.541504020106096,12.273844272516833,13.583373859962272
2013-09-12,3683.38,3686.27,3667.19,3673.84,227594,260012,-0.0007863336173690659,13.423190887738635,12.19702289271777,13.546525578821667
2013-09-13,3675.28,3681.36,3657.35,3675.86,122090,188650,0.0005496823137983666,11.687152719510966,11.944477743521812,13.545229739947976
2013-09-16,3675.87,3690.51,3625.05,3630.5,300932,269249,-0.012416739055165037,12.708336706190144,10.887928034238497,13.60649798471463
2013-09-17,3627.63,3662.66,3625.05,3656.92,225570,337421,0.007250883235274182,12.887292853490626,10.862355715566506,13.62360160225279
2013-09-18,3659.79,3709.46,3656.06,3700.28,254999,364456,0.01178722938915641,13.388788113231026,10.89357204680191,13.671109284367086
2013-09-19,3703.43,3718.65,3703.43,3712.34,212425,367568,0.0032539130943952527,13.063831364268216,10.878661987573608,13.673738605519976
2013-09-20,3714.35,3722.96,3694.25,3694.25,208460,378152,-0.0048848487553840875,12.696551046174271,10.875984215917558,13.673237525595919
2013-09-23,3701.43,3717.79,3673.0,3685.63,237538,386583,-0.002336082407883731,12.631558313832025,10.874485245136679,13.614327994861261
2013-09-24,3687.93,3710.61,3678.45,3690.51,178347,391242,0.0013231854905141375,12.62502407529248,10.872743714891858,13.569853443933008
2013-09-25,3692.81,3698.84,3670.41,3675.3,250162,392630,-0.004129897898139045,10.142435935054376,10.905004158848525,13.50621082527308
2013-09-26,3678.17,3715.78,3677.88,3705.16,208824,398760,0.00809168071480244,10.376266661030394,10.989570293277515,13.500097377496628
2013-09-27,3709.46,3713.77,3678.74,3701.71,193112,402836,-0.0009315676525975004,10.2725537127624,10.982832382025665,13.499570977650684
2013-09-30,3688.5,3702.0,3650.32,3685.63,281669,405751,-0.004353400654579965,10.201286529774315,10.988177797286019,13.507191516388028
2013-10-01,3699.7,3734.16,3690.23,3727.55,250343,401635,0.011309706989300288,10.721421901408892,11.179248248413092,13.544472431016102
2013-10-02,3733.87,3733.87,3699.42,3718.37,241342,402570,-0.0024657811663994426,9.96135993483433,11.17863357270728,13.54116753283829
2013-10-03,3720.95,3730.43,3662.95,3677.88,361785,389908,-0.01094890099415363,10.874964221462982,11.381967390465698,13.573788697454336
2013-10-04,3676.73,3720.66,3674.72,3714.92,201543,393540,0.010020644395062926,11.35264233085817,10.884112742532425,13.568742482286252
2013-10-07,3702.86,3712.91,3677.31,3681.04,239190,390982,-0.00916182266735621,11.286563586585254,11.070070107418744,13.503929143917581
2013-10-08,3682.76,3691.95,3611.27,3618.73,418005,377723,-0.017072185396574353,12.653726727666717,11.630788285373653,13.612183034024037
2013-10-09,3613.56,3633.95,3572.79,3597.77,441570,375567,-0.0058089264709582,12.774980837540367,11.696338758372466,13.621167557320405
2013-10-10,3598.06,3686.21,3598.06,3667.83,342187,373357,0.019285997454541116,14.681897792501678,12.323550080319002,13.748952061387442
2013-10-11,3667.83,3710.33,3647.44,3704.58,230009,369573,0.009969685461211323,15.110162328040813,12.263207015011545,13.762035756564034
2013-10-14,3681.04,3738.47,3669.55,3730.71,233830,365168,0.007028672068814991,14.4881323272716,12.311455471583436,13.72642145706307
2013-10-15,3736.74,3748.23,3714.35,3722.1,329005,369618,-0.002310538932412881,14.369675236236832,12.32699731410992,13.729009224509914
2013-10-16,3721.81,3763.16,3715.21,3748.8,228467,366397,0.007147763636595723,13.992157719706585,12.278071421231427,13.668138640806177
2013-10-17,3744.49,3802.21,3738.75,3791.3,209745,367580,0.011273179424741762,14.471335372135997,12.390884147466995,13.452014050166245
2013-10-18,3798.76,3845.28,3797.9,3838.39,235866,361601,0.012344039651575071,14.821831329531271,12.598351251341205,13.477452044165114
2013-10-21,3841.55,3861.64,3838.96,3852.17,175096,360475,0.0035836180323042584,14.745461264117827,12.55857120187868,13.434002342192333
2013-10-22,3851.02,3878.87,3833.79,3855.04,330951,367018,0.000744757216335556,14.751502184425537,12.54391372651206,13.425708053470059
2013-10-23,3854.47,3855.9,3815.7,3836.09,244371,370455,-0.004927764410865639,14.799414173769144,12.56376189556022,13.437314017602835
2013-10-24,3838.67,3881.74,3830.92,3871.69,191455,371276,0.009237485540242799,14.865959352204907,12.663376817205691,13.459390955390926
2013-10-25,3878.3,3896.68,3860.5,3874.85,223017,377475,0.0008158481529242285,14.830062126692287,12.546879091889506,13.459062441190122
2013-10-28,3875.43,3894.67,3859.92,3885.76,196908,387124,0.002811636504665179,14.621254146212445,12.48456082527783,13.460024649891453
2013-10-29,3879.45,3896.1,3868.82,3886.63,208676,393880,0.00022386936415527234,14.275243734290374,12.483767440853576,13.436450171093508
2013-10-30,3893.8,3907.01,3863.94,3896.1,287566,403224,0.002433594554544676,14.173455391234171,12.402835156895842,13.344587621344775
2013-10-31,3882.03,3898.11,3859.92,3869.4,252511,412561,-0.006876596539767538,13.734161232404322,12.509577984203196,13.252973823666542
2013-11-01,3878.87,3891.79,3856.19,3868.25,230311,414860,-0.0002972478746047105,13.474484677569984,12.50352364590796,13.234502777048624
2013-11-04,3868.25,3890.36,3866.81,3879.16,142512,417890,0.0028164269637843504,12.810303338694945,12.45469605210797,13.229348097797116
2013-11-05,3879.73,3894.09,3854.18,3881.74,224570,419271,0.0006648713667337314,10.539776946655198,12.446666670281878,12.9711882829791
2013-11-06,3882.03,3902.7,3870.83,3877.44,218082,412193,-0.0011083646571421854,10.11205896062393,12.439945202017668,12.876272125930557
2013-11-07,3875.14,3890.07,3806.52,3812.55,404482,408717,-0.016876885459389906,10.859658911914497,12.92910165901545,12.999835735926697
2013-11-08,3815.13,3862.51,3801.63,3859.64,289374,405355,0.012275658277023559,11.11381984045251,12.593787129605705,13.04875131602097
2013-11-11,3860.78,3865.38,3842.41,3852.46,164939,398843,-0.0018620095886902935,11.033380500920508,12.606134782899609,13.020394500865152
2013-11-12,3853.03,3866.81,3840.4,3864.23,196199,395919,0.0030505330983596917,10.944754290476515,12.608663076338026,12.953106992359118
2013-11-13,3863.08,3912.75,3834.08,3907.3,269387,407592,0.01108415999400361,11.280385579399491,12.757953770769385,12.984860755923059
2013-11-14,3896.39,3923.09,3889.78,3917.06,225748,403001,0.0024947740293398634,10.748374715924594,12.661553661118427,12.981618967883962
2013-11-15,3919.07,3929.41,3911.03,3923.95,156493,393904,0.001757427110370306,9.97828415883659,12.4501188377405,12.83472617628263
2013-11-18,3923.95,3934.58,3882.32,3886.63,223476,392246,-0.009556341274564905,10.61472290874142,12.612158188750918,12.877685691204272
2013-11-19,3890.93,3905.58,3871.41,3876.86,258679,394927,-0.002516910605311332,10.665537623653991,12.632824322812139,12.882681049757242
2013-11-20,3877.15,3903.28,3857.34,3866.53,290183,392555,-0.0026680836501811384,10.548656721057746,11.874970784295561,12.814968927507708
2013-11-21,3867.96,3911.89,3859.35,3905.58,204624,397354,0.010048835799357265,10.642375355104367,12.001524012514187,12.842882816407652
2013-11-22,3905.86,3930.84,3905.0,3927.97,163835,401343,0.005716453197174899,10.80649139289785,11.981581295460837,12.848700387492443
2013-11-25,3930.84,3947.78,3928.26,3938.31,177967,402094,0.0026289442926714863,10.8019071284884,11.899824774204157,12.834356228656386
2013-11-26,3935.73,3969.32,3931.13,3959.27,188922,406212,0.0053079675575229135,10.924017460454854,11.911714792573177,12.826025560603005
2013-11-27,3958.98,3987.98,3957.55,3983.68,146375,404123,0.00614635037257771,11.070497487014402,11.69737183117423,12.833738582329143
2013-11-29,3984.25,4015.84,3983.96,4005.5,97742,405917,0.005462401461750331,10.751457528585814,11.718460349834618,12.837403099568167
2013-12-02,4011.82,4021.29,3993.15,4000.33,231123,411318,-0.0012915589560816357,10.782054305733674,11.7319212868059,12.835737614191627
2013-12-03,4001.19,4006.93,3981.09,3992.0,224700,422172,-0.002084499267735259,10.853573421354003,11.582904917437048,12.78956173794899
2013-12-04,3992.58,4012.96,3966.16,3999.76,281577,414652,0.0019420008706010727,10.851042069879213,11.55111926145363,12.779352536341754
2013-12-05,3999.76,4010.67,3983.96,3995.45,250042,413876,-0.0010781456440781283,10.85008479852314,11.548636537529983,12.756508030830375
2013-12-06,3994.59,4032.49,3993.44,4024.45,254913,413465,0.007232041895143031,8.569867848336724,11.60102247054229,12.763788261368617
2013-12-09,4025.6,4048.28,4025.6,4041.1,190605,404356,0.004128676569180489,7.818023942784878,11.611429848622432,12.709084145187365
2013-12-10,4041.96,4047.71,4028.76,4038.23,181862,403463,-0.0007104549809745009,7.7471353546716335,11.251016370497707,12.691562899602749
2013-12-11,4039.95,4045.41,3979.08,3985.97,302895,386926,-0.013025781739007461,9.466536595471029,11.591665696295037,12.745056829566076
2013-12-12,3986.83,3996.31,3968.75,3973.34,300255,315919,-0.0031736446000467256,8.897966817175597,11.425342649992565,12.716907650962911
2013-12-13,3970.47,3994.87,3962.14,3971.04,152854,236892,-0.0005790256921900859,8.888950097957624,11.422723864981545,12.644106291045084
2013-12-16,3971.04,4013.58,3942.59,3989.15,308369,305200,0.004550150497809562,8.98838704293596,11.37433328751498,12.573587804009323
2013-12-17,3985.7,3999.49,3973.34,3978.51,241089,365523,-0.002670798283244353,8.234404183445324,11.379084188501446,12.572072949448662
2013-12-18,3977.36,4034.84,3926.21,4033.41,397935,393833,0.013704794675983095,9.225194634340818,11.660784765683195,12.634850111848994
2013-12-19,4033.69,4038.29,3998.34,4015.3,252985,405505,-0.004500107610306729,9.369397439461695,11.668637196288966,12.588642793033298
2013-12-20,4016.16,4066.46,4015.88,4060.71,173625,409742,0.011245770763671488,9.516159740694079,11.762558544161886,12.617615665917237
2013-12-23,4070.77,4101.23,4070.77,4098.07,131151,410314,0.009158296002234579,9.771944005132452,11.853875786380152,12.61182745464672
2013-12-24,4098.65,4107.27,4093.76,4103.82,47467,413409,0.0014021160834900366,9.773167270986898,11.786931113824764,12.606931850981168
2013-12-26,4107.27,4119.91,4102.1,4117.62,54009,415341,0.003357079285496476,9.711470811623466,11.6241871556706,12.514770599773259
2013-12-27,4118.77,4124.23,4100.66,4104.4,94798,413986,-0.0032157575370625625,9.744840495238858,11.63656267663076,12.26358689453489
2013-12-30,4103.82,4108.13,4088.01,4099.22,90196,415959,-0.0012628572967604266,9.673620921467043,11.354671492679334,11.892497850797627
2013-12-31,4100.08,4132.56,4098.36,4119.91,71635,419471,0.005034606753486364,9.721808843885535,11.246092212722402,11.88434488838217
2014-01-02,4110.72,4114.45,4079.97,4091.75,196559,421668,-0.00685856705878653,10.094064335143113,11.160442312394391,11.89744100825588
2014-01-03,4092.9,4100.08,4054.96,4059.85,195452,423062,-0.007826724285536176,10.586759752895436,10.642834192847461,11.93072871176461
2014-01-06,4058.7,4069.91,4030.25,4044.04,246009,430426,-0.0039018348121777425,10.69813622360228,10.590752015831544,11.938579456864096
2014-01-07,4042.32,4089.45,4042.03,4079.68,191716,432145,0.008774361661478202,10.837958596300929,10.061660356501243,11.962399309774781
2014-01-08,4079.1,4103.53,4074.22,4098.07,208163,430880,0.0044975772063727566,10.85429952435448,9.93294675498379,11.959053065499711
2014-01-09,4095.77,4112.15,4064.45,4078.53,214724,429048,-0.0047795017970896966,11.019272893157012,9.956248208332186,11.972454124259604
2014-01-10,4080.83,4106.41,4057.55,4094.34,263424,440684,0.0038689027773287405,9.838087012764403,9.936135050096215,11.957904853934087
2014-01-13,4096.35,4100.08,4015.01,4034.56,333010,424486,-0.014708282227073615,11.285665693202212,10.412039791272976,12.04531340096479
2014-01-14,4035.42,4111.58,4027.37,4108.42,293427,430929,0.018141276445667792,12.839438300297774,10.78366230038012,12.163047753617354
2014-01-15,4108.42,4150.38,4104.97,4136.58,234221,427900,0.006830833110016042,12.931764611914554,10.600989607673847,12.169393061512704
2014-01-16,4136.87,4148.08,4131.7,4133.14,162062,427134,-0.0008319508274557134,12.863464792511811,10.598041471015245,12.16569018090957
2014-01-17,4135.43,4148.94,4108.99,4121.06,256190,425267,-0.002926996831776405,12.176644709274957,10.631046363793864,12.1609633221153
2014-01-21,4120.78,4152.39,4112.73,4149.52,210486,423247,0.006882253078954441,12.15574876111518,10.619969754502772,12.173667630035823
2014-01-22,4146.93,4172.51,4144.34,4162.16,184592,427769,0.00304150538618575,11.63387803677934,10.497605342570083,12.06868669466752
2014-01-23,4167.91,4179.12,4117.33,4154.4,286469,426992,-0.0018661567407781742,11.291004330754962,10.516232787533921,12.069901636588694
2014-01-24,4153.83,4163.03,4055.54,4060.71,379834,423644,-0.02281017837621356,14.026089663307234,11.599589442728927,12.304035117478875
2014-01-27,4060.14,4075.37,3986.85,4027.08,444255,425701,-0.00831628759462563,14.20811840808428,11.74673837804213,12.339214274476706
2014-01-28,3988.0,4042.32,3984.26,4024.78,298021,427876,-0.0005712965855232638,14.18717063510066,11.742754768785968,12.335086563397727
2014-01-29,4039.15,4056.97,3971.04,3992.6,396701,429327,-0.008027603235193385,14.406606960752702,11.776133080951503,12.358379857251661
2014-01-30,4000.64,4066.46,3990.3,4025.93,315346,421973,0.008313292325428096,14.643411224367878,11.882271319592626,12.335024952823867
2014-01-31,4046.63,4061.28,3999.78,4039.73,326853,417229,0.003421917974709697,14.566710306841724,11.887598677114521,12.211998954345507
2014-02-03,4039.73,4057.84,3937.7,3943.16,438269,407931,-0.024195425744419508,16.647965163182132,12.934297501785982,12.403728882209228
2014-02-04,3954.08,3993.46,3944.89,3968.45,324399,396112,0.006393157938439431,16.847425799348844,12.991597114898903,12.404751656266546
2014-02-05,3968.45,3981.39,3922.47,3960.98,356874,391953,-0.001884120853534145,16.45219214320361,12.494494261960513,12.407651459960405
2014-02-06,3966.44,4022.77,3963.57,4008.98,267809,387470,0.012045375475630475,17.02390896616889,12.485417659627286,12.417655835007547
2014-02-07,4013.0,4094.62,4000.07,4090.31,367851,381236,0.02008391693079975,18.531889699945758,13.093394550366396,12.565129032012056
2014-02-10,4092.9,4117.62,4081.69,4112.73,205066,395338,0.005466279775832628,18.583075283621355,13.118900547143381,12.564871529614699
2014-02-11,4114.74,4168.49,4113.88,4153.25,249858,404523,0.009804118705148388,17.9984733467734,13.079600287706711,12.593480786231076
2014-02-12,4152.39,4177.11,4150.38,4166.76,252230,413057,0.003247595104818458,16.910068112418514,13.084141327285606,12.593566440592655
2014-02-13,4165.32,4202.97,4134.86,4197.23,287786,432921,0.007286028509029527,16.93269568242333,13.146180730623547,12.604753667185765
2014-02-14,4196.65,4216.77,4182.28,4208.72,212826,430736,0.002733779562315793,16.936437871986186,12.959748908797,12.591654114332451
2014-02-18,4207.57,4236.03,4200.67,4224.82,220169,433505,0.0038180928906692397,16.903173103896087,12.94451671607324,12.48061942179503
2014-02-19,4225.97,4229.99,4190.62,4201.25,277354,439742,-0.00559455629410582,16.931300191140423,12.99789681261075,12.46029673464019
2014-02-20,4201.25,4227.12,4182.57,4220.79,269725,445895,0.004640214261768146,16.971095967451912,12.89071253387296,12.446347602276122
2014-02-21,4220.79,4238.32,4208.43,4212.75,186798,444892,-0.0019066732204316556,16.971914407335746,12.873656526404584,12.375880116540255
2014-02-24,4214.18,4255.28,4201.82,4239.76,206372,450984,0.0063910227697127455,14.608139270908731,12.914930878211864,12.386558918990952
2014-02-25,4237.18,4250.4,4217.34,4240.34,236400,454534,0.00013679083994384787,14.10375352798708,12.888631682519701,12.339084484270076
2014-02-26,4243.5,4256.14,4210.45,4223.38,271366,447633,-0.004007699380524266,14.257504519375571,12.888265588506236,12.348295382623096
2014-02-27,4230.85,4261.32,4209.01,4255.28,264249,453011,0.007524809468010608,13.809416187970507,12.925820219120284,12.361741293020547
2014-02-28,4257.87,4279.42,4213.32,4248.1,325511,467859,-0.001688740643450802,13.77320733132151,12.929094399241103,12.361593187977094
2014-03-03,4228.27,4230.28,4181.13,4217.63,376912,460656,-0.007198465241432357,14.20701569498926,13.02336594798111,12.324284533546274
2014-03-04,4220.22,4280.29,4218.78,4272.81,263175,463349,0.012998331515605928,10.778219662046066,13.255600436828999,12.373282053792822
2014-03-05,4274.82,4290.92,4267.93,4286.03,205524,457176,0.003089206133872537,10.745264973302406,13.253857109166676,12.371630329287633
2014-03-06,4289.77,4296.38,4264.19,4278.85,217906,454111,-0.0016766146593849003,10.730822787300013,13.205483858601577,12.374803869864747
2014-03-07,4281.15,4300.12,4237.18,4258.44,303234,452859,-0.004781385869249792,10.69060310532432,13.242139542491458,12.387603272527494
2014-03-10,4255.28,4267.35,4235.16,4262.18,192161,453224,0.0008778704460916201,8.592057424119915,13.2380269900306,12.382602825435656
2014-03-11,4262.18,4283.45,4231.71,4240.34,259716,449459,-0.005137311769538549,8.854591719381236,12.97979811993184,12.395878551627856
2014-03-12,4241.2,4265.05,4209.3,4261.32,319464,424669,0.004935516731603668,8.408441858997355,12.973988004301248,12.401698843233746
2014-03-13,4262.75,4279.14,4180.27,4197.51,450566,362666,-0.015087479102595445,10.174067890304382,13.391345565978341,12.499781494580553
2014-03-14,4197.49,4206.69,4166.12,4168.13,368543,197036,-0.007023998353318534,10.151446274382447,13.467356135125385,12.523975029095237
2014-03-17,4168.71,4227.99,4146.26,4203.24,308493,240577,0.008388162478807264,10.56894013432751,13.538544032144465,12.54000088409003
2014-03-18,4205.83,4261.66,4190.0,4253.31,364866,323931,0.011841846877401264,11.317224196416678,13.468581938638552,12.586123720523975
2014-03-19,4254.18,4265.11,4204.39,4229.43,350571,357629,-0.005630271134768549,11.319713323357426,13.489855982569953,12.586398862143433
2014-03-20,4228.85,4256.77,4209.86,4249.29,263321,371867,0.004684677951615281,11.321967399010632,13.340412337328988,12.56934331841862
2014-03-21,4247.85,4273.75,4182.81,4188.85,379137,372019,-0.014325676901894194,12.450291652585813,13.574787816473249,12.656801204100098
2014-03-24,4190.29,4209.57,4115.76,4156.62,400180,376859,-0.00772398923887664,12.454672167746137,13.673495453879724,12.67925526317535
2014-03-25,4159.5,4203.82,4133.6,4171.3,364849,378604,0.003525493809964071,12.553040441699881,13.675192899352245,12.68165413859396
2014-03-26,4169.86,4198.64,4110.29,4112.59,352854,379829,-0.014174737475601126,13.386492914631877,13.973818882701986,12.770333777122659
2014-03-27,4118.35,4126.98,4069.43,4091.3,443690,378229,-0.0051902323881449185,13.027126434558461,14.012503606248682,12.75196056505197
2014-03-28,4097.92,4145.4,4088.13,4101.37,313345,378229,0.0024582962749063585,13.121613470526631,13.982629474672903,12.728119749166295
2014-03-31,4112.3,4156.91,4112.3,4128.13,297696,368819,0.0065034556941834356,13.268633599196425,13.973902916056721,12.699257900905092
2014-04-01,4124.68,4204.68,4119.21,4201.8,265363,366450,0.01768848497593671,14.01192804169944,14.32593217707121,12.808128288050277
2014-04-02,4202.09,4222.81,4192.88,4211.01,239816,359425,0.0021895190024236737,13.982091736316296,14.299034072825368,12.776410302480745
2014-04-03,4211.01,4223.39,4154.32,4179.36,272222,355170,-0.007544399143535677,14.180006188880178,14.295296538369506,12.794247047363152
2014-04-04,4185.4,4210.44,4055.04,4072.02,613419,369504,-0.02601893393876268,16.6796923768967,15.25754488125641,13.070173775600896
2014-04-07,4074.32,4078.06,3999.5,4027.99,511929,378621,-0.010871698595929798,16.908425099221876,15.387772038407988,12.985360404567034
2014-04-08,4030.86,4070.29,4017.91,4061.66,400196,371616,0.008324264813796362,17.33416385593833,15.465083679002456,13.007030567014215
2014-04-09,4061.94,4137.34,4059.07,4133.6,332705,360839,0.01755694094545591,18.554676946660873,15.579525592838467,13.110548963386295
2014-04-10,4136.19,4143.38,3994.6,4005.83,528139,365831,-0.03139789799314037,20.89233491838386,16.454023760405317,13.304115487513455
2014-04-11,4011.58,4021.66,3950.0,3964.39,533678,360078,-0.010398802900265892,21.026662450727038,16.508451215728563,13.266033118004907
2014-04-14,3954.89,4011.58,3942.81,3994.6,383258,360051,0.007591451951502642,20.973750490478654,16.595790904661662,13.131368292030402
2014-04-15,3995.47,4030.0,3919.21,4018.78,597761,350317,0.006034924934771241,20.54227528435942,16.642949623738502,13.069885905996365
2014-04-16,4026.26,4057.05,4005.25,4030.58,269150,341347,0.0029319122148441863,20.612513711159238,16.5885323771223,13.036441529979603
2014-04-17,4035.18,4077.77,4020.22,4055.61,269150,336184,0.006190821621101079,20.68804450971326,16.62963061331429,13.012147160625295
2014-04-21,4057.63,4091.3,4048.13,4087.84,152229,331995,0.007915605372555477,20.483338795461002,16.71421859294787,13.004744749827521
2014-04-22,4090.72,4130.72,4081.51,4126.69,214083,328730,0.009458919661247029,20.667026870127632,16.154386055471285,13.032943192256377
2014-04-23,4126.12,4143.38,4081.8,4091.58,249723,333219,-0.008544429328034104,20.809555368813616,16.15963130476995,13.05294206199809
2014-04-24,4139.07,4164.97,4079.5,4126.41,393068,346927,0.008476576036517719,20.452711301071165,16.245791115189643,13.062725376866451
2014-04-25,4130.15,4132.16,4047.84,4063.96,330378,344011,-0.015249911853879196,21.1035965029961,16.471964886591735,13.131612202651738
2014-04-28,4070.29,4100.79,4006.4,4075.76,481343,347909,0.002899364662717962,21.11191937378764,16.396600482144922,13.116554069194736
2014-04-29,4076.62,4110.87,4063.38,4102.23,306700,348588,0.006473495917191397,21.11063900765004,16.434055743877764,13.112093560315966
2014-04-30,4094.75,4118.64,4073.74,4113.17,288746,347488,0.002663292466968517,20.058673787574083,15.629338082416258,13.0527940277965
2014-05-01,4117.48,4150.29,4110.0,4128.71,195192,345625,0.003770988758719356,20.100527687903188,15.597773546803491,13.013370709201002
2014-05-02,4131.87,4149.14,4108.85,4120.07,297575,349202,-0.0020948560052914235,19.95729910403003,15.599301277420995,13.011879886221974
2014-05-05,4124.68,4141.66,4084.1,4133.31,235364,349494,0.0032083852572934624,17.599523593493196,15.427916440974363,13.013712097497942
2014-05-06,4138.2,4148.28,4082.66,4087.56,260995,347243,-0.011130323750936907,17.622393204292585,15.058127772506932,13.060864187189713
2014-05-07,4087.56,4105.4,4025.97,4075.47,447227,351130,-0.0029621375494307154,17.43200653380855,15.026213671472508,13.064572677630041
2014-05-08,4074.03,4120.65,4050.15,4072.02,388610,351311,-0.0008468866377742632,16.176192640167205,14.882656678165935,13.054989178031647
2014-05-09,4067.41,4088.99,4040.94,4084.1,319908,346829,0.002962194973368472,11.449537450846579,14.879841692239687,13.056480709830762
2014-05-12,4085.54,4159.5,4084.39,4152.88,246729,358635,0.01670068365540903,11.912902039672327,15.207256408860214,13.148902042848015
2014-05-13,4157.2,4171.87,4147.99,4154.03,221779,360945,0.0002768779262918108,11.765854842163597,15.195501229969613,13.14843218763546
2014-05-14,4156.05,4161.23,4124.68,4139.64,234686,356683,-0.003470119848038267,11.81255794389874,15.186224130010494,13.154153029855145
2014-05-15,4143.1,4151.73,4075.18,4101.66,398709,355894,-0.009217057716504372,12.387884145744774,15.25774310533662,13.170410277532099
2014-05-16,4101.94,4131.87,4078.35,4124.1,294611,356761,0.005456044345305094,12.348741513788552,15.270164588649001,13.178673204573169
2014-05-19,4128.71,4164.1,4104.25,4159.21,221042,362085,0.008477338229652367,12.392977346186381,15.373939137824797,13.20186360298336
2014-05-20,4156.91,4171.3,4126.12,4139.93,297810,353127,-0.0046462729112822865,12.103762800098009,15.337789171720445,13.191215137318766
2014-05-21,4142.81,4185.11,4136.19,4182.52,257181,361435,0.01023505621474149,12.148061788633296,15.49165265063456,13.220660922324926
2014-05-22,4180.22,4212.74,4179.93,4199.21,217632,363084,0.003982476662640723,11.888037375632422,15.494948574419148,13.224381025304574
2014-05-23,4199.5,4232.59,4196.05,4230.29,167143,342528,0.007374136268722087,10.442737921255043,15.491814009694767,13.237617933136193
2014-05-27,4234.9,4285.55,4233.17,4283.53,203564,345104,0.012506887388150891,11.088680416342532,15.701311040652588,13.285054003379896
2014-05-28,4282.67,4293.89,4267.7,4277.49,218210,345582,-0.001411047048637571,11.065803625269485,15.630441184275586,13.280928774514381
2014-05-29,4277.78,4301.95,4274.32,4299.93,184922,349932,0.0052323545299089065,11.12084038042463,15.439445378685834,13.243794967096257
2014-05-30,4299.65,4305.69,4276.62,4299.93,214382,350834,0.0,11.13164996757429,15.426921277514888,13.243804000754261
2014-06-02,4299.36,4306.84,4267.42,4290.73,225591,356444,-0.002141861863265221,11.133973367331112,15.429444898132974,13.239590027261569
2014-06-03,4291.3,4300.22,4275.19,4294.47,183988,356791,0.0008712668864066516,11.132054498899665,15.39735917873109,13.173081092645342
2014-06-04,4296.77,4315.76,4275.19,4308.86,188803,356936,0.0033452194485771567,10.012128581773236,15.4107037510733,13.17229693723534
2014-06-05,4309.14,4353.46,4298.21,4346.84,283290,354530,0.008775776366970186,10.008569317912613,15.469272699077004,13.161086716588397
2014-06-06,4348.28,4374.47,4346.27,4371.88,200419,349373,0.005743978209175543,9.92618407929544,15.48025041807086,13.169370254707207
2014-06-09,4374.18,4377.63,4354.61,4366.99,148831,345909,-0.0011191379458400288,10.063162554389455,15.143340881550621,13.140853710491196
2014-06-10,4365.55,4377.63,4356.63,4374.76,154780,344533,0.001777676562744812,8.74485731264011,15.059791774462465,13.045705051957402
2014-06-11,4376.48,4379.65,4350.58,4372.17,203579,335253,-0.0005922077976375558,8.780878906298655,14.978927137060309,12.978207789049739
2014-06-12,4371.3,4381.66,4318.35,4341.09,295542,288755,-0.007133984711731183,9.200809882975413,14.878198436420096,12.97825112579206
2014-06-13,4343.1,4357.78,4328.14,4346.27,158900,241529,0.0011925373448074088,8.142295886686748,14.826867354073164,12.950467279496964
2014-06-16,4346.29,4365.33,4326.96,4352.64,257421,229068,0.0014645515676308494,8.099023498462444,14.80229027270547,12.93116206091492
2014-06-17,4352.92,4368.21,4341.67,4352.35,263920,294747,-6.662845106244362e-05,7.854358662324394,14.481362523930871,12.877010245456752
2014-06-18,4353.5,4384.65,4332.44,4379.46,277906,335114,0.006209500002552461,7.524941783100101,14.419111435458195,12.594578406755039
2014-06-19,4378.31,4388.11,4354.65,4371.67,218554,338706,-0.0017803419804322343,7.152433614203536,14.41838208262341,12.581846623461754
2014-06-20,4368.21,4383.79,4366.77,4376.58,158922,339003,0.001122510334195371,7.130527002057022,14.077405897432326,12.55288437821247
2014-06-23,4375.42,4392.73,4367.35,4378.02,161444,339092,0.0003289699159269532,6.869000004867462,14.018445980802937,12.547123067393864
2014-06-24,4375.13,4416.67,4362.73,4378.02,281591,342540,0.0,5.576139817889519,14.017541627173497,12.524813030336748
2014-06-25,4375.42,4411.48,4364.75,4401.38,249821,349991,0.005321560727986718,5.686501905882642,14.000120710953809,12.523430719786944
2014-06-26,4399.07,4409.75,4371.67,4404.56,239390,345887,0.0007222397922840055,5.50884629532684,13.56484996329756,12.52338943892713
2014-06-27,4403.98,4427.92,4393.59,4420.71,182900,351743,0.003659948767060103,5.555910890168566,13.574694441441673,12.518492669398643
2014-06-30,4420.71,4443.5,4416.38,4431.09,154827,350062,0.002345286779597219,5.404355954985599,13.465596735661368,12.51868511558678
2014-07-01,4438.59,4493.4,4436.0,4482.15,195635,358590,0.01145723856767251,6.422939055636282,12.405373096473651,12.557276658285138
2014-07-02,4483.01,4495.7,4480.13,4487.92,150116,357758,0.0012865007287168166,6.413213762008538,12.130512631031094,12.544245794879513
2014-07-03,4488.78,4520.51,4486.19,4517.91,121416,359296,0.00666015477909474,6.157176044439164,12.097044304186134,12.556669318606732
2014-07-07,4517.91,4519.07,4495.13,4504.65,175431,358826,-0.0029393009404504664,6.215000547601008,11.676866975266698,12.556349700894131
2014-07-08,4505.51,4507.53,4431.96,4457.34,331375,360486,-0.010558021037021236,7.50994494734774,9.805313353432235,12.594384806709314
2014-07-09,4457.63,4489.07,4449.55,4483.01,244551,367977,0.0057425202687308675,7.6923824912911805,9.502323327732807,12.466238220838255
2014-07-10,4484.17,4487.63,4420.71,4469.46,317254,374883,-0.0030270998611398752,7.816113870228469,9.486960295949027,12.47189017034834
2014-07-11,4470.03,4498.59,4467.15,4496.86,200877,372835,0.006111779479481837,7.366539333078437,9.488413656847834,12.479911212382712
2014-07-14,4497.43,4535.22,4497.15,4521.95,163878,361774,0.00556394130197225,7.484151121107869,9.516246985645079,12.487378608015272
2014-07-15,4525.7,4538.39,4476.67,4514.16,332223,357732,-0.0017241936917259683,7.598076340870493,9.5026647646431,12.488967819860195
2014-07-16,4518.78,4547.05,4514.74,4525.7,215286,359831,0.0025531382717515552,7.568565503547088,9.41807888260465,12.437806253792786
2014-07-17,4521.66,4531.47,4452.73,4472.05,380375,360880,-0.01192534485019318,8.845582468152623,9.681188456899777,12.501242139332893
2014-07-18,4465.71,4540.99,4446.67,4534.64,291934,370708,0.013898781366122319,9.87239571198775,9.794456280698576,12.567962720397857
2014-07-21,4533.78,4539.26,4510.99,4529.45,219804,362961,-0.0011451785159228452,9.926617690308092,9.708808839884087,12.543414499730323
2014-07-22,4528.01,4568.39,4527.14,4558.01,198837,362396,0.006285605445518824,10.040705895306102,9.10098327340345,12.538990477458633
2014-07-23,4551.37,4595.79,4550.8,4586.85,209511,366165,0.0063073892027057,10.122153610524812,9.143474103350025,12.550130594803102
2014-07-24,4589.74,4605.02,4573.01,4582.53,209687,364520,-0.0009422666133659154,10.12080785865285,9.113686979905914,12.538768596455208
2014-07-25,4572.14,4575.31,4543.01,4563.78,210231,363764,-0.0041000198475388975,10.344880613830313,9.192817966419046,12.546502886541747
2014-07-28,4562.05,4580.8,4533.2,4568.97,210316,367655,0.0011365690637977746,10.322669604670171,9.18371769605545,12.534290680405045
2014-07-29,4567.24,4589.16,4555.7,4560.03,219908,372950,-0.0019585941193752394,10.39696871662949,9.181362088982631,12.53648821859215
2014-07-30,4565.8,4595.51,4561.18,4578.78,275028,375817,0.004103384643952886,9.765187548771486,9.189508391518244,12.510354517253713
2014-07-31,4579.06,4580.8,4478.69,4482.15,423444,368623,-0.021329745075111952,12.589173399696513,10.000004972095882,12.691690441707
2014-08-01,4488.78,4501.18,4439.17,4468.88,462507,369442,-0.002965024074723362,12.368971731347225,10.000060445340306,12.697181004561145
2014-08-04,4468.59,4517.91,4461.96,4495.99,250762,361149,0.0060480704434886685,12.548393304728439,10.029680192663024,12.690481967841617
2014-08-05,4493.68,4500.03,4444.07,4467.15,356543,360466,-0.006435266999815033,12.172207040561744,10.161242048575973,12.710831696917287
2014-08-06,4470.32,4489.65,4432.82,4463.69,292468,362448,-0.0007748431666248445,11.990699551830215,9.663162366350894,12.709031901648665
2014-08-07,4464.26,4491.09,4431.38,4449.84,329596,355587,-0.003107637747617622,11.993237668314185,9.701831933426384,12.70426529988532
2014-08-08,4448.4,4484.45,4414.94,4469.17,315422,353242,0.004334568582187403,11.884895839998642,9.67501826164883,12.706413543872324
2014-08-11,4469.74,4520.22,4469.46,4505.51,178453,350189,0.008098383142222196,12.083390598864314,9.522445612341377,12.72296325628877
2014-08-12,4508.4,4519.64,4480.42,4503.78,220589,343433,-0.0003840480262627115,12.070063226841095,9.495701904802159,12.712562994369142
2014-08-13,4506.66,4556.85,4502.34,4552.53,201984,353129,0.010766078210027763,12.649048711976164,9.57908212278446,12.62448484320452
2014-08-14,4553.39,4585.99,4545.32,4578.2,176296,355362,0.005622785392022269,11.91267414289784,9.528430558333294,12.632232385267978
2014-08-15,4583.97,4608.77,4554.26,4597.81,362617,353598,0.004274195397382445,11.00426551330071,9.376866930680192,12.636218871916752
2014-08-18,4604.74,4637.62,4604.74,4630.41,159348,355747,0.007065313920181557,11.20656671236087,9.431758592579769,12.648493031409345
2014-08-19,4634.73,4661.85,4633.29,4654.64,151276,356804,0.005219154447464234,11.147381657507635,9.385922492364484,12.635251389994421
2014-08-20,4657.23,4668.77,4648.29,4660.69,163157,358466,0.0012989343052031844,10.974452096553058,9.106179193411466,12.580659561103397
2014-08-21,4660.98,4671.66,4652.91,4669.92,145148,360894,0.0019784350670912347,10.961969488408062,9.087862258683622,12.570007820817958
2014-08-22,4670.21,4685.5,4657.23,4678.29,211674,360249,0.0017907176318571476,10.800670142268839,9.054199152967552,12.569740099574183
2014-08-25,4681.46,4705.69,4680.6,4688.39,168702,359167,0.002156581395854125,10.805453938650022,9.050686159535697,12.39170312260388
2014-08-26,4689.25,4702.52,4686.37,4698.48,147208,357100,0.0021498122134581883,10.73984003213769,9.020797821964297,12.390908328230633
2014-08-27,4699.92,4703.96,4688.39,4699.06,128378,360979,0.000123436559086084,10.704520674806254,9.024371426911836,12.377592001820497
2014-08-28,4697.62,4703.1,4678.0,4695.6,166452,364625,-0.0007365886911158266,6.665011170433152,9.027505230342065,12.362758645041314
2014-08-29,4702.23,4714.35,4686.65,4709.73,167836,367799,0.0030046815222004486,6.3666222097265495,8.903625869290305,12.360265571336566
2014-09-02,4705.98,4725.88,4702.81,4721.27,195212,363550,0.0024472496573962124,6.236797260446523,8.859444571052947,12.29843921515195
2014-09-03,4722.13,4746.36,4687.23,4697.9,265476,363891,-0.004962230845118025,5.9750566103165275,8.93857656547324,12.31279497484433
2014-09-04,4697.9,4731.65,4680.02,4695.02,276115,367554,-0.0006132278546502549,5.96350700169468,8.9456023742044,12.313791686984775
2014-09-05,4698.48,4720.69,4675.12,4714.92,283624,363936,0.004229576313226041,5.601896127235843,8.95942781865244,12.274751113802909
2014-09-08,4714.92,4736.27,4702.23,4722.42,207652,354201,0.001589431254767229,5.592956297282101,8.787147426744744,12.266201229035246
2014-09-09,4721.84,4742.61,4676.56,4691.27,386107,346794,-0.006618045355983853,6.1411669022370985,8.939618444008095,12.287805819746527
2014-09-10,4690.69,4726.17,4678.29,4722.42,257236,341770,0.006618045355983994,6.2790240784890194,9.0064711527028,12.29954772230235
2014-09-11,4722.42,4727.04,4684.35,4720.11,307246,292556,-0.0004892756594012789,5.506474237323129,9.009744471218225,12.300378693537457
2014-09-12,4726.46,4726.46,4680.6,4695.6,184358,215685,-0.00520620438842036,5.842707190957731,9.050519542519309,12.241945051964894
2014-09-15,4695.61,4715.31,4648.09,4665.47,379764,266645,-0.006437320529937444,6.328241200443953,9.164778201421623,12.248674753378472
2014-09-16,4666.63,4712.99,4640.85,4703.43,377333,347447,0.008103450292547451,6.475100626027448,9.27700910299216,12.22131628674937
2014-09-17,4700.82,4733.27,4681.41,4711.54,320715,382718,0.0017227887090184057,6.2731380492152224,9.275814505360588,12.21937382417001
2014-09-18,4718.21,4751.53,4706.62,4747.76,225943,390999,0.00765810937700118,6.753807595092362,9.365009833559071,12.223612990474605
2014-09-19,4750.37,4773.55,4724.0,4743.71,279619,381893,-0.0008533978921699899,6.770035418837575,9.338661290660669,12.220419281313184
2014-09-22,4742.26,4742.55,4677.35,4697.06,295630,377487,-0.009882748904285093,7.738582668684281,9.613052391824924,12.269200294852507
2014-09-23,4687.49,4706.62,4667.79,4678.8,276929,377691,-0.003895114279989701,7.833237448558769,9.650783645762537,12.26823625412705
2014-09-24,4672.72,4740.23,4671.85,4737.62,278357,385525,0.01249323310863875,9.00107160372855,9.933584245110618,12.302023379720561
2014-09-25,4734.72,4738.49,4633.89,4644.61,442898,375555,-0.0198274924108494,11.520165027794759,10.589771556143312,12.476828959033346
2014-09-26,4641.71,4694.45,4637.95,4688.94,309995,374902,0.009499136628066172,12.06223634659536,10.745338193329653,12.495215122750638
2014-09-29,4688.94,4695.32,4633.6,4677.06,350305,368657,-0.0025368367224393703,12.035186901630595,10.693741112436774,12.456451306703737
2014-09-30,4675.04,4710.96,4664.03,4687.78,334467,377882,0.0022894154480667937,12.030454288880192,10.673976619444153,12.452566514044273
2014-10-01,4677.93,4689.23,4595.94,4615.64,435753,377799,-0.015508586282832987,13.100864222995359,10.941157377281744,12.504879483159915
2014-10-02,4614.48,4630.13,4552.18,4610.42,439789,374840,-0.001131577413761381,13.10073927815552,10.893256336598375,12.47272108454387
2014-10-03,4606.37,4676.19,4601.73,4654.46,286084,377543,0.009506940554252583,13.503044987964245,11.023615572999434,12.461678966493013
2014-10-06,4656.49,4682.86,4631.57,4644.03,338251,373084,-0.002243375940456135,13.487444394415482,10.980545129900005,12.333047758151745
2014-10-07,4637.66,4647.8,4575.65,4585.21,383802,374886,-0.012746617576812192,14.001495945356583,11.260134383947685,12.391330708341725
2014-10-08,4582.03,4684.31,4555.66,4671.27,466944,371607,0.018595077131335253,15.452346973161967,11.863246455277576,12.381185022684132
2014-10-09,4669.53,4691.26,4574.49,4601.44,595699,370676,-0.015061685332199351,16.28859186355836,12.27944146778454,12.451844635007077
2014-10-10,4575.65,4597.67,4463.23,4465.55,675542,378533,-0.029976910951876976,19.195663689256076,13.538337398543918,12.815498375666301
2014-10-13,4460.33,4503.51,4395.43,4402.39,636045,376473,-0.01424481176099358,19.603169208375522,13.530720923788067,12.899787703824058
2014-10-14,4401.81,4465.26,4396.01,4417.74,602322,365297,0.003480677835190946,19.32566577803585,13.554392408124954,12.886402378407169
2014-10-15,4431.65,4440.63,4278.08,4348.49,831107,358242,-0.01579959470626074,19.73820763139168,13.840652903492387,12.947192054901063
2014-10-16,4347.33,4388.48,4269.68,4336.32,695840,344184,-0.002802596249271467,19.261602942831345,13.76700842377597,12.896744894800444
2014-10-17,4343.86,4451.06,4336.9,4408.76,477901,325566,0.016567408629955132,20.64580254360597,14.226667213755304,12.99380136246909
2014-10-20,4417.74,4500.32,4396.3,4480.62,315481,321555,0.016167958926461622,21.65099789491556,14.617392280108154,13.08818667584259
2014-10-21,4497.13,4608.1,4457.44,4602.89,382276,322484,0.026922937382747505,23.99739630936726,15.6452625687387,13.340232061693701
2014-10-22,4601.73,4616.22,4565.8,4577.1,343470,318216,-0.005618757286247005,23.521398258867325,15.683999290347938,13.327714097985977
2014-10-23,4574.49,4664.6,4565.8,4642.0,348130,318972,0.014079698047116153,23.13621612469444,15.925195498045694,13.395544993358882
2014-10-24,4630.99,4680.54,4601.73,4676.19,288628,319557,0.007338367951752803,23.03067583566948,15.340635701957032,13.410391159016468
2014-10-27,4677.35,4693.58,4646.93,4680.25,275993,320579,0.0008678515022426219,23.015309054972597,15.321555013934546,13.410295860561167
2014-10-28,4683.44,4751.53,4679.67,4744.86,258879,327353,0.013710399578543553,23.515365287041373,15.513558771212915,13.472330968282265
2014-10-29,4729.51,4747.47,4699.37,4719.66,340712,327531,-0.005325163780191054,22.85850107896889,15.492800337913836,13.464295951658919
2014-10-30,4719.66,4754.72,4685.76,4739.65,366986,338150,0.004226530213662657,22.86780148361818,15.50338234243053,13.468243286824622
2014-10-31,4741.97,4825.41,4739.94,4810.35,313263,329860,0.014806553224929839,23.19260311221869,15.733653193054984,13.539904393937105
2014-11-03,4810.06,4837.29,4800.5,4818.17,215040,336566,0.001624341377369017,23.147140625349937,15.721113543964,13.540106691213055
2014-11-04,4818.46,4826.28,4774.71,4802.23,259945,339874,-0.003313794558799541,22.594281529432994,15.68280017113973,13.545168279068232
2014-11-05,4803.68,4840.19,4790.93,4801.07,270149,340248,-0.0002415836234713793,21.76806777715563,15.682265889928388,13.427220942087134
2014-11-06,4803.1,4829.47,4786.88,4824.54,233284,347485,0.0048765837202606015,20.90527958238872,15.572727011492365,13.384384761406135
2014-11-07,4826.57,4844.25,4793.54,4810.64,229702,342860,-0.002885262059000213,17.235728922732186,15.561698158080711,13.386910075591963
2014-11-10,4812.95,4842.8,4802.81,4833.24,164939,347190,0.0046869188276005185,15.874610778343612,15.565834245550306,13.39059240607711
2014-11-11,4833.53,4851.78,4823.67,4848.3,134501,346258,0.003111077813426108,15.87882024926874,15.519229324413896,13.353066992110655
2014-11-12,4848.3,4866.27,4828.89,4863.08,202720,351853,0.0030438539963316734,13.952051575380514,15.498961094621666,13.353859782377043
2014-11-13,4860.18,4899.01,4857.86,4873.51,295015,356049,0.00214243466952971,13.664887968626463,15.501247154483458,13.35417602692304
2014-11-14,4871.48,4897.56,4862.79,4893.21,218493,355670,0.004034113134519947,13.071158098373026,15.513957808250685,13.316476350939983
2014-11-17,4894.66,4896.11,4857.86,4881.91,230967,356505,-0.002311993107706557,12.656314189263338,15.525304186711908,13.315956789846133
2014-11-18,4883.07,4924.22,4871.19,4911.76,213476,363065,0.006095792983057309,9.475801954835267,15.56192649935863,13.321113119729569
2014-11-19,4912.05,4916.97,4872.64,4895.24,235757,362217,-0.003369025313678128,9.226997411073675,15.582200478524063,13.296526582098922
2014-11-20,4895.24,4923.64,4869.74,4919.87,214465,370124,0.005018802988277326,8.349655993074737,15.606959298954706,13.29415510564978
2014-11-21,4920.45,4965.65,4911.18,4924.8,285753,371373,0.0010015572715214292,8.20531851176769,15.603879777703364,13.293017923143532
2014-11-24,4925.38,4968.26,4923.35,4962.75,158380,370319,0.007676357915718459,8.370053723792974,15.661411131481495,13.303099633005269
2014-11-25,4962.75,4987.38,4956.67,4974.92,169153,366181,0.002449267501113489,7.337213542323297,15.66141980478451,13.29352885496982
2014-11-26,4976.66,5011.14,4972.6,5004.19,135750,366762,0.005866271428882202,6.8395429571838795,15.646339414482386,13.294996854783095
2014-11-28,5010.85,5039.25,4998.1,5027.94,134101,367350,0.0047347959744383295,6.854714739092224,15.660400174735429,13.298754043065724
2014-12-01,5019.25,5024.76,4952.9,4967.97,324373,371569,-0.011999051516973735,7.29612598988086,15.875420926002842,13.358501139938525
2014-12-02,4968.55,5000.71,4966.23,4989.99,226496,377153,0.0044225997878011535,7.364045933204956,15.89150444565129,13.362827497552729
2014-12-03,4992.89,5006.79,4969.13,4995.78,190809,367096,0.001159650312166328,7.123158678227334,15.813705881510568,13.361389329922787
2014-12-04,4997.52,5016.64,4975.79,4999.26,248733,366805,0.0006963454154502046,7.092149728376369,15.771130148280005,13.346115923688368
2014-12-05,4998.68,5014.62,4986.8,4998.97,199234,367323,-5.801026783365964e-05,7.044919315559918,15.76969732465407,13.342381515636983
2014-12-08,5000.13,5007.08,4936.1,4959.28,320418,372509,-0.00797132230359239,7.692771713312658,15.825934128469566,13.370864809298762
2014-12-09,4963.62,4981.88,4887.13,4972.89,339492,376658,0.002740591133366371,7.617203491955003,15.755544589872079,13.299118786322007
2014-12-10,4972.89,4981.59,4889.74,4899.01,382192,362384,-0.014968016155700866,9.54544835529908,16.02244884107799,13.387966643790433
2014-12-11,4900.46,4981.3,4891.19,4910.02,422615,315016,0.0022448712306298167,9.521615679674136,16.0242586448937,13.387944380212083
2014-12-12,4905.96,4931.17,4853.81,4855.55,245579,243486,-0.011155634517978161,10.347931210234004,16.138174142283297,13.4367744900483
2014-12-15,4855.52,4912.67,4804.76,4827.1,549934,247589,-0.005876507334819008,10.40984034164615,16.187252026435132,13.448970519333564
2014-12-16,4829.42,4861.33,4734.85,4737.75,639787,330358,-0.018683533800309394,12.215687031558073,16.52054324174631,13.526688036068535
2014-12-17,4743.56,4841.89,4735.72,4826.23,509046,347199,0.01850328511879611,13.91458227139811,16.91955848334121,13.63488624897834
2014-12-18,4826.23,4957.34,4815.49,4946.32,386503,349372,0.024578241169234086,16.53975302768189,17.4576345636055,13.80355495893833
2014-12-19,4952.7,4994.47,4937.61,4969.23,290155,344646,0.004621032775433079,16.52599702913879,16.94000402740826,13.783215625836572
2014-12-22,4968.36,4990.7,4961.4,4979.67,164830,341652,0.0020987252524486857,16.53500760662316,16.85142824214054,13.783715873630587
2014-12-23,4980.83,5003.17,4959.95,4963.72,148403,340008,-0.003208164153312396,16.36367708477416,16.858011167584632,13.787023223850166
2014-12-24,4963.72,4987.51,4961.98,4968.94,46180,337549,0.0010510780557417571,16.343545189520235,16.855848874214605,13.781263974329693
2014-12-26,4968.36,5014.77,4968.36,5001.14,61111,335921,0.006459348762926717,16.373397345951744,16.536732198082333,13.791571063140987
2014-12-29,5006.65,5013.32,4987.22,5002.01,102425,334200,0.00017394520769834613,16.27709907200552,16.53057175624763,13.785083176945626
2014-12-30,5008.1,5010.13,4958.79,4969.23,110089,334511,-0.0065749331255030765,15.866900128812272,16.520540507099053,13.783522724019834
2014-12-31,4969.52,4995.05,4905.71,4911.22,146914,334463,-0.011742515080905245,16.302573993078674,16.715964624664007,13.813833600666284
2015-01-02,4919.92,4957.63,4874.38,4889.75,229555,341734,-0.004381206011850448,16.333049115964016,16.510227065020654,13.81555511682038
2015-01-05,4891.78,4897.29,4809.4,4828.84,313771,340477,-0.012534904246862348,16.811250982937377,16.330648315977633,13.85603858451965
2015-01-06,4834.35,4841.31,4736.3,4759.8,426154,335823,-0.014400622634752476,17.382766796064335,16.30419163454918,13.932958915354337
2015-01-07,4763.57,4830.58,4760.38,4816.94,328184,321125,0.011933221131227297,17.970400501133984,15.174256125777458,13.968660420932604
2015-01-08,4817.81,4922.82,4817.81,4910.64,272056,317926,0.01926540785917385,19.383959205357744,15.265344608456724,14.089401571537067
2015-01-09,4910.64,4934.13,4851.17,4874.09,341966,315518,-0.007470859185523285,18.82300186423617,15.379055556091565,14.027759963973205
2015-01-12,4874.67,4905.13,4816.36,4834.35,319438,314915,-0.008186736892119417,19.00260810844042,15.086723250774742,13.94634478945063
2015-01-13,4837.83,4928.62,4788.23,4825.07,476645,316648,-0.0019214410089006355,18.612354486824863,15.076405273143934,13.934771957930256
2015-01-14,4824.49,4837.54,4757.77,4809.98,450812,312406,-0.003132316352866001,18.52889866040713,14.788938172075738,13.939104002142066
2015-01-15,4812.3,4861.62,4717.74,4744.43,456035,311783,-0.013721627707629276,17.94615894897683,14.78716083504671,14.008756420561996
2015-01-16,4725.28,4801.86,4689.31,4796.64,359021,313517,0.010944374402214073,17.09690638768236,13.926104541998633,14.033215071298091
2015-01-20,4802.15,4844.5,4767.63,4834.93,347445,305422,0.007950978234714521,14.743739750242751,13.94132211232596,14.050577182554019
2015-01-21,4833.77,4879.31,4800.12,4853.2,327200,306658,0.00377163016141444,14.702754069755347,13.68318496544665,14.051966453369868
2015-01-22,4854.36,4953.28,4832.03,4948.35,338354,308168,0.019415906483780408,16.40194369285264,14.147860437126106,13.978681058194528
2015-01-23,4949.22,4973.29,4931.52,4950.96,227200,306991,0.0005273094913639494,16.368127866841885,14.148109666589157,13.948536848555174
2015-01-26,4930.65,4964.01,4909.77,4953.57,187612,306679,0.000527031582601771,16.364174639416976,13.895459459446755,13.947859076136716
2015-01-27,4950.67,4955.6,4806.79,4847.11,363818,301294,-0.021725877697427776,17.84460825670316,14.589271776639121,14.102846503473224
2015-01-28,4880.18,4913.25,4779.81,4785.33,363115,303766,-0.012827663011752094,18.268411165650402,14.817286904664703,14.148145610050333
2015-01-29,4786.2,4872.93,4752.26,4856.68,358572,296544,0.014800088858281105,19.14622784245966,14.817014035095116,14.216325412332756
2015-01-30,4877.28,4882.5,4798.96,4805.05,345604,299482,-0.010687628707049349,19.072308876700195,14.978988662090304,14.040170769042385
2015-02-02,4807.66,4859.29,4740.36,4856.39,353848,302764,0.010627915351727826,19.469075279007065,15.120887721177507,14.063689986353573
2015-02-03,4850.88,4899.61,4833.48,4892.07,283374,301453,0.007320163251487756,19.09190414104594,15.19098468100045,14.076215756622975
2015-02-04,4882.21,4923.11,4858.71,4877.86,269497,302279,-0.0029089277037300924,18.310097500317834,15.174870156126453,14.035799361112748
2015-02-05,4862.78,4936.74,4851.75,4928.33,200569,306162,0.010293589180060849,18.191785500704235,15.300879539643287,13.933606514724243
2015-02-06,4932.39,4952.41,4884.53,4905.13,253335,311741,-0.004718592041024145,16.974235967052895,15.309811340895923,13.936205093792406
2015-02-09,4903.97,4910.35,4874.96,4889.75,198223,308727,-0.0031404187984109297,16.79196794117093,15.313449908261159,13.91124402697449
2015-02-10,4895.26,4970.68,4885.98,4961.4,225792,314326,0.014546781538548891,17.22650282951574,15.585590096651151,13.978663770217176
2015-02-11,4964.01,5014.77,4955.6,4985.19,207031,315492,0.004783558056458617,17.224766627555006,15.608064923227568,13.968982632779062
2015-02-12,4999.11,5043.2,4972.71,5041.17,219353,319293,0.011166680968938792,17.446560800508458,15.747261550575239,14.007086259312556
2015-02-13,5038.85,5084.39,5036.53,5078.59,190386,324644,0.007395466009192325,16.448664968139497,15.798897919554392,14.019688214893023
2015-02-17,5074.53,5091.93,5064.09,5084.1,194620,329855,0.0010843586766701194,16.219868703374658,15.758559940044234,14.005194083043015
2015-02-18,5087.29,5097.73,5074.82,5089.03,146465,332160,0.0009692199718141454,16.12111391350315,15.737253338322601,13.999757243742378
2015-02-19,5093.96,5125.29,5077.43,5120.65,168236,338403,0.006194141461437242,16.168107126674297,15.753034392583457,14.007832091099278
2015-02-20,5124.13,5157.49,5100.63,5149.37,235154,339745,0.0055929929770704755,14.970807262011594,15.785273552097514,14.004826161688152
2015-02-23,5151.4,5162.42,5139.79,5156.91,133132,339431,0.0014631858139321746,14.96235477278114,15.719936619901173,14.004845202159983
2015-02-24,5157.78,5169.96,5136.6,5163.58,163047,343076,0.00129257446664987,14.954568214863983,15.716036135258266,13.99660425427149
2015-02-25,5162.42,5176.05,5139.21,5147.92,173941,350611,-0.0030373877786100015,12.233182947802037,15.695011416356602,13.985442977057355
2015-02-26,5149.95,5180.4,5141.24,5176.92,193611,351195,0.005617535237735316,10.725002103617616,15.706290416172092,13.991722988735072
2015-02-27,5175.47,5178.08,5145.89,5154.59,173304,349045,-0.0043227049620254586,10.29447501907288,15.52337116222786,13.97807656230929
2015-03-02,5159.81,5201.87,5158.94,5194.62,185330,353206,0.0077358947455190095,9.053484963262875,15.572858349835734,13.941546069273578
2015-03-03,5196.94,5196.94,5142.99,5170.83,198589,348766,-0.0045902573978318486,9.163952083861119,15.609673490567163,13.949997944481712
2015-03-04,5172.86,5172.86,5127.61,5156.62,210995,348504,-0.002751891118829983,9.251141387449461,15.624508334078888,13.95230901034567
2015-03-05,5156.62,5180.4,5143.28,5162.71,185176,345593,0.001180309323766957,9.037632164881067,15.624624465337856,13.941239153705151
2015-03-06,5165.03,5175.47,5092.8,5111.08,296605,343471,-0.010050903248098568,9.674372732955755,15.678712312938615,13.983500105606486
2015-03-09,5118.91,5133.99,5095.7,5120.94,217756,346632,0.0019272837723179855,9.361130329023592,15.67463902674819,13.971501670824365
2015-03-10,5122.97,5123.55,5022.32,5025.51,313249,339165,-0.018811074617712482,11.85646252340093,15.855249994865517,14.102393014885148
2015-03-11,5028.99,5044.36,4994.18,4997.95,260964,323420,-0.00549911297131419,11.00621564951348,15.896657290818924,14.026689419325022
2015-03-12,5003.75,5035.08,4987.8,5024.93,269241,256028,0.0053836951387329695,11.040165550092567,15.74844668736037,14.012868127611616
2015-03-13,5026.09,5044.36,4975.61,4999.4,218259,207243,-0.005093618266328312,10.428178384652664,15.735567708822762,14.003844363414128
2015-03-16,4999.4,5068.77,4984.01,5053.67,245966,213475,0.010796806784691679,10.828320503488484,15.34883445801698,13.995815662633577
2015-03-17,5048.16,5082.7,5040.9,5074.28,260406,289115,0.004069930923679916,10.928366585227824,14.92813072578022,13.98536580380182
2015-03-18,5074.28,5148.3,5033.94,5132.04,316293,319459,0.011318598013387545,11.655522438393175,14.259737709945206,14.020174530377927
2015-03-19,5136.11,5149.17,5121.88,5134.07,228573,324826,0.00039547599362510765,11.454584185399632,14.235300142482213,13.937580798389925
2015-03-20,5130.3,5192.42,5126.82,5163.39,210568,329332,0.005694623574002518,11.4610668328849,14.271105596591841,13.919490603526343
2015-03-23,5164.84,5179.65,5150.33,5151.2,149739,330021,-0.0023636432810741795,11.482768568368536,14.262517475999356,13.920667461456047
2015-03-24,5150.91,5179.35,5136.69,5142.2,184226,334708,-0.001748693783093538,11.486162662146745,14.27042501695368,13.840663259678616
2015-03-25,5142.49,5153.23,5015.65,5019.71,320355,328101,-0.024108840348096724,14.272159833678414,15.083604094665468,14.05352126331277
2015-03-26,5023.78,5028.42,4957.6,5004.91,356229,323346,-0.0029527325231230284,14.046765336111132,15.096216361892989,14.057629464149734
2015-03-27,5007.52,5031.32,4989.24,5022.33,209529,316563,0.003474538861167412,14.125360656590999,15.049411141985486,14.04847086980016
2015-03-30,5024.36,5087.34,5010.72,5076.6,202012,320860,0.010747776727682352,14.41831157691808,14.994292703584403,13.98106959259231
2015-03-31,5073.7,5080.38,5016.52,5026.68,224928,319710,-0.009882019748296826,14.70532079828944,15.113497221750968,14.021021560174617
2015-04-01,5017.68,5032.19,4944.83,5007.52,311506,325114,-0.003818943869229522,14.723067122375777,14.897411480384806,14.003808116753724
2015-04-02,5011.88,5016.81,4979.08,5000.85,168845,324390,-0.0013328845731089194,14.69012158510306,14.572360455522071,13.743624410866376
2015-04-03,5000.27,5008.39,4948.31,5000.85,175965,322489,0.0,14.35191742445871,14.38782128991464,13.693260829546961
2015-04-06,4951.79,5056.0,4951.21,5041.48,154026,322937,0.008091791784234562,14.686722739410882,13.944908631419473,13.69199909437335
2015-04-07,5038.58,5076.31,5027.55,5031.9,171692,319681,-0.0019020433832904985,13.071273767566078,13.85642561322544,13.590915968687753
2015-04-08,5033.36,5084.44,5024.36,5079.22,225547,322108,0.009360060107641791,13.2948368119982,13.851522699904665,13.225219471889302
2015-04-09,5082.99,5109.98,5053.67,5107.66,201439,320267,0.005583667205318058,13.304154355118925,13.873376244917463,13.183703373985797
2015-04-10,5107.37,5127.11,5091.99,5125.66,126565,321642,0.0035179235211398553,13.147011098278059,13.856757391394185,13.169469882939794
2015-04-13,5125.95,5156.71,5107.95,5112.31,171930,328996,-0.002607940356633899,12.709353887713021,13.533830755644011,13.164597069587272
2015-04-14,5114.92,5125.37,5069.93,5105.92,220750,330389,-0.0012507060093522216,12.655614625807374,13.390524716354463,13.16496273710716
2015-04-15,5108.82,5142.2,5095.47,5133.78,170496,334990,0.005441579098280946,12.139022247117595,13.345017069859724,13.162156436844649
2015-04-16,5139.01,5142.78,5106.21,5126.24,162971,336852,-0.001469782974568168,12.1493600705404,13.34174527696051,13.145557283795512
2015-04-17,5127.4,5128.85,5020.29,5049.32,302065,324519,-0.015118866223178025,13.051002924362837,13.172168142514781,13.215123919357888
2015-04-20,5058.32,5128.27,5053.09,5117.24,218236,328342,0.013361650449660516,14.01022289730057,13.439988476148637,13.24123025666211
2015-04-21,5111.72,5158.17,5111.72,5141.62,190749,333278,0.004752973702121822,14.112656393935746,13.467548270556723,13.224919738910678
2015-04-22,5146.85,5177.61,5106.79,5161.07,196846,336282,0.003775717430430749,10.901969621055512,12.649404045523859,13.12766867549443
2015-04-23,5153.23,5221.44,5129.43,5203.16,252582,343889,0.008122210987330904,11.025133656510326,12.394052356703094,13.145953670056604
2015-04-24,5215.93,5266.72,5212.44,5258.6,204737,353020,0.010598698302148633,11.438708631821012,12.228773674299921,13.169912405428569
2015-04-27,5262.95,5289.07,5235.37,5253.37,224600,360610,-0.0009950561943260546,11.0408265622429,11.98091552737257,13.17033943568828
2015-04-28,5252.79,5260.92,5191.84,5243.21,283966,365655,-0.001935869239877933,10.26736575512935,11.847414095813555,13.170557513844727
2015-04-29,5238.86,5240.89,5173.84,5201.12,290967,363934,-0.008059919181988846,10.69361855056295,11.931342976550239,13.198128379361052
2015-04-30,5194.45,5199.38,5092.86,5118.11,353283,354947,-0.016088756733585768,12.426955917744072,12.412785187250904,13.306203304735122
2015-05-01,5124.79,5190.67,5119.85,5187.19,197160,346604,0.013406894457785562,13.151263791350006,12.530315284450388,13.310576805824606
2015-05-04,5191.84,5228.7,5174.71,5197.35,191856,343006,0.0019567555696825543,12.942429987846904,12.478105334258881,13.30509468909153
2015-05-05,5194.45,5201.7,5107.95,5117.24,306244,341573,-0.015533649099721658,14.258428175179837,12.903476826172003,13.406741303942562
2015-05-06,5118.98,5135.82,5040.61,5077.18,335134,329627,-0.007859241859939279,14.203862765443201,12.696179273822834,13.43400407759675
2015-05-07,5075.44,5119.27,5030.16,5111.43,249245,325529,0.006723219165915623,14.269101138525702,12.731059777969378,13.352115580179074
2015-05-08,5113.18,5181.39,5109.69,5165.13,216447,311555,0.01045106315337751,14.699178789686377,12.706071112882308,13.386872627874666
2015-05-11,5169.49,5183.42,5139.59,5144.81,170514,310527,-0.003941832117563187,14.742745007133015,12.651974962639962,13.38850455339465
2015-05-12,5145.1,5152.65,5078.93,5132.62,257296,309067,-0.00237218949024837,14.76392002293497,12.661668447208152,13.35390813268334
2015-05-13,5135.24,5175.58,5128.85,5136.11,200865,306938,0.000679733547259587,14.6385217931229,12.66101553640806,13.346012651923719
2015-05-14,5138.43,5216.51,5123.34,5213.31,184396,318095,0.014918987131922043,15.544793742451896,12.961505959558533,13.398701050206954
2015-05-15,5211.86,5233.34,5198.8,5211.57,140746,316724,-0.0003338167952357565,14.37310139050115,12.914937979706673,13.387614244196252
2015-05-18,5214.48,5245.24,5190.38,5233.05,128602,318931,0.004113128152655615,13.728183604399884,12.937406015392797,13.35858639120375
2015-05-19,5235.96,5255.4,5220.57,5226.09,127690,318477,-0.0013308935586177932,13.684372158370786,12.939498179302925,13.35681470059072
2015-05-20,5226.67,5264.11,5204.03,5231.02,170963,319423,0.000942899207382381,13.63994810525825,12.92265723981153,13.340742233752609
2015-05-21,5224.64,5267.01,5208.96,5258.01,123530,324095,0.0051463404278084554,13.464166713628892,12.914682546438685,13.296041512014508
2015-05-22,5260.05,5273.4,5250.18,5258.01,100980,324296,0.0,12.927263031529032,12.879517302311305,13.29440001342804
2015-05-26,5256.56,5269.33,5172.39,5201.12,228084,316152,-0.010878641158877425,13.491351016954784,12.986933647241605,13.338680927973012
2015-05-27,5203.16,5283.85,5193.29,5273.69,198538,324196,0.013856320277282484,14.402230375145084,13.254659184872676,13.403069888173679
2015-05-28,5271.66,5279.78,5249.89,5274.27,152018,323123,0.00010997387183600877,14.061972229882583,13.239220794750903,13.399946059388357
2015-05-29,5273.4,5277.17,5221.44,5237.41,197740,317485,-0.007013179830218115,12.950047241281744,13.324173568401418,13.423035202000555
2015-06-01,5240.89,5269.04,5208.38,5249.6,216323,326900,0.002324781894969749,12.130665393221475,13.156273037832772,13.42146324588753
2015-06-02,5254.53,5261.5,5202.29,5228.12,222449,329489,-0.004100134397915757,12.230796270977553,13.18523866755337,13.406175718294358
2015-06-03,5228.41,5271.95,5226.09,5256.56,190316,329163,0.0054250715810855825,10.813822639278209,12.604000645253885,13.405008829263984
2015-06-04,5255.69,5256.27,5193.58,5220.57,285057,324517,-0.006870229072407935,10.70737082030794,12.63612382759527,13.425488539103728
2015-06-05,5218.54,5232.18,5165.71,5203.16,232923,321212,-0.0033404580105877925,10.638532386245757,12.625267054211964,13.431217817156826
2015-06-08,5200.83,5205.19,5134.07,5145.98,237404,318087,-0.011050305986671664,10.811745262674094,12.797462978665667,13.482294855798834
2015-06-09,5150.04,5156.42,5097.21,5145.1,226086,306776,-0.00017102189510603903,10.720464333548213,12.615980198450123,13.45970550839401
2015-06-10,5145.1,5222.6,5143.94,5211.57,238886,295802,0.012836348497382138,11.597012472207359,12.853586381728782,13.514850123886376
2015-06-11,5208.67,5238.86,5200.54,5213.61,186848,248047,0.0003913601541724523,11.597739631121618,12.65226100942434,13.514686299045191
2015-06-12,5212.15,5214.48,5163.97,5172.1,153829,190684,-0.007993718491832813,10.701952850976525,12.764816644194616,13.542772646270098
2015-06-15,5172.11,5180.58,5121.33,5169.78,264706,205376,-0.00044866117938289904,10.70194083714368,12.712267030816585,13.53180448656081
2015-06-16,5169.49,5203.05,5132.13,5197.51,219413,276235,0.0053495303266683945,10.779850125641875,12.748705146617825,13.53770471184367
2015-06-17,5198.09,5225.82,5173.57,5200.43,225073,308571,0.0005616497261496024,10.777726198006278,12.74280611327026,13.537641372802591
2015-06-18,5200.43,5294.7,5183.79,5289.74,275557,341402,0.017027780847711695,12.402890099222272,12.16854191915623,13.636588729693347
2015-06-19,5288.87,5300.25,5249.46,5253.55,162664,341740,-0.006865056758015754,12.545570045663847,12.24724257659749,13.657846048965915
2015-06-22,5268.43,5314.84,5268.14,5292.08,157035,344693,0.00730732473047086,12.814116937319994,12.307923048363904,13.666056119756838
2015-06-23,5299.08,5310.76,5280.4,5302.0,116969,346553,0.0018727445704132368,12.116100335584608,12.136964698007686,13.666531550492152
2015-06-24,5304.63,5318.35,5270.77,5272.23,165445,341486,-0.005630684911112859,11.313121082094337,12.008882777749804,13.67828139859093
2015-06-25,5277.48,5309.3,5253.84,5264.64,175329,343946,-0.0014406557759079873,11.324254507185978,11.97971078256033,13.67896690449897
2015-06-26,5261.43,5273.69,5206.85,5231.07,226373,333975,-0.006396921118304603,11.276306105290743,12.063504416001788,13.654158069625472
2015-06-29,5171.82,5197.22,5100.02,5111.4,334972,320739,-0.023142506766795655,13.883884024380745,13.019418808334917,13.860772459509102
2015-06-30,5121.03,5151.39,5104.4,5125.7,304509,310864,0.0027937617686809913,13.917324924742486,12.930078754951415,13.84886998148788
2015-07-01,5128.62,5185.83,5127.75,5162.77,155244,305054,0.007206156098278406,14.040018345433847,12.999095756928291,13.860788700400073
2015-07-02,5164.82,5185.54,5146.72,5170.65,155244,305054,0.0015251487943890145,13.8819192905657,12.867654482267593,13.815843859448995
2015-07-06,5169.49,5180.58,5071.71,5163.65,285735,305868,-0.0013547121857425235,13.845504964294111,12.824400314243706,13.807448627904206
2015-07-07,5171.53,5193.13,5060.62,5163.07,384237,295969,-0.00011232995580588149,13.259583052712816,12.80562987894337,13.802873865193396
2015-07-08,5163.36,5163.36,5062.95,5074.63,335132,301797,-0.01727774794840349,14.636171365403735,13.283174169339937,13.90731846285361
2015-07-09,5076.09,5146.43,5057.4,5066.45,260171,298313,-0.0016132407542527726,13.736123475391096,13.284696119315598,13.899449463740895
2015-07-10,5073.75,5168.03,5073.75,5146.72,236765,290073,0.015719243457272374,15.020536419478406,13.631238002089477,13.98186092071432
2015-07-13,5118.41,5244.21,5104.98,5239.83,209774,297167,0.01792943648945319,16.11710426459954,14.110680811522752,14.089251603318797
2015-07-14,5238.95,5288.57,5235.74,5274.27,156246,303797,0.006551226101366688,16.244811204185947,13.790246441165955,14.045251696089188
2015-07-15,5276.31,5299.96,5264.64,5296.45,187307,313485,0.004196503653550143,16.208986142203543,13.557526526189395,13.986353530004457
2015-07-16,5294.12,5385.19,5290.03,5367.97,192220,328839,0.01341302616664394,16.80004741799538,13.785793495077764,14.044000913420831
2015-07-17,5381.98,5433.64,5379.06,5428.97,187930,328391,0.011299618048367871,16.214551519588486,13.942414479942848,14.073249144472705
2015-07-20,5427.8,5471.0,5424.88,5453.78,169781,328075,0.004559517214242688,15.956689412450634,13.88195963020801,14.067293110285034
2015-07-21,5453.78,5467.5,5384.02,5448.23,226216,344606,-0.0010181609592087165,15.853768512706015,13.734523657388422,14.06738443134776
2015-07-22,5391.61,5413.21,5357.46,5390.44,235343,353535,-0.010663771041341212,16.424130029574506,13.923827956314124,14.105397987346521
2015-07-23,5395.99,5411.16,5352.2,5393.94,211215,354455,0.0006490869429459194,16.246954235090463,13.91514869031713,14.105318276072264
2015-07-24,5409.7,5415.83,5305.79,5325.93,236180,357912,-0.012688756951503103,16.95901877318239,14.067872453979998,14.166515680784716
2015-07-27,5326.52,5333.52,5257.93,5280.11,293740,361564,-0.00864041339915351,17.09952712943608,13.774865528476532,14.192566411705275
2015-07-28,5278.65,5325.35,5250.34,5319.22,280667,361083,0.007379745228451407,14.78605201737572,13.588132294300465,14.036063672685332
2015-07-29,5321.56,5346.66,5305.21,5329.73,222563,354469,0.001973904171304528,14.783024274535721,13.588215643926619,14.031824093988075
2015-07-30,5327.1,5369.13,5289.74,5365.05,226285,354854,0.006605115469477701,14.756204844605508,13.230843397628995,14.034082191545746
2015-07-31,5358.04,5380.81,5342.86,5353.08,214679,356397,-0.0022335995134401565,14.829734984114173,13.123596896076032,14.01877333573436
2015-08-03,5351.04,5369.72,5301.12,5339.07,251564,353092,-0.002620615688697515,14.871450240253159,13.085613222805453,14.021994598443028
2015-08-04,5336.15,5348.7,5304.63,5314.26,253010,352658,-0.004657706999184823,15.030392924633196,12.971871738352917,14.027135403171084
2015-08-05,5313.97,5404.45,5313.38,5363.0,247802,363272,0.00912974649838455,13.514476097036132,13.058123081249171,14.047921254163025
2015-08-06,5360.96,5380.81,5257.05,5282.74,272055,348662,-0.015078617491160937,14.87010597005625,13.439563049148152,14.117427926604165
2015-08-07,5285.65,5293.24,5231.07,5276.02,249232,352270,-0.001272876911175152,14.002467503579552,13.444283248863197,14.118360259375889
2015-08-10,5270.19,5347.24,5268.73,5330.9,199353,351321,0.01034805385951921,13.028776162710919,13.265587796257913,14.115385926148186
2015-08-11,5350.16,5352.79,5236.91,5266.39,301820,343231,-0.012174961118564486,13.626104833845442,13.51215918913855,14.164707031151949
2015-08-12,5268.73,5295.29,5173.57,5292.95,358454,351679,0.005030628053133423,13.663947785697264,13.524884644472676,14.166917742644792
2015-08-13,5288.57,5320.39,5264.06,5273.98,234832,349885,-0.003590450656728037,12.74696940749731,13.543649534165029,14.157813966059047
2015-08-14,5270.77,5293.54,5252.67,5290.91,167712,346311,0.003204958024500617,12.024225827959388,13.557218557177068,14.152492091872428
2015-08-17,5291.78,5332.94,5257.63,5329.44,191979,350603,0.007255913231615488,12.23439944937247,13.596996203050992,14.168470320438061
2015-08-18,5326.81,5339.65,5293.24,5305.21,164755,349249,-0.004556810412569125,12.293559560570458,13.632239623641118,14.176928483174322
2015-08-19,5304.04,5314.84,5234.28,5258.22,331472,342603,-0.008896790142795754,12.130546656742927,13.569671458185454,14.207732277426185
2015-08-20,5256.47,5269.02,5090.39,5097.68,449728,337677,-0.031007032166353553,16.048006061709952,14.705942832211639,14.553763634013391
2015-08-21,5099.44,5100.02,4890.74,4904.46,614566,327491,-0.03864053905654328,20.25598003806488,16.646178887267727,15.069343714770794
2015-08-24,4884.61,4899.21,4562.96,4673.87,746533,311664,-0.048157572919830124,25.581826868594344,19.198602419434227,15.831274565931944
2015-08-25,4667.74,4908.55,4667.45,4703.35,630057,312063,0.006287598482607471,25.508343267872768,19.252926060704993,15.843766122137854
2015-08-26,4712.99,4938.03,4621.92,4920.51,637925,302415,0.045137162892183724,31.280460550443973,21.516351207111057,16.47650355782455
2015-08-27,4930.15,5058.57,4909.71,5053.03,475384,300815,0.026575879690608626,32.937381414936894,22.211940613254047,16.68692085037851
2015-08-28,5051.86,5067.91,4999.03,5058.86,322070,292231,0.0011530981143942306,32.96969953916953,22.176932865267737,16.67880218371566
2015-08-31,5048.36,5055.65,4971.88,4987.35,303204,295179,-0.014236454897885815,33.216975397957,22.347791964469927,16.74228055224665
2015-09-01,4980.64,4982.98,4808.14,4854.84,481009,288528,-0.02692856109126473,34.25272303680374,22.89199812297832,16.958031302627138
2015-09-02,4846.08,4978.01,4828.86,4973.64,340627,285296,0.02417582092038157,35.443693798317646,23.46493030935668,17.128638290543446
2015-09-03,4973.93,5025.3,4926.64,4938.03,332566,277598,-0.0071855001661851065,35.219667256417814,23.33493108965669,17.131021292588105
2015-09-04,4940.65,4947.37,4851.05,4896.58,354122,281305,-0.008429463992675523,35.25464070779694,23.384074109662116,17.140625303837524
2015-09-08,4882.28,5026.76,4880.23,5018.58,293906,274211,0.024610022916893064,36.356360255811914,23.918813309327785,17.315571545373714
2015-09-09,5020.92,5101.48,4950.58,4967.8,354129,254825,-0.010169938991030263,36.29630290975152,24.000714767584157,17.338543435231056
2015-09-10,4972.47,5052.15,4934.52,5014.5,410492,223675,0.009356629374262381,36.45409915736164,24.057581148057025,17.34962711726611
2015-09-11,5014.21,5055.36,4973.05,5049.82,127471,188072,0.007018883541539112,36.61398093085684,24.10721444030413,17.345024092073572
2015-09-14,5049.82,5081.97,5005.97,5027.31,201299,148820,-0.004467549280348207,36.56580733456566,23.8410959112813,17.350961980379605
2015-09-15,5024.97,5102.43,5004.22,5087.23,246233,202020,0.011848428299996406,36.76503738327421,23.94759719569125,17.37413010306927
2015-09-16,5088.11,5123.77,5068.53,5122.31,214900,235796,0.006872031071675397,36.896636005123966,23.94167316006986,17.386355339142003
2015-09-17,5117.92,5193.34,5094.25,5109.16,329847,252226,-0.002570502037477985,36.80242240226631,23.939837422091024,17.35846031017419
2015-09-18,5110.62,5124.06,5027.02,5058.88,333044,257075,-0.009889892215824874,35.28415192205209,23.993785045919573,17.38366602270787
2015-09-21,5056.54,5099.51,5011.82,5075.83,254496,258894,0.003344943427875065,32.26435988037246,24.00741776045701,17.34300801383462
2015-09-22,5076.71,5080.22,4934.65,4989.31,320027,266149,-0.017192434704323793,27.425086715656693,24.21959464036203,17.314089212830332
2015-09-23,4985.8,5019.13,4935.82,4984.05,238547,264693,-0.0010548101116776218,27.4416131157838,23.76765806351962,17.28966170764748
2015-09-24,4990.77,5002.76,4893.44,4964.47,355070,266349,-0.0039362689689289975,22.508612987715047,23.768802893391065,17.29251041457253
2015-09-25,4948.1,5046.02,4893.73,4926.47,344913,264797,-0.007683837322662947,20.42184071315288,23.757618057174536,17.309521260167845
2015-09-28,4913.61,4956.28,4769.79,4787.62,360675,265522,-0.028589287779180565,22.57008789699229,24.42501202139083,17.478644270081542
2015-09-29,4801.07,4845.5,4724.49,4764.24,427261,260069,-0.004895391408900716,22.18005427205103,24.43623348731778,17.485512774975184
2015-09-30,4768.92,4874.44,4754.01,4867.42,347070,262269,0.021425994529407147,21.691265302931953,24.87720429279147,17.590823432734563
2015-10-01,4856.9,4940.79,4812.76,4896.07,367790,257339,0.005868819906145704,19.89888979376238,24.68112425122639,17.598371168497724
2015-10-02,4896.94,4985.22,4807.21,4982.3,404892,254181,0.01745878931400144,20.752241844229594,24.95554907786957,17.634538971515852
2015-10-05,4978.2,5062.39,4969.73,5040.76,242309,253651,0.01166523255841046,20.838016843039327,24.858184128384714,17.575533081762103
2015-10-06,5036.66,5053.33,4984.93,5016.2,264372,259851,-0.0048841894218215574,19.043147768232892,24.5799041137091,17.515079023304892
2015-10-07,4998.37,5067.06,4990.19,5055.37,329985,262145,0.007778369706369966,18.83945135286378,24.596704715687487,17.261934293855216
2015-10-08,5055.66,5084.02,4986.68,5079.93,317019,260364,0.00484643731749351,18.63703631393501,24.6025981781227,17.203254881722625
2015-10-09,5072.03,5108.57,5056.25,5097.17,208829,261366,0.0033880017865316487,18.516596680116727,24.44231090809445,17.203098848033015
2015-10-12,5091.91,5122.89,5081.68,5115.29,132675,263709,0.0035486100341880124,18.451800302206333,24.328931419182084,17.126250364928936
2015-10-13,5117.63,5133.71,5072.62,5075.83,232729,266371,-0.007744035435051669,18.214444867716097,24.33968173700905,17.143508167517744
2015-10-14,5067.65,5103.89,5048.06,5058.59,284807,269035,-0.003402270012501392,18.056356822408944,24.343837321955764,17.072715333393706
2015-10-15,5068.82,5158.55,5065.6,5158.26,275986,275760,0.01951152498224478,19.392806535271873,24.628549755493896,17.106936478782824
2015-10-16,5155.92,5190.12,5139.85,5185.15,207248,279142,0.005199457544361889,19.059638049467647,24.657101395639653,16.906025683029824
2015-10-19,5184.86,5209.42,5157.39,5208.25,202407,280047,0.0044451359586877865,19.07979976951088,24.549823354552295,16.89949743263189
2015-10-20,5204.74,5210.0,5160.89,5173.46,200211,284532,-0.006702196503049988,18.06876524758772,24.525143696379743,16.85945510013674
2015-10-21,5171.12,5210.29,5138.39,5143.65,289766,287386,-0.005778766138300114,18.245127974710293,24.496476328187853,16.85652216899746
2015-10-22,5152.42,5338.03,5146.86,5323.12,348494,301070,0.03429665342988821,21.474675283650242,25.513761908822786,17.196974329447674
2015-10-23,5334.23,5422.21,5333.94,5391.81,361589,304776,0.012821537985538383,21.292619270002586,25.614323895819684,17.19030200754535
2015-10-26,5394.73,5413.44,5369.89,5397.37,184127,304647,0.001030662291700147,17.430831932333867,25.61045028294182,17.180303647016046
2015-10-27,5401.46,5438.87,5379.83,5416.07,217939,320174,0.003458662301971869,16.98518502123144,25.61279256887577,17.17880752610565
2015-10-28,5419.58,5469.86,5378.95,5464.6,306875,323663,0.008920465708997183,16.07466672083601,25.6530558158071,17.13943355316682
2015-10-29,5453.49,5460.5,5428.35,5450.56,184529,325218,-0.002572570213024163,16.34590542150342,25.59627161498418,17.141851612289123
2015-10-30,5455.53,5483.89,5420.46,5428.93,211241,330432,-0.003976294568802939,16.00975590804467,25.412389331513012,17.143469677722166
2015-11-02,5430.4,5494.7,5407.6,5488.27,162655,337237,0.010871026342846368,15.963662627687656,25.498843978848157,17.174941987903928
2015-11-03,5481.55,5527.44,5468.4,5509.32,186758,337511,0.0038281161065981226,15.597639674998623,25.42792044914916,17.172582160716352
2015-11-04,5509.03,5530.07,5485.06,5506.39,231004,338861,-0.000531967538923187,15.658115661020364,25.290667127253734,17.16946938692513
2015-11-05,5504.93,5527.44,5464.6,5489.73,246167,342185,-0.0030301620476152367,15.868062782356459,25.28624687296893,17.168088786524656
2015-11-06,5496.16,5505.52,5447.06,5498.79,276682,345936,0.0016489940506970555,15.887195809388164,25.271880993523677,17.16647395059894
2015-11-09,5496.75,5510.19,5404.09,5440.04,256938,350790,-0.01074165425288034,16.704992141633053,25.374157350029908,17.201587756307728
2015-11-10,5436.83,5451.15,5392.98,5428.64,241859,360201,-0.0020977716117527648,16.336021454419303,25.339593474581797,17.2026296288545
2015-11-11,5425.43,5465.76,5407.89,5415.49,221698,356182,-0.002425276429857294,16.28598697539514,25.325878732895912,17.201163325429942
2015-11-12,5414.9,5440.63,5356.44,5361.12,268158,364404,-0.010090457261895829,15.786084970773942,25.34565298052456,17.231302393377078
2015-11-13,5359.37,5367.26,5244.78,5263.78,344229,360805,-0.018323508641907835,17.277474619376488,24.803496967324428,17.32341384141038
2015-11-16,5236.01,5338.03,5208.83,5331.31,282188,354713,0.01274758675418923,17.757498294895974,23.54051275026745,17.364606261668403
2015-11-17,5332.47,5375.74,5322.24,5342.71,269684,344687,0.0021360282882147206,17.51344122289294,21.154648738632716,17.359158632631875
2015-11-18,5343.58,5444.72,5327.21,5439.75,242823,344119,0.018000089050508986,18.203358541052676,21.385543247143808,17.449473725663633
2015-11-19,5436.53,5468.4,5433.03,5448.52,217266,334477,0.0016109082336369439,13.887988927668172,19.444743009836078,17.43448824765817
2015-11-20,5444.72,5485.35,5439.46,5483.01,177125,333841,0.006310208076194025,13.344796997579813,18.769150190285565,17.443447431673288
2015-11-23,5483.01,5503.18,5441.21,5466.93,163322,330480,-0.0029370045057474153,13.41137811421479,18.78979215937256,17.437862648826528
2015-11-24,5464.6,5477.16,5401.75,5455.53,230131,331517,-0.0020874425980129106,13.401282725286078,18.52400631573615,17.433967878992686
2015-11-25,5454.36,5477.16,5447.93,5468.69,119712,329591,0.0024093264994642784,13.04438280518903,17.55146417634288,17.390838019701636
2015-11-27,5471.61,5499.09,5454.07,5474.83,105382,332736,0.0011221253571563072,13.012223763807043,16.931433247915834,17.386237644602474
2015-11-30,5478.33,5495.87,5440.92,5458.75,179766,330918,-0.002941399174552033,12.973062889398083,16.859559314134845,17.3892299494291
2015-12-01,5470.44,5514.87,5467.81,5514.29,228425,339494,0.010123078799608647,12.894508332136418,16.813497291949375,17.416839138216563
2015-12-02,5512.83,5541.47,5470.15,5488.86,231812,340415,-0.004622320931330167,12.93116548976861,16.18869831331031,17.42406025518213
2015-12-03,5493.83,5530.66,5353.81,5391.23,379530,325937,-0.017947024427693088,14.388430423487126,16.503406198430717,17.501029783433747
2015-12-04,5397.07,5522.47,5381.87,5510.78,305073,328107,0.021932614686367653,16.50683100209453,16.958540764644304,17.633312344383466
2015-12-07,5520.13,5530.36,5460.8,5496.46,224657,323551,-0.002601925292604387,16.526000052832295,16.94118785238608,17.567748649191024
2015-12-08,5494.99,5505.81,5426.6,5480.38,299288,320820,-0.002929807030484047,16.08051395620135,16.92131071211943,17.57011067877335
2015-12-09,5484.18,5504.06,5370.47,5397.07,388709,306998,-0.015318227900492436,17.007568802964737,17.122179183419835,17.6028520820259
2015-12-10,5406.43,5465.47,5399.7,5429.81,302768,256227,0.006047928820749363,17.132073063049067,17.110906936375816,17.60037647266281
2015-12-11,5432.44,5447.35,5293.6,5307.34,226524,188838,-0.022813374420664778,18.66558320349691,17.779729880813004,17.650674392556766
2015-12-14,5307.34,5361.56,5241.69,5346.32,423297,217222,0.007317705641863555,17.608059855746287,17.694213967978097,17.57045903343707
2015-12-15,5352.47,5431.31,5346.32,5393.8,329055,285469,0.008841672032093632,17.307927924561152,17.76210392701295,17.421793509392746
2015-12-16,5396.73,5474.39,5363.32,5460.33,287576,307807,0.01225908169580898,17.794594547706478,17.496323394241085,17.45760048851439
2015-12-17,5451.53,5490.81,5351.3,5356.87,320692,315974,-0.01912937820028432,17.994174895968985,17.994231776307327,17.566171842707938
2015-12-18,5356.87,5378.85,5278.03,5280.67,340479,314393,-0.014326865683363032,18.594085832564684,18.245215368478817,17.623968802783764
2015-12-21,5291.51,5359.51,5289.17,5349.25,176610,307464,0.012903380557714126,19.10470120124076,18.31300047569303,17.669551314714035
2015-12-22,5356.28,5386.18,5323.75,5382.08,166650,307643,0.006118552392007803,19.26741674061531,17.237416561462542,17.66838114836535
2015-12-23,5381.49,5416.37,5372.7,5400.54,147737,307152,0.0034240320136310174,19.317152760919953,17.180515693698926,17.671171275216473
2015-12-24,5401.71,5427.8,5393.51,5405.52,62054,306415,0.0009217051085335788,19.29457429098339,16.702061229904803,17.657649399097618
2015-12-28,5405.52,5415.49,5359.22,5408.75,113567,306913,0.0005973588778619902,19.289329398198838,16.681431144120758,17.615631447160748
2015-12-29,5413.43,5507.22,5404.94,5498.72,158098,315702,0.016497325323546384,20.190415520233838,16.643658445150635,17.683038583470942
2015-12-30,5494.91,5504.0,5443.62,5446.55,117427,316724,-0.009532957174805913,20.13589327938505,16.665455243222592,17.66325321126238
2015-12-31,5448.9,5457.1,5368.59,5378.27,160705,311093,-0.012615619582227955,20.54251958044281,16.861967809132345,17.64893586876078
2016-01-04,5383.83,5400.54,5193.04,5280.67,368671,310268,-0.018313777516260836,20.582979551422007,17.267641746927367,17.711584968542212
2016-01-05,5281.84,5302.36,5225.28,5256.34,301175,301767,-0.00461801654142974,18.727387113043868,17.280129509617602,17.61574402200154
2016-01-06,5254.29,5260.74,5141.75,5212.97,346779,306791,-0.008285216140029772,18.845268730526186,17.364184384009384,17.619555973662866
2016-01-07,5217.07,5226.74,5021.0,5028.33,501315,308560,-0.036061829893230396,22.26965173933365,18.885758718714808,17.97364547839699
2016-01-08,5038.59,5122.99,4989.06,4995.8,480513,298971,-0.0064903615961114285,21.908112287580224,18.866349990073516,17.984843584990298
2016-01-11,4999.02,5046.21,4933.96,5009.28,435576,300491,0.0026946327578736846,21.738593171390992,18.864420921957755,17.98363169086499
2016-01-12,5008.4,5094.57,4966.49,5055.88,417581,300315,0.009259730191399597,21.032837856238782,18.52162040405394,17.952056379144494
2016-01-13,5051.19,5117.13,4885.31,4895.27,521065,297346,-0.03228248959955053,23.1863750317716,19.604550158725253,18.214228880784596
2016-01-14,4902.01,5041.52,4834.61,4991.11,526505,290522,0.019388897129880022,24.262967601457717,20.01539636112478,18.30023982625916
2016-01-15,4988.18,5004.3,4778.04,4854.24,567530,278239,-0.027805780076177736,24.888319579439674,20.739433694823866,18.510010577439594
2016-01-19,4837.83,4942.17,4796.21,4858.64,475760,276800,0.0009060135203940567,24.486858106019742,20.71972933453446,18.40652213798915
2016-01-20,4854.54,4890.29,4669.9,4845.16,628240,277624,-0.002778294826958877,24.23787139028565,19.375477928012103,18.408422623575717
2016-01-21,4842.52,4914.62,4789.77,4841.93,554096,272920,-0.0006668669579205204,23.425149848598963,19.14341817801444,18.408410234477483
2016-01-22,4837.24,4985.83,4828.74,4979.39,328593,272777,0.027993991998866936,25.95086910683865,20.087524519740498,18.493655719921648
2016-01-25,4979.39,4994.04,4899.38,4908.17,287599,270756,-0.014406229998594491,26.056088046863398,20.238200418893957,18.50550531608732
2016-01-26,4911.98,4974.99,4845.16,4955.06,327223,268424,0.009508113113845666,26.480096890287097,20.251652850374494,18.470559556804268
2016-01-27,4918.13,4945.68,4808.82,4838.12,408523,272665,-0.023883061171368524,27.286912061796237,20.758530683228273,18.59550105591246
2016-01-28,4865.38,4922.53,4814.38,4869.48,414082,271400,0.006460939694720699,26.429259094523537,20.82589393293937,18.576156835283392
2016-01-29,4847.5,5007.23,4840.47,4997.56,328862,272813,0.02596263811053028,28.717801198516668,21.43910253571902,18.74393140347086
2016-02-01,4997.85,5051.78,4957.11,5030.97,263363,270521,0.006663015138835601,28.792793901335994,21.477377395784174,18.753090152022438
2016-02-02,5025.11,5025.69,4889.41,4914.32,314726,270484,-0.023459416418295798,29.202786422713835,21.941577268675495,18.873635928866726
2016-02-03,4907.29,4941.29,4795.33,4890.29,484500,267812,-0.004901785612085235,29.204278599862576,21.949061029726156,18.8741072859797
2016-02-04,4888.24,4931.32,4822.3,4871.83,383175,270037,-0.0037819699006429912,29.152346727596278,21.93948507893219,18.87529330963925
2016-02-05,4860.98,4892.64,4690.41,4715.03,443077,283321,-0.0327143577936584,28.6749819074045,22.759470157191206,19.10135804828531
2016-02-08,4721.19,4743.17,4552.08,4647.33,542371,292719,-0.014462417598869803,28.934154258957406,22.89350260329949,19.14817886754077
2016-02-09,4640.59,4693.93,4569.08,4623.88,499993,284583,-0.005058681662396123,28.840636695310444,22.899054224946354,19.119281361678457
2016-02-10,4635.9,4737.3,4598.09,4650.85,426911,279709,0.005815819116856245,28.655902900022113,22.909849580696857,19.113465467549187
2016-02-11,4645.86,4672.24,4527.75,4643.81,504866,276483,-0.0015148486004357197,26.665319922068036,22.66756906911799,19.113270190633358
2016-02-12,4646.16,4709.76,4634.14,4696.57,307347,271008,0.011297305064980959,25.923217264017595,22.628941600449625,19.148647098590903
2016-02-16,4714.44,4812.04,4714.44,4797.97,320588,268672,0.021360456735066223,25.5659373708735,23.12074235646623,19.26108220579274
2016-02-17,4794.45,4937.18,4769.25,4919.89,291649,266263,0.025093260737998915,27.145596617734256,23.423804231971303,19.41990354457898
2016-02-18,4933.37,4955.94,4858.05,4870.95,254579,264215,-0.009997182591663342,27.385565545583574,23.475019926654912,19.44414687080366
2016-02-19,4872.41,4894.39,4830.21,4877.98,229019,261842,0.0014422098052841907,27.38627553109967,23.42373108099721,19.44427111724342
2016-02-22,4871.24,4963.56,4860.98,4940.99,189979,261142,0.012834516235436726,25.843465318297543,23.61751070387203,19.48631121700795
2016-02-23,4932.2,4943.05,4870.36,4875.93,227805,258582,-0.013254860493315597,25.763735394841834,23.736212408774225,19.5217296826819
2016-02-24,4872.71,4945.39,4788.59,4933.67,336253,259460,0.011772277530294832,25.890625075788247,23.885434299613703,19.55451231687593
2016-02-25,4940.7,4979.68,4888.83,4975.58,265546,259501,0.008458813713130425,24.476119735628252,23.96984342793076,19.55760670018211
2016-02-26,4974.11,5033.02,4953.01,4958.87,272803,250772,-0.0033640545291844844,24.45517256434574,23.97101493009133,19.555190740328356
2016-02-29,4953.3,4997.85,4905.53,4925.17,250315,248590,-0.006819100405859275,22.706914382330844,23.86834150650411,19.564891890412163
2016-03-01,4922.82,5086.36,4900.55,5085.19,295763,253158,0.0319736018060779,25.41566925820665,24.847200448089872,19.829101923954468
2016-03-02,5081.38,5108.63,5040.05,5075.22,265748,250443,-0.001962519858930959,23.81917618275058,24.603802435708314,19.804472815316366
2016-03-03,5072.29,5093.1,5033.31,5064.67,202256,250647,-0.0020808911747340164,23.737787190260423,24.135250639902424,19.804556023389797
2016-03-04,5067.9,5105.41,5038.59,5067.31,289076,253549,0.000521122240617346,23.65373167873718,24.137132593870607,19.714059796745943
2016-03-07,5065.55,5076.1,5004.3,5040.93,246815,252203,-0.005219515937478688,20.045116209542915,24.148072599675867,19.713285696619415
2016-03-08,5042.11,5051.19,4984.08,5006.35,293547,251597,-0.006883482204131906,19.319689632021458,24.001750668596006,19.718068967046737
2016-03-09,5006.94,5039.76,4990.23,5034.49,238221,243913,0.005605123410747309,19.04584775362679,23.996168949786156,19.719437184111218
2016-03-10,5035.36,5096.62,4958.58,5023.35,392234,220746,-0.002215188262168675,19.17142535964956,23.573525704675085,19.69077510011189
2016-03-11,5025.99,5112.74,5020.42,5102.77,156647,181696,0.01568648772470611,19.502186683628096,23.760035028576954,19.749670563456252
2016-03-14,5102.77,5135.09,5089.56,5120.4,203722,130817,0.003449031460287685,19.349095816955206,23.692397057227623,19.719898514728005
2016-03-15,5118.05,5128.62,5087.21,5118.64,226022,168803,-0.00034378223296971887,18.320350559695907,23.534429002921303,19.71988470163138
2016-03-16,5122.16,5179.15,5100.13,5156.24,283358,194427,0.007318852938186241,16.503998918998256,23.29083263039012,19.725315130199363
2016-03-17,5155.65,5185.03,5122.75,5161.82,269816,220708,0.0010815987780616214,15.861049053125697,23.117401324531375,19.724179610514312
2016-03-18,5164.76,5182.68,5141.55,5163.88,240454,221182,0.0003990044311437083,15.87807950655861,22.951973131792087,19.723422115814408
2016-03-21,5163.88,5195.01,5142.73,5189.14,169724,205603,0.004879745257723572,15.460062986679606,22.93791262468031,19.578766169552043
2016-03-22,5188.84,5217.63,5150.95,5210.58,190219,211166,0.004123193773413825,14.306258051631183,22.94360926841724,19.58036922451008
2016-03-23,5210.88,5218.51,5150.36,5164.76,212040,208252,-0.008832539055510433,14.558860021137338,23.003043841788276,19.598270671550154
2016-03-24,5164.17,5171.22,5128.92,5166.81,196013,208894,0.00039684191790862253,14.385928002326848,23.002575409139414,19.568950947043753
2016-03-28,5171.81,5200.3,5148.31,5157.71,133720,209270,-0.0017627942715939024,14.319502137589021,22.72002633666281,19.544122748300722
2016-03-29,5158.0,5244.66,5139.49,5238.49,229527,219787,0.015540606329479668,14.69482765066922,22.901339715633963,19.6013731372508
2016-03-30,5241.43,5299.59,5236.43,5266.39,222490,216738,0.005311829473746015,10.059061271848128,22.79570314939283,19.607533182003202
2016-03-31,5264.34,5282.26,5243.19,5259.64,190526,220359,-0.0012825349966234059,10.028619705568573,22.487602382300437,19.608092981605882
2016-04-01,5261.4,5322.21,5218.81,5321.03,245916,223196,0.011604310293517968,10.494690739879504,22.59287035466592,19.625560546957583
2016-04-04,5318.98,5338.95,5281.96,5287.84,189635,217443,-0.006257048730755717,10.928381494169304,22.56412622222054,19.635185196414536
2016-04-05,5287.25,5289.31,5236.43,5251.71,218944,216452,-0.0068561070496814,11.088625901588733,21.31671834950425,19.626106391674377
2016-04-06,5259.34,5331.9,5249.06,5328.67,241958,226967,0.01454793822701179,11.40412569150076,21.448214285498068,19.67188235200114
2016-04-07,5326.91,5333.96,5229.68,5252.59,260817,224761,-0.014380387794891765,12.930775836472113,21.677383287355767,19.723057411278816
2016-04-08,5249.36,5299.0,5230.56,5249.06,232565,224229,-0.0006722753344378025,12.873633305946441,21.607093098644278,19.721327271229903
2016-04-11,5252.29,5299.0,5224.09,5230.56,243297,223683,-0.003530666038997667,11.979194793287757,20.512506689656433,19.724242407480354
2016-04-12,5225.27,5284.61,5201.18,5275.79,252487,224098,0.008610084267393398,12.24279423425929,20.21896700397246,19.735494343548122
2016-04-13,5274.62,5350.7,5271.98,5343.65,228380,227418,0.012780508895599958,12.852561379268188,19.45204832836597,19.775774712233638
2016-04-14,5342.18,5361.86,5323.38,5341.89,163850,226964,-0.0003294171405310527,12.73084006184172,19.455580881013052,19.715740716459848
2016-04-15,5344.83,5351.58,5314.57,5332.78,171811,225231,-0.0017068447477430477,12.789141579797178,19.446565477688786,19.672127366285665
2016-04-18,5309.58,5359.51,5288.72,5342.18,179869,231695,0.0017611311760557683,12.780901165373704,19.440851584229478,19.66735840778509
2016-04-19,5341.01,5386.83,5295.48,5318.98,256892,234958,-0.00435225371749538,12.895612372291076,18.683337503749748,19.669136207617193
2016-04-20,5320.74,5353.35,5298.12,5329.55,193071,233715,0.0019852511983457183,12.854383651730354,18.402177453631282,19.653513802420335
2016-04-21,5326.61,5348.35,5273.44,5284.9,239652,229942,-0.008413109178861613,12.812066798942045,18.430271079605802,19.643380306699136
2016-04-22,5273.74,5289.6,5206.47,5247.3,285544,224518,-0.007140039068322251,13.145786208036386,17.76946044915946,19.656278040767784
2016-04-25,5260.52,5263.75,5212.34,5254.94,172474,227944,0.0014549279673107998,13.113044404296959,17.737586778278782,19.65585444959812
2016-04-26,5254.94,5275.5,5178.27,5231.73,212776,226332,-0.004426579247600448,12.03415356254772,17.009034785799052,19.64414109703595
2016-04-27,5175.92,5209.7,5137.44,5197.95,306378,228648,-0.00647769022992884,12.063175801440405,17.027537758960584,19.587980155217807
2016-04-28,5207.64,5219.69,5106.89,5148.89,306766,231995,-0.009483159624495767,12.464386108033922,16.41594166158068,19.564955320710187
2016-04-29,5150.66,5159.76,5048.72,5089.56,402426,244210,-0.011589774646201468,12.049975399998225,16.57124632281462,19.598280070847494
2016-05-02,5096.02,5144.78,5073.69,5133.62,221470,237758,0.008619680530016709,12.536808262271526,16.623899750316248,19.55555867460803
2016-05-03,5137.14,5140.08,5075.46,5093.08,270601,240305,-0.007928307734707905,12.603391505756553,15.200097177652406,19.555841274001555
2016-05-04,5094.26,5101.89,5043.44,5064.0,235256,242401,-0.005726070771508076,11.142286387950023,14.916301454907641,19.55254898774827
2016-05-05,5062.24,5102.48,5043.73,5052.84,221674,243992,-0.0022062233912370755,10.227981708408738,14.8746913256073,19.52511169521091
2016-05-06,5051.66,5092.2,5018.47,5085.74,262686,239103,0.006490083519026352,10.652751926775345,14.883727767286706,19.53236237173933
2016-05-09,5087.5,5118.93,5073.69,5094.55,206931,234264,0.0017307959202163357,10.688651938628489,14.870599289031313,19.53176134187106
2016-05-10,5093.37,5168.58,5080.45,5160.64,204247,232166,0.012889261920133184,11.305893328637588,14.9186974702742,19.574669770066837
2016-05-11,5163.29,5173.57,5112.17,5113.06,208025,228076,-0.009262551987340528,10.385763305800037,14.497743419925463,19.538911445950163
2016-05-12,5114.23,5148.6,5059.3,5093.37,262049,226681,-0.003858356825441388,10.37675148247669,13.63638635321066,19.542583038273218
2016-05-13,5096.31,5123.63,5056.95,5080.74,249877,219327,-0.002482773724243852,10.373710488409776,13.473477625536779,19.539439781752492
2016-05-16,5071.34,5160.64,5059.01,5140.96,197887,216182,0.011782912182676337,11.462376266227432,13.663045666646978,19.575527520825432
2016-05-17,5138.02,5162.7,5061.94,5075.46,256918,222744,-0.012822671241316972,12.078575940865823,13.715513246876531,19.617092636336604
2016-05-18,5077.22,5121.87,5053.72,5090.44,305289,219280,0.0029471096198745578,12.129013096863197,13.422962280154632,19.61235870915935
2016-05-19,5096.9,5100.42,5029.92,5072.81,272694,225339,-0.0034693661345774254,11.92348083017148,13.249136399477457,19.615219713258092
2016-05-20,5072.52,5145.37,5069.58,5125.69,244244,215512,0.010370245408805585,12.53596066285649,13.304080137158127,19.613539342595196
2016-05-23,5132.15,5148.31,5109.24,5114.23,167178,213994,-0.0022382996711957617,12.50179917798247,13.292126548850709,19.564483070698873
2016-05-24,5113.06,5227.33,5101.6,5223.21,239635,219689,0.02108530498635056,14.748915182786707,13.8529389727991,19.680006928302518
2016-05-25,5223.51,5275.21,5220.57,5257.88,253726,209859,0.006615748257731876,14.728081553507291,12.319575090046108,19.678695828690117
2016-05-26,5256.41,5282.26,5244.66,5278.44,163693,216691,0.0039026958360855834,14.275343020705122,12.326987268718213,19.68120724265681
2016-05-27,5280.49,5303.41,5276.09,5299.3,153739,228011,0.003944136846222663,13.465262488406113,12.33172668343925,19.6807273903094
2016-05-31,5308.99,5320.74,5284.61,5316.04,209605,228949,0.003153928913522362,13.247929540999895,12.34139645643109,19.675774942523358
2016-06-01,5313.4,5331.61,5290.78,5312.81,194470,238698,-0.0006077797879222686,12.785695660170928,12.281386864794356,19.66354185166731
2016-06-02,5311.63,5326.32,5271.39,5325.44,179288,241973,0.0023744518006281064,12.44587997138971,12.177687879388367,19.661881410488284
2016-06-03,5323.09,5333.08,5262.58,5298.12,225458,239848,-0.005143296639878813,12.635927064735563,12.204399157041578,19.636928889137906
2016-06-06,5300.47,5330.43,5292.25,5317.51,164530,237750,0.0036531080234733504,12.553097856901225,12.200689424676257,19.64011524845722
2016-06-07,5316.33,5341.01,5300.76,5304.29,155623,234244,-0.0024892215681284312,12.66416117485671,11.82577691270212,19.60001670753003
2016-06-08,5302.23,5323.09,5292.25,5309.87,172285,232147,0.001051425739588566,11.99575692378128,11.811699592430939,19.600238083814276
2016-06-09,5308.99,5313.98,5279.91,5301.65,236706,200774,-0.0015492599823854667,11.38097353011445,11.818419630999855,19.58406758500855
2016-06-10,5302.82,5304.29,5224.39,5247.3,141333,148564,-0.010304434263552275,12.018992279143024,11.940799411565257,19.611835234987744
2016-06-13,5239.08,5242.6,5192.66,5200.89,115256,110320,-0.008883893810603104,12.504496281868734,12.086412989110464,19.625038945792
2016-06-14,5200.9,5225.06,5167.6,5207.67,323188,208818,0.0013027740549949917,11.861442154433417,12.088704911326557,19.625393666275226
2016-06-15,5207.08,5228.6,5182.33,5192.94,245562,230670,-0.0028325280629685466,10.843449298219454,12.062868672510058,19.552216208515254
2016-06-16,5189.99,5211.21,5130.47,5206.2,316194,231519,0.002550212264948563,10.835608922424331,12.04426527617658,19.541967662530304
2016-06-17,5204.43,5224.77,5131.64,5138.72,250757,226139,-0.013046201828073428,11.859016335909903,12.20590976514727,19.571380814492315
2016-06-20,5166.42,5229.77,5166.42,5174.67,195423,221390,0.0069715477849294875,11.546615776838177,12.291051699127493,19.583319960621502
2016-06-21,5184.69,5205.02,5172.61,5186.75,194521,218161,0.0023317277888938634,11.518073144890401,12.294252875841767,19.57686603352069
2016-06-22,5183.21,5226.53,5175.85,5179.97,190665,213504,-0.0013080320422824891,8.647702002043584,11.867559617081001,19.576776271123016
2016-06-23,5197.95,5279.87,5195.89,5260.13,194791,212932,0.015356476524279994,10.035543381588736,12.23907824654615,19.627329372359156
2016-06-24,5284.0,5297.26,4991.37,5024.08,497350,202637,-0.04591338866711162,19.029189781655116,15.435981310849003,20.028364166362806
2016-06-27,5009.64,5030.57,4912.69,4924.78,413249,208490,-0.019962749030443525,19.8356178509982,15.70892891677789,20.12552596642809
2016-06-28,4922.71,5050.31,4922.42,5046.19,258268,205725,0.024353899521432777,22.10037062738964,16.52685141884423,20.262217269423
2016-06-29,5046.48,5162.88,5031.16,5142.55,260013,193360,0.01891556229814468,23.383640681849098,16.96039038841049,20.35128782923639
2016-06-30,5156.99,5198.83,5113.96,5194.71,242965,192412,0.01009173469126168,23.716944094345255,16.817184857867385,20.376132858514918
2016-07-01,5182.92,5240.97,5170.25,5225.65,176656,197945,0.0059383919410806,23.801276128763487,16.61125953728376,20.384777072027035
2016-07-05,5232.13,5247.16,5159.93,5191.17,200656,199778,-0.006620086729984036,23.83205605216797,16.66486674451109,20.321085251673793
2016-07-06,5193.53,5234.19,5146.08,5233.02,253791,205624,0.00802944398476164,24.048223375801786,16.733991291925403,20.335957409466296
2016-07-07,5227.42,5258.65,5218.87,5248.05,184871,203125,0.0028680297531751184,24.07416541178732,16.649077626347193,20.277097084374006
2016-07-08,5247.46,5331.74,5233.31,5324.66,234625,216297,0.014492280756320973,24.655390778622095,16.709175399794574,20.249390173428342
2016-07-11,5327.32,5379.18,5322.9,5362.68,182422,220811,0.007114990332614208,24.443949856697657,16.773562405306468,20.251296995084395
2016-07-12,5366.51,5400.99,5359.44,5386.55,190097,228738,0.004441255650089565,24.179196897241326,16.793139525994285,20.251817052912457
2016-07-13,5388.9,5403.93,5373.29,5376.53,190027,233932,-0.0018619211033898205,24.21309744914478,16.794866403914696,20.207964433927412
2016-07-14,5376.23,5431.93,5367.39,5410.42,191874,239874,0.006283539185055453,24.20820691065101,16.815685871132562,20.185857518040688
2016-07-15,5404.52,5426.33,5363.56,5397.75,171716,241010,-0.0023445237822306117,24.257129002031537,16.82038825259906,20.18192841149383
2016-07-18,5398.63,5447.84,5395.09,5431.93,183261,251496,0.006312303501537615,23.650717417459287,16.768518788241668,20.191754480387686
2016-07-19,5433.4,5435.46,5408.35,5429.87,165175,251852,-0.0003793109843118575,23.621622154494407,16.69476692204329,20.163227851229294
2016-07-20,5432.81,5491.75,5419.55,5481.73,182311,255952,0.009505551978782896,23.755468057214976,16.794223102279705,20.185577365497366
2016-07-21,5485.86,5495.58,5453.74,5467.29,181960,258090,-0.002637680517894733,23.790373037865493,16.774870459070762,20.146495327716565
2016-07-22,5467.59,5498.23,5455.8,5489.69,152974,266491,0.004088723572789365,23.326968943282306,16.720529047269974,20.13110394169743
2016-07-25,5492.04,5504.13,5473.48,5485.56,146154,271326,-0.0007526024819368577,15.017293945358858,16.583912822768436,20.11812273077147
2016-07-26,5491.16,5526.23,5470.53,5497.35,209762,273433,0.0021469728020762197,12.010998890360597,16.37415063881093,20.1182913637381
2016-07-27,5529.76,5556.58,5512.67,5549.21,230410,275449,0.00938941733943927,9.881107565755585,16.389631008601157,20.12930834964792
2016-07-28,5552.16,5577.8,5527.7,5563.36,220001,276039,0.002546666999172926,8.360252437230082,16.2779968828607,20.12933712709117
2016-07-29,5577.5,5583.1,5550.69,5571.61,207360,276262,0.0014818183631573243,8.072645786634576,16.208738732610296,20.127827822202278
2016-08-01,5584.28,5611.1,5564.83,5592.53,199516,282018,0.003747718048285248,8.02225564146908,16.195067706562494,20.12511291319125
2016-08-02,5598.13,5610.21,5518.57,5556.88,261263,283965,-0.006394979015821219,7.98530420792789,16.247195098110176,20.115786943032916
2016-08-03,5555.7,5574.56,5537.72,5573.38,170596,289048,0.0029648924799701463,7.79633162766616,16.249988045873383,20.059106384260275
2016-08-04,5571.31,5595.48,5557.76,5591.65,167881,286306,0.0032727214001297073,7.795709239742473,16.08066538173041,20.060887372077918
2016-08-05,5593.12,5655.3,5590.17,5637.91,180947,291048,0.00823901589776196,6.849863130574462,15.987679838972172,20.05123966399165
2016-08-08,5639.98,5658.84,5618.17,5633.49,132186,284726,-0.000784285931927455,6.772243414130526,15.954997288605046,20.012530826812945
2016-08-09,5634.97,5667.09,5631.43,5648.23,134336,288224,0.0026130782163140665,6.732397728774981,15.932375075070102,20.008181477884364
2016-08-10,5650.29,5658.25,5619.35,5636.15,141495,290867,-0.002141013438841562,6.756362370367162,15.813520225827956,20.005887688186082
2016-08-11,5637.03,5670.92,5629.37,5657.95,147601,291724,0.0038604274928672375,6.623064681956485,15.533795850486165,20.00697052443033
2016-08-12,5657.95,5665.91,5642.63,5662.96,131960,292655,0.0008850879173250014,6.422963133496397,15.533101057474747,19.99467240602028
2016-08-15,5665.91,5699.5,5663.85,5684.77,130170,296693,0.0038439453274304288,6.281667644740585,15.499884043644105,19.992052775756004
2016-08-16,5684.77,5686.83,5653.83,5656.18,156061,295628,-0.0050419163412795875,6.743977706977889,15.461854800342378,19.977893093497112
2016-08-17,5658.84,5669.44,5624.95,5662.67,197778,296338,0.001146759734642103,6.1429052567883895,15.441125189212942,19.727329925642184
2016-08-18,5667.68,5674.45,5649.41,5667.97,149002,295120,0.0009355165086073502,5.941791572609154,14.903349324260898,19.330426749289376
2016-08-19,5667.38,5677.7,5640.27,5666.2,194623,288746,-0.0003123298864211193,5.92252258342577,14.86662207636972,18.69605054757513
2016-08-22,5668.86,5679.17,5645.58,5671.8,196397,291985,0.0009878286215164486,5.863442647622706,14.856376292799178,18.687791624486405
2016-08-23,5668.86,5701.27,5667.09,5677.99,160448,295718,0.0010907691884565265,5.864018188483499,14.84535259743428,18.144300949237227
2016-08-24,5679.76,5685.65,5623.47,5641.74,190472,296108,-0.0064047682970692086,5.766533297228124,14.919316291880286,17.96722705023651
2016-08-25,5642.04,5650.88,5620.53,5637.03,194394,303583,-0.0008351975035912936,5.757703249355262,14.920429998639076,17.96753827328857
2016-08-26,5638.5,5678.58,5607.56,5641.15,281261,305961,0.0007306143692104313,5.7496122400058,14.917705337497134,17.90660337979547
2016-08-29,5641.45,5664.73,5627.3,5650.0,146925,311357,0.0015675997240866006,5.643424973860251,14.863737249846315,17.692241160073355
2016-08-30,5652.06,5656.18,5610.51,5629.66,186259,302435,-0.003606495594111744,5.264941494922044,14.884331945527082,17.53687107238271
2016-08-31,5632.31,5633.49,5600.78,5627.01,198477,304986,-0.0004708319687713088,5.205551894173198,14.870148956992052,17.520056349375338
2016-09-01,5627.3,5652.35,5598.43,5631.43,248348,304868,0.0007851887520980862,5.102340819330556,14.870197780839689,17.496817244597615
2016-09-02,5631.43,5678.87,5627.6,5652.35,227919,302862,0.00370798153975107,4.375397811761937,14.871037586547256,17.33110504761686
2016-09-06,5659.43,5695.08,5637.03,5690.37,208188,302730,0.006703884498840322,4.939368620818466,14.723284912100079,17.308994848634637
2016-09-07,5693.61,5704.51,5672.69,5691.84,193455,295572,0.00025829781881953675,4.876224578842154,14.57025737474655,17.286198186250356
2016-09-08,5690.66,5701.57,5645.58,5653.24,251333,249993,-0.006804738079572782,5.444496273912657,14.66942669784959,17.28920926004022
2016-09-09,5653.24,5655.59,5498.82,5505.89,265154,176337,-0.02641040381014812,10.738556822772425,15.71627926288935,17.491567556812946
2016-09-12,5505.89,5624.95,5456.39,5618.76,178342,132079,0.020292570676238617,13.203923213424623,16.205234438111372,17.568056566665366
2016-09-13,5614.63,5616.4,5539.19,5572.79,142822,96081,-0.008215172793592636,13.383473961364075,16.052456563446345,17.577083726781485
2016-09-14,5572.77,5619.03,5563.05,5572.77,358383,249462,-3.588873057884585e-06,13.30063437810276,16.01174957423147,17.574675445731163
2016-09-15,5573.36,5684.74,5558.34,5673.25,343596,277253,0.017869908442751988,14.850143745992414,16.369842610352595,17.63192367378221
2016-09-16,5668.24,5680.02,5643.78,5673.83,285889,276074,0.00010222894357050658,14.84682130001724,16.3620808053948,17.629556712951928
2016-09-19,5674.42,5706.24,5636.42,5650.26,235031,274677,-0.004162812912482394,14.922063862576195,16.144502634738384,17.545964582066055
2016-09-20,5653.21,5681.2,5645.25,5655.27,195027,274670,0.0008862919877179472,14.921088733928933,12.818502041441759,17.545308742003332
2016-09-21,5657.04,5721.27,5643.49,5715.97,291231,278169,0.010676157841974999,15.406499644482382,12.0967135990644,17.569190819931848
2016-09-22,5714.79,5765.76,5707.42,5758.69,196512,290307,0.0074460066576179365,15.387530699738225,11.258263725031668,17.562975647034175
2016-09-23,5759.87,5762.81,5713.91,5723.63,197323,292783,-0.006106798792861059,15.584609874782055,10.831372775677089,17.3279832727219
2016-09-26,5718.32,5727.16,5665.88,5674.72,209587,290403,-0.008581996549933236,15.933789220885078,10.895523316942304,17.344007560422373
2016-09-27,5673.25,5733.06,5657.92,5728.64,227156,296849,0.009456932317183126,16.260006970437907,10.980643891860637,17.240572490721235
2016-09-28,5724.81,5743.37,5709.78,5737.48,208679,296145,0.0015419342814255927,16.182039568403997,10.84845075409349,17.232792461933546
2016-09-29,5735.71,5747.2,5671.77,5709.19,306337,292234,-0.004942932328753009,16.31141183982871,10.849284460397673,17.158056630521276
2016-09-30,5703.3,5757.81,5670.89,5739.83,248154,302355,0.005352435955097671,16.39400709370315,10.875055859359122,17.128329328089688
2016-10-03,5736.3,5750.73,5707.42,5734.53,177125,296346,-0.0009237988658051922,16.37321267569034,10.541796724505074,17.120297801077346
2016-10-04,5735.71,5760.75,5699.76,5724.81,276978,295436,-0.001696433185696007,16.237096430765202,10.486430569586384,17.106151933606082
2016-10-05,5723.63,5761.34,5715.08,5743.66,182962,301537,0.003287276676787154,16.271583762283214,10.473333244348286,17.102856148246055
2016-10-06,5744.25,5752.5,5710.66,5741.9,187196,297898,-0.00030647178087547344,16.049121585527818,10.459578036602721,17.10054529743178
2016-10-07,5739.83,5755.74,5697.99,5726.57,281205,296172,-0.002673418360165405,12.544911557231279,10.430866106160922,17.100642432847867
2016-10-10,5737.18,5776.66,5730.4,5766.94,159238,310346,0.007024862903866748,10.726223682368758,10.48121770341673,17.093293101372396
2016-10-11,5765.47,5771.65,5654.68,5688.86,316603,296961,-0.013631733984915437,11.50749057590347,10.848336049527092,17.147758956569138
2016-10-12,5683.26,5706.54,5657.33,5672.95,234222,300632,-0.0028006119445890777,11.583413552325766,10.870620998599092,17.043007952931674
2016-10-13,5662.64,5672.36,5603.42,5652.33,297938,295358,-0.003641415097009463,9.777274308472487,10.750543607675839,17.040822477602198
2016-10-14,5652.33,5705.36,5640.83,5662.05,237878,299521,0.001718167922803037,9.80036273235794,10.733105323535794,17.036381082381652
2016-10-17,5661.16,5669.41,5634.65,5660.87,179668,300593,-0.0002084268023216847,9.682964583203036,10.709265392210373,17.02170624344749
2016-10-18,5659.69,5723.92,5656.75,5688.86,205551,304286,0.004932285921117108,9.832241580955685,10.743915139664196,17.016580147941525
2016-10-19,5685.03,5704.48,5670.0,5692.69,148339,302722,0.0006730190781692268,9.040894690952015,10.739133985155444,16.670115717873742
2016-10-20,5690.33,5712.73,5655.57,5708.6,248117,299321,0.002790914068001368,8.661506656785942,10.592128797052188,16.624027879026205
2016-10-21,5709.19,5714.79,5674.42,5708.01,188661,298306,-0.00010335817734426838,8.398422014588665,10.583878475678898,16.62386387975737
2016-10-24,5712.73,5785.21,5707.42,5778.14,182257,314335,0.012211380047644568,8.856027173870668,10.854480058043526,16.664278351906
2016-10-25,5782.26,5797.88,5743.66,5758.4,184984,315601,-0.003422173245190632,8.372924641158324,10.865311563348962,16.645415639307714
2016-10-26,5744.25,5753.39,5703.59,5720.39,234117,305191,-0.006622673457015285,8.70211198311757,10.871569959860807,16.657228878578792
2016-10-27,5718.32,5751.62,5662.05,5665.29,261342,304683,-0.009678900188966083,9.196476064348676,11.055546356443054,16.681497242656892
2016-10-28,5678.55,5708.01,5641.13,5664.11,325145,307129,-0.00020830758985775956,8.944655179335788,11.038202810900662,16.646621796898593
2016-10-31,5651.44,5692.4,5643.19,5653.21,199169,316391,-0.001926251686851834,8.95558829422502,10.918509140727249,16.64369582638535
2016-11-01,5660.28,5677.08,5561.28,5606.66,307806,315481,-0.008268348604595008,9.346495389940719,11.049732838215613,16.664794201243065
2016-11-02,5603.42,5619.92,5548.91,5558.93,300313,319917,-0.008549533116133526,9.56113244166565,11.16970828534185,16.68439460675924
2016-11-03,5539.18,5573.95,5501.77,5509.13,280599,311422,-0.008998927737914969,9.893098332544273,11.306473805066469,16.708299645065186
2016-11-04,5505.3,5533.88,5481.73,5489.39,264048,308972,-0.003589577724263344,9.905856767639708,11.290211596474176,16.67713370447963
2016-11-07,5550.68,5635.53,5550.68,5628.46,223773,303686,0.025018731861266456,13.5110205028959,12.441661174104645,16.86319786849978
2016-11-08,5630.52,5683.56,5601.35,5659.69,219987,298053,0.005533250298823722,12.872636104274532,12.469330166178922,16.869852274561243
2016-11-09,5665.58,5701.24,5372.42,5681.2,719499,259374,0.0037933576277142224,12.912561129638773,12.450424656135354,16.841903770671017
2016-11-10,5677.66,5751.03,5514.73,5590.75,555100,252381,-0.016049031700146422,14.083887216168398,12.878502381312588,16.81807419613068
2016-11-11,5588.39,5607.54,5517.68,5595.76,324940,255210,0.000895721781854697,14.069355743522005,12.878353376788093,16.770906140270796
2016-11-14,5601.65,5638.77,5507.07,5532.7,285041,256237,-0.011333225794279185,14.574569286993148,13.07846201787786,16.80959435010138
2016-11-15,5530.64,5632.59,5525.04,5616.97,238486,254101,0.01511643029444614,15.55327184044087,13.457411751786733,16.78105511421924
2016-11-16,5615.79,5650.85,5581.91,5637.3,195711,252082,0.0036128548743684496,15.62094594064396,13.477350355879448,16.784048649832016
2016-11-17,5635.24,5694.16,5631.11,5690.63,190166,251552,0.009415735090481143,15.978345622497034,13.552024804566685,16.79849969175239
2016-11-18,5690.92,5704.77,5660.58,5667.06,168797,246634,-0.0041504978276333485,16.040980282581412,13.57925869594257,16.801197173689655
2016-11-21,5672.95,5730.11,5660.87,5720.68,167542,248447,0.009417214700860136,15.779068607305884,13.712837005378814,16.825421371111528
2016-11-22,5725.4,5756.92,5724.22,5745.14,157465,249031,0.0042666005755480855,15.826157731076268,13.735191296088848,16.828933788338343
2016-11-23,5748.08,5754.27,5692.69,5715.38,159650,248485,-0.005193493295496897,15.756192940275094,13.758194368862847,16.837364534452597
2016-11-25,5716.56,5739.54,5703.59,5737.77,75485,248916,0.003909846378122675,15.388094008707956,13.777643647141637,16.838593835800236
2016-11-28,5732.76,5751.03,5707.42,5728.93,143185,250935,-0.0015418562884340192,15.405065539942356,13.782575833382197,16.80972220948929
2016-11-29,5728.93,5772.24,5713.02,5745.43,175916,253414,0.0028759793788895992,15.396209226440446,13.77480551455696,16.805022427148632
2016-11-30,5742.48,5757.81,5671.77,5675.9,231494,248595,-0.012175615091694047,15.759923329940904,13.940690410398403,16.751914417112125
2016-12-01,5679.43,5689.45,5566.0,5582.2,291375,250180,-0.016646177177642545,16.622738813853964,14.349583642156466,16.693204964611308
2016-12-02,5581.02,5608.72,5547.73,5584.56,235325,247012,0.00042268304058418546,16.263083368506024,14.286475831812107,16.691101241393934
2016-12-05,5561.58,5652.03,5540.95,5634.06,207428,244379,0.008824672060072512,16.42700418539659,13.317921543988327,16.711474895474463
2016-12-06,5634.35,5652.92,5619.03,5641.42,185123,249513,0.0013054878453604593,13.83856639252124,12.65768584124897,16.639335319946294
2016-12-07,5643.78,5721.57,5614.02,5706.24,232690,235577,0.011424506025105195,14.294973678308299,12.748412967960501,16.667266471284393
2016-12-08,5709.49,5738.95,5699.47,5731.29,225777,213910,0.004380323383341782,14.314906278440576,12.774199469972961,16.510163104215653
2016-12-09,5729.23,5771.95,5718.91,5767.53,133170,187345,0.006303276334167189,13.042559670717853,12.312777543295478,16.506117530050645
2016-12-12,5773.72,5794.93,5718.91,5736.89,124198,166906,-0.005326660961004732,13.269421055272701,12.366176977308461,16.493233866541335
2016-12-13,5736.0,5847.97,5729.52,5819.39,131855,127768,0.014278193602019703,13.163218144347544,12.663231533217493,16.509354627571213
2016-12-14,5819.39,5842.96,5787.56,5813.49,290773,199846,-0.001014366262850748,12.336225707530051,12.666691339940131,16.393873665155485
2016-12-15,5811.43,5847.97,5796.7,5816.15,249163,217070,0.00045745182935774404,12.322831537448264,12.486504904713632,16.32718979798857
2016-12-16,5822.33,5836.18,5780.2,5793.75,185358,219937,-0.003858780488205442,12.099542172370576,12.424547672729517,16.283810832142436
2016-12-19,5793.75,5853.27,5789.92,5820.86,146138,221736,0.004668266817974588,12.016165860005373,12.39078592692236,16.27923396510604
2016-12-20,5821.74,5849.74,5820.57,5841.19,109979,221641,0.003486526055720168,11.666673200546047,12.268329281507093,16.279356022368752
2016-12-21,5841.19,5845.91,5821.45,5833.53,90653,224173,-0.0013122372269636624,11.630191999146493,12.129564243491707,16.280056707116216
2016-12-22,5831.76,5837.66,5795.23,5818.21,110522,224003,-0.0026296516791887246,11.490794534430156,12.141478823335772,16.282693468044094
2016-12-23,5814.97,5826.75,5802.0,5824.99,69061,225518,0.0011646284125227634,11.43634624673378,12.094702429224027,16.200817847407667
2016-12-27,5824.69,5886.57,5822.33,5847.38,100365,224085,0.0038364149631098885,11.45245791115785,12.071807425577196,16.17486017670061
2016-12-28,5847.38,5868.59,5799.06,5803.18,136664,224720,-0.007587654509054995,11.824202161888028,12.17766925625343,16.142122491220615
2016-12-29,5803.18,5814.67,5776.66,5796.99,121556,225278,-0.0010672258402281963,10.863192288876961,12.174169947678449,16.033311376093682
2016-12-30,5799.35,5822.33,5716.26,5732.76,197659,225324,-0.011141727174955523,9.796934712535105,12.375791512293945,16.06720666581868
2017-01-03,5747.79,5807.6,5747.79,5782.56,215983,229247,0.00864940105355105,10.125509388946561,12.502747434672898,16.065085686448473
2017-01-04,5782.85,5825.28,5778.72,5814.67,171952,219015,0.005537543370743753,9.884921298856773,12.537650266710692,15.646621670121114
2017-01-05,5816.15,5850.91,5799.35,5848.26,169565,216170,0.00576014652824048,9.994516822771189,12.511131058947075,15.638927387244106
2017-01-06,5848.85,5913.68,5837.07,5897.76,183315,220710,0.008428436701734208,9.66295421620349,12.281672284735203,15.65717215670605
2017-01-09,5898.35,5927.82,5896.0,5918.98,148112,220663,0.0035915189484986313,9.63742272388183,12.27591651631644,15.635966862409436
2017-01-10,5918.98,5948.44,5901.59,5929.88,153774,221728,0.0018398399634596769,9.478119192038196,12.24433149068775,15.280314104650595
2017-01-11,5931.65,5949.92,5901.89,5947.86,218752,226569,0.0030275142802394066,9.151420747034125,12.251468214282847,15.16638803758577
2017-01-12,5945.5,5945.79,5881.56,5934.01,212324,222602,-0.002331283926311574,7.972228755784229,12.26679999584625,14.895018747302844
2017-01-13,5934.6,5967.6,5934.6,5965.24,136613,221836,0.005249082371796547,8.074271383097003,12.271545160868914,14.901702462993669
2017-01-17,5959.35,5962.59,5922.52,5940.49,198098,225024,-0.004157667888114657,8.300292237175682,12.313385279164594,14.905717034970436
2017-01-18,5940.78,5960.53,5933.12,5957.28,159690,225008,0.0028223795123820533,8.112089608760622,12.313614071632252,14.90632239964821
2017-01-19,5955.81,5981.15,5936.07,5956.11,185603,226424,-0.00019641764497954167,8.034903300277946,12.31389159984992,14.652943648404113
2017-01-20,5958.46,5990.87,5945.79,5961.7,216184,224333,0.0009380918826429458,7.9873303776140725,12.07861048782307,14.573442216358087
2017-01-23,5962.59,5975.26,5928.7,5967.89,181150,224681,0.0010377557913591933,7.939696471274914,12.050970044945496,14.546877121161172
2017-01-24,5968.19,6015.63,5963.77,6006.49,141578,223035,0.0064471202186353865,8.021645846783382,12.014214510264273,14.34453256622368
2017-01-25,6010.91,6069.84,6010.62,6065.72,153214,221427,0.009812697967629354,8.531642706790098,11.951064854625008,14.361701952797823
2017-01-26,6067.78,6091.65,6060.12,6067.19,173375,220839,0.00024231614793032984,8.525806437882565,11.949252918635645,14.137465672663039
2017-01-27,6063.06,6090.47,6057.17,6084.57,138335,229131,0.0028604929410833355,7.765376394674379,11.936952560286045,14.126590643986106
2017-01-30,6065.42,6075.15,6004.43,6039.79,249340,235837,-0.00738681524111013,8.431546568649537,11.908339429996513,13.93862073512349
2017-01-31,6038.61,6052.16,5991.17,6025.94,214696,237003,-0.002295759325469409,7.070540360475737,11.756753743011354,13.93023808067281
2017-02-01,6048.63,6079.57,6038.02,6068.07,237364,234540,0.00696711354101222,6.899435562860662,11.611224482171318,13.935982897050451
2017-02-02,6067.19,6078.68,6033.89,6047.45,209875,230792,-0.0034039017573403744,7.089225755965682,11.607734567792583,13.52559818141559
2017-02-03,6045.68,6084.28,6034.19,6075.73,181444,229935,0.004665451027900042,7.021779257073227,10.556749145925458,13.440425291736622
2017-02-06,6078.39,6085.75,6058.35,6078.98,145402,232602,0.0005347721298910212,6.59568734088474,10.520258977168337,13.426328659039552
2017-02-07,6078.09,6119.34,6074.85,6101.37,164423,231103,0.003676417380236475,6.599303293821785,10.519050737463196,13.420431590381193
2017-02-08,6099.31,6125.24,6085.75,6118.46,166260,233819,0.0027970947455580666,6.614236353923684,9.890193721747066,13.418957346883845
2017-02-09,6116.69,6151.46,6112.57,6143.21,157897,233830,0.004036975976830935,6.653424200608975,9.9028952513145,13.382886722232938
2017-02-10,6142.03,6167.08,6140.26,6160.3,147032,230402,0.0027780708092661594,6.496751276013121,9.53383415837552,13.22694609104362
2017-02-13,6163.25,6201.26,6160.3,6198.6,144520,229745,0.006197982443057641,6.570498746064985,9.16965357888046,13.012924414536931
2017-02-14,6198.6,6220.7,6175.62,6218.35,166904,227743,0.0031811381466847317,6.174835933060647,9.166116878865079,12.968176422105039
2017-02-15,6216.58,6262.54,6205.68,6258.42,168262,227554,0.006423158840597642,6.346252940775285,9.077708055345452,12.979622451757592
2017-02-16,6261.95,6266.67,6233.08,6247.22,209931,225348,-0.0017911922931538305,6.459221828968318,9.026771856777335,12.927583003061466
2017-02-17,6246.93,6280.52,6231.02,6276.98,170805,228114,0.004752408299409558,6.487663940860812,8.90456291460122,12.853706854802654
2017-02-21,6274.33,6309.98,6270.79,6298.2,192758,232842,0.0033749051928142126,6.467145241626583,8.894799309430507,12.810127197092852
2017-02-22,6300.26,6312.05,6289.36,6306.74,156582,234388,0.0013550245073256587,6.326209122180948,8.783872060893689,12.787971015671229
2017-02-23,6308.51,6318.82,6259.3,6284.35,240394,238906,-0.0035564869443666944,6.032538663963223,8.834627956021043,12.788642331752945
2017-02-24,6281.11,6299.08,6245.45,6297.61,211944,242191,0.0021077804903567904,6.0061479377406695,8.812297388891961,12.765159467957119
2017-02-27,6293.78,6308.51,6274.04,6302.62,153779,235411,0.0007952236211591947,6.005429204709131,8.809517655077734,12.377017775857182
2017-02-28,6299.67,6305.56,6266.67,6284.64,168037,237096,-0.0028568587967291413,5.259192762181342,8.386566565775306,12.379406242269088
2017-03-01,6287.3,6364.49,6284.35,6347.99,241769,233413,0.010029666198199196,5.726975544456558,7.643294635513426,12.410013140319148
2017-03-02,6344.16,6357.13,6312.93,6322.95,206020,229214,-0.003952355957183397,5.931418358206025,7.737354659918026,12.419531440486749
2017-03-03,6315.88,6333.26,6298.79,6331.49,176727,229443,0.0013497240962827052,5.580557273691868,7.609209942736153,12.404353755817908
2017-03-06,6327.96,6334.44,6292.6,6318.53,166727,232373,-0.0020490093350546646,5.709736848695842,7.652187076609669,12.383084531478982
2017-03-07,6311.16,6334.14,6295.55,6305.27,180791,228740,-0.002100794511436594,5.8713011421326415,7.431167072645499,12.377815467499108
2017-03-08,6305.56,6337.68,6286.41,6320.89,221615,225942,0.0024742293727557734,5.836492841077518,7.411647028589926,12.374823835929726
2017-03-09,6320.0,6331.49,6288.47,6325.31,249227,205477,0.0006990242412708945,5.834910823955435,7.34951148347142,12.284975203466383
2017-03-10,6329.14,6358.9,6320.89,6343.28,159754,158932,0.002836939557159262,5.785478126212956,7.212960470502941,12.283822890170445
2017-03-13,6342.1,6360.37,6331.2,6359.19,85360,125463,0.0025050259232746045,5.778927289612449,6.721073215158971,12.28433518138223
2017-03-14,6359.18,6360.65,6317.08,6342.99,235023,201802,-0.0025507446412350327,5.687127231956664,6.752712521058539,12.271841545946213
2017-03-15,6344.17,6397.17,6336.51,6382.74,248409,231592,0.006247206137296682,5.931170063948868,6.820170644886961,12.283872371690084
2017-03-16,6380.09,6407.18,6362.72,6377.73,187337,232395,-0.0007852375747021967,5.651427808669795,6.744744104772208,12.284887016064621
2017-03-17,6378.62,6389.81,6367.72,6370.08,143955,231879,-0.0012002062971310677,5.617278800746865,6.737962472369478,12.279839988175814
2017-03-20,6368.6,6393.04,6355.35,6381.86,144687,232584,0.001847562543566875,5.450266371251836,6.725712983527687,12.275770004280774
2017-03-21,6378.62,6408.36,6277.62,6287.34,414738,238409,-0.014921503132512854,7.71534204217703,7.5003282522596475,12.33923788590128
2017-03-22,6282.63,6332.09,6259.95,6319.73,335865,239630,0.005138397941222844,7.923165012221293,7.49771975130233,12.346902279936879
2017-03-23,6319.43,6334.74,6297.94,6306.48,269772,238273,-0.0020988095182727247,7.850433833394393,7.531440969852686,12.347655766421942
2017-03-24,6309.42,6354.18,6298.23,6335.04,294980,240282,0.004518451672113636,7.974772215678143,7.542449075151793,12.263831134742663
2017-03-27,6312.95,6343.28,6262.6,6335.33,276499,240669,4.577609020908241e-05,7.9729903680420655,7.3155704406127935,12.25544503863778
2017-03-28,6339.45,6389.22,6317.08,6365.95,245032,239090,0.004821570632244608,8.0406020634828,7.328137653055351,12.260576053388995
2017-03-29,6370.67,6404.23,6365.66,6402.47,173940,237704,0.0057203788074220874,7.50073013812019,6.880917323275662,12.222095224739746
2017-03-30,6402.47,6420.13,6391.28,6404.23,163121,238048,0.00027485613172477006,7.321304285591805,6.73960691921235,12.201826897191804
2017-03-31,6408.06,6422.19,6384.8,6405.41,166661,238079,0.00018423624759749744,7.317978626173368,6.698647766537881,12.177766862581512
2017-04-03,6403.35,6424.84,6363.89,6400.7,264740,239261,-0.0007355864056105487,7.270081787478178,6.659027616911336,12.099497449358415
2017-04-04,6398.64,6416.6,6368.02,6411.89,195119,241601,0.0017467198817860843,7.205267865691403,6.5012047505243835,12.003581653036191
2017-04-05,6415.42,6455.76,6370.67,6379.21,301129,245399,-0.00510981402799539,7.474773435031466,6.619023773525953,12.017341694816539
2017-04-06,6376.56,6403.94,6348.29,6386.86,287867,244341,0.0011984895767750273,7.479000147738272,6.617879331060362,12.009550911488095
2017-04-07,6391.57,6402.47,6339.75,6385.09,243807,245227,-0.0002771698936076465,7.430601461120742,6.614350698971287,11.984170263062648
2017-04-10,6384.51,6411.59,6366.84,6386.27,197534,245956,0.000184788464714404,7.385970006784781,6.577260264656015,11.922909943911263
2017-04-11,6391.57,6394.52,6310.6,6362.13,332142,248277,-0.0037871464422639597,7.459988190456896,6.601737101576907,11.931020533802366
2017-04-12,6363.3,6375.08,6323.55,6327.97,251108,248315,-0.005383737324297379,7.340782432105568,6.6478541316943645,11.94422832136374
2017-04-13,6323.55,6359.48,6298.23,6311.78,278784,253079,-0.0025617609294592766,7.379141399764369,6.678155799771014,11.948169235807184
2017-04-17,6304.42,6359.48,6298.53,6354.47,148626,257725,0.006740773574761931,7.807930797360206,6.777292446442272,11.95291276888785
2017-04-18,6357.12,6366.25,6331.21,6347.4,246219,254637,-0.0011132220263840088,7.779519916651923,6.792136509933822,11.95361923717161
2017-04-19,6347.99,6396.28,6346.82,6357.42,213579,256963,0.001577354433595929,5.540752284525484,6.793012692340768,11.91857576905693
2017-04-20,6357.71,6424.55,6353.59,6410.42,231392,265522,0.008302156734727539,5.984002319109715,6.86616303547694,11.916098541035995
2017-04-21,6413.07,6424.55,6392.46,6409.53,193756,259638,-0.00013884609556674512,5.901756891196022,6.624497608747427,11.916287525349288
2017-04-24,6443.69,6492.86,6443.69,6482.56,212519,268842,0.011329548764837058,6.882982011250573,6.957449999510161,11.951369451695802
2017-04-25,6480.2,6545.27,6476.67,6534.67,172850,274049,0.008006354402800168,7.281921859050048,7.091581612752417,11.94987141388891
2017-04-26,6532.91,6551.46,6519.07,6520.54,221754,270872,-0.002164653884149347,7.287757969850479,6.900005623519862,11.907935852740573
2017-04-27,6519.36,6594.45,6518.18,6585.02,194734,273340,0.009840177801511354,7.7582430156101045,7.077609992397349,11.873967851473925
2017-04-28,6577.37,6592.97,6562.35,6572.66,185941,271127,-0.0018787512138306347,7.837138014768617,7.0165345221849265,11.852822275159031
2017-05-01,6573.25,6639.5,6564.41,6631.84,166028,271898,0.008963670907046042,8.27881813202462,7.117111662644492,11.845543093508025
2017-05-02,6629.78,6644.8,6622.12,6642.44,169050,271954,0.0015970737777218135,8.227666424526376,7.087228824475006,11.825911244731756
2017-05-03,6620.36,6632.14,6602.69,6611.23,206431,276375,-0.0047096476203937745,8.551597042626376,7.197934042294128,11.835629942975604
2017-05-04,6606.22,6635.67,6600.04,6625.95,223464,275141,0.0022240395714985036,8.18462890503767,7.1844471532544345,11.823621320072306
2017-05-05,6627.42,6653.92,6610.35,6652.45,166263,274316,0.00399145005157792,8.21298805254143,7.198702493139779,11.827100721228522
2017-05-08,6664.23,6666.88,6636.26,6660.99,164353,271692,0.0012829142838078512,8.173255725292591,7.177619765424025,11.76694064102075
2017-05-09,6659.52,6698.98,6655.4,6685.43,194000,268161,0.0036624094428765815,8.157525744766215,7.187423258428931,11.724100362239563
2017-05-10,6688.08,6689.55,6664.23,6684.55,174081,267449,-0.0001316381926182073,7.8953819982055515,7.122337884432428,11.714204035580407
2017-05-11,6683.66,6685.43,6638.32,6678.95,238806,271406,-0.0008381038392330087,7.447715524811999,7.123613130638473,11.71029422013938
2017-05-12,6678.07,6701.33,6662.17,6700.45,186832,272406,0.0032138987557561276,7.184125085337856,7.052945405143625,11.662641562283614
2017-05-15,6701.04,6721.06,6692.79,6714.88,180918,269218,0.002151271055595488,7.04959215210375,7.029262982817637,11.57884953955887
2017-05-16,6719.29,6745.5,6708.99,6741.96,183423,268218,0.0040247244604819125,6.909872102879425,7.015137303457272,11.581076068403586
2017-05-17,6741.08,6741.67,6565.88,6570.6,506880,268802,-0.02574553130905806,12.338235052135014,8.910419973520083,11.882524127775586
2017-05-18,6566.77,6652.75,6537.32,6631.55,522258,275769,0.009233410168514086,12.409061016536112,9.079619192800639,11.874030206405715
2017-05-19,6632.72,6685.72,6621.54,6658.34,292202,269335,0.004031641539146342,12.415587226620458,9.055934512560253,11.873249087670992
2017-05-22,6657.75,6718.41,6653.04,6715.76,198203,270437,0.008586798784593268,12.175272299003376,9.187292769431357,11.725248786041561
2017-05-23,6715.17,6735.19,6699.86,6726.95,219010,268181,0.0016648432622012146,11.950263278669034,9.187904597086797,11.711802313900241
2017-05-24,6724.59,6754.04,6719.59,6750.21,191514,268535,0.003451769229522676,11.89109509697237,9.163205755084258,11.710753090562138
2017-05-25,6750.5,6825.88,6750.21,6809.98,239940,273737,0.008815567787936952,11.803659098981276,9.116445303784133,11.73340718003218
2017-05-26,6809.1,6827.06,6799.09,6822.05,163404,270605,0.0017708298990146123,11.7285885465261,9.054311958140602,11.731663058878974
2017-05-30,6822.94,6835.3,6805.57,6821.76,197717,272648,-4.2510119980238606e-05,11.437396128612088,9.058258389458928,11.731017408335793
2017-05-31,6822.35,6853.85,6788.49,6823.23,332645,283551,0.0002154636984982878,11.44493902817919,9.0349655618169,11.730459943845947
2017-06-01,6836.78,6859.45,6808.22,6857.09,266069,283162,0.004950186712456386,11.279872268840064,9.037803899635492,11.720806507116711
2017-06-02,6859.15,6933.36,6857.09,6932.47,298205,293184,0.010933017565695322,11.735094787619602,9.2447011571479,11.76000777623397
2017-06-05,6923.34,6938.66,6916.87,6926.29,177414,290913,-0.0008918547416411987,11.767571057923146,9.256618464858061,11.756220533894568
2017-06-06,6925.7,6941.01,6888.3,6905.68,257087,298702,-0.002980054938327212,11.899393888877377,9.297750120930978,11.763241040104734
2017-06-07,6904.5,6931.0,6885.07,6925.11,274935,301092,0.0028096750485175513,11.885570348756238,9.29948394053919,11.761629775830075
2017-06-08,6922.76,6946.31,6894.19,6931.29,266471,262280,0.0008920066409419444,11.86949229010167,9.26337853321757,11.705645888709812
2017-06-09,6916.57,6947.49,6666.59,6761.1,425289,215554,-0.024860344354128757,15.181722521533969,10.666775637637352,11.951063747204351
2017-06-12,6761.1,6768.17,6636.26,6726.36,260181,182120,-0.005151463185246229,15.281581435900343,10.73460064605907,11.967235742390885
2017-06-13,6729.01,6784.36,6721.35,6773.76,144808,159624,0.0070221886588887695,15.46112724110436,10.798385415858968,11.975995817404748
2017-06-14,6773.76,6805.2,6685.3,6739.08,429542,304185,-0.005132907093110221,15.520846878574352,10.870170834044442,11.99117273076375
2017-06-15,6735.84,6738.78,6631.52,6711.45,435110,309424,-0.004108394072748169,12.338589690762674,10.413932613022187,11.918327064971027
2017-06-16,6711.16,6732.91,6654.73,6681.77,356290,300778,-0.004432100508308487,12.08901762137634,10.439613203416085,11.91615306078226
2017-06-19,6693.82,6797.56,6680.89,6778.16,271968,290861,0.014322756179596103,13.017859859449842,10.773345436857952,11.990072307531346
2017-06-20,6779.05,6799.32,6734.67,6739.08,301241,283806,-0.005782261598539463,12.889905378779352,10.84450351788749,12.007456825879634
2017-06-21,6733.79,6814.02,6699.4,6813.43,319202,285856,0.010972247342549986,13.444225408315349,11.03170266582961,11.962584251202566
2017-06-22,6810.2,6835.18,6783.75,6801.38,233021,283005,-0.0017701316649181313,13.427076458206916,11.022304570255884,10.990775091389784
2017-06-23,6801.09,6836.35,6774.64,6832.53,213552,282212,0.004569496821053171,13.155004460943543,11.004219745900201,10.786536581629967
2017-06-26,6821.66,6879.26,6780.51,6792.56,311741,281917,-0.005867134038465966,13.309840730406778,11.095113558361838,10.557429568258494
2017-06-27,6795.5,6799.32,6664.14,6672.95,418001,284978,-0.01776585453970846,14.69394804732378,11.741215870859325,10.576420368542095
2017-06-28,6669.72,6781.4,6620.64,6775.22,396603,280022,0.015209797551637896,15.795059630939814,12.108012945077283,10.633071364622696
2017-06-29,6778.46,6789.92,6584.2,6645.33,604720,290468,-0.01935748623160263,17.021683269144535,12.801166142224437,10.817379729348001
2017-06-30,6639.74,6684.71,6610.65,6645.03,336513,284566,-4.5145503966915904e-05,16.38650991309107,12.746709743966061,10.790852649335035
2017-07-03,6651.21,6689.7,6560.98,6570.39,232656,291208,-0.01129601536236936,16.696544760988598,12.980076517602798,10.837555026634984
2017-07-05,6572.74,6662.67,6536.3,6643.56,392297,287807,0.011074772927168219,17.38929283200072,13.159336084317083,10.883781057455172
2017-07-06,6642.39,6645.03,6559.51,6579.2,370735,290424,-0.009734806993902976,17.505075290410048,13.330592663657956,10.850297427119425
2017-07-07,6581.26,6672.95,6573.03,6648.56,266767,284728,0.010487132467315937,18.07814659866551,13.45509751828669,10.875267919574277
2017-07-10,6657.08,6714.1,6641.8,6693.52,241360,284075,0.006739604346843166,16.177297045673043,13.449052372573567,10.885371544521865
2017-07-11,6691.17,6727.03,6662.37,6724.09,283454,278934,0.0045567061339803604,16.174288322901322,13.449100871330868,10.888149803126074
2017-07-12,6723.5,6806.38,6715.57,6801.38,262329,276956,0.011428932422017774,16.500992052828263,13.56755707309977,10.926111804075465
2017-07-13,6802.56,6832.24,6791.39,6815.19,240958,277892,0.0020284116682908835,16.389247654352776,13.56061865870928,10.921728295407107
2017-07-14,6817.54,6874.26,6803.73,6868.97,230871,276031,0.00786022333720519,16.487281253429227,13.629336244594931,10.930546741207328
2017-07-17,6869.27,6893.07,6854.87,6882.79,217890,278955,0.0020099252244806676,16.355534752713393,13.551845874436601,10.930262805546906
2017-07-18,6886.61,6933.92,6841.94,6915.41,246038,282452,0.0047281617558399365,15.697829192159116,13.568235627425585,10.902900577311494
2017-07-19,6930.4,6965.07,6922.76,6957.14,233290,283720,0.006016215600955286,15.579724384620274,13.44303157902945,10.908864427358186
2017-07-20,6958.61,6980.94,6932.16,6965.37,265354,283347,0.001182258221917309,15.180415465508284,13.367504795415,10.90434062409092
2017-07-21,6971.83,6972.42,6924.52,6957.73,254484,284274,-0.0010974568546959947,15.165401477833537,13.358282026889393,10.90494125844481
2017-07-24,6958.32,7000.05,6941.56,6975.65,195018,288517,0.0025722416069224254,15.121943130536089,13.237237674679768,10.905496878042428
2017-07-25,6965.37,6990.05,6954.2,6975.36,237095,289026,-4.157405091702875e-05,14.909090426022276,13.225756593161003,10.872713407268217
2017-07-26,6975.36,7003.87,6967.43,6992.11,190190,289058,0.002398431216174641,13.091349166773863,13.124774118565249,10.872498441587556
2017-07-27,7007.39,7048.24,6870.74,6946.85,539445,289531,-0.006494051071421619,12.51476223167042,13.21040538319404,10.897744721133707
2017-07-28,6946.27,6957.14,6876.91,6947.74,338476,291666,0.00012810741464362038,9.896442020663464,13.16217459340843,10.8941718070898
2017-07-31,6947.44,6975.07,6900.71,6915.11,280483,291407,-0.004707554400374599,10.172822877665224,13.207341090763917,10.884099204386995
2017-08-01,6917.47,6972.42,6906.89,6923.05,229005,291309,0.001147551534500594,8.895795220369923,13.190027556254385,10.882096277306891
2017-08-02,6974.48,6991.52,6884.26,6948.32,389618,295253,0.0036434797651298642,8.331593239314401,13.20361921423653,10.882989277381885
2017-08-03,6948.91,6964.49,6908.94,6923.93,289423,296967,-0.0035163762376913517,7.384493929632331,13.216873073908882,10.86640487186766
2017-08-04,6922.76,6949.79,6905.42,6933.33,256730,297144,0.0013566897701000075,6.769029698176101,13.2169495790568,10.865328132734799
2017-08-07,6935.69,6980.06,6933.33,6975.65,165201,300435,0.006085296059855727,6.71326426009279,13.260659815348369,10.87668002020082
2017-08-08,6976.83,7021.21,6944.5,6956.85,305079,297882,-0.0026987276382897957,6.848635160298853,13.268609446257976,10.87837323308063
2017-08-09,6951.26,6964.49,6890.72,6962.14,377648,300070,0.000760112659711666,5.806595227984287,13.264840912326822,10.87411985526865
2017-08-10,6962.14,6962.72,6779.63,6806.08,548167,299717,-0.022670568007050876,10.244256943966114,14.074202048641224,11.12713590921531
2017-08-11,6781.69,6871.91,6772.29,6863.1,394754,297376,0.008342904363667282,10.295101867760275,13.094223167920463,11.14900203017926
2017-08-14,6861.92,6955.38,6861.92,6947.44,261541,300365,0.012214011689447123,11.165338122211253,13.190827852014014,11.192745138665847
2017-08-15,6951.56,6988.59,6930.4,6949.79,249827,300187,0.00033819689569785456,11.051309808862884,13.173593676470999,11.192802458819179
2017-08-16,6953.61,6993.88,6938.04,6963.31,293910,298233,0.0019434927163040404,10.862307416974692,13.073997403000648,11.193365899530377
2017-08-17,6959.2,6963.61,6802.26,6818.43,511900,294534,-0.021025695933683326,13.169227348560975,13.802027003693285,11.405802015463118
2017-08-18,6809.02,6859.28,6785.8,6819.6,443313,292413,0.0001715790334631923,13.176528438920457,13.785634870948918,11.405917249893637
2017-08-21,6824.01,6837.82,6762.0,6811.08,360383,290439,-0.0012501212132616534,13.108666979853625,13.669879243137819,11.407604065599976
2017-08-22,6812.55,6914.82,6811.37,6910.41,307895,290847,0.014478272421809902,14.24215156867146,13.984529473544086,11.467974581154932
2017-08-23,6910.12,6916.88,6866.92,6874.56,301682,282443,-0.005201328812939634,14.294689432262448,14.028473930199556,11.482687396503371
2017-08-24,6871.91,6905.42,6821.95,6865.74,372774,283471,-0.0012838149401997378,14.140542183675034,14.031441567060234,11.484580679204647
2017-08-25,6871.33,6905.12,6837.53,6847.52,300167,280801,-0.0026572836395120213,14.156410585288429,14.005798538386284,11.489502321457202
2017-08-28,6841.35,6883.96,6819.6,6870.74,216424,282261,0.0033852722102111817,14.146021647491752,13.838024620802718,11.483998112515215
2017-08-29,6841.64,6906.89,6791.39,6900.13,334338,287457,0.0042684368703951115,14.232133154862531,13.866574926985237,11.488559825223716
2017-08-30,6900.13,6987.41,6891.6,6976.83,273971,292978,0.011054406881551909,14.729638152173194,14.037712458337396,11.534454429646924
2017-08-31,6978.3,7050.89,6973.89,7042.37,273833,293170,0.009350102357097784,15.004029392849095,14.153739805116752,11.562444257110267
2017-09-01,7046.19,7076.46,7021.79,7039.43,229855,290210,-0.00041756026114800684,15.009269104456378,14.153865122332896,11.548236569174467
2017-09-05,7002.1,7035.31,6923.34,6981.83,485650,274638,-0.008216140920787414,15.193562104421302,13.276053488845344,11.583926030216041
2017-09-06,6986.82,7012.98,6946.56,7000.34,335781,269340,0.00264765924217441,15.184062916886768,13.229494530062421,11.559831891201929
2017-09-07,6996.81,7031.49,6973.6,7017.97,301526,252498,0.0025152831254126565,15.203708304273736,13.169103958018619,11.229434444507387
2017-09-08,7017.09,7020.32,6944.5,6954.79,190958,198497,-0.009043371615149077,13.082736965905193,13.265721507580677,11.10413817629072
2017-09-11,6969.48,7043.54,6969.48,7032.67,160000,164200,0.011135803755376617,13.323702927864675,13.405436339921328,11.114157253915359
2017-09-12,7031.2,7057.94,7015.03,7049.13,125609,129080,0.002337770383955312,12.688968296220521,13.36476347512606,11.114651288192944
2017-09-13,7052.06,7059.41,7024.44,7055.59,76177,102123,0.0009160054863474211,12.688280421374412,13.068451015568595,10.982855223058763
2017-09-14,7055.59,7058.53,7010.95,7013.3,283913,276501,-0.0060118641018803804,12.901922464334678,13.073375600054321,11.004326995518678
2017-09-15,7014.48,7066.16,6986.58,7042.08,268013,271588,0.004095234738912837,10.172604440097803,12.916819445276095,10.997504153928721
2017-09-18,7046.78,7069.1,7009.19,7032.1,235721,272263,-0.001418200090196856,10.218047610916042,12.914320412965411,10.999926068386442
2017-09-19,7035.62,7053.24,7018.29,7044.14,212483,264264,0.0017106845203259935,10.164952145114087,12.889638914505994,10.955791520916893
2017-09-20,7044.14,7048.25,6966.02,7022.41,347504,265749,-0.0030896015420350453,9.087511974338875,12.843446379852669,10.942512992007915
2017-09-21,7019.47,7024.46,6952.81,6983.35,343404,265850,-0.005577719633366472,9.121419820750717,12.333642892753884,10.939264852153984
2017-09-22,6982.18,6983.64,6943.12,6972.19,272649,263136,-0.0015993651809835866,9.131594494421183,11.968044411101616,10.90108199550633
2017-09-25,6966.32,6993.92,6862.07,6902.6,447828,273006,-0.010031226929293407,9.845798516751577,11.449231263436594,10.920456555928562
2017-09-26,6905.24,6944.88,6886.44,6921.39,343472,267060,0.0027184642887592026,9.821804373866238,11.456245592653648,10.92196348816382
2017-09-27,6918.16,7004.2,6914.34,6978.36,349282,263878,0.008197315636982522,10.123169664615821,11.281144599474297,10.932314561729152
2017-09-28,6972.48,6986.87,6943.41,6975.42,268097,262084,-0.00042139119915952884,9.334726758444411,11.087158178730675,10.92336260351084
2017-09-29,6976.3,7030.63,6968.96,7027.1,275661,265128,0.00738156198442898,9.096024823701592,10.945696414967644,10.942063832129776
2017-10-02,7028.87,7059.11,6998.91,7024.76,269518,267237,-0.0003330519976189117,9.095693486307054,10.772502265764167,10.939755252277768
2017-10-03,7030.63,7053.24,7022.7,7045.31,207901,268776,0.0029210962862906437,8.625291624473466,10.712611157511907,10.938980692833567
2017-10-04,7046.49,7065.87,7023.58,7052.36,236714,273109,0.0010001653589129494,8.589432220452846,10.684861957006843,10.938409090029932
2017-10-05,7053.53,7127.53,7048.83,7124.89,254723,278013,0.010231974858693704,9.255929870274263,10.636685848909787,10.973352674791883
2017-10-06,7120.78,7131.64,7091.71,7123.13,232608,278318,-0.00024705187232359224,8.51799410060777,10.635450770209848,10.956374611408782
2017-10-09,7121.07,7146.33,7111.97,7123.42,155751,279021,4.071161088690976e-05,7.668926364025161,10.53197432334376,10.859105147034041
2017-10-10,7120.78,7151.61,7093.47,7124.3,238961,281132,0.00012352853665268025,7.644189141983397,10.528330544834732,10.85298824307803
2017-10-11,7123.42,7148.68,7110.21,7144.57,180901,280723,0.0028411519111456104,7.687492657396916,10.503608588489396,10.844979813802254
2017-10-12,7145.74,7161.6,7125.77,7135.46,200082,279668,-0.0012759078567591289,7.320100550488052,10.447486782827443,10.846963471202713
2017-10-13,7133.41,7169.82,7128.12,7164.83,178530,278508,0.004107614781998132,7.320826767895099,10.473749925684874,10.851053294946086
2017-10-16,7166.88,7190.38,7162.77,7188.91,167591,276313,0.0033552262462791015,7.319541536304265,10.485023953522958,10.846338858551352
2017-10-17,7188.32,7195.07,7170.99,7193.02,154430,277269,0.0005715505654505396,7.318160770894442,10.476513524110894,10.84636855248118
2017-10-18,7191.26,7203.59,7174.52,7187.73,180414,278878,-0.0007357057508972345,7.1882889871364775,10.479043962246912,10.846042960416352
2017-10-19,7190.08,7190.67,7107.86,7162.48,332212,278665,-0.0035191158956372737,6.965939062410363,10.503397773114173,10.854727980617183
2017-10-20,7162.48,7199.77,7153.96,7178.04,222217,275492,0.0021700755769383856,6.888335297269508,10.41013121246938,10.795558763886431
2017-10-23,7176.28,7198.01,7118.72,7123.72,247882,276392,-0.007596304399710251,6.385718128777924,10.54288056574756,10.820451371989824
2017-10-24,7123.72,7156.31,7114.61,7141.04,235526,278150,0.002428363114592903,6.379665320840293,10.49606029977738,10.795310535621644
2017-10-25,7133.99,7150.44,7060.58,7123.42,436671,281153,-0.0024704768300535316,6.021875052623304,10.513229948941099,10.748061972694225
2017-10-26,7124.01,7160.72,7088.77,7147.21,320283,281049,0.0033341235864455905,6.049420490497469,10.50943889625353,10.750195549114483
2017-10-27,7155.72,7312.83,7140.16,7300.49,435844,284553,0.02121939842529396,9.12976844644689,11.301428368322544,10.937481960352388
2017-10-30,7293.74,7343.07,7285.22,7311.07,360344,269811,0.0014481686895887872,9.093590289684851,11.301607812360679,10.897378202799315
2017-10-31,7308.13,7351.59,7305.19,7341.02,239132,270162,0.004088159670460044,9.118714208906715,11.26971735772494,10.858369448935951
2017-11-01,7341.02,7381.84,7310.19,7330.45,346061,269121,-0.0014408919936121165,9.19702607677354,11.255735370817442,10.813563828344346
2017-11-02,7317.82,7356.58,7273.77,7324.57,356528,272517,-0.0008024554474204389,8.696992823606399,11.26095198133112,10.804837241740818
2017-11-03,7344.25,7396.23,7324.87,7388.88,301691,267910,0.008741717208980806,9.051735476784769,10.254220433024509,10.561840408507791
2017-11-06,7382.72,7420.6,7362.46,7415.9,218392,272003,0.0036501764971478843,9.047702434765096,10.162600512828913,10.55551068491669
2017-11-07,7413.55,7437.04,7395.64,7418.84,284157,273642,0.00039636691151878763,9.04066526939757,9.905417281732117,10.552185989153726
2017-11-08,7412.38,7453.49,7401.8,7448.79,218248,275482,0.004028892367147949,9.064675564343744,9.922250213251024,10.414222686623056
2017-11-09,7449.67,7460.54,7335.15,7417.07,550267,281665,-0.0042675026051984975,9.271625454535801,9.982648352682947,10.428379315051204
2017-11-10,7415.02,7424.71,7377.73,7410.91,266728,278891,-0.0008308617025879158,9.283876502695978,8.871036516786395,10.35442537738513
2017-11-13,7414.73,7429.41,7377.73,7414.14,229366,279403,0.0004357489588377951,9.272189594405035,8.869653494787215,10.258758616987553
2017-11-14,7412.67,7421.48,7356.29,7392.41,342800,283784,-0.0029351895750109004,9.40351581148528,8.897780254395753,10.263656920689703
2017-11-15,7392.41,7393.88,7318.7,7360.4,399624,282754,-0.004339519079119544,9.595455153829613,8.541883012051343,10.243544105438515
2017-11-16,7358.34,7468.76,7353.94,7448.2,339694,292214,0.011858113370554257,10.132647283023054,8.722085847354842,10.287618132401702
2017-11-17,7450.26,7460.83,7410.03,7415.61,275846,288828,-0.0043851545766959345,10.378453920424686,8.784801957692297,10.26790515621584
2017-11-20,7414.14,7434.4,7389.77,7418.84,203721,289137,0.00043547284207291786,9.807532989604509,8.748325542593047,10.2629168178769
2017-11-21,7418.54,7500.18,7413.26,7493.42,216030,291741,0.010002591400782478,10.208687679713487,8.918013413754869,10.283149099261808
2017-11-22,7495.48,7511.92,7488.43,7505.17,191140,292729,0.001566814267709493,10.052170021163798,8.898658144793165,10.279321498292173
2017-11-24,7503.7,7536.3,7489.02,7533.36,118443,290124,0.0037490410323687516,10.057210827268765,8.683506191842001,10.27942007895126
2017-11-27,7534.24,7546.28,7511.34,7533.07,204123,289778,-3.84961799226042e-05,7.29846537339631,8.522463963730873,10.27847507761476
2017-11-28,7533.07,7552.15,7504.29,7541.29,307329,290858,0.0010905936722668404,7.30034786729663,8.516425071027978,10.191205952688751
2017-11-29,7545.11,7550.98,7380.07,7406.5,625761,296362,-0.01803526187924853,10.003551666979451,9.188756519209127,10.216658856821011
2017-11-30,7407.68,7491.08,7387.12,7481.09,457769,297222,0.010020510255141455,10.53053814484165,9.368246829472882,10.255293601901752
2017-12-01,7463.18,7481.09,7336.61,7454.37,608005,292953,-0.003578065691584245,10.63967119955273,9.41224871452433,10.237179778281389
2017-12-04,7483.44,7507.81,7342.19,7359.23,520744,309979,-0.012845129900967932,11.264551722146283,9.615660309905497,10.33272020218493
2017-12-05,7347.77,7446.73,7319.88,7366.86,443788,295910,0.001036256152553034,11.183947622517898,9.37818820641858,10.27979867143906
2017-12-06,7363.63,7408.27,7320.76,7391.82,363675,289542,0.0033824195384383545,11.259702036345377,9.388067845924377,10.276986899962534
2017-12-07,7397.69,7441.74,7386.83,7427.06,325352,269841,0.0047561038929952665,11.298668013881128,9.423169190946581,10.270105414365943
2017-12-08,7426.18,7492.84,7424.12,7447.03,180084,236586,0.0026852079016877754,11.23163492062928,9.320471722815537,10.251548519423311
2017-12-11,7450.55,7528.96,7446.73,7514.57,148290,186840,0.009028507484098558,11.648931503206297,9.44445314637038,10.196359751934962
2017-12-12,7522.5,7526.61,7484.32,7499.0,134498,155641,-0.0020741243530797643,11.690321932188636,9.452823599811433,10.19905715079436
2017-12-13,7499.88,7539.53,7476.98,7515.74,109048,135683,0.0022298097650724374,11.628580088213052,9.454921569049663,10.199622965705096
2017-12-14,7515.75,7546.79,7498.48,7506.09,292712,263838,-0.0012847970357060406,11.498388328574832,9.42812282321863,10.19041829141472
2017-12-15,7499.94,7615.89,7496.43,7610.91,288903,270627,0.013868053176574371,11.769526440193708,9.677907677905017,10.265192576420498
2017-12-18,7610.33,7661.86,7609.74,7653.95,220351,271562,0.005639110224971098,11.689712546195738,9.694674889855365,10.272587981610414
2017-12-19,7653.66,7666.25,7588.95,7613.55,272966,275308,-0.005292299891276276,11.938370743390577,9.499457063776347,10.289730416438974
2017-12-20,7617.35,7646.63,7569.63,7599.79,276115,287844,-0.0018089392273088003,11.524842785158874,9.522662710506934,10.287077438180594
2017-12-21,7597.15,7636.97,7584.56,7603.59,211561,283648,0.0004998888509175824,11.52047990449359,9.423600648305444,10.287231071127751
2017-12-22,7600.67,7614.72,7574.61,7593.64,154620,286473,-0.0013094493432996384,11.479943423706619,9.432806024820064,10.28617842361821
2017-12-26,7592.17,7603.3,7533.32,7565.82,135130,286956,-0.0036703195537085152,11.57030903318912,9.406124781967334,10.26039177186128
2017-12-27,7567.29,7583.98,7544.74,7558.8,158481,281887,-0.0009282878517417433,11.572282440006246,9.411142207146202,10.260109599167754
2017-12-28,7556.75,7586.32,7545.03,7549.72,138254,277928,-0.001201970953234636,9.411230764761822,9.417264152209372,10.188747285351027
2017-12-29,7547.67,7574.9,7475.93,7505.8,210114,279417,-0.005834421473062885,9.062502729124862,9.525527414643992,10.183923638955026
2018-01-02,7501.41,7639.9,7492.92,7629.94,259593,276028,0.016403926562060266,10.61125900741907,9.858125138973632,10.290336094248367
2018-01-03,7628.19,7719.54,7625.85,7711.63,223243,272136,0.010649597409370137,9.738703223275222,10.043761323331763,10.324461554406717
2018-01-04,7710.76,7750.28,7706.36,7733.89,254577,267029,0.002882391193261263,9.727998097878112,10.045148906361952,10.299640508755346
2018-01-05,7739.16,7812.94,7729.5,7809.14,214944,262044,0.009682872379450154,10.061096289889772,10.184538859825983,10.332751504040726
2018-01-08,7809.14,7836.07,7792.15,7832.85,198494,261079,0.0030315858990984414,10.03398591000235,10.185660935929546,10.334297786687118
2018-01-09,7831.97,7855.4,7808.55,7831.68,272445,258186,-0.00014938207557790444,10.08336149295626,10.175003305423314,10.333264422983754
2018-01-10,7823.19,7831.39,7762.87,7820.26,320261,264095,-0.0014592442887556318,9.870218270570795,10.17923431160309,10.330703915922946
2018-01-11,7819.38,7880.58,7805.04,7877.94,228872,261698,0.007348646287125127,9.92174327969359,10.243705593688649,10.34137462481744
2018-01-12,7876.77,7937.97,7850.71,7935.04,288871,263288,0.00722194654996779,10.06329258990026,10.307723305422217,10.345793902895485
2018-01-16,7942.36,8017.61,7881.16,7919.81,516270,272679,-0.0019211792838663758,10.099306545195992,10.322227975795462,10.349031828126606
2018-01-17,7920.4,8004.14,7899.32,7991.84,357653,265543,0.009053805486246722,9.52008540821961,10.376505416765387,10.378580546163048
2018-01-18,7985.11,8008.53,7959.34,7979.25,314511,266427,-0.001576599043381105,9.543205364369712,10.39958387592501,10.382234196900509
2018-01-19,7983.35,8030.78,7965.78,8017.61,324203,267166,0.00479595039613391,9.174123573074471,10.231951815871664,10.388619016115346
2018-01-22,8000.04,8129.45,7992.43,8117.45,262762,250248,0.012375692965436471,9.642680379610274,10.45170101347543,10.435977801960128
2018-01-23,8115.98,8176.3,8104.27,8158.15,336204,254208,0.005001362141836539,9.601934968115094,10.42318014100542,10.406953213692837
2018-01-24,8147.31,8203.24,8067.38,8117.74,526387,265378,-0.004965637275046377,9.928000217517347,10.524955866860669,10.424849784029213
2018-01-25,8120.38,8183.33,8083.48,8118.03,415464,268318,3.572359056954209e-05,9.66472962684359,9.750075692815136,10.424056865774022
2018-01-26,8125.65,8238.67,8121.25,8233.69,326274,262446,0.014146759964223508,10.2099940712327,10.074151015723649,10.469608261366789
2018-01-29,8233.4,8253.6,8174.84,8189.48,407157,259588,-0.005383870079821958,10.607748930737635,10.176027964491778,10.484741196774824
2018-01-30,8188.3,8205.87,8084.36,8129.75,524079,257403,-0.00732023100636382,10.80300651682261,10.326786653331807,10.503687934369596
2018-01-31,8125.94,8187.72,8106.32,8154.34,413798,256844,0.003020128074802004,9.75767197515183,10.31653796955455,10.495175598866009
2018-02-01,8166.64,8183.91,8063.28,8079.39,492861,258690,-0.009233926220613458,10.31437802427179,10.455874660559681,10.5413429740728
2018-02-02,8144.39,8155.51,7908.1,7912.2,642482,260857,-0.02091050257403307,13.199420573212983,11.40730318816828,10.771185614981123
2018-02-05,7908.1,7979.83,7481.21,7529.81,931677,258724,-0.04953606296983001,21.95200454855892,15.419386704145255,11.90531018791652
2018-02-06,7581.05,7820.55,7331.88,7792.74,813419,242937,0.03432272194038241,25.407517807733083,16.91411304821955,12.369417999183261
2018-02-07,7774.29,7867.69,7650.15,7677.96,593446,233873,-0.01483864415511166,25.928968195189817,17.184694865131604,12.466803106161343
2018-02-08,7661.86,7751.45,7379.61,7398.64,640585,243392,-0.03705768733898077,28.920665664159102,18.83581803786792,13.034426044366306
2018-02-09,7411.23,7560.55,7219.15,7516.34,787495,229150,0.01578311782013334,29.462009393496523,19.112516336338974,13.110404122711477
2018-02-12,7535.96,7691.72,7512.24,7649.85,406083,224108,0.017606722446906566,30.132446651046006,19.428331505415326,13.21680910090931
2018-02-13,7647.51,7695.82,7578.41,7683.53,382334,224590,0.004393037173175375,30.2131652611472,19.416491420911726,13.20968213649345
2018-02-14,7682.36,7838.41,7561.43,7831.68,482298,231531,0.019097969398865232,30.882102829017928,19.649235164764654,13.333786771584164
2018-02-15,7824.65,7996.23,7811.48,7982.76,458423,245511,0.019107169950865314,31.6940486300236,19.9697891047905,13.453069182043755
2018-02-16,7983.06,8034.0,7919.52,7948.51,445962,223828,-0.004299726608966475,31.676781770032512,20.001372355318285,13.461199488516895
2018-02-20,7944.41,8015.26,7874.14,7952.9,461892,224273,0.0005521523074409182,31.3186991832569,19.9162951230151,13.461184813469016
2018-02-21,7950.26,8064.16,7895.22,7917.76,440206,223258,-0.004428304484406772,31.256891040822392,19.946776716433977,13.464408171633336
2018-02-22,7913.08,8000.92,7840.76,7950.85,439678,224124,0.004170503649842136,31.290580314380023,19.949541997754576,13.46783549849725
2018-02-23,7955.24,8097.25,7943.82,8092.56,383733,212956,0.017666279873364638,31.988910080583604,20.2418301936281,13.572208122731116
2018-02-26,8102.52,8207.04,8069.43,8198.26,297831,214716,0.012976815568434604,31.922150963981238,20.385301276518685,13.619687516322957
2018-02-27,8202.36,8208.8,8085.83,8099.59,498392,222061,-0.01210849351834146,32.15494699490143,20.179196911027017,13.653506810532601
2018-02-28,8097.25,8163.71,8031.66,8040.15,461819,222485,-0.007365703380086051,32.15622051795945,20.179882692981675,13.670263249560783
2018-03-01,8057.13,8079.68,7834.02,7918.06,793737,229245,-0.015301513406900901,32.54147297421663,20.439821752080892,13.76734967495675
2018-03-02,7921.57,7991.25,7783.66,7969.59,636240,231055,0.006486822241618344,32.522477964089916,20.263495975777566,13.775550796827812
2018-03-05,7959.05,8086.41,7896.68,8054.79,467865,222802,0.01063389695761268,31.84089414891208,20.35286041003738,13.806507044542244
2018-03-06,8058.3,8127.11,8048.06,8090.22,415228,223998,0.004388979241808912,25.668748478617907,20.357906970960073,13.809942870730966
2018-03-07,8031.95,8124.48,7961.97,8109.84,498163,222042,0.002422214435347209,22.957363054077746,20.34760233601543,13.810662647697015
2018-03-08,8107.79,8171.62,8096.95,8168.1,388688,212995,0.007158184483794758,22.131147604126763,20.37967541562942,13.823306998273749
2018-03-09,8165.47,8319.77,8154.93,8313.33,225672,196354,0.017623926934851375,16.856302636945315,20.58961830732612,13.92282325741398
2018-03-12,8314.5,8384.18,8303.67,8361.64,185865,147339,0.0057943294847637525,16.441702611457202,20.591428807676696,13.92605768159904
2018-03-13,8358.42,8419.03,8228.42,8266.48,208524,107632,-0.011445796503435643,16.794608504654228,20.76961697925366,13.97315578828138
2018-03-14,8266.45,8335.22,8235.73,8260.89,470283,213106,-0.0006764536902314561,16.87014940503468,20.766398426581727,13.973016683128977
2018-03-15,8264.11,8310.05,8224.9,8275.53,349315,220577,0.0017706376380007352,15.852524586929492,20.608466031573826,13.971390716043405
2018-03-16,8278.16,8292.2,8231.63,8244.51,287434,224289,-0.0037554432625056537,14.764855692301804,20.61577040498964,13.979463079599563
2018-03-19,8243.34,8243.34,7983.8,8092.65,571979,232579,-0.018591281960317393,16.3141714981969,20.972787969586822,14.026603081973827
2018-03-20,8089.72,8108.45,8032.66,8096.45,401041,230748,0.00046945167671926094,16.314430830926206,20.96487132158362,14.020525938475059
2018-03-21,8090.6,8135.66,8008.37,8057.24,454570,224175,-0.004854627890777687,16.33356952501193,20.99961793257053,14.029399530966439
2018-03-22,8056.36,8093.52,7825.49,7832.52,685491,230973,-0.0282867688095226,19.264835349466026,21.83561204342557,14.329074931629474
2018-03-23,7832.81,7866.75,7630.03,7671.29,748098,229742,-0.02079950832243335,19.22646191938328,22.254056833865732,14.492798491509035
2018-03-26,7666.02,7934.34,7637.06,7927.91,637180,229719,0.03290465581207404,22.414743549324076,23.237241082407863,14.84239056376751
2018-03-27,7930.54,8016.57,7596.09,7679.48,731553,228360,-0.031837608259790005,24.618264178889092,24.178776623162715,15.193221532724785
2018-03-28,7666.61,7704.06,7515.33,7581.17,948120,238007,-0.01288429522893458,24.8350622032853,24.297846786407984,15.254508259392473
2018-03-29,7596.97,7787.75,7541.96,7717.82,647977,241087,0.017864399434290187,25.428644909287634,24.341337397410204,15.351721189082127
2018-04-02,7674.51,7711.38,7404.73,7482.85,670690,247816,-0.030918205278303603,27.31000304277225,25.058613165547865,15.676829873373773
2018-04-03,7497.48,7603.99,7433.69,7571.8,681282,243760,0.011817084436359522,27.392318634849634,25.17677368740065,15.716676187100825
2018-04-04,7568.0,7715.18,7381.61,7704.36,635562,247240,0.017355582478676263,28.23569512969803,25.355873737632496,15.794785431853125
2018-04-05,7703.77,7788.63,7676.85,7725.13,495024,238723,0.002692248745153692,28.242028917102147,25.354107460212294,15.795921892121543
2018-04-06,7734.2,7738.01,7500.7,7554.83,631810,239372,-0.022291557304172885,28.84420835399511,25.75399700229375,15.964298516064309
2018-04-09,7564.49,7745.91,7560.98,7604.28,482071,233897,0.006524152856121039,28.0023342312518,25.794556047547918,15.975020731058642
2018-04-10,7596.68,7785.41,7574.73,7753.22,542219,232193,0.019396994273575968,29.059183871724727,26.067215097328848,16.078385350432058
2018-04-11,7754.39,7798.87,7667.19,7716.35,443623,232226,-0.004766786641658632,28.921803441150786,26.0358946250274,16.07610662865117
2018-04-12,7720.45,7834.57,7712.84,7807.65,357175,230826,0.01176256798137038,29.412520219537136,26.1539836078856,16.110142145828494
2018-04-13,7805.31,7857.1,7732.15,7772.53,465366,226885,-0.004508299581107855,29.36691187819988,26.09581341572965,16.108106869613387
2018-04-16,7811.74,7867.63,7770.78,7855.93,324486,226204,0.010672937920197417,29.770332836010123,26.194066982583962,16.137334344884515
2018-04-17,7846.86,8011.3,7840.13,7992.57,325724,227739,0.017243699498827463,29.904818429316414,26.41992858394525,16.220889807105575
2018-04-18,7981.75,8037.34,7955.12,8009.84,298181,221766,0.0021584257252241436,29.91900197304833,26.2973409865991,16.204295091945582
2018-04-19,8023.59,8036.46,7906.55,7935.52,376428,219795,-0.00932190156717234,30.046243052702227,26.339611758497274,16.2363982862946
2018-04-20,7932.88,7947.51,7778.68,7814.08,422339,228733,-0.015421649667613007,28.804442681163025,26.502647200451367,16.283798270673792
2018-04-23,7848.32,7874.65,7744.44,7803.26,384306,227141,-0.0013856395175102633,27.76110668215752,26.50271066137917,16.26872030036264
2018-04-24,7795.94,7862.66,7569.46,7639.1,626789,232914,-0.02126179990503728,26.0735781509694,26.65085564078379,16.415191260634916
2018-04-25,7637.93,7697.04,7524.99,7673.05,544882,229472,0.00443439433813013,23.603550745982567,26.661752938836646,16.39346410010071
2018-04-26,7705.23,7899.23,7677.14,7882.55,424984,233913,0.02693726605185008,24.925410133797524,27.237735457890818,16.60310667869303
2018-04-27,7894.26,7926.15,7751.76,7806.48,481734,221940,-0.009697297553635657,24.507833848009955,27.29188421199148,16.61511899256573
2018-04-30,7804.43,7862.95,7719.57,7740.05,389473,225356,-0.008546010499474123,21.836320119049127,27.283088026592477,16.640470581814153
2018-05-01,7731.86,7888.7,7699.97,7832.52,360806,228152,0.01187614977499318,21.839963141464867,27.07310604530056,16.67008419004662
2018-05-02,7860.02,7876.41,7754.39,7764.05,382532,225883,-0.008780192038664812,21.318142153858666,25.116595770799865,16.696346289282186
2018-05-03,7760.83,7808.52,7652.27,7800.33,518811,228609,0.0046619352274892495,21.357833776836546,24.127212222582937,16.697846423000087
2018-05-04,7802.67,7945.46,7737.13,7929.37,408713,231469,0.01640754685289651,20.27442249751411,24.155286840548516,16.772648678175855
2018-05-07,7934.34,8018.91,7926.44,7989.36,323768,229033,0.00753706909903538,20.30478778966114,22.886412607782358,16.784088444268857
2018-05-08,7978.82,8002.82,7924.98,7982.92,370356,224063,-0.0008063971266445285,19.31318579676822,22.689076779620894,16.784568698153112
2018-05-09,7984.67,8077.43,7968.58,8071.29,316609,226321,0.011009061489918983,19.44996081460392,22.522545279843666,16.815626382954267
2018-05-10,8071.29,8159.36,8062.8,8152.04,292974,229003,0.009954881871615069,19.342973906132933,22.588200887495223,16.83919557392767
2018-05-11,8133.9,8169.02,8109.03,8146.19,263016,229361,-0.0007178693945572016,19.21608725542139,22.272421694807413,16.839302372647584
2018-05-14,8144.14,8208.81,8140.93,8162.58,255900,225942,0.002009962188184043,18.962670894468914,21.940606961700375,16.836579519914917
2018-05-15,8156.73,8165.8,8022.42,8064.85,432917,237303,-0.012045182953212984,18.670153503497133,22.06808658616086,16.673658175252033
2018-05-16,8070.7,8138.59,8047.29,8119.57,274261,232941,0.006762084586217301,18.79710520289449,22.108472058281027,16.66287989286232
2018-05-17,8117.22,8148.53,8046.71,8082.7,325159,232928,-0.004551221976004584,18.53486387737138,22.109620043054647,16.668364986509456
2018-05-18,8085.92,8118.4,8031.78,8045.54,314569,231605,-0.004608074502324187,17.6466138918577,22.117915643213742,16.658425138212365
2018-05-21,8098.21,8142.68,8054.31,8094.4,293370,231722,0.006054563927502039,17.68509683511472,21.85262889824653,16.666765811780323
2018-05-22,8092.35,8140.05,8064.26,8086.79,269992,231987,-0.0009405983813382266,15.501955388697533,21.68523038995425,16.66536771575523
2018-05-23,8082.4,8147.95,7993.74,8142.68,390903,237095,0.00688749798244544,15.559608177464288,21.589963306804435,16.657014084981526
2018-05-24,8142.39,8163.75,8058.7,8142.97,379490,236052,3.5614175673852555e-05,12.738072457865277,21.534028684536615,16.65681190191853
2018-05-25,8140.34,8197.4,8125.71,8146.49,317340,232581,0.00043218130678222225,12.031776943133817,21.28992955818998,16.656663627963194
2018-05-29,8180.14,8201.2,8064.85,8128.05,487638,237338,-0.0022661172470895305,11.486758430942546,21.259893189603503,16.659272270232794
2018-05-30,8132.15,8186.87,8097.62,8178.09,303797,236762,0.006137584625616226,11.033564463509753,21.186642161587326,16.662764325622902
2018-05-31,8167.85,8220.52,8144.14,8166.09,389141,232346,-0.001468412873112782,10.356604606062819,21.171806809200987,16.6322125176632
2018-06-01,8172.53,8298.93,8166.38,8290.16,335020,240285,0.015079055178324028,11.262290597532921,21.38748001664267,16.694355959067583
2018-06-04,8286.35,8370.33,8276.99,8366.53,247834,239275,0.009169953352026163,10.381975518440969,21.418717309768628,16.711668437039005
2018-06-05,8365.65,8412.47,8353.94,8402.81,256212,239989,0.004326951043315325,10.244544958028042,21.133462587790095,16.714238912748172
2018-06-06,8405.74,8453.14,8359.5,8444.65,300300,239185,0.004966931040933247,10.200587302034497,21.124750058963723,16.7195371679737
2018-06-07,8447.58,8467.18,8329.66,8381.45,410243,218374,-0.007512174207007291,10.344062242921819,21.04764958940663,16.539941097329784
2018-06-08,8380.28,8383.79,8284.01,8370.33,215656,195318,-0.0013276203046268858,9.944250209665684,21.049270648012893,16.530330097886637
2018-06-11,8351.02,8414.22,8339.31,8392.28,173772,143366,0.0026189253995450535,9.924018009866305,21.052658503485098,16.519665341724746
2018-06-12,8386.13,8449.63,8375.01,8426.51,112997,109027,0.004070453018544449,9.965255640348222,21.050416534633733,16.5117323136576
2018-06-13,8443.19,8500.54,8417.73,8432.07,94299,94950,0.0006596048067614557,8.584189937529226,20.676401952597097,16.504051049499818
2018-06-14,8432.08,8535.55,8400.6,8524.19,335148,215339,0.010865710520317476,8.985958326419933,20.781285590074745,16.525362667642803
2018-06-15,8523.02,8532.93,8446.95,8489.5,364647,218743,-0.004077898218715469,8.938621387158381,20.772773714607574,16.478133155151475
2018-06-18,8483.09,8498.54,8404.68,8483.09,291954,221680,-0.0007553355504090986,8.63427154468273,19.86879407932591,16.46522469083455
2018-06-19,8481.92,8486.59,8344.93,8455.4,450281,224232,-0.003269479707578666,8.7794577780724,19.352968523535992,16.43929951989228
2018-06-20,8457.15,8553.63,8425.67,8526.52,320649,221056,0.008376015880474354,8.960994905542337,18.2827640841293,16.454402321238646
2018-06-21,8528.85,8579.28,8425.08,8438.49,424012,225412,-0.010377923747451837,9.921721702730215,17.117639976729894,16.489104108446785
2018-06-22,8427.13,8480.76,8392.44,8421.0,322915,225998,-0.002074796601109207,9.999031369352943,16.869303124452532,16.47787423692484
2018-06-25,8421.0,8421.0,8156.05,8246.99,598963,230018,-0.02088030075951577,12.816378774868733,17.15491278437882,16.516423663491224
2018-06-26,8236.21,8312.87,8208.52,8282.55,399009,233643,0.004302606709983149,12.832748785375381,15.812762302083724,16.456626743195404
2018-06-27,8275.85,8337.93,8147.31,8159.26,546252,233717,-0.014997413409065423,13.850310723984412,16.032790504052237,16.408319127977915
2018-06-28,8159.84,8250.49,8110.0,8231.84,483220,234987,0.008856083407636255,14.19704923517005,15.76031586086207,16.427889359017133
2018-06-29,8225.72,8305.58,8213.77,8239.12,396079,232970,0.0008839801048709346,13.10251533590541,15.756887715982229,16.382152062562998
2018-07-02,8240.87,8300.92,8146.73,8297.13,379570,241881,0.007016129771485394,12.916846666403304,15.028596312176656,16.361708880292767
2018-07-03,8293.92,8353.67,8187.24,8188.99,300232,240439,-0.013119102736267848,13.536737977245048,15.288502236133187,16.387456095439195
2018-07-05,8188.12,8310.54,8178.79,8307.91,378283,241059,0.014417503886093704,14.497555889814533,15.068312820143914,16.415513370103916
2018-07-06,8299.75,8438.49,8279.35,8433.54,320304,244267,0.015008539670877723,15.299779455485627,15.280078107149766,16.466242786596048
2018-07-09,8432.37,8515.15,8432.08,8511.36,269931,240970,0.00918512910865341,15.602639745031999,15.214996488597329,16.483124249941547
2018-07-10,8511.94,8552.46,8463.85,8512.82,286748,241382,0.0001715207432697205,15.589715154594124,15.167026463125763,16.449359928748233
2018-07-11,8468.51,8499.41,8399.73,8457.15,373366,246319,-0.006561025116991823,15.74205980464696,15.133828779851244,16.465981919642093
2018-07-12,8464.14,8612.5,8452.19,8607.55,304341,248696,0.01762748767238364,16.918658825201387,15.151369366887435,16.53703251463575
2018-07-13,8606.67,8644.27,8589.19,8619.5,279818,243256,0.0013873532516281975,16.517594146211355,15.150187155566345,16.53672870350632
2018-07-16,8627.08,8643.69,8529.72,8540.22,246001,242936,-0.009240309760108117,16.8087615293839,15.147770679062006,16.56344874849904
2018-07-17,8534.39,8669.63,8502.33,8653.02,343273,246833,0.0131216243662511,17.4046408642943,14.936083245434183,16.601222593112546
2018-07-18,8655.93,8671.67,8606.09,8632.91,267804,243337,-0.0023267488729342345,17.377223859129842,14.945628804106285,16.604297979555394
2018-07-19,8627.66,8646.31,8574.9,8590.06,321505,244643,-0.0049759232482116675,17.275524430894425,14.233385610805419,16.613485242560987
2018-07-20,8604.63,8643.69,8570.24,8581.02,302839,242868,-0.0010529332849414346,16.816994393558986,14.236990886113512,16.613653309399584
2018-07-23,8590.35,8665.84,8524.48,8663.22,287213,236780,0.009533690392169787,17.053531129261078,13.346802622141224,16.636376858276897
2018-07-24,8651.27,8732.3,8612.21,8646.61,406774,237642,-0.0019191413316049588,14.965626566040097,13.160132691717536,16.638001365699807
2018-07-25,8639.9,8779.23,8624.16,8708.69,351372,240539,0.00715404110243526,15.048564428778826,13.030558975810008,16.633460984235054
2018-07-26,8641.94,8685.96,8583.36,8663.51,392494,236030,-0.005201425479948168,13.894638853669205,12.945506360485718,16.644580181631042
2018-07-27,8662.05,8705.78,8468.51,8512.53,534684,231822,-0.01758075653750818,15.493365739677301,13.36799203773472,16.738254400272528
2018-07-30,8502.91,8521.85,8355.71,8395.06,497537,238372,-0.013895758083156186,16.452201175903163,13.718919891318649,16.803392122252795
2018-07-31,8406.14,8508.74,8381.95,8446.65,430194,237623,0.0061264754426404965,16.41158548859714,13.390810917119495,16.80953571656597
2018-08-01,8502.91,8515.44,8442.28,8484.25,370601,239187,0.004441590442743166,15.586034040944337,13.341730299829699,16.807933504119582
2018-08-02,8492.71,8622.12,8411.09,8611.05,441069,245525,0.014834758722982866,15.63157488368846,13.633087306723812,16.866715516872304
2018-08-03,8618.33,8645.15,8583.65,8629.99,298355,241012,0.002197084122407557,14.836153484292577,13.482787751962613,16.85905643643609
2018-08-06,8632.62,8685.66,8613.09,8678.96,250166,241785,0.005658359479471802,14.634304266482308,13.390915439446077,16.862125560128348
2018-08-07,8677.21,8728.8,8674.59,8717.73,260630,242818,0.004457177104966122,14.682086699836724,13.403827733828885,16.86593405682416
2018-08-08,8718.89,8739.59,8677.21,8711.02,250480,243534,-0.000769992148779758,14.418169054736493,13.408141023104012,16.69868598663652
2018-08-09,8701.69,8750.66,8696.16,8715.69,236834,243418,0.0005359588943396194,13.094913223625776,13.126923640398278,16.682269241225516
2018-08-10,8711.9,8712.48,8616.88,8659.14,389778,238531,-0.006509439192403429,13.331749594506427,13.172470106350326,16.66028833433527
2018-08-13,8657.39,8719.77,8602.3,8647.48,377939,234929,-0.0013474614643654557,12.874718705048185,13.130347656248665,16.661703639166774
2018-08-14,8651.56,8703.44,8624.16,8694.99,305390,235148,0.00547904869998602,12.156548641113266,13.104917217482026,16.667779988064417
2018-08-15,8698.2,8703.15,8530.31,8597.35,521164,233551,-0.011292981479491484,12.807053103246169,13.316279970611127,16.566612959145935
2018-08-16,8604.34,8667.88,8584.81,8614.84,348395,235857,0.002032281309899453,12.702063773151975,13.311667570605309,16.566807230347663
2018-08-17,8607.26,8635.82,8536.43,8613.38,366862,236105,-0.00016948936146574833,12.69489115661937,13.258041013996161,16.565720126315977
2018-08-20,8616.58,8651.85,8571.11,8612.5,286070,233351,-0.00010217184849365099,12.205404699233807,13.258471026528929,16.509702073080728
2018-08-21,8605.8,8688.58,8591.52,8624.75,320662,235654,0.001421340650312157,12.203995449503289,13.258420648124552,16.498396041246842
2018-08-22,8597.64,8679.83,8571.7,8666.43,309493,240277,0.004820964298113775,12.046473994352079,13.26452768518554,16.5015755694468
2018-08-23,8666.72,8715.1,8640.78,8656.22,356371,238721,-0.0011788036105676496,11.910740323265966,13.229817148892101,16.49898870161992
2018-08-24,8659.14,8743.67,8654.18,8739.29,278682,243316,0.009550812992070381,10.411111155317203,13.336199362485027,16.51984483312818
2018-08-27,8743.08,8824.7,8742.79,8823.53,280533,244195,0.009593066036998558,9.117992646837092,13.137029900023226,16.53926802722068
2018-08-28,8823.82,8857.63,8819.16,8835.19,273330,242080,0.0013205942100623037,9.022788894439755,13.027564631618546,16.508126949017264
2018-08-29,8838.69,8947.7,8838.69,8941.0,311623,251215,0.011904828836414466,9.63173676070158,13.20387053822085,16.523277331729435
2018-08-30,8945.66,8973.93,8891.44,8917.97,390929,254487,-0.0025790975365102024,8.635051525732148,13.198447682874043,16.526519095613203
2018-08-31,8909.52,8956.74,8899.61,8932.25,346901,262609,0.0015999806216759683,8.63356237963008,13.081720332483194,16.500808052114248
2018-09-04,8942.45,8970.14,8845.39,8906.02,470667,261192,-0.002940870264286061,8.653028896619235,13.098467903490851,16.50464948618081
2018-09-05,8910.1,8911.27,8748.04,8781.27,522313,255872,-0.01410640846256399,10.134385437342372,13.455638978035534,16.573054635811456
2018-09-06,8779.23,8796.13,8636.7,8694.7,650890,251792,-0.009907399488172383,10.769039658135277,13.61255252676656,16.578525346588453
2018-09-07,8691.49,8738.13,8619.5,8672.55,606515,255919,-0.00255077942793129,10.800792696053623,13.62706039569227,16.54986980180613
2018-09-10,8666.13,8725.01,8643.98,8697.91,418797,256580,0.002919901720266468,10.59239704909573,13.464448910292525,16.550506742524437
2018-09-11,8698.2,8773.11,8632.91,8758.24,467702,252540,0.0069122046048620805,10.832967931671432,13.498895371263089,16.561727924233903
2018-09-12,8762.03,8792.05,8656.81,8727.64,586137,241012,-0.0034999704032014473,10.76927637174592,13.521665470200311,16.553090544552514
2018-09-13,8724.72,8841.31,8709.27,8819.45,459821,220254,0.01046450868037762,10.45780471440065,13.651596382382952,16.57796473052822
2018-09-14,8819.5,8858.99,8762.87,8796.85,334597,86112,-0.002565806940012437,10.540697331500747,13.57284669404438,16.57998926055756
2018-09-17,8788.43,8798.59,8662.69,8670.82,451747,145653,-0.01443033752947364,11.888095353197055,13.736248563565148,16.65100378820141
2018-09-18,8669.08,8786.1,8621.17,8739.93,472740,202124,0.007938815153840664,12.187980737350383,13.810647134896708,16.661534208526785
2018-09-19,8745.45,8764.91,8677.5,8742.26,407425,227200,0.00026655699472394946,12.186240885839487,13.064365842968142,16.64895408169858
2018-09-20,8746.03,8847.08,8727.74,8837.79,403730,245379,0.010868107917566257,12.639615393476971,13.204395629179967,16.677053855948394
2018-09-21,8838.08,8871.19,8766.65,8770.13,371830,241619,-0.007685215858997281,12.993000247920975,12.90574743537189,16.663079803109838
2018-09-24,8757.65,8820.66,8680.98,8811.37,390762,246862,0.004691303430908699,12.661938176395173,12.828257307969556,16.666366353166868
2018-09-25,8817.17,8831.4,8770.13,8822.11,318332,245840,0.0012181374666886974,12.196846613950743,12.828162053519018,16.65044077053135
2018-09-26,8825.3,8906.61,8801.49,8816.3,405833,244077,-0.0006587895632465439,12.188482964777094,12.774304738756856,16.650653952128554
2018-09-27,8816.3,8927.81,8811.37,8894.13,377694,249363,0.008789227707444395,11.826028720241315,12.525830431429668,16.656766706808334
2018-09-28,8901.39,8917.07,8847.37,8891.8,381496,243698,-0.00026200485589776714,11.794394828062831,12.230863207899164,16.65671317294757
2018-10-01,8911.26,8977.17,8888.03,8915.32,358159,242986,0.002641641509397169,11.820624611157719,11.889406299278527,16.65640088853082
2018-10-02,8914.74,8958.59,8862.76,8888.9,392577,245643,-0.0029678378937592893,11.821489619630556,11.789267646518683,16.661023372068772
2018-10-03,8892.96,8948.14,8875.83,8902.84,394538,242238,0.0015670196228733905,10.604326566266229,11.789946529931315,16.634732699378056
2018-10-04,8886.87,8886.87,8660.95,8728.03,704908,243617,-0.019830641221326373,12.359109992190946,12.437114584509494,16.763989308888224
2018-10-05,8735.87,8757.94,8533.76,8637.14,735015,246711,-0.010468176239705536,12.89979975462627,12.115680356902601,16.802046430043085
2018-10-08,8645.56,8657.17,8463.49,8585.74,615687,247054,-0.005968822009039649,12.999730227771819,12.174835107864865,16.815549682685013
2018-10-09,8584.87,8660.08,8522.15,8594.16,583403,246016,0.0009802153300284089,12.709401480623256,12.025120020486826,16.814241415196708
2018-10-10,8589.22,8609.26,8130.71,8167.88,924204,266244,-0.05087351354420998,21.82668210086206,15.66687582864541,17.59367575565489
2018-10-11,8142.62,8291.0,8023.56,8166.72,1146270,264851,-0.00014202980200921352,21.25586812364292,15.665142834695189,17.59012895401972
2018-10-12,8178.04,8360.4,8170.49,8330.78,772623,255395,0.019889729776528472,22.868426038475565,16.209910580226992,17.6950869197294
2018-10-15,8336.01,8338.62,8201.27,8219.57,641765,255185,-0.013439192985746017,22.80373556837784,16.424933076469507,17.7510549844268
2018-10-16,8209.98,8545.96,8204.47,8541.6,614355,248531,0.03843044761768116,26.888348611686947,18.170126483363443,18.15368476476774
2018-10-17,8525.34,8558.73,8387.99,8494.56,663303,237798,-0.005522385273108169,26.926456761744955,18.199367713474864,18.159499055942423
2018-10-18,8488.17,8490.2,8240.47,8290.71,705908,237839,-0.02429034777314762,27.677122219882396,18.781207869331702,18.331069728822282
2018-10-19,8309.59,8414.41,8238.44,8254.41,661050,239764,-0.0043880078530931475,27.630883081608363,18.773840781619747,18.31941982577508
2018-10-22,8230.31,8375.21,8196.92,8311.04,650331,244048,0.006837148475269013,27.720769680227374,18.50701008802054,18.32924408489761
2018-10-23,8310.75,8321.2,8065.66,8293.61,825811,251981,-0.0020994126828259014,27.680022137688344,18.296272967648367,18.32865143274736
2018-10-24,8288.97,8333.98,7881.85,7940.51,895420,252019,-0.04350783384073981,31.143293524481724,20.282707474113813,18.85397428456165
2018-10-25,7989.58,8218.7,7917.86,8045.34,793502,253249,0.013115536891716713,31.438083610157275,20.459773498273904,18.780915014327707
2018-10-26,7993.65,8115.03,7822.03,8006.72,1069548,249371,-0.004811852748747021,31.388295764426346,20.209678469731003,18.787855825962446
2018-10-29,8012.23,8120.84,7643.45,7824.36,905327,249992,-0.023039245133356753,31.853027972689098,20.684024792736512,18.930299559310406
2018-10-30,7804.61,7955.61,7736.95,7916.12,832546,245444,0.01165924285279612,32.48662531171569,20.810554789251036,18.96408208126257
2018-10-31,7964.61,8176.3,7917.86,8102.25,755201,238229,0.023240614086348196,34.01315971404079,21.389474528211398,19.102963179906034
2018-11-01,8084.25,8223.34,8057.24,8221.02,589071,232767,0.014552488078034227,34.17537432322628,21.632376264664337,19.13750880508435
2018-11-02,8115.9,8297.1,8027.62,8107.77,793339,244050,-0.013871427818593646,34.29525457265123,21.79060787721192,19.188426506541187
2018-11-05,8099.06,8128.97,7973.9,8072.05,506045,240036,-0.004415383858649595,34.28282539303643,21.77305448624859,19.19440643864843
2018-11-06,8069.44,8171.07,8022.4,8149.88,514296,240478,0.009595725934135007,34.55364997144588,21.88446420650692,19.213369008429364
2018-11-07,8144.07,8392.05,8097.61,8384.5,621601,240954,0.028381559987034274,31.171557997955034,22.663000178980212,19.412379767623193
2018-11-08,8377.83,8399.02,8284.03,8323.52,477828,240058,-0.007299520920639662,31.31893166668623,22.59724932659666,19.427693298386824
2018-11-09,8300.0,8323.81,8117.93,8167.01,596695,247590,-0.018982373469179734,31.24070835463436,22.903424202568413,19.52555705029145
2018-11-12,8161.2,8251.22,7928.31,7939.06,702949,248865,-0.028307988473885045,32.4488641901602,23.5815642279848,19.734304448477175
2018-11-13,7953.0,8086.57,7899.86,7959.97,711516,244920,0.0026303506636455917,28.861329458386216,23.594428862150107,19.73017955076878
2018-11-14,7970.13,8048.82,7835.68,7861.53,731312,251340,-0.012443987018419738,29.028916399268912,23.696680044686484,19.737128864169236
2018-11-15,7875.17,8038.37,7796.48,8032.56,793461,243302,0.021522037647958462,29.308630039669154,24.1314850731885,19.847089821878658
2018-11-16,7984.94,8031.98,7905.66,8009.04,691502,240120,-0.0029323779241128747,29.29469496544807,24.13389062879304,19.849771068469522
2018-11-19,7985.52,8054.63,7703.56,7749.73,743936,247021,-0.032912899661698136,31.133030647668836,24.87639549638648,20.103615568420594
2018-11-20,7745.66,7747.41,7491.29,7587.69,910469,250492,-0.021130806790443477,31.746651837394314,25.06086963202485,20.216091891327164
2018-11-21,7582.18,7721.56,7560.4,7638.51,569302,243495,0.006675360722087879,28.376157224667754,25.119831379973,20.223653491139093
2018-11-23,7647.8,7667.84,7544.14,7585.95,362540,244308,-0.006904705824202644,27.852479207886272,24.95675271554264,20.23572179024306
2018-11-26,7593.5,7778.19,7585.37,7751.18,503369,236961,0.021547237683551174,29.158459333525517,25.44831527635236,20.350494956809552
2018-11-27,7711.98,7808.97,7681.49,7796.77,577173,234284,0.005864455527610108,28.129518097065603,25.491464526818845,20.276157629607184
2018-11-28,7808.1,8041.85,7793.0,8035.75,639404,237597,0.03019079109648489,29.878461814271034,26.34403843945423,20.475123693594437
2018-11-29,8022.69,8065.37,7948.35,8029.95,530605,229668,-0.0007220351745618306,28.67251242940862,26.217613969043583,20.4716762829567
2018-11-30,8017.17,8092.67,7981.45,8072.05,485575,230114,0.005229175994635495,28.212883648794048,26.19357140802852,20.43463598068561
2018-12-03,8178.33,8292.16,8148.42,8198.37,575964,235225,0.015527876739085053,28.35179867532193,26.415973551086235,20.491137210639728
2018-12-04,8194.88,8194.88,7878.66,7902.18,811925,235654,-0.03679668324990214,31.28322888951486,27.40381128578044,20.826822868609916
2018-12-05,7893.76,7970.13,7889.69,7902.18,872044,233937,0.0,31.034021165553227,27.34867370276669,20.82192147033655
2018-12-06,7938.48,7961.42,7701.23,7926.86,986103,243052,0.0031183217679505077,29.034280542290308,27.363845989537772,20.82247992983827
2018-12-07,7939.64,7964.03,7660.0,7693.39,854199,245480,-0.029895473911753262,30.565559521314796,27.84935485907726,21.022160469845037
2018-12-10,7661.74,7799.09,7590.89,7781.38,778327,245511,0.011372181723494735,30.482759561577744,27.989310492760776,21.051451662531793
2018-12-11,7776.44,7908.57,7725.63,7802.0,734366,242969,0.0026464107317318675,28.936968239169993,27.88514200049405,21.05191018470525
2018-12-12,7766.57,7982.03,7763.09,7862.4,663375,233987,0.0077117922602582085,29.074400568566716,27.88180811845569,21.065079981717414
2018-12-13,7862.4,7943.12,7808.97,7842.65,626806,219948,-0.002515115890904424,28.750509443576444,27.878985320791532,21.021557162959734
2018-12-14,7842.6,7856.78,7649.54,7667.2,486181,66842,-0.02262529739493473,28.613266027056415,28.07277000793259,21.137669048756933
2018-12-17,7640.28,7705.98,7436.52,7512.93,632497,111182,-0.020325953898813913,29.319430547490526,28.293692883375666,21.229502356557674
2018-12-18,7521.32,7615.1,7475.59,7506.56,646315,151462,-0.0008482312491213115,27.13717900111337,28.255647819513523,21.228917366519966
2018-12-19,7484.56,7652.73,7295.27,7354.32,714462,178793,-0.020489409244541047,27.07682311225027,28.477373768464638,21.327783111535407
2018-12-20,7351.71,7414.81,7154.9,7323.06,1011493,190275,-0.004259622257664498,26.91332517039137,28.474113236806225,21.331486003204247
2018-12-21,7322.77,7337.82,6981.23,7014.81,862689,197594,-0.04300464503936563,30.568894598023817,29.510556637811476,21.758552164600857
2018-12-24,7004.1,7088.9,6817.7,6821.46,449594,207664,-0.027950103178722183,30.14727098716319,29.90541793955555,21.93483717832678
2018-12-26,6833.04,7305.4,6738.68,7277.04,642440,205414,0.06465066092983421,39.183702536371214,33.06390922378052,22.886563853230438
2018-12-27,7274.14,7332.03,7008.15,7321.03,740129,208050,0.006026842336467131,37.327031259271095,33.12008338864829,22.887715815776886
2018-12-28,7304.24,7412.49,7228.7,7286.01,644735,206995,-0.0047949573763300625,37.29806448533489,33.106352436510136,22.83190620402867
2018-12-31,7308.01,7382.68,7274.14,7332.32,386061,203063,0.00633590224341079,37.339820401316246,32.98374442808607,22.815291983021222
2019-01-02,7351.13,7420.31,7124.79,7376.03,659316,214271,0.0059435801671035016,36.79865364175486,32.99447643654215,22.82154912576745
2019-01-03,7227.54,7298.75,7118.43,7134.06,714536,217120,-0.03335505616087653,36.42616048519019,33.58489649211884,23.04113283106185
2019-01-04,7141.87,7481.38,7104.53,7448.96,696539,196948,0.04319392800115554,40.255779449166695,34.89206060968598,23.45019042811416
2019-01-07,7468.93,7566.76,7412.49,7521.32,516597,199780,0.009667229141298243,40.45341841678673,33.47568755426943,23.47111111333743
2019-01-08,7532.32,7625.23,7487.46,7591.66,539049,203796,0.00930862184893602,39.32616827288158,33.5465025665527,23.489976772281622
2019-01-09,7579.5,7693.25,7579.5,7646.65,496789,205281,0.007217367110131808,39.18488936977499,33.30561737259728,23.489558109991414
2019-01-10,7637.97,7689.49,7557.21,7670.38,496364,204361,0.003098514396794019,39.19060366688243,33.22322725268162,23.480162248170924
2019-01-11,7667.2,7678.78,7608.73,7655.91,364787,206142,-0.001888259232916324,39.06035045250392,32.182717105681824,23.480137145943015
2019-01-14,7639.99,7644.04,7550.27,7577.47,364990,208688,-0.010298527743088882,39.1891522377046,32.22101928637332,23.48387457964635
2019-01-15,7575.16,7744.19,7574.29,7730.01,492324,206872,0.01993078540698,39.08946168805524,32.18323583493593,23.57035036155477
2019-01-16,7727.4,7800.05,7715.25,7717.85,443742,210537,-0.0015743284198013654,38.32959461458634,32.17637348448416,23.565561888997998
2019-01-17,7722.19,7826.39,7655.33,7780.08,472761,213655,0.008030793074029133,38.39172323745797,32.189908774269085,23.54621444506666
2019-01-18,7783.26,7905.41,7770.82,7864.31,499881,215067,0.010768181296550827,37.58066077390663,32.280739701999536,23.56614193966358
2019-01-22,7866.33,7866.33,7654.46,7702.51,651258,204693,-0.020788552442710707,38.472129609526846,31.321012378149792,23.65227426459084
2019-01-23,7701.35,7785.0,7632.18,7716.69,515044,212611,0.0018392658500386704,34.52364466707434,31.196539161942116,23.653157015728322
2019-01-24,7714.09,7778.34,7702.51,7727.98,449017,214432,0.0014619932974883354,32.33597753026224,31.187672631293605,23.609520605889212
2019-01-25,7738.98,7884.86,7730.01,7862.57,446822,214587,0.01726601609244541,24.378688963448102,31.04205406009346,23.66914981823352
2019-01-28,7854.47,7862.28,7697.01,7758.95,490045,217628,-0.013266509245944396,25.103402896176082,31.065267754172876,23.694862380593506
2019-01-29,7751.43,7781.24,7660.54,7686.01,441622,215438,-0.009445222552969864,25.34568151854049,30.726173211093382,23.71083419851927
2019-01-30,7745.64,7925.09,7708.01,7915.83,526133,215860,0.029462758808363916,27.06048885144627,31.19438965482758,23.879919454295585
2019-01-31,7923.93,8038.26,7918.14,8005.55,557023,217195,0.011270499129500493,27.181499995309377,31.164098918115663,23.814329517831478
2019-02-01,8001.21,8020.31,7942.74,7962.72,461403,213909,-0.00536440111660733,23.653534004468757,31.17017314523485,23.290743570675136
2019-02-04,7946.51,8084.57,7940.14,8031.89,353660,212930,0.008649217606531926,19.08910153201594,31.15803409656864,23.05174455280575
2019-02-05,8031.89,8143.32,8021.18,8113.51,369764,213153,0.010110705873936901,19.10792079988985,30.662149597409638,23.02396289209312
2019-02-06,8114.96,8149.11,8072.12,8099.33,376560,211905,-0.0017492313025571648,19.087439709586224,30.631029683239657,22.716237700119336
2019-02-07,8090.36,8098.17,7937.82,7994.84,595400,209675,-0.012985008630001972,19.860073580611314,30.500471989389194,22.70220355592347
2019-02-08,7990.79,8018.87,7920.17,8007.87,464342,210247,0.0016284745370695006,19.858367140683644,29.940530856228165,22.635129224325752
2019-02-11,8013.66,8068.94,7984.13,8004.97,384589,211728,-0.00036220933097506187,19.824537421547824,29.936196696570043,22.631212606259883
2019-02-12,7998.32,8137.25,7991.95,8125.67,363950,212733,0.014965587570555246,19.735208543601967,29.97287342574704,22.60000462453136
2019-02-13,8124.22,8185.0,8118.14,8123.06,359971,213728,-0.00032125587937605337,18.784248228542484,29.65268230352336,22.519083339633063
2019-02-14,8124.22,8170.82,8071.83,8127.12,490159,216587,0.0004996867830972978,18.739251200765565,29.64560389108565,22.51481367712162
2019-02-15,8124.51,8214.53,8075.6,8178.06,430944,213093,0.006248341414471754,18.681121239552485,28.850539606842357,22.523261508340674
2019-02-19,8178.06,8213.95,8145.06,8183.27,386613,219223,0.0006368675622455254,18.430461952067283,28.483242492368362,22.51866924603238
2019-02-20,8183.85,8225.81,8141.59,8189.06,418267,216652,0.0007072909282156028,16.371640001749366,28.461024602425567,22.515067483823444
2019-02-21,8186.16,8235.94,8110.04,8144.19,432866,214998,-0.005494327568186842,16.64893247663619,28.445418601868834,22.45236827614072
2019-02-22,8140.43,8221.47,8126.54,8206.42,367501,211648,0.007611985177178874,16.731393167917002,28.16126405700603,22.427495988796252
2019-02-25,8229.87,8299.33,8222.34,8249.84,346624,216347,0.005277031446987494,15.89628696808746,28.15714365659244,22.400378234774724
2019-02-26,8245.5,8279.07,8189.06,8240.58,362741,218526,-0.0011230764253795287,14.859148666626954,27.491228029216565,22.38816138187652
2019-02-27,8230.73,8256.78,8159.82,8245.21,367938,223155,0.0005616958752636316,14.154385102112684,27.490210082639,22.33431394499664
2019-02-28,8244.63,8255.63,8188.19,8222.92,360883,221584,-0.002707048537018516,10.454171247737959,27.47927933220133,22.327037420612463
2019-03-01,8227.55,8294.7,8218.0,8284.86,383198,222523,0.0075043755953079815,10.08556498579872,27.338313367756882,22.314337367098304
2019-03-04,8309.17,8349.11,8190.5,8272.99,556660,224439,-0.001433761271348919,9.812452444734854,26.233964896452722,22.310701660708617
2019-03-05,8271.54,8314.96,8248.1,8295.86,364928,222831,0.0027606037261761105,9.493601738520233,26.236630080903822,22.311085614648498
2019-03-06,8284.86,8302.51,8228.13,8233.05,444302,221578,-0.007600053763914824,9.473474535071102,26.288260381924143,22.312974253655224
2019-03-07,8230.44,8246.94,8108.01,8136.09,556540,206631,-0.011846820786238232,10.451697942096375,25.645429893640287,22.273964387379362
2019-03-08,8133.77,8143.61,8033.63,8135.22,312130,178808,-0.00010693668805142734,9.219715793492787,25.553578098910833,22.266075344283564
2019-03-11,8130.01,8308.88,8101.36,8294.99,203726,128621,0.019448934152244475,11.340224634060784,25.837524627406122,22.322868905045855
2019-03-12,8308.01,8362.43,8293.25,8343.33,167990,93594,0.005810699158746262,11.398451420738164,25.81942932032739,22.330339080018195
2019-03-13,8346.51,8446.37,8316.99,8414.24,127111,71344,0.00846309139536955,10.630570167963885,25.853784620190744,22.345692849859848
2019-03-14,8414.23,8432.38,8371.6,8373.33,361924,187718,-0.004873853807650581,10.868101999472374,25.407993620680223,22.347910802574376
2019-03-15,8379.37,8481.34,8376.21,8460.89,412124,195793,0.010402714187889989,11.304841702364964,25.060239437122984,22.292507549830944
2019-03-18,8454.84,8502.66,8436.12,8481.06,366874,196310,0.0023810729614356235,11.195465385296217,25.053408300890734,22.29358664747951
2019-03-19,8482.78,8550.76,8470.11,8499.2,427134,198532,0.0021365994279057975,11.18711553704365,24.609770529550264,22.28863935624601
2019-03-20,8500.93,8593.11,8468.09,8537.23,550615,197011,0.004464557793937324,11.213721121241942,24.57368280144985,22.106612772142448
2019-03-21,8526.86,8688.74,8489.12,8681.25,523249,199530,0.01672892830671115,11.971372509728207,22.83070910612713,22.06439473036513
2019-03-22,8672.32,8693.06,8472.13,8490.27,694561,196191,-0.022244725582796193,14.853804772932989,22.52232071915573,21.938936232985213
2019-03-25,8494.31,8515.33,8399.54,8474.72,596897,192529,-0.0018331875650675516,14.841135017202317,18.61300128109407,21.69998963849464
2019-03-26,8483.65,8581.01,8457.72,8499.49,557412,192657,0.0029185473235457528,14.82132875020511,18.599021584024502,21.660090546130874
2019-03-27,8507.27,8531.75,8383.41,8450.81,592979,192905,-0.005743866933034056,15.044242486314227,18.61590020445922,21.597675469430776
2019-03-28,8438.14,8494.59,8398.96,8470.97,446378,192552,0.0023827291854672437,14.975841270789628,18.598473095895898,21.36710086567685
2019-03-29,8468.96,8542.99,8468.96,8526.86,395579,193496,0.006576157240939021,14.929920308014655,18.604063393828078,21.345466182660267
2019-04-01,8560.85,8648.99,8559.12,8639.77,412914,194287,0.013154780901694694,15.446660172990478,17.170976552605964,21.3159914755723
2019-04-02,8636.03,8678.95,8622.78,8663.68,359192,195721,0.0027636124839639955,15.446675493711778,15.01131805401594,21.316068368994824
2019-04-03,8661.09,8775.44,8656.77,8736.27,483546,194572,0.008343750543127302,15.14307345479484,14.986825617592581,21.206790023423842
2019-04-04,8735.12,8754.42,8666.85,8712.36,432440,194013,-0.0027406180273912054,14.282128018954879,14.956276038140933,21.200912657700005
2019-04-05,8716.39,8771.41,8706.02,8761.62,358710,193499,0.005638112266460542,14.239399451142917,14.937565724672472,21.121943989348424
2019-04-08,8765.65,8790.42,8712.07,8783.8,333328,197003,0.0025282964802286704,12.968708413471541,14.936669591145604,21.11627044461148
2019-04-09,8786.39,8795.61,8732.24,8748.94,389517,200115,-0.003976565663663308,13.137878478573981,14.967534989651535,21.090560536094223
2019-04-10,8745.77,8809.72,8728.78,8804.25,332696,202943,0.006302009270612559,13.026949678518058,14.759508220748376,21.09273872442244
2019-04-11,8807.42,8827.0,8758.45,8776.6,340950,203675,-0.00314547053155976,12.91528611043872,14.347468757175214,21.070895410267266
2019-04-12,8776.31,8831.61,8769.39,8816.92,346210,204727,0.004583513769713601,12.59539311860996,14.335309013069814,21.00697690065995
2019-04-15,8818.94,8824.7,8755.28,8811.74,322483,204773,-0.0005876793981032945,12.629422014366707,14.294822612761978,21.006450049293562
2019-04-16,8815.19,8866.18,8812.89,8848.32,373199,208140,0.004142687206617286,12.654194548142206,14.186813921294153,20.986991861807503
2019-04-17,8844.86,8910.54,8835.65,8860.13,463944,209449,0.00133382670430495,12.622499849144969,13.372418683641627,20.9261997818694
2019-04-18,8862.15,8898.44,8826.14,8886.34,393586,204601,0.002953829021442881,11.353027702360794,13.372609755018336,20.926772461254757
2019-04-22,8889.51,8925.81,8837.09,8911.98,253668,205341,0.0028811728002195395,7.238410069716421,13.371737582567118,20.81252155827983
2019-04-23,8915.72,9037.57,8900.17,9030.94,427149,216023,0.013260020446825463,8.003405020598384,13.205372008191402,20.847739282506282
2019-04-24,9025.76,9047.94,8989.75,9042.18,387633,217168,0.001243836310403826,8.03264179466848,12.803070629936823,20.678794424548254
2019-04-25,9050.82,9078.76,8977.94,8985.43,488329,217438,-0.006295919143736955,8.115173876741219,12.692829540035408,20.66455249472127
2019-04-26,8986.3,9039.59,8935.89,9033.54,467051,213850,0.005339940553893458,8.149912822254935,11.410524648971162,20.649630495116362
2019-04-29,9030.08,9065.22,8993.5,9003.0,320324,211311,-0.0033864620582854453,8.369251984594069,11.307860613090167,20.622255292361103
2019-04-30,8993.21,9052.84,8918.03,8987.16,463833,218357,-0.0017609631146479798,7.535119859064723,11.232069721443942,20.6021223847309
2019-05-01,9043.33,9064.65,8913.42,8937.04,484406,212358,-0.005592453847584448,7.988683769938574,11.252091990276897,20.60730977054953
2019-05-02,8915.44,8992.92,8851.49,8911.4,592822,210394,-0.002873082200722395,7.711516873508568,11.155707693181732,20.54793317219873
2019-05-03,8916.88,9070.69,8911.98,9062.05,454088,216798,0.016764007812135398,9.3855000396549,11.558812790937917,20.60087735808632
2019-05-06,8998.68,9007.32,8834.49,8991.19,630196,212998,-0.007850154752812715,9.893354155373126,11.322400155824837,20.61754301798996
2019-05-07,8923.5,8991.77,8735.12,8841.98,838952,207517,-0.016734375552904128,11.76095144628229,11.953032749172934,20.662202798498207
2019-05-08,8830.17,8869.64,8756.72,8811.45,621509,211319,-0.0034588213663850425,11.737217956874462,11.992096871620749,20.643074452424557
2019-05-09,8802.52,8807.99,8619.61,8751.25,741216,213345,-0.0068554647941482276,11.782295209902351,11.785362800545975,20.65536422685596
2019-05-10,8746.35,8819.51,8567.47,8768.53,802652,215010,0.001972628149830294,11.758507101458045,11.781791094648838,20.655333042035792
2019-05-13,8680.96,8700.84,8416.82,8428.05,773473,216847,-0.03960374692915556,18.166331661013537,14.45726421570759,21.004214077543782
2019-05-14,8428.63,8594.84,8399.54,8550.48,547769,214860,0.014421993193790315,19.106074094533355,14.688705867979676,21.04256510514617
2019-05-15,8559.98,8685.86,8472.99,8675.2,535915,215748,0.014480958598474016,19.849347399905206,14.956041432292928,21.085725409765804
2019-05-16,8669.44,8803.96,8610.97,8757.01,525588,219122,0.009386142160813894,20.177356226653202,15.054891890076036,21.099678774545247
2019-05-17,8757.58,8779.76,8648.99,8654.75,626777,216050,-0.011746219309582084,20.507379932037093,15.225719958348177,21.12654981436305
2019-05-20,8658.49,8709.77,8481.92,8516.77,634294,218386,-0.016071142193035536,21.0876286510956,15.557323972140122,21.18982817649415
2019-05-21,8535.79,8624.51,8527.14,8600.02,436744,214783,0.009727367857747676,20.777620469892668,15.640751312227952,21.20080436299071
2019-05-22,8598.58,8612.7,8516.2,8560.85,455678,215809,-0.0045650445489077525,20.743136274952978,15.673691634562461,21.206237235583732
2019-05-23,8561.71,8566.32,8374.19,8423.73,640165,218014,-0.01614676125327576,21.255809483157623,16.0466559451763,21.269632007745283
2019-05-24,8430.36,8502.95,8411.64,8428.92,407810,218941,0.0006159268915067487,21.06858490158934,16.034000525168068,21.26830901543904
2019-05-28,8428.92,8493.73,8388.3,8405.59,528983,221897,-0.002771689218824187,21.070014243016555,15.978071883884901,21.26171403939054
2019-05-29,8401.27,8406.45,8276.54,8314.28,568052,220981,-0.010922442312033,21.223984615622552,16.138086731818095,21.289983952474543
2019-05-30,8312.83,8377.93,8305.63,8359.5,403475,218763,0.005424098298944328,21.465732065245906,16.166169273709613,21.24312313538249
2019-05-31,8355.47,8360.36,8214.32,8219.22,540433,222490,-0.01692330264081347,21.9979512317565,16.46663650607227,21.29102606170218
2019-06-03,8192.14,8218.07,7997.71,8058.2,771723,223049,-0.019785107539003005,21.224999888120806,16.787237663449392,21.37806733211421
2019-06-04,8075.48,8280.29,8044.37,8271.93,565396,218218,0.026177648932122405,24.052520688328794,17.63372222940686,21.535111867462536
2019-06-05,8283.17,8347.98,8238.52,8328.68,534798,216984,0.006837124788878796,23.87391023846233,17.232949634153325,21.53319958283111
2019-06-06,8311.68,8410.2,8273.95,8390.61,433916,214173,0.007408243201349296,24.155594050505076,17.258780365948308,21.545710871118487
2019-06-07,8372.46,8587.35,8362.38,8548.75,484835,217179,0.018671849992071096,25.214037888960473,17.593776333373352,21.625518492167036
2019-06-10,8605.78,8731.95,8562.29,8659.36,463884,212359,0.012855743410904268,25.685511481279498,17.747148185857178,21.659910373809165
2019-06-11,8663.97,8757.58,8633.15,8662.53,461725,210057,0.000366010872414994,21.16089507816896,17.628191272856338,21.65985490318379
2019-06-12,8661.95,8677.22,8596.56,8610.68,388858,199825,-0.00600353445980486,20.7278712012514,17.671488945243595,21.641269096242265
2019-06-13,8613.85,8682.98,8550.48,8667.71,396174,183709,0.00660133346942729,20.197358429916484,17.715451290389787,21.64726109402034
2019-06-14,8667.71,8689.3,8609.28,8640.37,253169,72246,-0.0031592207499966567,19.909414939021737,17.708299859103146,21.649548665795297
2019-06-17,8644.11,8724.13,8642.96,8705.42,291514,122435,0.007500414216391391,19.659931169541238,17.43934149776113,21.65971838115242
2019-06-18,8716.07,8890.21,8682.97,8834.65,490205,166815,0.014735669630503172,19.29707914390769,17.06312319954349,21.69364631450964
2019-06-19,8828.32,8880.71,8784.57,8867.47,409721,186129,0.0037080346992260306,19.087595349933974,17.066293290834064,21.670600698384565
2019-06-20,8860.85,9004.47,8856.82,8948.92,500886,202748,0.009143330095210548,19.127102225803153,17.147484248944906,21.687953191117543
2019-06-21,8937.41,8984.33,8895.1,8924.46,379078,207052,-0.0027370329808761988,17.97728510529322,17.10906245170138,21.585367437446386
2019-06-24,8916.4,8973.68,8901.72,8932.8,260978,206784,0.000934073940389811,17.972308091113746,17.106307977236508,21.58171992169014
2019-06-25,8926.18,8956.69,8760.97,8783.13,424811,216322,-0.016897059427783846,19.219966175460744,17.44577859634023,21.59618704338233
2019-06-26,8788.03,8887.04,8768.74,8807.6,376979,213713,0.0027821489823184114,18.58438136155014,17.25268937827657,21.580422125311525
2019-06-27,8797.24,8884.16,8796.95,8854.23,300152,213676,0.005280325803626754,18.581842927364082,17.27560469256385,21.586200271639676
2019-06-28,8848.18,8895.1,8823.72,8857.97,310126,211520,0.0004223077941287485,17.090942178809605,17.19538615027866,21.575549456089572
2019-07-01,8959.0,9037.57,8933.09,8968.78,406594,210122,0.012432039175786627,14.893527174834304,17.363730343161937,21.56768246543403
2019-07-02,8971.66,9030.09,8937.7,9024.33,297574,208395,0.006174605333968804,12.717519075332492,17.370879492849788,21.529167267806915
2019-07-03,9026.64,9087.08,9008.5,9081.04,209604,209387,0.006264460263219391,12.704299655065782,17.406421304894366,21.486692815376514
2019-07-05,9081.32,9106.65,8977.13,9039.59,375287,208869,-0.004574904105962271,13.026475064353605,17.413504540807338,21.473488343386553
2019-07-08,9043.62,9053.4,8954.39,8981.45,342228,209976,-0.006452480180834617,12.231529460165355,17.429565834563913,21.484000579064613
2019-07-09,8982.89,9047.94,8914.67,9032.39,346314,209995,0.005655666507850612,11.674936291402828,17.447880909087765,21.480020881449725
2019-07-10,9035.56,9152.42,8993.25,9128.53,442842,212794,0.01058766825644236,12.030936366562699,17.551294538570577,21.434004999603378
2019-07-11,9123.35,9168.25,9088.81,9117.02,407894,210331,-0.0012616776722906358,11.69314651695457,17.553751278632195,21.43421378562375
2019-07-12,9115.29,9173.14,9108.96,9164.51,299817,213028,0.005195419291744394,11.643982114796811,17.56423151304457,21.418696350540873
2019-07-15,9162.49,9201.35,9142.92,9195.31,247176,211742,0.0033551558667941606,11.430429486319365,17.572794298814202,21.381858944092475
2019-07-16,9190.7,9212.29,9123.06,9144.65,303702,215066,-0.0055245626324752755,11.69913913385303,17.61053895381431,21.388158193914535
2019-07-17,9141.19,9171.7,9058.59,9078.73,303890,219579,-0.007234693841118722,11.231860959940102,17.67348098326008,21.39492390105832
2019-07-18,9058.59,9158.46,9018.29,9134.0,413722,224491,0.00606939977343367,11.328124171365268,17.509093633771712,21.402579377353277
2019-07-19,9153.57,9188.4,8997.85,9029.51,438469,223251,-0.011505612372125123,11.835491665656944,17.67050361911742,21.414451711647402
2019-07-22,9014.84,9137.45,9010.52,9123.92,355209,225055,0.010401433908846179,12.277119380058767,17.748507364943553,21.43802571429724
2019-07-23,9125.94,9194.15,9104.64,9191.85,357765,223491,0.007417685575918672,12.479185112810589,17.779014670476187,21.438905689825248
2019-07-24,9146.09,9270.14,9124.5,9254.31,356159,224756,0.00677216707572863,10.54777288605849,17.811167010588125,21.441988444779586
2019-07-25,9215.74,9250.28,9115.29,9189.55,433945,222746,-0.007022420050148961,11.087266108282428,17.87171115376262,21.37917160358651
2019-07-26,9201.35,9257.48,9196.17,9233.3,322305,225282,0.0047495455093369285,11.068801684423047,17.849976946899385,21.335732789627805
2019-07-29,9230.71,9247.11,9155.01,9212.0,301214,226641,-0.0023095324519245455,11.165643655021176,17.845742853731366,21.329550861425506
2019-07-30,9215.45,9233.59,9127.95,9168.25,394698,226966,-0.004760553596933376,10.684312593474779,17.553403448912118,21.331681596186478
2019-07-31,9201.93,9212.0,8959.86,9057.15,556437,231020,-0.012191927330416366,11.4862514279033,17.660613873219113,21.318017153668617
2019-08-01,9019.44,9227.25,8953.53,8989.79,772956,233209,-0.0074650121084903435,11.555567529831565,17.382716532420943,21.330933229723524
2019-08-02,8976.84,8987.2,8807.89,8867.75,736453,224724,-0.013668388815350575,12.40030822031166,17.600973581631692,21.368767769892134
2019-08-05,8867.18,8871.5,8473.43,8502.79,848399,211098,-0.0420267551742788,19.106485081761466,19.56182542403468,21.77824551557257
2019-08-06,8461.05,8691.31,8317.71,8652.75,845239,203025,0.017482844560402337,20.22418333443357,19.900212439111627,21.849547069413294
2019-08-07,8649.58,8724.13,8505.38,8696.21,851275,198558,0.005010109067991973,19.85185511401497,18.152857889758447,21.855330175675917
2019-08-08,8696.5,8909.49,8664.83,8906.32,553666,199599,0.0238738385257963,21.942299158167422,18.560749281748336,21.976419843350268
2019-08-09,8864.59,8892.8,8746.29,8819.4,619044,195531,-0.009807296593299963,22.011272450579522,18.456515935959505,21.99851026217181
2019-08-12,8812.78,8876.68,8674.91,8711.75,552715,196173,-0.012281151326363472,22.21318562636199,18.533659036936978,22.026634192032926
2019-08-13,8715.78,8968.21,8651.02,8920.43,674983,192105,0.023671462540563137,24.06162720063382,18.99749496016608,22.124599098861125
2019-08-14,8918.7,8942.88,8608.42,8621.95,825231,191047,-0.03403287451846561,26.684316049768125,19.99717764861095,22.388234893185718
2019-08-15,8599.21,8718.66,8506.24,8630.58,705042,190674,0.001000433063416177,26.52656406554783,19.899414119931112,22.388451634778438
2019-08-16,8645.55,8787.45,8637.78,8763.56,449473,188294,0.015290504834208834,27.064679367810125,20.117198476294043,22.440961370703565
2019-08-19,8769.89,8922.73,8768.45,8896.83,401476,192712,0.015092818428512081,27.387484244702176,20.038957192237387,22.491217523934402
2019-08-20,8885.02,8925.03,8813.93,8828.32,414176,189290,-0.00773029747733387,27.278504941327242,20.1170492245002,22.499991291275556
2019-08-21,8813.35,8940.86,8810.19,8923.02,344352,189835,0.010669718275738234,27.47941860279843,20.204341359819043,22.524747547534556
2019-08-22,8929.64,8959.86,8812.2,8878.12,487622,189912,-0.005044631435856174,27.438720571509606,20.091847552983978,22.51057260962043
2019-08-23,8871.78,8936.55,8574.74,8640.08,763864,195315,-0.027177980845922253,28.748897383009542,20.886922224365087,22.6552891854036
2019-08-26,8560.06,8779.97,8465.94,8739.09,617907,191069,0.01139422322119363,29.220455334148582,20.68028823355402,22.684166974602018
2019-08-27,8740.25,8805.87,8677.5,8707.15,520966,196513,-0.003661538037375012,29.212455415887668,20.246837455963686,22.65500381181359
2019-08-28,8708.58,8756.65,8639.79,8749.17,480975,198338,0.004814311511267183,29.093780639138846,19.587909176550937,22.65899598532568
2019-08-29,8729.6,8899.99,8690.74,8878.98,447668,193338,0.01472784681429727,29.576054069534123,19.75549822407699,22.70710800862217
2019-08-30,8870.06,8946.33,8802.99,8854.51,450746,194511,-0.002759751806413706,29.188689233820426,19.72596078265277,22.70687982148527
2019-09-03,8782.56,8859.98,8727.87,8770.18,643037,195460,-0.009569603046466105,24.97043067037615,19.486661339525433,22.682958640392076
2019-09-04,8766.44,8899.7,8759.82,8891.36,399672,197519,0.013722688013962326,24.68623370955083,19.51107478861928,22.702617562603702
2019-09-05,8890.49,9080.17,8885.02,9044.19,478413,199597,0.017042543895588937,25.284425579864394,19.80545857799316,22.76469746023674
2019-09-06,9041.89,9089.67,9024.33,9046.78,356484,195917,0.0002863306962197897,23.922860799949927,19.756163211981885,22.76301080184343
2019-09-09,9045.92,9080.46,8978.57,9015.7,372953,200396,-0.0034413912899906047,23.654327747860343,19.737911723672525,22.755649924147892
2019-09-10,9019.44,9046.78,8916.11,8997.57,446533,195179,-0.00201296112498355,23.159513161030507,19.729844420913082,22.75374827034462
2019-09-11,9001.6,9101.18,8964.75,9083.63,383871,196253,0.0095193515786009,21.88137344323393,19.763984347652936,22.74959781041827
2019-09-12,9087.66,9190.7,9080.17,9120.18,448979,191205,0.004015648275318596,17.5660176157495,19.560077861790248,22.75133601153496
2019-09-13,9114.14,9162.78,9074.42,9079.31,243852,158418,-0.004491342197278538,17.748228520520414,19.575352548966638,22.70874197448981
2019-09-16,9079.34,9098.36,8986.86,9080.49,336745,121448,0.00012995737856825513,17.107317457579494,19.490242284826262,22.69528427021193
2019-09-17,9089.14,9128.9,9047.36,9120.83,331358,162630,0.004432652802256863,16.411065122482242,19.498800420340153,22.69934941896416
2019-09-18,9122.84,9138.11,9004.43,9124.86,402501,185332,0.0004417481679822707,16.071254044669598,19.498445327930135,22.673738891636084
2019-09-19,9132.93,9189.11,9049.38,9124.86,400780,193369,0.0,15.719618502853844,19.164542305577562,22.660062072026022
2019-09-20,9128.32,9164.33,9001.26,9024.02,425158,197518,-0.011112645819801151,16.176092774898716,19.30909776333804,22.683608397827346
2019-09-23,9034.11,9101.24,8997.81,9047.07,348180,197094,0.0025510373198718455,12.339917130080922,19.28775142291586,22.684670796723637
2019-09-24,9068.39,9109.59,8875.65,8914.26,609261,202427,-0.014788706684652021,13.247630760604462,19.53594032647268,22.73376407638151
2019-09-25,8917.71,9039.87,8830.99,9012.21,540081,202601,0.010928082861629293,13.576041633100575,19.497803444649595,22.743103044672498
2019-09-26,9014.81,9038.14,8913.68,8974.18,489320,198353,-0.004228759264344192,13.68190424729434,19.47547721591752,22.74714528684363
2019-09-27,8973.89,9014.23,8805.64,8875.07,598171,200335,-0.011105342643490333,13.381233973926951,19.558452352882426,22.7730708172908
2019-09-30,8914.54,8975.91,8880.26,8954.88,337872,204802,0.008952412433563107,13.705322156678415,19.630941743324687,22.78888633704469
2019-10-01,8970.44,9036.7,8863.26,8868.45,478759,205896,-0.009698600372276985,13.718042569552033,19.6865987909787,22.80925378218454
2019-10-02,8886.31,8908.78,8672.54,8696.45,586568,201927,-0.019585138305491096,14.54814043955029,20.041725411686365,22.807108537368226
2019-10-03,8702.5,8829.27,8613.48,8825.81,582820,199615,0.014765486899838726,14.18937154201856,20.159559909165207,22.83075256190116
2019-10-04,8823.79,8958.62,8786.05,8951.13,420539,205915,0.014099397990310132,15.195599350232497,20.381370498202408,22.865764134617653
2019-10-07,8888.04,8988.59,8853.47,8919.73,381262,203828,-0.0035141042247572637,15.197467973920942,20.35910389233137,22.868597907359227
2019-10-08,8915.12,8971.01,8773.95,8783.75,552145,202008,-0.015362253551234389,16.082597309782457,20.569915098352435,22.338537830367624
2019-10-09,8782.59,8910.51,8763.58,8873.35,404170,202788,0.01014897905982368,16.13972202492556,20.665529992887084,22.36040339464704
2019-10-10,8876.23,8987.44,8739.09,8943.07,535042,203141,0.007826528100317165,16.357374055663033,20.686448856743066,22.28629732103924
2019-10-11,8969.57,9125.44,8950.85,9056.87,490521,208077,0.01264465506668789,16.988350802075672,20.81573948589778,22.277611777113083
2019-10-14,9046.79,9098.07,8996.94,9055.14,311101,209982,-0.0001910334640123396,16.98809714519775,20.680616118108606,21.945121801110094
2019-10-15,9060.61,9186.8,9057.73,9172.98,347657,213295,0.012929653926270135,17.54988655037468,20.741083326563626,21.974317376774213
2019-10-16,9173.26,9173.55,9112.76,9160.01,347550,209743,-0.0014149358248571639,17.560060052104827,20.68670719422837,21.834745211302085
2019-10-17,9166.64,9213.31,9129.47,9164.91,368623,212983,0.0005347908876856413,17.560309637992766,20.638185453400084,21.82941602428631
2019-10-18,9166.06,9171.53,9030.08,9081.93,437753,215171,-0.009095336183531559,17.40153679589388,20.67196233335269,21.840609465425125
2019-10-21,9074.44,9163.76,9064.65,9159.72,275031,213748,0.00852888544059444,17.63105402202659,20.725025573972765,21.854585257635698
2019-10-22,9160.87,9206.4,9031.8,9056.58,377545,217502,-0.011324045186878613,17.268653468951566,20.84743253277514,21.435077520018638
2019-10-23,9042.18,9125.15,9000.69,9105.85,348671,218779,0.005425498775153198,16.947756970416425,20.85851476930459,21.40324848685727
2019-10-24,9130.34,9200.92,9119.39,9136.67,380967,217854,0.0033789223553493133,16.88022966992027,20.717028419217034,21.398491371892653
2019-10-25,9136.96,9267.19,9125.44,9260.56,348318,226040,0.013468535514653966,16.816397333896628,20.832441163369257,21.305283769420402
2019-10-28,9274.68,9366.29,9274.68,9328.55,309114,225999,0.007315068142555278,16.738102618381873,20.666313564268616,21.287071597758
2019-10-29,9345.26,9356.21,9277.85,9283.03,351246,228200,-0.004891588007622226,16.373829229120858,18.682043462380026,21.17208419214351
2019-10-30,9285.34,9381.85,9242.98,9347.57,381307,229194,0.006928414347957348,14.243116141594129,18.418852099171165,21.13483670154436
2019-10-31,9367.45,9379.55,9272.37,9323.37,448458,226765,-0.0025922651512641907,13.764644222038608,18.419117336740403,21.0874265106421
2019-11-01,9327.98,9412.97,9316.74,9404.04,348326,228538,0.008615232854769686,13.294102033622496,17.87280200498244,21.096899222711897
2019-11-04,9409.51,9488.74,9408.36,9467.99,325479,225598,0.006777251283988439,13.181330133251802,17.77106996870111,21.086646479586225
2019-11-05,9474.62,9505.16,9442.07,9462.23,305795,224847,-0.000608550791037919,11.374516959157914,17.553015754311865,20.900145355616495
2019-11-06,9459.06,9482.4,9404.9,9458.2,314414,227328,-0.0004259945530775455,11.199849190113936,16.929404332030494,20.88562796483931
2019-11-07,9465.69,9544.63,9438.32,9484.99,366403,226060,0.002828458972369378,11.065217205104377,15.27863335175407,20.794200393655906
2019-11-08,9484.42,9523.89,9438.32,9515.82,326871,228330,0.0032451276609273957,10.458399910994258,15.28185896144867,20.590601670122695
2019-11-11,9515.82,9521.01,9457.33,9507.18,229844,228284,-0.0009083741359515494,10.485686578903268,15.021637428986306,20.590352211253364
2019-11-12,9511.21,9565.37,9482.69,9536.28,316729,229456,0.0030561696928936024,9.733884197387408,14.751665635748104,20.54890052800136
2019-11-13,9533.97,9543.77,9472.89,9525.62,382042,230672,-0.001118461550135741,9.720883177431105,14.64336784073602,20.44298020009661
2019-11-14,9529.36,9548.38,9468.57,9525.33,381593,232316,-3.0444675989714534e-05,9.733912332348703,14.513525355363926,20.439863711737782
2019-11-15,9527.63,9592.74,9520.43,9586.69,367145,231322,0.006421112035887812,8.928092948751413,14.49678019987329,20.165004452269713
2019-11-18,9586.69,9642.3,9541.17,9603.69,370609,229950,0.0017717215028479356,8.66164150396191,13.228017801332745,20.04306850154853
2019-11-19,9605.42,9656.13,9579.49,9612.91,373942,229799,0.0009595870973519268,7.030389550457262,13.075468743332339,20.034736247392054
2019-11-20,9603.12,9620.4,9485.57,9555.58,526978,221173,-0.005981709664445243,7.643593458139847,13.123813951856603,20.03130218598158
2019-11-21,9520.72,9574.31,9495.94,9535.7,411833,218787,-0.0020826269569684773,7.79613913172518,13.126650014091416,19.925290410104633
2019-11-22,9542.33,9580.64,9488.16,9542.61,344497,217936,0.0007243828517471393,6.55271956985124,12.831345017846385,19.918825374061594
2019-11-25,9568.83,9656.42,9561.05,9653.25,259485,218892,0.011527613267130057,7.188315534966872,12.976224117291881,19.72741834067883
2019-11-26,9650.65,9705.68,9641.43,9681.19,285726,220659,0.002890181401572694,6.7581998870649835,12.774392817768392,19.728054455320848
2019-11-27,9683.5,9748.03,9676.87,9743.42,240866,221779,0.006407357769372717,6.711190898478531,12.5652954292912,19.731117280620268
2019-11-29,9745.73,9747.46,9687.82,9700.5,242603,218766,-0.0044147548137850445,6.9075568976845245,12.197598265085963,19.68150877076218
2019-12-02,9708.56,9746.3,9538.0,9583.52,559474,210642,-0.012132473926199587,8.090130149538673,12.497752159824289,19.35943723321075
2019-12-03,9580.93,9608.3,9413.25,9508.91,614317,204975,-0.007815702851540011,8.349074180744864,12.595330675182904,19.378483376516506
2019-12-04,9517.55,9587.27,9473.47,9559.61,413647,201894,0.005317677457212101,8.534433818990237,12.612808569493616,19.382472401882424
2019-12-05,9560.76,9611.18,9534.26,9575.75,370987,202029,0.0016869297287858325,8.53659097159372,12.488636051001555,19.134907324887727
2019-12-06,9577.76,9691.28,9574.02,9680.62,302782,201854,0.010892087843296937,9.262569139649491,12.640977994122544,19.132302511842287
2019-12-09,9682.06,9711.73,9619.25,9629.62,292419,202233,-0.005282183813476607,9.482922870410292,12.656664646334159,19.141424833043462
2019-12-10,9627.89,9678.02,9561.63,9638.55,403364,200139,0.0009269173605347994,9.466711456369842,12.6554302204815,19.1288971871994
2019-12-11,9641.43,9693.0,9616.94,9686.67,304183,197684,0.004980031218357265,9.554813651266567,12.662278017670033,19.130494210572632
2019-12-12,9688.97,9792.11,9658.43,9755.52,554338,185664,0.007082565061694364,9.779249271099562,12.722697080138493,18.99365965916414
2019-12-13,9778.28,9822.94,9721.24,9788.66,335038,154501,0.0033912941613901283,9.797909001542521,12.728997609266063,18.87349885404401
2019-12-16,9788.67,9884.44,9784.08,9871.25,311959,140203,0.00840191901697835,9.957451517363197,12.551728140216802,18.88688633514029
2019-12-17,9869.53,9894.77,9856.06,9870.39,311604,180734,-8.712548709673804e-05,9.971647709975755,12.553897492812435,18.76157256946848
2019-12-18,9861.79,9911.69,9858.92,9888.17,292213,196922,0.001799726781621997,9.97152540460577,12.08902077673526,18.75366399293136
2019-12-19,9892.76,9959.0,9874.41,9948.68,283145,206237,0.006100785929183367,9.702049571290372,11.972025275624967,18.222738490520346
2019-12-20,9955.56,10007.46,9939.22,9991.4,307870,204771,0.00428484392852774,9.608123853946934,11.920566413055505,17.983153532040077
2019-12-23,9991.4,10028.68,9987.68,10009.47,194915,210242,0.0018069218905472524,9.591739074372972,11.613749289008565,16.81987476065296
2019-12-24,10011.48,10020.37,9987.1,10012.91,106029,210590,0.00034361549764299536,8.980419590249223,11.527470492186675,16.8133032037758
2019-12-26,10013.77,10099.51,10012.34,10098.65,170684,210895,0.008526491177052904,9.286400516274949,11.350594086347883,16.818006485189944
2019-12-27,10094.92,10143.67,10058.22,10074.56,322888,210847,-0.0023883171246317624,9.271493951714445,10.45491835268486,16.81440749426952
2019-12-30,10074.85,10104.96,9969.04,10017.79,404047,213044,-0.0056509219747054315,9.388756030302284,10.26334539361875,16.8220918039188
2019-12-31,10015.49,10061.95,9970.18,10039.01,284519,215997,0.00211599137624832,7.860723015017607,9.954686882228488,16.45716723492129
2020-01-02,10067.11,10210.2,10058.79,10199.02,416637,217731,0.015813133418980503,8.28250258114258,10.287206696702395,15.975419142720797
2020-01-03,10203.32,10216.79,10019.51,10105.25,599887,215390,-0.009236546465864746,9.395977310118031,9.90933819883166,15.987434778431005
2020-01-06,10061.95,10177.51,10005.46,10148.26,469514,213255,0.004247171443650633,9.400588940588586,9.78360269225887,15.969460394548301
2020-01-07,10154.85,10202.46,10123.31,10154.57,510004,209511,0.0006215882419512432,8.938553737533947,9.719015069309613,15.957870624541592
2020-01-08,10141.38,10291.35,9953.84,10259.52,723085,209363,0.010282204559742636,8.873886981265887,9.621287229104182,15.983096581729386
2020-01-09,10264.4,10348.7,10245.76,10333.5,457262,206172,0.007184989696718545,8.942035522906323,9.66563462764665,15.991521720435738
2020-01-10,10334.65,10386.84,10284.47,10298.23,472166,209612,-0.0034190089108127077,9.247096434019989,9.469261704111545,15.956338279152819
2020-01-13,10299.09,10432.72,10299.09,10424.4,380440,212921,0.012177176263327648,9.70638114911173,9.67182535859351,15.883178845338064
2020-01-14,10423.83,10454.8,10363.33,10394.87,553343,214879,-0.0028367968524685176,9.94869517635096,9.72050907643199,15.885912998620483
2020-01-15,10394.3,10433.29,10349.56,10392.0,497100,217697,-0.000276135850971031,9.800024918399727,9.451012675185305,15.8716028259252
2020-01-16,10394.01,10484.05,10393.72,10476.31,397881,219136,0.008080238286465946,9.934168240402325,9.438712600783534,15.857419120417122
2020-01-17,10480.32,10540.25,10472.29,10523.33,438669,214693,0.004478179490561633,9.937498177767148,9.014957416775497,15.705874064110114
2020-01-21,10522.76,10552.3,10454.8,10517.89,532160,215889,-0.0005170802948886765,9.951221670458946,9.014900771864832,15.706758321304367
2020-01-22,10529.07,10614.52,10523.05,10547.71,519015,216081,0.0028311578989825147,9.93546788228001,9.013065918365799,15.707556758721427
2020-01-23,10541.11,10613.95,10497.24,10607.93,616950,221200,0.005693059878951293,9.984301042108465,8.741766087077355,15.630877221665706
2020-01-24,10612.23,10652.66,10448.78,10488.92,758796,218539,-0.011282372715839447,11.162950186394802,9.106057393850088,15.613555032012458
2020-01-27,10411.5,10411.5,10237.73,10270.99,792705,208226,-0.020996045344370936,13.632436876022533,10.160247133841342,15.735889467127052
2020-01-28,10268.7,10479.46,10268.7,10443.9,632550,204950,0.016694659347355624,14.674976151906256,10.564586528661886,15.55464224599898
2020-01-29,10460.25,10505.27,10406.05,10436.16,578408,207496,-0.0007413772139082171,14.44604393700024,10.538133860150857,15.521939665324766
2020-01-30,10450.79,10598.46,10327.19,10571.22,846585,210329,0.012858515522884736,14.947544643304806,10.688786082826438,15.553394433148092
2020-01-31,10582.98,10608.5,10284.18,10320.6,898384,205452,-0.023993316326229853,16.83394389672101,11.888150712336005,15.73794415828077
2020-02-03,10303.39,10501.83,10294.5,10454.23,680726,204840,0.01286478329833118,16.950050598498382,12.1077663473539,15.756492614277795
2020-02-04,10436.73,10746.72,10406.91,10730.37,563913,203518,0.026071357610116967,19.02833084323859,13.090501840113083,15.953459353255841
2020-02-05,10732.67,10853.96,10687.65,10760.77,729548,205436,0.002829074704826646,19.01111085110145,13.090503297648834,15.890788517881168
2020-02-06,10770.52,10855.4,10738.97,10845.65,545054,204937,0.007856964425368514,18.905388979728066,13.141705383324318,15.904831943521009
2020-02-07,10858.84,10863.43,10764.78,10792.88,592695,201930,-0.0048774204729341,19.01698012339503,13.206559854722954,15.915815277874968
2020-02-10,10783.71,10932.82,10702.56,10928.23,500147,206422,0.012462691995102979,19.231760949488564,13.374848592267401,15.895870689951334
2020-02-11,10925.37,11022.29,10898.12,10927.95,589570,206464,-2.5622043743559532e-05,18.9424445748878,13.364891923526741,15.895614834557367
2020-02-12,10938.27,11043.8,10923.93,11040.93,454472,205458,0.010285549016136077,19.037540105547276,13.455334173787362,15.921677951443503
2020-02-13,11036.05,11062.72,10909.59,11026.3,613580,206699,-0.001325948217648079,19.065236926387175,13.451614663070405,15.915655108194054
2020-02-14,11041.5,11079.35,10997.63,11048.38,489387,199824,0.0020004826673412548,18.970684134075995,13.45128953818725,15.915759709773456
2020-02-18,11051.54,11111.76,10935.98,11052.68,668505,206785,0.00038912161265189555,18.974185515922684,13.454289782553072,15.915891604724003
2020-02-19,11061.0,11182.01,11058.71,11164.52,419130,205997,0.010067960382880322,19.12577135708399,13.433040595320842,15.92633991096629
2020-02-20,11177.42,11198.36,10916.19,11039.21,802424,206115,-0.011287412559152273,19.785866189626507,13.699711835508982,15.963067259017826
2020-02-21,11031.18,11038.63,10795.18,10848.52,911839,204134,-0.017424815165106612,20.92540379508371,14.289043061999534,16.066570680999583
2020-02-24,10730.66,10741.84,10370.49,10427.56,1171879,202268,-0.03957636406420179,25.136349720431372,16.518868719002946,16.576073188621557
2020-02-25,10427.56,10580.4,10105.25,10156.0,1344897,210821,-0.02638763724580042,25.789680012627652,17.46032197429792,16.80161180688066
2020-02-26,10172.06,10366.19,9989.97,10151.41,1251412,203109,-0.000452051746447624,24.973156054862894,17.422748522033455,16.79832739935147
2020-02-27,10106.97,10183.82,9559.55,9615.18,1580041,216791,-0.05426951248164233,31.225658842286837,20.728147925411644,17.672570985258
2020-02-28,9574.18,9835.41,9320.97,9696.91,1527204,219128,0.008464178444000273,30.94690508533155,20.64911881969027,17.688999806268278
2020-03-02,9576.76,10189.27,9433.38,10083.74,1373357,208033,0.039116947515654976,33.617690166547234,22.063046763027966,18.10492526545687
2020-03-03,10128.76,10326.05,9762.29,9844.3,1295648,207054,-0.024031618093056643,34.12338932593625,22.62910840069284,18.256429897140215
2020-03-04,9815.62,10265.83,9759.13,10204.46,939032,204694,0.0359322721431782,35.393722547875726,23.76627606106113,18.551545981688584
2020-03-05,10195.86,10208.19,9876.7,9920.29,954104,198929,-0.02824272488367088,36.47376447684023,24.419064442537643,18.780743097116048
2020-03-06,9952.69,10009.47,9532.31,9753.4,1097279,202419,-0.01696621256994669,36.461829075019445,24.651639721822907,18.77052301870272
2020-03-09,9599.41,9606.29,8969.7,9120.53,560913,206542,-0.06708802573772862,42.54420468835671,28.246203703341603,19.957002044732672
2020-03-10,9054.29,9610.59,8963.1,9556.4,982070,200427,0.046683170672955535,46.33684316089198,29.864919782713933,20.47628070572611
2020-03-11,9539.77,9559.55,9053.14,9180.17,990236,201454,-0.04016536412627627,47.7386050813209,30.92209812629737,20.872898120468214
2020-03-12,9174.73,9300.04,8176.53,8276.04,876291,209244,-0.10368112985505623,57.80257688274377,37.38181614497576,23.31734194236598
2020-03-13,8143.84,9150.93,7963.19,9079.52,584274,183867,0.09265673465536231,69.13976212864164,42.144517294341064,25.106964612639963
2020-03-16,9079.52,9079.8,7917.31,8071.51,424860,124182,-0.11768075023798923,78.82390899129123,48.4130683449428,27.75878027960321
2020-03-17,8066.64,8640.72,7946.26,8474.77,563210,164830,0.048752936713417856,81.94085163664494,49.569012228804446,28.187031562553926
2020-03-18,8418.6,8460.73,7807.26,8260.67,512012,196133,-0.025587816210393508,81.57004474216825,49.75729588796518,28.252523035013038
2020-03-19,8293.63,8601.17,7880.92,8338.63,516046,199555,0.009393236247168634,82.02601057141189,49.800668835312656,28.181142730691267
2020-03-20,8228.0,8746.19,7900.12,7989.54,562616,200139,-0.04276574813606372,82.65599925155186,50.44991490146329,28.504818639048814
2020-03-23,7793.5,8387.64,7599.46,8007.31,633237,204419,0.002221688308541173,82.35851025076245,50.457901922834424,28.504124052328628
2020-03-24,8031.67,8681.13,8031.67,8661.07,556553,199175,0.07848339705940505,88.32859181653205,53.14850181081382,29.573794996721407
2020-03-25,8649.6,8897.52,8450.98,8561.33,656698,194093,-0.011582719607681306,88.29144330135261,53.18063026289684,29.596106886686464
2020-03-26,8579.38,9049.42,8380.76,8992.68,567711,192357,0.049155361151715316,88.81427647293074,54.227112006124386,29.997258408180382
2020-03-27,9037.1,9049.14,8657.06,8676.83,443315,187621,-0.03575465847334504,89.41928233063119,54.66397046495802,30.185028532165394
2020-03-30,8478.78,9038.53,8443.53,9005.0,419576,186424,0.0371237240333864,89.28990956911657,55.140136243259306,30.41293646102612
2020-03-31,9007.29,9165.79,8882.04,8926.47,424386,185502,-0.008758958642388376,89.0372855653863,55.13757376457568,30.414802907885495
2020-04-01,8910.7,8911.85,8488.53,8528.08,411364,186302,-0.045656771743002894,88.7852198218687,55.837539321762385,30.758430638046303
2020-04-02,8567.92,8777.43,8456.14,8744.18,436829,188791,0.025024087964203166,89.26391405523236,56.12646277193998,30.85636368001773
2020-04-03,8739.31,8782.02,8510.6,8624.38,351874,182620,-0.013795259931061737,89.22079175443551,56.109303120129454,30.88629287074317
2020-04-06,8639.29,9285.02,8639.0,9205.63,396874,185204,0.06522217713202737,89.59576594891507,57.79005139430981,31.571564235712753
2020-04-07,9210.79,9519.18,9111.91,9185.28,531043,181804,-0.0022130507196762425,87.91571172800798,57.78924937549005,31.56649236242723
2020-04-08,9188.72,9448.96,9117.92,9389.06,424380,178307,0.02194297902488819,87.09828894091298,57.92539757573362,31.64023897938365
2020-04-09,9395.36,9545.55,9288.17,9432.34,522648,179093,0.004599028370344794,77.80162283888569,57.939446030098885,31.64026042447668
2020-04-13,9510.87,9559.88,9255.5,9546.69,385072,179128,0.012050287472172643,70.92532584750872,58.00668414536388,31.662227810777637
2020-04-14,9557.87,9985.49,9537.23,9965.43,431916,176282,0.04292760620695282,56.21468101907497,58.685944719983766,31.94777527586934
2020-04-15,9981.19,9982.63,9729.26,9852.51,407752,177590,-0.011395858705053044,54.82910616119992,58.714743399790656,31.969870507413845
2020-04-16,9831.87,10137.4,9745.31,10013.29,539163,177419,0.016186965597885152,53.47065198111595,58.821499480868646,32.00804946162267
2020-04-17,10214.49,10279.84,9961.99,10098.99,509555,174041,0.00852220819166888,53.47203660923693,58.84814206180021,32.017345763014475
2020-04-20,10088.1,10141.41,9959.12,9964.86,427981,174466,-0.013370514452915223,50.596373190209384,58.88901840939332,32.02157238602515
2020-04-21,9968.3,10046.25,9563.6,9666.5,582449,177483,-0.03039860460354554,52.634864918957156,59.1606830912915,32.17031405000249
2020-04-22,9683.98,9974.03,9630.1,9902.95,373067,174796,0.024166392760941777,46.33596336608437,59.24441075480785,32.252693214139796
2020-04-23,9900.94,10073.2,9837.03,9857.95,435112,175205,-0.004554456303760859,46.034343540695396,59.13929750295529,32.25261988749669
2020-04-24,9845.91,10066.03,9742.73,10053.13,380231,178734,0.019605792555316463,43.579247528342535,59.289365509710315,32.30822856686049
2020-04-27,10049.69,10201.02,10008.42,10116.47,355545,178585,0.006280759977319442,40.75488473227044,59.240786095638185,32.31276886529003
2020-04-28,10110.45,10255.77,9921.86,9996.67,440939,179947,-0.011912751243002659,39.76036212997744,59.08972988491361,32.33100209183045
2020-04-29,10041.95,10454.1,10012.72,10359.81,432414,181881,0.03568185935758757,40.803199383031675,59.494311741298155,32.52207811525092
2020-04-30,10443.5,10483.91,10153.45,10304.78,462961,181356,-0.005326031640066128,36.079707623096745,59.250700225615006,32.48658288852769
2020-05-01,10142.55,10179.24,9941.93,9994.66,414560,179250,-0.030556914889487852,38.23025137730286,59.56062163629605,32.62544298135524
2020-05-04,9886.9,10120.77,9809.23,10083.51,381914,182443,0.008850465951145211,37.458687875678734,59.5674439861154,32.59037391408603
2020-05-05,10095.84,10340.89,10086.95,10231.12,367233,182715,0.014532639570348319,30.90317535543008,59.649227021344075,32.61815940240345
2020-05-06,10235.99,10382.73,10177.81,10262.93,414045,185305,0.003104318135802563,30.78958482057444,59.59054793434968,32.61045446948662
2020-05-07,10257.77,10462.41,10238.0,10441.49,383884,190003,0.017248918554868202,30.501786277313432,59.70823722870182,32.65282426045483
2020-05-08,10449.8,10590.81,10436.33,10568.17,362315,190661,0.012059360811468064,30.593472304645758,59.723356111457996,32.418617294686186
2020-05-11,10541.23,10706.6,10453.81,10637.82,398142,196905,0.006568922314299634,30.503955255489295,59.74190111869005,32.39505875329812
2020-05-12,10641.26,10714.06,10364.39,10407.67,500539,194514,-0.021872541375361303,28.542902365659284,59.89768538442618,32.44608927475283
2020-05-13,10370.41,10550.4,10178.38,10309.08,703290,196854,-0.009517974034175316,28.43208533809382,59.92230868829682,32.45054912745383
2020-05-14,10332.58,10437.19,10142.55,10409.1,639071,196392,0.009655363264324895,28.100492129778477,59.91906594997349,32.438927151771836
2020-05-15,10415.98,10488.21,10232.55,10428.59,537250,197701,0.0018706493554221549,27.99277899806738,59.884817969472735,32.39481945622525
2020-05-18,10472.73,10732.4,10444.36,10691.13,398562,196019,0.02486335280456979,28.563892065292023,60.01483029590621,32.4725361707689
2020-05-19,10680.52,10796.31,10643.26,10662.75,392499,195965,-0.002658066516199665,25.754314590752664,59.455701388442115,32.4698698967536
2020-05-20,10650.14,10888.89,10630.94,10874.56,369922,203441,0.01966975718433417,25.354624487878404,59.31941012195191,32.478929423191985
2020-05-21,10885.16,10903.5,10721.51,10725.81,429220,204962,-0.013773129948338752,26.002804840669718,59.397443435198774,32.51285884507038
2020-05-22,10731.25,10802.33,10594.83,10783.7,365377,208109,0.005382748354122633,25.368917656933952,58.27771524447856,32.51368449578737
2020-05-26,10772.24,11010.41,10745.58,10783.99,486546,207751,2.6892077919867294e-05,25.37537142387873,58.26284585153688,32.49163893969905
2020-05-27,10786.85,10900.35,10515.72,10813.8,560524,213487,0.002760469374859453,24.743378013399973,57.74156875638761,32.48910233709347
2020-05-28,10818.38,10966.27,10685.39,10845.61,510617,213177,0.002937293570838428,21.714646819111895,57.502945553552046,32.439184571028434
2020-05-29,10837.87,10994.93,10744.44,10960.25,529700,209821,0.010514701663182784,21.70564605000557,57.08949077805441,32.384263765013884
2020-06-01,10906.08,11012.42,10834.14,11000.09,345593,207568,0.0036283631043830923,17.701119855245338,56.76035482028033,32.287450923893005
2020-06-02,10994.36,11086.07,10896.63,11060.57,389908,206795,0.005483077253642508,17.638983934001033,56.630964852004425,32.285319106286735
2020-06-03,11071.74,11152.85,11046.52,11102.98,376694,208368,0.0038270089188223552,17.24635495779197,54.764731745923136,32.28027812460715
2020-06-04,11103.84,11169.19,10974.01,11035.92,462358,214071,-0.0060581334300427855,17.61839075491449,54.04118329542212,32.23965682203798
2020-06-05,11055.69,11288.13,11007.83,11244.86,513656,214510,0.018755728030506166,17.78023982160397,53.404333513734315,32.267005110912365
2020-06-08,11256.89,11350.9,11174.35,11332.27,391647,210963,0.007743272660927868,17.576137173582783,48.52237106325679,32.27393393913382
2020-06-09,11335.14,11470.42,11248.3,11408.22,437442,209418,0.006679740181537612,17.578755404946822,44.976024434092274,32.27090372841052
2020-06-10,11418.54,11642.67,11416.82,11564.43,557713,205477,0.013599859629574966,15.127861150567194,37.206102923301806,32.29056602434161
2020-06-11,11563.28,11587.07,10988.05,11025.03,828944,187558,-0.047765865410406796,23.732010817081594,37.72276976739629,32.659318315304766
2020-06-12,11024.17,11291.57,10885.16,11057.41,508840,152366,0.0029326490375903265,23.61506658394017,37.204144855312826,32.65330095385458
2020-06-15,11057.42,11377.75,10873.17,11360.92,425514,122936,0.027078604474082776,25.100691528444568,37.47176990137228,32.729439215512016
2020-06-16,11373.98,11608.43,11358.6,11561.72,596508,150173,0.017520245174276257,24.428428991928676,36.1938556269648,32.770331733553206
2020-06-17,11550.11,11661.53,11508.04,11586.67,404568,165706,0.002155658312444285,24.31615878981694,36.1941649892581,32.76039858544104
2020-06-18,11585.8,11640.06,11451.45,11586.67,431111,175510,0.0,23.64474280010119,32.92158138110977,32.75836308028065
2020-06-19,11588.99,11736.97,11508.91,11517.61,518436,177928,-0.005978130949967132,23.058471479599962,32.82197823746369,32.7659483726169
2020-06-22,11453.2,11762.51,11424.76,11751.19,354768,179072,0.020077343591714755,23.79076859585905,31.669778519491228,32.77165353330656
2020-06-23,11747.42,11950.24,11574.19,11833.89,406477,182089,0.0070129369025449745,23.753714136979585,30.54308765725866,32.77651951947414
2020-06-24,11818.8,11887.27,11521.96,11618.88,661645,182764,-0.018336087724117888,25.117016850265262,30.1776199295289,32.83234443195029
2020-06-25,11612.49,11730.59,11473.51,11708.83,514249,184704,0.007711896778714547,25.1576974999728,30.062979586643273,32.83900740043345
2020-06-26,11707.38,11746.26,11402.42,11450.29,576150,190360,-0.022328200824496228,26.656627061631323,28.751401114502066,32.90316301717225
2020-06-29,11357.44,11602.92,11291.58,11575.93,479544,192515,0.010912885126689562,26.833692152126552,28.473869147267557,32.91417518697077
2020-06-30,11586.67,11805.45,11537.05,11777.3,422348,193276,0.017246007598168557,27.32452004857524,28.324055879019877,32.9504108384047
2020-07-01,11770.05,11966.2,11694.61,11918.32,402791,199130,0.011902762191681904,27.501270799184713,25.46053886455792,32.96352143886964
2020-07-02,11906.43,12096.48,11892.5,12019.3,404764,201359,0.008436979031415414,27.310737566476494,25.43763941912066,32.96286598424163
2020-07-06,12014.95,12319.61,11964.75,12301.04,486369,210568,0.02317012051112456,27.663994807500348,25.47483352182071,33.03383831558742
2020-07-07,12302.78,12412.46,12193.39,12224.15,465212,211503,-0.00627030835822431,27.89161379179944,25.57028206120903,33.028895667798814
2020-07-08,12216.9,12387.51,12192.81,12375.03,481023,208545,0.012267229402954102,28.038579114150092,25.573121388811614,33.04674805138826
2020-07-09,12388.96,12505.03,12256.36,12450.77,607385,210508,0.006101735693564025,27.825993224119706,24.27973833683964,33.04797611147125
2020-07-10,12450.19,12590.04,12332.38,12578.15,527570,212244,0.010178713246752027,20.159301549512794,24.108368853138142,33.059524487945104
2020-07-13,12590.91,12834.94,12258.1,12302.78,736178,217630,-0.02213592853384862,22.580927765291467,24.560767278482817,33.13596917386687
2020-07-14,12305.11,12410.72,12022.78,12356.46,915009,222089,0.00435375013930947,21.06899546083515,24.53871406394859,33.126587531883814
2020-07-15,12425.81,12496.03,12246.2,12399.41,719947,228225,0.0034698875938181384,20.47269795245685,24.289672581229233,33.123774551747594
2020-07-16,12410.72,12416.82,12158.28,12200.36,628898,237301,-0.01618343133326115,21.634126148385736,23.603769511124295,33.14528868039703
2020-07-17,12224.15,12383.74,12214.29,12328.9,443143,235679,0.010480640395043506,21.787647738011344,23.265595474774642,33.14551207365039
2020-07-20,12327.45,12725.84,12240.4,12710.17,496402,233329,0.030456360511339885,23.54106072969308,23.837503465551606,33.269697150467984
2020-07-21,12711.62,12834.36,12517.21,12594.1,587994,220803,-0.00917401008290394,23.333035132653738,23.77449144615269,33.28165389699791
2020-07-22,12593.81,12669.84,12489.94,12539.84,483851,218383,-0.0043176743713317055,23.450782114565673,23.825577084503887,33.275971743688174
2020-07-23,12592.94,12695.66,12203.55,12242.72,644189,222431,-0.02397930133402035,24.201995715640283,24.284602582609804,33.37021056548522
2020-07-24,12262.74,12299.3,11955.75,12139.13,652482,223228,-0.00849735547625349,24.43208192554713,23.447907339541164,33.38244310715
2020-07-27,12175.11,12400.28,12071.82,12390.12,444802,225212,0.0204652616817257,23.53134972235383,23.668291523878565,33.433629340236756
2020-07-28,12398.54,12486.75,12202.97,12233.15,445252,219182,-0.012749900920077592,24.094270708825505,22.85502518124708,33.43593887716296
2020-07-29,12254.04,12418.56,12200.94,12388.96,368010,223650,0.012656273553698366,23.781356860113437,22.90726511239024,33.444178177458575
2020-07-30,12418.85,12647.78,12189.91,12527.95,521157,220418,0.011156394722662803,23.74379464309427,22.847755417124546,33.42472714880814
2020-07-31,12658.52,12696.24,12408.4,12639.95,631553,221449,0.0089002848342276,23.759738568346272,22.875676892970397,33.14527195196528
2020-08-03,12689.57,12851.77,12623.41,12818.4,389622,223127,0.01401920569684809,22.91165611651961,22.80205572125513,33.13028048839619
2020-08-04,12829.71,12877.01,12747.31,12866.86,395698,226639,0.0037733748849903223,22.703762480041206,22.731058171241806,33.12921426831025
2020-08-05,12860.47,12934.17,12831.75,12873.53,348822,226945,0.0005182516775611537,22.41889556636166,22.72748942086786,33.05295779348348
2020-08-06,12876.14,13082.44,12826.52,13070.26,420437,230965,0.015166155048653493,22.866634177805746,22.246202122836515,33.061794832616364
2020-08-07,13069.39,13095.79,12807.95,12909.51,532554,233781,-0.012375171258085274,23.2509168059533,22.32680230651734,33.0621949194149
2020-08-10,12929.82,12948.68,12683.76,12850.61,485730,236451,-0.0045729680330068205,21.68609277982387,22.356430371658302,32.992674291181515
2020-08-11,12850.9,12950.13,12587.72,12626.02,561748,232876,-0.01763151705451862,22.770639201845654,22.77099423265679,32.85491075734453
2020-08-12,12684.05,12982.63,12626.02,12913.28,434240,228931,0.02249647522699433,24.0037943683167,22.679742967447698,32.92224689634766
2020-08-13,12901.09,13075.77,12876.43,12970.44,413661,226086,0.004416682989828011,23.02441486462229,22.648717583505416,32.89461290543609
2020-08-14,12976.54,13042.98,12878.46,12922.28,398616,223970,-0.0037199688203609625,22.969133782545505,22.431338964623755,32.87055046466718
2020-08-17,12935.33,13115.81,12932.14,13099.85,246403,227149,0.013647826386281767,20.9251908062909,22.265388080175992,32.87991528998836
2020-08-18,13098.4,13249.0,13078.09,13242.03,326816,227596,0.010795082259021555,20.772927350281343,22.31425015124862,32.8802685001088
2020-08-19,13247.84,13275.4,13114.07,13152.37,410893,228553,-0.006793891497375709,20.899061719432467,22.40219412936616,32.884303598383276
2020-08-20,13146.57,13343.3,13024.12,13320.96,401137,230290,0.012736764065731937,18.7045136589348,22.484905108377617,32.77513122469101
2020-08-21,13324.15,13432.67,13239.42,13419.32,414226,227234,0.007356725031652828,18.112005897140858,22.498626176066434,32.765590128344044
2020-08-24,13441.37,13605.6,13380.15,13505.5,617004,226944,0.006401550265026211,17.184886529563745,22.459991841635134,32.76445349492321
2020-08-25,13505.21,13628.53,13434.12,13609.95,495891,231892,0.007704133003411996,15.983533447667556,22.47666481832469,32.76846795054296
2020-08-26,13625.33,13929.42,13610.54,13917.52,578801,241221,0.02234733522685239,16.915487549195664,22.80203189005292,32.80787317521906
2020-08-27,13909.69,13981.07,13735.88,13872.84,709346,241134,-0.0032155062760846754,17.08227638034453,22.84769465490701,32.808545829689265
2020-08-28,13873.42,13948.86,13835.41,13918.1,489066,241091,0.003257179499104986,17.033077538626472,22.75713381079246,32.7888439522061
2020-08-31,13930.87,14119.19,13914.04,14059.99,480979,240318,0.010143023807500878,16.809415167382372,22.584258916022083,32.77769079250001
2020-09-01,14055.06,14309.24,14035.62,14290.38,518997,239790,0.016253408465895142,17.30230669918834,22.715910512351208,32.774080477034644
2020-09-02,14305.47,14467.67,14127.6,14405.28,725395,240855,0.008008222432219396,17.23496654821067,22.72456999805538,32.7795690437266
2020-09-03,14401.8,14436.91,13531.32,13696.13,931583,235882,-0.05048149486605788,25.958396837898285,25.21330153394047,33.19417480361443
2020-09-04,13631.72,13745.46,12931.85,13403.94,1202274,235103,-0.021564617587462184,26.839250906019775,23.48026552926299,33.274089445345545
2020-09-08,13383.34,13446.01,12814.05,12837.26,1012392,243827,-0.04319681373821005,31.21567202893125,25.33715351058275,33.56666701485896
2020-09-09,12774.0,13322.7,12691.89,13222.88,720954,255941,0.029596782585987046,32.17495036539565,25.446562068396528,33.68501619194937
2020-09-10,13205.47,13424.83,12869.18,12973.92,885270,248225,-0.01900747384374202,32.093983177412426,25.627931450435188,33.74256320559251
2020-09-11,12984.08,13180.52,12694.5,12838.42,495802,229907,-0.010498950862664797,32.27239777054117,25.7538873769482,33.76356849423592
2020-09-14,12838.43,13139.14,12838.43,13043.34,546567,183549,0.01583542094019406,32.757419594785404,25.9129658755545,33.79338010364435
2020-09-15,13041.02,13292.54,13004.56,13256.07,518258,239329,0.016177902067088645,32.90443342039742,26.02016756759653,33.825634733329764
2020-09-16,13256.07,13358.82,12993.85,13030.03,613797,260968,-0.017198867224731202,33.25180993051269,26.056433222852878,33.87735626988712
2020-09-17,13032.34,13068.81,12623.96,12821.93,818376,300316,-0.016099707329778706,33.63588742528447,26.285490858862985,33.89972792990055
2020-09-18,12811.8,12923.52,12436.12,12650.3,800279,342310,-0.01347605587610675,33.4744711448979,26.148647333890956,33.93241847527215
2020-09-21,12642.19,12746.1,12337.14,12722.08,727984,335558,0.0056581362489448225,33.412950058514596,26.130913130960494,33.89613131395531
2020-09-22,12695.74,12955.93,12616.14,12907.89,573572,331012,0.014499685750199807,33.82558994632879,25.79134066734059,33.908162266067734
2020-09-23,12920.62,12991.82,12487.06,12536.84,656111,332444,-0.029167242477854936,34.89961978935585,26.497864236882616,34.04250982088013
2020-09-24,12507.32,12748.41,12341.48,12609.49,791934,328291,0.005778195238320678,33.70913374078475,26.307178606168968,34.022252826459514
2020-09-25,12635.54,12927.28,12519.19,12892.84,600725,316223,0.022222413449950594,35.063386073660524,26.571227085007664,34.07808637552702
2020-09-28,12902.68,13202.52,12897.18,13191.82,568217,282083,0.02292482201419415,36.25304645253646,26.901046289339675,34.127364803908684
2020-09-29,13184.0,13254.33,13069.97,13125.83,444170,273907,-0.005014895957616433,35.93988764440862,26.55146192188201,34.06717665413878
2020-09-30,13106.43,13343.77,12928.15,13206.29,647968,258474,0.00611118667306803,35.378817540054996,26.52626683085062,34.044521506106356
2020-10-01,13168.95,13428.57,13168.95,13400.2,580589,246442,0.014576400972068089,35.74803438757178,26.57127263970476,34.046325843379165
2020-10-02,13390.94,13434.94,12971.56,13004.85,806629,272171,-0.029947267409895183,32.79903512821184,27.311310960519542,34.189749974145634
2020-10-05,13091.96,13310.77,13044.5,13278.07,398444,272946,0.020791437352643525,32.99440476215531,27.55373101339627,34.20188431041466
2020-10-06,13282.41,13342.03,12963.46,13051.73,612278,275709,-0.017193110129090205,29.649974417689574,27.395375303631862,34.24328513081264
2020-10-07,12990.09,13321.19,12975.61,13278.93,443046,275594,0.01725787648073391,28.357430741568585,27.590103293430936,34.273876764375785
2020-10-08,13282.7,13404.83,13278.64,13358.82,403379,275261,0.00599827234145924,27.485426641470024,27.603850373917926,34.2586565494591
2020-10-09,13385.44,13590.36,13374.44,13573.86,408445,274510,0.01596904353863625,27.563426086724046,27.523273868128413,34.288728879010954
2020-10-12,13571.54,14120.59,13531.03,14006.27,756438,242030,0.031359202106933264,29.049033182598244,28.13112808276855,34.39999595586481
2020-10-13,14008.29,14180.79,13914.52,14001.34,754735,224054,-0.00035204717938573915,28.687169204672706,27.507562446471077,34.39918961670485
2020-10-14,13984.85,14098.59,13778.77,13862.71,597198,219180,-0.009950537976222104,28.129105968830913,27.52102522744752,34.418878098059544
2020-10-15,13834.63,13873.13,13587.46,13746.65,595926,212865,-0.008407343279647228,27.55958715835075,27.57129871243346,34.41677253183815
2020-10-16,13766.33,13917.99,13651.72,13658.66,527026,216425,-0.006421405366432599,27.093680555722656,27.108333523396567,34.41929760511423
2020-10-19,13680.37,13835.21,13419.31,13487.61,623203,216650,-0.01260226644763352,27.69925249803618,27.188025407900483,34.42439320546325
2020-10-20,13542.31,13651.72,13427.7,13499.77,622702,217657,0.0009011620114973594,27.36392225223857,26.90717613331146,34.42229254171564
2020-10-21,13516.55,13636.96,13412.07,13535.08,599851,217117,0.0026121853887247836,24.723695503568226,26.74509958962433,34.42197196699116
2020-10-22,13526.1,13572.99,13326.4,13487.03,583669,220176,-0.003556350754490243,24.84789072194146,26.667325463956427,34.40485789201321
2020-10-23,13509.61,13535.66,13372.71,13502.95,501243,220987,0.0011796971947590552,23.83158917410627,26.58994071892988,34.39988394725522
2020-10-26,13468.8,13540.0,13132.19,13304.69,674142,224429,-0.01479157544445552,23.258427958298828,26.741632315571152,34.43278363685061
2020-10-27,13313.09,13456.06,13288.48,13415.54,551642,225329,0.008297131868319738,23.325311589663666,26.64685759329811,34.435265826782185
2020-10-28,13381.39,13390.94,12878.08,12888.5,749420,220722,-0.040078295613916716,27.411405504993603,27.920018927522904,34.68451247726353
2020-10-29,12943.78,13264.75,12902.68,13131.62,606325,216918,0.018687621371595468,27.762193138085983,28.180731980949403,34.72074903480912
2020-10-30,12981.69,13060.42,12670.56,12788.35,801978,216173,-0.026488462040870863,27.3074921169985,28.53488610485598,34.82845025857453
2020-11-02,12774.75,12980.24,12667.95,12808.04,602651,218454,0.0015384985057515436,26.113857801042943,28.426991548118657,34.8279874577235
2020-11-03,12821.35,13136.54,12809.48,13042.47,509496,220317,0.018137857001620506,26.362308065992856,28.655541718977062,34.86900230651225
2020-11-04,13040.45,13711.63,13001.37,13618.14,842617,222864,0.04319177177976666,29.978009835631003,29.725840607241782,35.12165093318218
2020-11-05,13695.71,14030.87,13627.69,13981.08,578443,226814,0.026302259521653,31.243209926027333,29.851930655667775,35.20977846605667
2020-11-06,13994.98,14018.71,13739.99,13979.35,552483,224459,-0.0001237463087804526,30.827226965143822,29.846342189285618,35.209314634874325
2020-11-09,14053.73,14365.73,13675.16,13684.71,731881,226237,-0.021302089548913203,29.702559062685456,30.186915950977077,35.283566710124035
2020-11-10,13734.49,13778.49,13317.43,13450.56,834533,234538,-0.017258410314139182,30.242797325175317,30.296181215936933,35.33260893846608
2020-11-11,13466.77,13797.3,13400.78,13760.54,546218,231127,0.022784335052372096,31.31557026022218,30.5696051237452,35.397579544498896
2020-11-12,13775.01,13864.45,13632.9,13684.13,554930,228211,-0.0055683087048231114,31.23503746513885,30.557904784866828,35.401079312536076
2020-11-13,13726.97,13837.82,13663.0,13815.53,445512,229091,0.009556554520104598,31.32961080145753,30.51113961714094,35.41048121591213
2020-11-16,13843.03,13967.77,13720.89,13898.31,471101,230794,0.005973928274560477,30.98566999764778,30.49938878019901,35.413350418712014
2020-11-17,13963.43,14003.95,13838.98,13863.58,401505,233752,-0.0025019923439925595,31.017920752326404,30.481435523343098,35.40765833796653
2020-11-18,13860.1,13924.36,13732.18,13773.28,475826,232931,-0.006534774308073841,31.137461436198755,30.476103852713145,35.41502352201314
2020-11-19,13748.96,13892.52,13666.19,13877.76,421691,236135,0.0075570754106852175,31.1776844825919,30.166159564597038,35.420209765380065
2020-11-20,13846.21,13916.83,13746.07,13783.41,358180,234798,-0.00682186371027415,31.31520535161034,30.19137847030179,35.41553543202029
2020-11-23,13769.8,13894.55,13670.53,13782.83,425777,235871,-4.208045784153441e-05,30.759706094314907,30.183242750315713,35.41553104895145
2020-11-24,13788.04,14013.5,13745.2,13980.51,401635,242356,0.0142406022253989,30.99852172246358,30.25459754409529,35.43543734816095
2020-11-25,14006.55,14098.3,13982.24,14068.78,386232,243370,0.00629394122928279,26.71121571868063,30.093160681251728,35.4338282286066
2020-11-27,14087.3,14248.52,14039.55,14190.63,296828,241851,0.008623729593176872,26.230864707425955,30.10064767637853,35.414360188485766
2020-11-30,14224.2,14282.96,13992.08,14213.21,493064,240244,0.001589926204104707,23.690129923081273,28.2222192908095,35.40171993819132
2020-12-01,14281.51,14485.56,14253.73,14416.09,464023,239696,0.014173130056237314,23.849323725918676,27.97170627590736,35.4222700151489
2020-12-02,14420.73,14440.7,14254.3,14418.41,400405,238420,0.00016091834469173665,23.478007485770718,26.398611893662743,35.42258228113227
2020-12-03,14438.96,14517.97,14406.54,14427.67,376884,238905,0.0006420283323128293,18.666491620754204,25.762016832167024,35.41042548334318
2020-12-04,14456.32,14512.76,14411.75,14501.48,321796,235860,0.005102822596601595,16.53456167803096,25.415654689920515,35.40535996439833
2020-12-07,14500.32,14601.33,14442.14,14582.52,323774,235462,0.005572837968294912,16.56901842168824,25.295120023784236,35.40748865753381
2020-12-08,14557.05,14647.93,14473.69,14630.56,365422,234005,0.003288940659770994,14.071029377947317,25.13479646799811,35.406289097510005
2020-12-09,14653.42,14673.97,14247.65,14317.4,635769,223355,-0.02163691100952291,14.97783391475652,25.411407046861985,35.4790226789276
2020-12-10,14289.33,14412.33,14145.19,14357.92,529843,212057,0.0028261255302040275,13.055004314003593,25.119021131377924,35.478768719453036
2020-12-11,14345.18,14372.1,14163.71,14318.56,361860,190554,-0.0027451085151896765,12.871522522732354,24.864513606692523,35.47457633074234
2020-12-14,14318.56,14474.84,14288.57,14374.5,421789,120791,0.00389920565286893,12.600315461023982,24.66152531876251,35.475042996302356
2020-12-15,14386.03,14543.18,14328.94,14528.48,401624,163819,0.010655057490927893,12.902886877685155,24.71327015999795,35.48692976105852
2020-12-16,14537.71,14653.91,14500.8,14614.7,407269,195696,0.00591701053584328,12.840413608036878,24.593317827589132,35.486695474999344
2020-12-17,14626.81,14725.42,14616.14,14707.26,388925,207995,0.006313377921772552,12.42630741656152,23.728211233661,35.488868733357926
2020-12-18,14703.22,14751.95,14544.63,14662.85,460979,209891,-0.0030241653059008425,12.510674210719037,23.747388098613698,35.491824358118485
2020-12-21,14717.64,14743.59,14372.77,14629.4,606583,211698,-0.0022838815413578116,12.148568804629017,23.407368165333057,35.49369140476454
2020-12-22,14646.42,14717.64,14525.59,14659.97,457270,209793,0.002087447500616788,12.101772966089628,23.001815648485664,35.48670803443088
2020-12-23,14653.91,14693.13,14560.2,14592.2,358011,208735,-0.004633510693293031,11.639832574004746,22.997150952541787,35.48990770330266
2020-12-24,14603.16,14676.12,14569.42,14653.62,173464,209928,0.004200264536863596,11.56424062817151,22.985057553727305,35.48365123978827
2020-12-28,14621.04,14827.79,14596.82,14801.55,346691,212133,0.01004450110076193,11.681977666532083,22.895490261881715,35.49392319000739
2020-12-29,14815.97,14900.17,14773.29,14811.07,393995,215735,0.0006429691346439938,11.692373622635511,21.929832113571795,35.46490714003608
2020-12-30,14833.85,14890.36,14787.42,14811.64,334304,216829,3.8483987458928106e-05,10.792057734679478,21.586800760194784,35.448731857458185
2020-12-31,14809.91,14874.5,14759.74,14862.39,280573,219677,0.0034205026739244837,10.806301492199864,21.221538620073307,35.44818759866469
2021-01-04,14866.43,14948.03,14443.7,14631.71,650472,219675,-0.015642769493434565,12.40837416179758,21.293164551677467,35.48997378612421
2021-01-05,14628.54,14774.16,14546.93,14756.28,483173,219690,0.008477663567851576,12.623089885566541,21.32099954108791,35.485896717268496
2021-01-06,14764.06,14814.81,14407.66,14552.41,755618,227124,-0.013912139246219474,13.523219286497962,21.34377837071918,35.514616917942824
2021-01-07,14600.57,14947.17,14586.73,14911.41,435939,229227,0.02437007606960979,16.057505844577506,20.96612853413363,35.58621526484322
2021-01-08,14910.26,15138.64,14901.03,15106.63,508107,229512,0.013007028594425676,14.194864594567697,21.106427400224668,35.58883713629628
2021-01-11,15102.02,15115.86,14846.53,14875.66,454751,228272,-0.015407400108999676,15.578562891927863,21.259365596417705,35.626640925457934
2021-01-12,14891.52,14947.17,14726.0,14867.87,461733,230621,-0.00052381140894282,15.512967841020467,21.168786491012213,35.62676989966591
2021-01-13,14858.93,14997.92,14787.71,14962.45,416295,233876,0.006341220404614361,15.579155023199897,21.131331181232778,35.62391369107256
2021-01-14,14966.2,15027.62,14857.2,14880.27,417583,233248,-0.005507554789341166,15.444632780197622,20.978289573166812,35.629361272385225
2021-01-15,14889.5,14915.16,14698.61,14766.37,539769,235813,-0.007683876513900808,15.646504763868144,21.06476535414345,35.640498814055036
2021-01-19,14734.08,15032.23,14679.58,14977.74,481603,233072,0.014212800995899577,16.273387323276182,21.224605772347243,35.66357419084113
2021-01-20,15029.06,15371.63,15014.07,15333.85,438765,236481,0.02349770402186,18.049000391966928,21.65882265756635,35.72998934215927
2021-01-21,15327.22,15482.93,15321.17,15450.64,421922,234275,0.007587623528552915,18.061168304764923,21.686496323769383,35.71203151012263
2021-01-22,15448.91,15458.42,15340.77,15411.42,407706,230988,-0.002541633391491365,18.15752849845561,21.419109928886975,35.64211843595278
2021-01-25,15421.23,15634.03,15212.46,15542.91,663844,229597,0.008495793053505358,18.071347132587103,21.42146488883195,35.61652756036657
2021-01-26,15524.74,15686.22,15433.05,15554.45,502390,229787,0.0007421852227793484,18.086522952619333,19.507828848367485,35.61585605335649
2021-01-27,15629.99,15670.94,14861.53,15116.15,786471,224382,-0.028583062620690814,21.04209367162658,20.287855458164497,35.72609241043504
2021-01-28,15055.01,15448.91,14886.33,15209.0,623570,222457,0.006123649192102712,21.11777481650165,19.389137078189766,35.63703525651215
2021-01-29,15174.39,15211.3,14797.23,14892.09,738848,221607,-0.021057158384727447,22.56626705564574,19.999736697808164,35.69074275148083
2021-02-01,14820.29,15307.61,14679.86,15267.24,549549,226480,0.024879156826522475,24.190588669374062,20.27057527481036,35.68260728414066
2021-02-02,15262.63,15582.42,15260.32,15512.35,491671,232283,0.015927124530674682,23.84350206820366,18.644982422980213,35.71209680468258
2021-02-03,15578.09,15668.63,15440.55,15449.2,499098,230489,-0.004079258794849033,23.872063257738468,17.993717060072438,35.710575244964645
2021-02-04,15489.85,15650.47,15392.68,15625.96,408023,230699,0.011376411667253433,23.275269815732482,18.0989515801465,35.71887413368711
2021-02-05,15640.38,15730.92,15593.66,15684.21,431935,228628,0.0037208400468108234,21.94243246533457,17.446170755264625,35.702450895090195
2021-02-08,15713.91,15793.78,15681.9,15782.25,393927,229400,0.006231417022789099,21.642961931750122,16.980928946695027,35.7053687466502
2021-02-09,15782.82,15842.51,15725.73,15779.07,367116,230503,-0.0002015124849506756,20.65383362326359,16.463183724849472,35.69468772759821
2021-02-10,15799.55,15881.73,15590.49,15736.69,552643,233962,-0.0026894496940600096,20.716325857680264,16.41505721995129,35.69601497964067
2021-02-11,15758.02,15852.32,15700.93,15835.3,495131,236673,0.006246696559618109,20.71423386925414,16.36675850941026,35.69925598032068
2021-02-12,15814.83,15941.13,15739.57,15922.67,392927,241514,0.005502254736415137,20.493623184677492,16.362489289358653,35.70142388558104
2021-02-16,15951.22,16033.11,15820.31,15880.0,604657,230179,-0.0026834241027383506,20.210306682717963,16.364789631171988,35.6932628002403
2021-02-17,15869.04,15899.89,15620.77,15801.57,583565,227838,-0.0049511536340431,20.02400594474276,16.331609935673246,35.676117040911706
2021-02-18,15801.28,15828.67,15534.26,15724.57,574576,227291,-0.004884844964374348,18.593231479403524,16.35923997755019,35.63121514357363
2021-02-19,15730.63,15835.3,15611.25,15658.83,535194,230660,-0.004189482092721951,18.53134627267986,16.306854778788722,35.39484904789115
2021-02-22,15669.21,15719.96,15242.45,15253.11,648527,234377,-0.026251558439998532,20.843159882638744,17.309515934944223,35.39376166858605
2021-02-23,15256.29,15381.72,14714.47,15215.92,873273,234225,-0.0024411685221927704,20.575799421224133,17.129546455140826,35.395507461220056
2021-02-24,15191.41,15379.7,14946.02,15342.79,673353,237278,0.008303408680343207,20.8371813401169,17.158936202969883,34.95030986498372
2021-02-25,15345.96,15402.48,14722.25,14800.4,894521,243700,-0.03599144941412936,22.26943912357562,18.72619437741794,35.14983608353849
2021-02-26,14766.66,15097.69,14604.89,14891.81,841911,242441,0.006157189969138135,22.270876369057753,18.75881681874545,34.94986917088976
2021-03-01,14945.44,15361.25,14932.46,15317.13,513852,235131,0.028160412547079964,23.23907113580018,19.393714949422094,34.95592099412497
2021-03-02,15354.62,15373.07,15050.11,15058.19,563138,236083,-0.017049780722224836,22.371985955354894,19.74350278677825,34.83639285114969
2021-03-03,15065.11,15215.92,14606.05,14627.38,756448,247134,-0.029026914305121478,23.600613955863594,20.663566627499,34.843269930891985
2021-03-04,14627.67,14760.32,14194.56,14365.85,1049493,247119,-0.018041252642428365,24.202919143432084,20.972473445141397,34.8492193565681
2021-03-05,14342.78,14645.84,14080.09,14606.62,1016317,248641,0.016620988327612194,24.700830000819256,21.2221238295035,34.187797763635416
2021-03-08,14665.74,14719.08,14166.02,14183.89,749028,258138,-0.029368037081239414,26.18818732745462,22.047047558052686,34.031517186709
2021-03-09,14239.83,14841.63,14217.05,14750.8,644022,242097,0.03919050507848705,30.350106052716658,23.059243872526093,33.978951079213324
2021-03-10,14777.62,14986.67,14651.89,14705.24,715961,229079,-0.003093425751144529,30.327295610715087,23.065617248351046,32.27384637729516
2021-03-11,14758.3,15132.01,14676.4,15050.11,526139,202474,0.02318140728624259,31.777415794642682,23.5221693372522,31.03531331414074
2021-03-12,15057.9,15104.03,14727.15,14917.76,476352,172153,-0.00883285068216104,31.694581853942694,23.595831472081226,28.616269523394234
2021-03-15,14917.76,15097.4,14835.86,15074.33,383913,134406,0.010440847725008027,31.917666630005414,23.59198022783322,28.24508936056933
2021-03-16,15078.66,15325.78,15050.11,15157.38,524804,167591,0.005494244878453779,32.051224120397656,23.58808066001727,28.10651090446808
2021-03-17,15178.43,15307.04,14918.62,15212.46,652764,196871,0.0036272868340156616,32.10273554693962,23.566742930268994,28.09801001446065
2021-03-18,15210.15,15302.42,14719.95,14740.42,708016,219658,-0.03152144864417754,33.77981232111685,24.45877150507777,27.937286877786015
2021-03-19,14756.28,14877.1,14627.38,14815.1,641117,222596,0.005053550668961256,33.90415428709048,24.474600322292094,27.938499538771843
2021-03-22,14771.85,15175.55,14750.51,15077.22,478667,221951,0.01753806453423554,33.441548736731534,24.728728486419385,26.911332272454935
2021-03-23,15074.05,15192.85,14970.24,15001.67,604250,221080,-0.00502346721416179,33.47315815669885,24.7322932583575,26.88533624879863
2021-03-24,15052.42,15161.99,14745.32,14756.86,626538,223008,-0.016453468825245034,33.74155568588862,24.96008251670961,26.531353605946467
2021-03-25,14767.24,14832.4,14544.34,14729.75,745797,222131,-0.001838801248340965,31.257554194278953,24.87687894187928,26.260280513275458
2021-03-26,14763.49,14981.2,14621.04,14956.11,622214,222615,0.015250653830687818,31.66832814420423,25.07438349530549,26.056213382831046
2021-03-29,14966.49,14997.92,14772.43,14930.45,574193,225303,-0.0017171602422743604,29.897886349778783,25.077335393609328,26.036290115311537
2021-03-30,14965.62,14976.01,14736.67,14854.03,516408,221462,-0.005131542850205363,29.358484826711155,25.09069472619257,25.598908866143578
2021-03-31,14873.06,15176.7,14830.96,15097.98,478398,222014,0.016289751134720542,27.927603292348564,25.09432366861259,25.535103138334573
2021-04-01,15103.46,15377.97,15098.56,15358.94,436489,216151,0.017136754883740897,27.436289654795605,25.273669291647337,25.528043071606493
2021-04-02,15408.83,15447.75,15358.94,15358.94,408505,216353,0.0,27.000241582194494,25.091053027215725,24.728615226589756
2021-04-05,15385.47,15703.81,15345.39,15669.79,356725,212519,0.020036939952642104,24.875158300101173,24.93314386112926,24.790640097053714
2021-04-06,15690.84,15749.95,15599.14,15651.91,457218,213775,-0.0011417006064286036,21.39497072500832,24.806209287054052,24.712199566807378
2021-04-07,15664.02,15733.8,15585.59,15691.99,434828,211961,0.002557436811960837,21.27644684975969,24.58355966198123,24.710913506024244
2021-04-08,15710.45,15905.37,15704.39,15856.93,435060,214603,0.01045623766379671,20.144540099778247,24.659450875721884,24.704893205498752
2021-04-09,15901.62,15965.35,15742.16,15951.22,494768,213272,0.005928686590427632,19.709069411002915,24.65583148821154,24.36190131548145
2021-04-12,15937.67,15954.39,15838.76,15927.29,453968,212368,-0.0015013251557117867,19.59468644184351,24.62385616798143,24.327555026062804
2021-04-13,15946.03,16140.96,15885.77,16119.91,485938,213439,0.012021163758127193,19.851124651119093,24.653613529578426,24.30641841950475
2021-04-14,16122.22,16181.33,15885.77,15915.75,662204,211527,-0.012745968959213979,20.62672175054416,24.67712516152346,24.341583747518918
2021-04-15,15948.34,16187.38,15904.8,16164.03,524814,209387,0.015479218213616848,16.811761509262276,24.418419457209843,24.331711886706778
2021-04-16,16150.19,16216.51,16093.38,16181.91,500612,210247,0.001105548444171553,16.856288994903217,24.378455305453,24.112620674578707
2021-04-19,16135.19,16208.15,15941.42,16029.37,613719,215604,-0.009471287095818726,16.793207443837314,24.4598998529569,24.03691353918761
2021-04-20,16032.54,16071.47,15824.06,15910.56,606019,216752,-0.007439624820154065,16.968483278833695,24.459742686781283,24.046529706762986
2021-04-21,15847.99,16063.1,15802.43,16054.74,510093,219735,0.009021093359416745,15.447965251093681,24.523601498357664,23.991138330527424
2021-04-22,16028.5,16084.15,15803.87,15859.81,623942,218634,-0.012215896766875838,16.397297076318974,23.91562718345861,24.02858579096867
2021-04-23,15867.6,16125.97,15844.53,16063.68,450885,213935,0.012772586680693431,16.187950010507095,24.017440608729153,24.013838736979938
2021-04-26,16055.32,16193.15,15992.75,16161.14,403664,215714,0.006048772167073223,16.085798123174758,23.597216190397827,23.775024827083847
2021-04-27,16176.43,16205.55,16046.96,16093.67,412801,216429,-0.00418356818138627,16.01811042112859,23.10673602279327,23.771846127403677
2021-04-28,16096.55,16140.38,16007.16,16023.6,501596,216627,-0.004363391482086747,15.589683742989388,22.91570205044347,23.55568662856638
2021-04-29,16117.31,16221.7,15938.53,16094.25,595555,221411,0.0043994298467939265,14.68440539396903,22.908573617946846,23.546609260242683
2021-04-30,16088.19,16097.99,15939.98,15974.87,555237,225406,-0.007445202827268388,15.074279688504172,22.85796061791109,23.5303804391059
2021-05-03,16009.76,16087.33,15884.9,15905.66,473913,230447,-0.004341841790366265,13.610935350004578,22.867169441332948,23.538021278523754
2021-05-04,15899.89,15908.55,15433.62,15612.69,667316,235377,-0.018590975611506817,15.24348734418032,23.153143396850552,23.57423573625218
2021-05-05,15600.87,15762.06,15528.21,15560.79,520694,235791,-0.003329756443776465,15.249301893118467,23.16214147843375,23.555819987599747
2021-05-06,15552.72,15699.78,15442.85,15683.92,567452,234527,0.007881695007811574,15.031592731043016,23.215496322413486,23.55902059855277
2021-05-07,15703.24,15937.96,15672.96,15813.1,550632,229326,0.00820272675442092,15.182474784568283,23.241624021961968,23.449621489531964
2021-05-10,15822.62,15861.83,15346.83,15405.94,603725,231289,-0.026085561095224686,17.709176494809228,23.81533488230994,23.588226781587565
2021-05-11,15359.52,15427.86,15069.72,15393.54,787639,224976,-0.000805208443127793,16.96413494575236,23.81125822858654,23.57548127075912
2021-05-12,15365.0,15400.18,14948.03,14992.73,760916,232987,-0.026382523946846634,18.680975407206553,24.379945942277068,23.7418373854293
2021-05-13,14958.42,15252.54,14896.42,15110.09,727348,232265,0.007797315640536058,17.85454662512353,24.429359865319768,23.633103978702966
2021-05-14,15104.03,15486.11,15076.35,15440.83,468758,228352,0.021652567041259355,19.909291530462532,24.840690788334165,23.716915328265245
2021-05-17,15433.05,15511.77,15205.25,15344.52,488299,225784,-0.006256892593443014,19.7890007298102,24.27780670069362,23.65845885745142
2021-05-18,15350.29,15493.03,15200.35,15238.99,442088,224940,-0.006901131938572506,19.770944554899632,24.314919788228657,23.623956714209225
2021-05-19,15204.38,15274.74,14941.69,15263.78,669351,226724,0.0016254265076880458,19.38695866509559,24.256256724889877,23.62056531957705
2021-05-20,15248.79,15597.41,15168.34,15555.6,465782,227578,0.01893800080770145,20.44673237101292,23.379737458287984,23.685741043349083
2021-05-21,15562.52,15651.91,15450.93,15461.6,457735,229210,-0.006061171722739504,19.852301440852663,23.394902464253136,23.69741606369854
2021-05-24,15436.51,15785.71,15405.65,15727.17,368611,229740,0.017030259197047745,20.796455499949236,22.94221217899318,23.748672712390757
2021-05-25,15751.68,15846.55,15694.3,15751.39,436157,229796,0.001538825459575077,20.792643561168646,22.651379293822536,23.731230909522477
2021-05-26,15767.54,15834.73,15751.1,15802.14,343069,231716,0.003216758553572067,20.807726370522683,21.788377329342442,23.73088461891889
2021-05-27,15804.74,15825.79,15709.87,15762.06,388603,233669,-0.0025395873515780573,20.72799172961906,21.429669169500308,23.73075179026591
2021-05-28,15795.8,15875.1,15758.89,15786.28,366218,234415,0.00153542181669541,20.604848691536425,21.198161561311828,23.729511646090412
2021-06-01,15800.7,15886.05,15677.57,15742.74,448000,234414,-0.002761901744950618,20.574340839908352,20.23372808144463,23.7213222787624
2021-06-02,15747.93,15816.56,15690.26,15771.58,371449,233838,0.0018302795713809057,19.440425557429524,18.668117068262543,23.656924173795797
2021-06-03,15778.21,15810.79,15527.63,15604.91,552987,231611,-0.010623977867001304,19.800413020334993,18.803928912773703,23.678576048429214
2021-06-04,15607.79,15898.45,15533.97,15878.84,446994,228595,0.01740179696806083,20.567509054096007,18.548161792387493,23.727741627924356
2021-06-07,15886.34,15944.88,15792.05,15922.1,397545,229086,0.0027206759727534326,20.39065628430956,18.44021112840575,23.695890879469765
2021-06-08,15943.72,16052.43,15850.01,15930.46,482546,230029,0.0005249185743286976,17.84502682746384,18.337036990158285,23.174613398748743
2021-06-09,15932.19,16037.44,15921.23,15933.63,376893,234893,0.00019897006382164627,17.830077089641826,18.312721768180282,23.17449519011969
2021-06-10,15936.8,16120.77,15831.84,16101.45,492336,226042,0.010477360144043648,14.638518637940564,18.41092105811951,23.04836734667947
2021-06-11,16119.62,16145.28,16069.74,16141.25,257733,197292,0.0024687771318543062,14.556258455538373,17.123459468947377,22.991262411640363
2021-06-14,16141.28,16297.02,16102.05,16286.93,376141,135413,0.008984838497157805,13.055146045649224,17.177047333664287,23.00395039558491
2021-06-15,16279.72,16330.77,16152.53,16176.75,449355,183593,-0.006787919487426019,13.104558711213429,16.933415949482917,23.01810837700249
2021-06-16,16196.65,16262.13,15955.82,16120.22,566333,206070,-0.003500641560422265,12.828848423581633,16.91247710083595,23.011485392774425
2021-06-17,16083.59,16381.24,15969.09,16331.92,657540,219219,0.013047090458248783,13.320099765493918,16.676325819909486,22.964342639394637
2021-06-18,16359.32,16387.88,16163.2,16192.04,575363,216459,-0.008601711628547646,12.623260779391643,16.794628862991317,22.978650381515973
2021-06-21,16177.91,16317.79,16103.78,16301.64,503663,219282,0.0067459527907158265,12.353575622244527,16.588062912626235,22.90008943332745
2021-06-22,16309.43,16473.83,16228.38,16449.6,420968,223085,0.009035444557866165,11.408671645154453,16.64703460781609,22.904193216435377
2021-06-23,16467.77,16515.94,16419.03,16455.08,366489,223562,0.0003330833213189064,11.42659237318334,16.590016222492928,22.77966446676952
2021-06-24,16469.21,16638.52,16463.16,16560.35,409864,225530,0.00637703987183152,11.519119608495886,16.3403316588189,22.765143431907127
2021-06-25,16573.62,16606.5,16513.05,16542.76,379758,226437,-0.001062740126564325,11.447796624940585,16.02096325457907,22.71057765368736
2021-06-28,16555.45,16751.29,16536.13,16742.93,376860,228526,0.012027535741064065,11.936026225932046,16.170206679395058,22.71116735674515
2021-06-29,16733.7,16826.28,16692.45,16801.19,360169,223282,0.0034736376200170706,11.744517139539079,15.706123914477502,22.700978555960884
2021-06-30,16826.28,16842.14,16749.56,16785.04,384458,224947,-0.0009617037246946034,11.830889285029537,15.70503959636894,22.595162908791483
2021-07-01,16796.0,16851.08,16695.05,16784.46,436419,224827,-3.455517657749528e-05,10.747535819962959,15.704206894601466,22.58284756837082
2021-07-02,16778.98,16992.7,16743.79,16975.11,392168,225363,0.01129469520887198,9.895475942767051,15.726417834039388,22.578264352708626
2021-07-06,16964.15,17063.08,16873.0,17046.35,557682,226974,0.004187951024016644,9.897041139434904,15.707793153426916,22.574931931829102
2021-07-07,17033.66,17171.23,16989.53,17077.21,471450,225868,0.001808721505794804,9.857794439368059,15.698965077088417,22.557086943203743
2021-07-08,17088.46,17099.99,16775.23,16973.38,631207,225118,-0.006098591643238771,10.375298217732109,15.602516052513426,22.446204496862492
2021-07-09,16971.07,17111.53,16890.89,17086.73,424770,229870,0.006655904426624155,10.102971590834716,15.385014159685314,22.450577054893103
2021-07-12,17102.3,17176.71,17057.31,17154.51,362608,229988,0.003958973946561932,10.10701998873292,15.106422681167277,22.45110992768847
2021-07-13,17166.91,17299.29,17068.27,17149.6,506392,230643,-0.0002862630765543827,9.918273349022629,15.108665466088445,22.382460532747487
2021-07-14,17155.08,17300.74,17122.2,17180.46,499191,228225,0.0017978417930076872,9.29105005714362,14.951792021601177,22.363629011071325
2021-07-15,17184.21,17262.38,16968.76,17060.19,634785,227578,-0.007025012353326937,9.694084679316768,14.941849713504537,22.18544120670379
2021-07-16,17049.81,17154.79,16908.48,16925.21,539012,225979,-0.007943452762160134,9.624069185500508,14.96523223142546,22.179973769141313
2021-07-19,16930.4,16939.05,16665.05,16775.52,720291,230379,-0.008883545515320715,9.664841619012362,14.855862969344564,22.196163426725242
2021-07-20,16836.66,17054.42,16747.83,16985.49,529359,232747,0.012438769293832773,10.247276771608615,14.844655619743307,22.07950290285166
2021-07-21,16993.57,17120.18,16922.61,17106.63,404345,228941,0.007106657482333893,10.094742236493156,14.861809494059363,22.064934006826793
2021-07-22,17117.01,17285.45,17105.47,17222.86,425426,229480,0.006771463492259364,10.21524865684836,14.869837242033274,21.987709367039262
2021-07-23,17281.7,17440.62,17229.49,17418.41,449261,233717,0.01129012170593634,10.617534077548006,14.968550531343194,21.96451213913513
2021-07-26,17418.41,17459.94,17350.06,17441.2,391517,230158,0.0013075305918157842,10.544364830861662,14.955415387056606,21.935256273865477
2021-07-27,17449.85,17457.06,17044.9,17245.07,671793,232644,-0.011308917925021809,11.032548732106063,15.07285215956655,21.949756823207593
2021-07-28,17162.0,17391.3,17150.76,17318.62,577186,226262,0.004255917757424505,11.054793310486028,15.038954545957553,21.93838489334917
2021-07-29,17287.76,17402.26,17195.75,17348.9,412593,227394,0.0017468805210285629,11.015997296772733,14.449202567931396,21.90071612299747
2021-07-30,17196.04,17282.28,17087.59,17254.3,505630,223459,-0.0054677160308513025,11.29169568893924,14.487943769191384,21.9094228772917
2021-08-02,17273.91,17370.25,17227.19,17250.84,446142,222535,-0.00020054983179875762,10.673368276615545,14.43576011103101,21.909759334463047
2021-08-03,17261.8,17363.03,17131.14,17358.71,520377,220922,0.006233559771463512,10.783476605528213,14.40281876753064,21.870331961000165
2021-08-04,17349.19,17429.95,17301.89,17390.15,445703,221364,0.0018095562605031704,10.783485858252709,13.200753644602184,21.827978285218073
2021-08-05,17399.66,17504.36,17385.24,17498.88,341554,222866,0.006232924905466383,10.607771805892984,13.21522951939354,21.826057358977305
2021-08-06,17498.88,17501.19,17359.86,17415.53,425074,225201,-0.00477454199219769,10.650288908947992,11.90003923800026,21.751626379100333
2021-08-09,17409.47,17473.21,17309.1,17449.85,361388,226894,0.0019687157337683753,10.599093392103486,11.848989809276445,21.646432353289264
2021-08-10,17453.89,17486.77,17299.0,17356.69,475298,231111,-0.005353029773005275,10.821614307826838,11.252285451992137,21.65398112426093
2021-08-11,17357.27,17442.64,17262.66,17327.85,479700,229795,-0.0016629891384747717,10.840524537221386,11.14809042534666,21.65026911139444
2021-08-12,17315.16,17409.76,17237.57,17395.91,384239,228682,0.003920087407409972,10.534475053421922,10.997544247259654,21.615545834651893
2021-08-13,17397.36,17468.89,17369.09,17450.43,364520,230464,0.003129169059760353,10.011496921175388,10.998469696896565,21.59456418341642
2021-08-16,17442.93,17465.71,17209.88,17459.94,590789,232064,0.0005448238007925362,9.24074997793705,10.436743156426251,21.579965780634705
2021-08-17,17457.06,17459.66,17186.52,17302.47,687897,231772,-0.009059848100545756,9.17028081412262,10.552201072552958,21.5723098948641
2021-08-18,17271.03,17348.32,17082.11,17131.43,568846,231386,-0.009934477750937448,9.630094029062803,10.3429964198084,21.59096223489985
2021-08-19,17120.76,17304.2,16971.36,17222.28,734184,226242,0.005289106288157998,9.506914538006068,10.373264693040184,21.58842230273289
2021-08-20,17239.88,17420.72,17133.45,17405.43,504460,227065,0.010578332086499768,9.397512319252185,10.53413029655171,21.599418419756223
2021-08-23,17409.18,17694.72,17405.14,17656.65,412591,227396,0.014330256454744329,10.692394953116457,10.813877958681568,21.534066966549652
2021-08-24,17682.61,17748.37,17662.42,17715.49,365577,223959,0.0033269151525392223,9.748286640955662,10.817588361349486,21.531271085634447
2021-08-25,17723.27,17763.36,17689.53,17725.58,405227,224399,0.0005693959168055069,9.689971442573308,10.777453854320571,21.530082692517112
2021-08-26,17729.04,17730.2,17599.83,17622.33,564382,222501,-0.00584194616574018,9.998659203008199,10.89596358021791,21.520949567033636
2021-08-27,17635.31,17817.3,17611.65,17797.4,441045,220164,0.00988553135246729,10.2089045237823,10.702137884430337,21.4844481332155
2021-08-30,17804.61,18018.04,17789.9,17994.68,417563,225256,0.011023779442032722,10.718449763603868,10.390234806884608,21.496706636568614
2021-08-31,18003.91,18086.69,17902.67,17977.37,521129,225758,-0.0009624139483907272,10.65551515785593,10.40800933268456,20.864699162093284
2021-09-01,17996.99,18111.78,17972.76,18008.24,465488,227647,0.0017156862185945983,10.655498799194882,10.403546662472628,20.73944267621724
2021-09-02,18009.1,18092.17,17941.9,17998.72,463636,225467,-0.0005287866691233889,10.547656758258714,10.4101240975121,20.252137738666544
2021-09-03,17998.72,18086.97,17942.48,18056.98,462870,226368,0.003231669372892001,10.30528983983771,10.263910897822532,20.05200232082917
2021-09-07,18062.17,18123.03,18005.35,18083.8,542055,224327,0.001484196241660726,10.305725905073402,10.263606436726823,19.947801374917887
2021-09-08,18079.48,18102.55,17909.6,18020.64,559402,223945,-0.003498742228351244,10.155322141227547,10.21397239334863,19.91815539419894
2021-09-09,18009.1,18084.96,17934.98,17949.97,531288,211323,-0.003929324019040904,10.291058454317863,10.129126152783009,19.871540892526575
2021-09-10,17952.57,18076.01,17805.47,17814.7,402816,173115,-0.00756448444948033,10.768255289536102,10.252310167623547,19.834299864143865
2021-09-13,17827.39,17957.18,17709.43,17809.22,363283,127558,-0.0003076584521425688,10.755241875876315,9.980813956905127,19.74818972336929
2021-09-14,17809.25,17901.79,17694.51,17735.16,536799,192698,-0.00416719082870039,10.911633747728414,9.830432960780717,19.678309825461447
2021-09-15,17746.98,17890.55,17652.13,17869.79,511438,215063,0.007562467670019023,10.511050545208414,9.850386830640426,19.631767158137905
2021-09-16,17885.07,17911.3,17710.94,17884.78,476956,219313,0.0008384942611952917,9.59719310244993,9.726110110432117,19.627104917583047
2021-09-17,17871.23,17906.4,17615.81,17673.18,641864,224741,-0.011901835640788424,10.725485391908293,10.099173673121836,19.62725079964648
2021-09-20,17624.74,17687.3,17075.27,17308.2,451735,238137,-0.020867858537798763,12.7346962134873,11.004439415101148,19.51441559309605
2021-09-21,17288.02,17485.5,17254.87,17324.93,659780,221634,0.0009661270177610149,11.527455569862958,10.998127090159075,19.509194694550853
2021-09-22,17288.89,17559.02,17217.11,17485.79,601005,221519,0.009242046415133072,11.999954694172551,10.890636885746583,19.41139684957509
2021-09-23,17502.8,17697.39,17499.34,17647.23,514535,224576,0.009190279474043004,12.496300184768069,11.014604168701304,19.30465050644638
2021-09-24,17643.48,17682.69,17501.07,17664.82,470511,222997,0.0009962605657213447,12.32291954186269,11.008392847568533,19.294609987464696
2021-09-27,17665.1,17757.65,17394.11,17521.83,543381,222436,-0.008127559010357707,12.086271668227733,11.160112089402508,19.310792657530808
2021-09-28,17495.88,17518.94,16998.3,17025.97,836785,229696,-0.028707706659032904,14.851744228097626,12.474336809101256,19.49389830354842
2021-09-29,17031.16,17211.92,16963.99,16997.14,649554,223862,-0.0016947308403172342,14.842215522218662,12.449218975081049,19.24537897440158
2021-09-30,17031.74,17162.91,16917.0,16931.12,699372,224978,-0.0038917458971662717,14.74894150570778,12.467703372208605,19.148716348045124
2021-10-01,16953.9,17087.38,16763.34,17022.51,663413,221556,0.0053832371208009915,15.03137108330208,12.455497112707684,19.065940809692595
2021-10-04,17049.32,17106.98,16568.17,16677.14,802849,228515,-0.02049766643315554,16.09342015913696,13.068269654031381,19.118113770904525
2021-10-05,16713.47,17014.44,16617.47,16899.7,574640,224101,0.01325695089274547,17.132100337791066,13.337029237129247,19.151520672155353
2021-10-06,16907.49,17032.03,16631.31,17019.34,756883,227256,0.0070544741928239,17.52786383738214,13.420747960001622,19.10157193156509
2021-10-07,17029.72,17298.69,17028.57,17160.31,492756,225258,0.0082488146797042,17.956978645238365,13.524979279327914,18.868169803674462
2021-10-08,17171.84,17292.64,17055.95,17076.13,550607,224360,-0.004917577273842416,17.877472805450616,13.485193431105087,18.876587221698383
2021-10-11,17078.44,17178.76,16924.78,16951.88,510490,228110,-0.007302839760680923,17.95583379499798,13.469674544162821,18.863201796394804
2021-10-12,16938.04,17047.3,16819.27,16897.4,599367,229495,-0.003218978190535093,17.947077257469775,13.359208679361368,18.844741985350453
2021-10-13,16829.07,17061.72,16825.61,17025.39,556059,231889,0.0075459953225419756,17.94586303693396,13.203235826627166,18.84255829355012
2021-10-14,17032.31,17379.7,17029.14,17340.2,425055,233360,0.01832174604906407,19.38248750637631,13.652072423098636,18.874364658980458
2021-10-15,17370.76,17464.46,17321.18,17452.35,442893,232412,0.006446804757031702,19.175455196513962,13.645584634856641,18.88226640840871
2021-10-18,17464.46,17640.02,17341.93,17632.24,423424,234509,0.010254734424825763,17.962618958417682,13.611316770093602,18.90433620568161
2021-10-19,17631.38,17791.09,17607.45,17756.78,384792,235870,0.007038370326630537,18.093200238745442,13.68166212981354,18.908090883603716
2021-10-20,17771.19,17812.13,17665.1,17732.56,451735,237742,-0.0013649171137107758,17.860565956340004,13.471477037542757,18.909708423680385
2021-10-21,17709.5,17855.09,17644.35,17849.32,436644,238887,0.0065629145558791435,17.718714521774,13.507456843237552,18.849645248455655
2021-10-22,17738.91,17831.74,17612.92,17690.47,545390,239116,-0.00893933576028633,18.035128816011152,13.64229283210394,18.863170491305603
2021-10-25,17671.16,17926.87,17638.29,17868.92,456009,240632,0.010036814357623802,18.0922074797332,13.730856834961378,18.421684527374353
2021-10-26,17923.41,18105.61,17877.28,17925.72,586099,243448,0.0031736621837655764,14.2941624912489,13.740038586072991,18.339212016447437
2021-10-27,17911.01,18124.64,17882.19,17974.44,534474,244740,0.0027141956977036795,14.20489282584629,13.697704745338232,18.125396246850155
2021-10-28,17983.37,18193.25,17979.63,18179.12,498210,247936,0.011322933996578974,14.281391331313205,13.871797153518672,18.152961769882598
2021-10-29,18081.1,18294.44,17983.95,18264.17,484693,253639,0.004667534375043834,14.271502456969728,13.849010270124184,18.077489765689766
2021-11-01,18318.08,18352.09,18183.45,18328.45,411507,250351,0.0035132803345629955,11.105977567425535,13.812843387084895,17.58006031214196
2021-11-02,18324.71,18427.63,18276.85,18405.72,418550,253161,0.00420698842332233,10.638150594646326,13.82818365877001,17.399650556547837
2021-11-03,18401.68,18618.47,18375.73,18600.02,448135,252290,0.010501170117168893,10.826562558245485,13.904031089710205,17.42477028266791
2021-11-04,18599.73,18883.98,18599.73,18831.8,524361,253486,0.012384274253230628,11.11516305028488,14.079437561221345,17.313506626707458
2021-11-05,18836.71,18967.59,18787.12,18856.02,525824,253119,0.0012852960629859364,10.6139834557681,14.069543154504471,17.21239547348351
2021-11-08,18788.27,18904.74,18745.61,18828.34,414326,256105,-0.001469044716587984,9.898081102894416,14.076170836575894,17.07846961398436
2021-11-09,18814.22,18902.15,18634.9,18695.73,560749,260201,-0.00706802604653151,10.415605738583215,14.178932650459537,17.085195316059703
2021-11-10,18682.47,18730.62,18331.05,18427.91,658266,260134,-0.014428792351115365,12.442636222605083,14.38508629749155,17.136782469024226
2021-11-11,18437.72,18581.86,18422.72,18476.63,434778,258049,0.002640327087322476,11.227407440452813,14.204657746140692,17.130557201759075
2021-11-12,18500.85,18696.31,18452.42,18672.67,422493,257606,0.010554267228706168,11.47808396941559,14.309047937013503,17.152611693803514
2021-11-15,18695.16,18769.25,18545.25,18666.9,483873,259473,-0.0003090555164895716,11.249047469079496,14.182467575873273,17.135612082103442
2021-11-16,18679.3,18823.73,18614.15,18797.21,424380,259537,0.0069565525786680045,11.245044955255276,13.969039604202546,17.13346902423781
2021-11-17,18793.75,18907.62,18761.75,18809.61,455992,258978,0.0006594548780981379,11.167166318225664,13.961108466668687,17.114412756656833
2021-11-18,18822.29,19036.2,18800.38,19005.35,602241,255333,0.010352609032216022,11.408280687606606,14.091612910267695,17.138312534181015
2021-11-19,19030.72,19175.15,19015.73,19113.46,549031,251714,0.005672280423636948,10.49951918003938,14.044676673792313,17.094294939939346
2021-11-22,19142.58,19335.44,18870.72,18890.9,770668,252898,-0.011712474266847222,11.586810180775824,14.181110293716484,17.136077440397045
2021-11-23,18910.51,18933.28,18587.05,18810.18,901449,252477,-0.004282111989543725,11.852488829814481,14.065176152452812,17.128318403926524
2021-11-24,18796.63,18875.34,18568.02,18872.45,656267,249887,0.0033049740254592454,11.856367036784361,14.07032009137959,17.129652695269744
2021-11-26,18865.53,18953.17,18436.56,18509.21,680753,253059,-0.019434740628628946,13.685014280954059,14.667158751075046,17.202918158709988
2021-11-29,18504.02,18955.19,18494.22,18900.99,597936,247781,0.020945855604169936,15.392759919752915,15.254026516098815,17.318839785124926
2021-11-30,18933.57,18976.52,18529.68,18623.95,854651,251616,-0.014765914808623833,16.441146160933755,15.5748060916724,17.39174303226344
2021-12-01,18725.71,18943.37,18248.89,18300.2,861888,249837,-0.0175363980881165,17.61330757498567,16.006097169126733,17.48624348414439
2021-12-02,18325.57,18526.8,18176.82,18437.14,853707,246880,0.007455119736282908,17.39771268159102,16.05538066806595,17.49232083783296
2021-12-03,18473.46,18590.8,17917.64,18124.92,898849,248610,-0.01707932154779201,17.658813773984352,16.428014856932915,17.58391254806277
2021-12-06,18123.19,18331.91,17942.15,18269.07,695515,245775,0.007921679036544916,17.97256545830957,16.423500348160132,17.45116553777038
2021-12-07,18275.99,18882.25,18248.02,18817.1,594627,239851,0.029556564917360303,21.10027906539356,17.47381635250112,17.684656906938876
2021-12-08,18866.11,18954.04,18740.42,18902.72,494849,233433,0.004539796162893262,20.98875392879851,17.456701902370675,17.683826915877074
2021-12-09,18889.17,18934.72,18589.07,18621.93,612576,217323,-0.014965908590156878,21.04039812770045,17.707171076914406,17.755012220548547
2021-12-10,18633.17,18837.57,18604.63,18830.65,395288,185544,0.011145942992707034,21.367955610778974,17.836462735669404,17.757772029020412
2021-12-13,18821.43,18924.63,18524.49,18544.96,286177,134650,-0.015287807433625447,21.79197165964028,17.953046492053883,17.826288650645164
2021-12-14,18544.96,18596.54,18136.9,18353.9,689272,177721,-0.010355968045256073,22.079802403246383,17.535496955062598,17.85409613186364
2021-12-15,18361.68,18789.34,18144.1,18773.49,735796,192274,0.022603682338949927,23.468059289687673,18.086901089261147,17.982236413597168
2021-12-16,18775.5,18970.31,18204.91,18289.92,789654,210224,-0.026095679898952423,25.21541143211712,18.860670095247357,18.18387783420588
2021-12-17,18302.89,18393.38,18042.09,18199.14,800579,209493,-0.0049757481993081215,24.85219202445486,18.81326125319723,18.19300867157236
2021-12-20,18223.93,18272.63,17857.94,18006.93,676197,209033,-0.010617656416369184,24.843334292711525,18.950585729479975,18.221211198631046
2021-12-21,18068.02,18428.82,17988.2,18420.47,530228,207518,0.022705862442715198,26.205788335676534,19.411461240492535,18.350007082134592
2021-12-22,18419.31,18654.47,18306.92,18639.19,476670,206517,0.011803807132233108,26.579223734892647,18.533823065403638,18.359712892952356
2021-12-23,18651.01,18853.89,18610.95,18788.18,349182,205071,0.007961595324576486,26.71766708322849,18.568154614015054,18.3732852382467
2021-12-27,18794.24,19112.96,18794.24,19089.04,351308,207930,0.015886399662003045,26.287523574096294,18.75658559109204,18.43411025212096
2021-12-28,19095.67,19203.74,18964.84,19006.05,454633,210355,-0.004356998830361513,25.32722616762782,18.787724216181665,18.44037527348325
2021-12-29,19035.44,19093.94,18890.2,19008.93,354985,209722,0.00015151921718813832,24.69779425726417,18.206869399939976,18.364276500872297
2021-12-30,19002.01,19097.69,18917.58,18939.48,304259,207084,-0.0036602364914386427,23.789239398751533,18.09707667671226,18.355002206427944
2021-12-31,18940.34,18978.38,18805.19,18813.25,363720,208139,-0.006687223435540368,23.866331816546456,18.148929205022768,18.309882074549655
2022-01-03,18853.89,19029.1,18780.11,19003.17,513549,209654,0.010044398531050453,23.068382639296654,18.180432081488064,18.18108429902908
2022-01-04,19017.29,19093.65,18604.32,18761.38,669527,210067,-0.01280530571489873,23.574024249827364,18.37389959580233,18.192825681724827
2022-01-05,18748.99,18753.6,18158.51,18174.36,769790,218827,-0.03178869204557695,23.886711834951374,19.52787315206975,18.414121885650353
2022-01-06,18171.19,18323.35,17980.7,18165.71,802950,220070,-0.00047605853061729713,23.77798672761788,19.509680981871,18.41408773609993
2022-01-07,18214.99,18273.78,17878.69,17960.53,704406,217564,-0.01135917860310141,23.550282756784295,19.631615808868624,18.445919328824626
2022-01-10,17970.9,18061.97,17466.59,17991.65,888780,222293,0.0017311889166255314,23.096162517241414,19.293978929792953,18.43545841204946
2022-01-11,18008.08,18258.51,17838.34,18248.71,709363,218699,0.014186631221157627,23.263370436054746,19.458407723302454,18.464828032867945
2022-01-12,18242.95,18454.18,18169.75,18313.55,671265,216617,0.0035468304187953434,23.02859799130849,19.366710776221733,18.41768338709092
2022-01-13,18329.4,18420.18,17819.03,17855.92,763018,224990,-0.025306117115365994,23.040578443414837,20.032657746868956,18.460833413763872
2022-01-14,17872.92,18006.64,17651.02,17977.53,795897,231505,0.0067875388436016365,21.47889417756269,20.076942824288928,18.457947045269652
2022-01-18,18001.74,18043.81,17487.63,17528.26,868066,234099,-0.02530820915317353,23.143532961889335,20.700256276539864,18.637888221204673
2022-01-19,17566.01,17719.61,17303.77,17329.42,776612,233211,-0.011408800399714553,23.184824769102352,20.750389907179695,18.6587529779591
2022-01-20,17339.5,17683.01,16883.6,17107.52,771410,239384,-0.012887502271116793,21.556421312632494,20.792373421946184,18.706600938159372
2022-01-21,16970.34,17127.69,16608.97,16629.72,1041723,243233,-0.02832667690012168,22.41843281293782,21.529174723706756,18.702600729706436
2022-01-24,16610.7,16808.96,15799.18,16715.59,1323080,241055,0.005150360864367667,22.212416284225277,21.55411238439651,18.69983168025269
2022-01-25,16708.68,16713.29,16011.28,16300.33,957800,241160,-0.02515646387941381,21.657674569750103,21.94118141725833,18.751843528622747
2022-01-26,16075.26,16875.53,16075.26,16320.79,908549,241856,0.0012544022205773291,21.869860512148982,21.909215888213645,18.58853124660454
2022-01-27,16361.71,16609.83,15958.83,16122.81,866647,239747,-0.01220471572233407,21.727153465093867,21.980792654115042,18.563233744413015
2022-01-28,16331.45,16647.58,15943.27,16637.21,878243,243980,0.03140671356113833,25.875710665569247,22.9993075144491,18.82142456260554
2022-01-31,16661.41,17192.53,16545.28,17181.29,654278,242091,0.032179247982088925,29.28746208194495,23.90124955350283,19.059740390518236
2022-02-01,17139.51,17448.72,16978.7,17284.75,597305,237104,0.006003608813388098,29.05483327899289,23.78042745378899,19.065167630279262
2022-02-02,17439.5,17590.51,17089.07,17422.79,645396,236033,0.007954509473370166,29.224411559955815,23.852107123619863,19.07129576600496
2022-02-03,17120.77,17140.95,16664.01,16705.51,731581,237942,-0.04204051421058521,30.71955660147908,25.270178216172205,19.541367193282348
2022-02-04,17025.67,17089.94,16556.23,16928.27,763735,238945,0.013246400329974612,31.32128354798146,25.438331694986548,19.582741058544027
2022-02-07,16924.81,17067.46,16727.7,16783.32,562312,236623,-0.008599469396954041,31.244987947687886,25.34117472228426,19.593776155471332
2022-02-08,16829.71,17032.59,16676.98,16984.75,611858,231409,0.011930346577414276,31.673492228728833,25.47806266368331,19.621881034595027
2022-02-09,16998.3,17369.18,16992.25,17334.89,529886,226624,0.020405350938523057,32.19060794014794,25.754026980298683,19.72351391132855
2022-02-10,17362.56,17362.56,16855.07,16946.14,834478,230574,-0.022681154294364087,32.86889330171589,26.124971651997857,19.851658532319107
2022-02-11,16942.97,17021.93,16346.72,16415.31,835981,236401,-0.031825643337551605,33.50781543292836,26.782422112112542,20.105242004389755
2022-02-14,16426.26,16592.25,16173.81,16429.72,734224,238555,0.0008774539663719469,33.315759534467254,26.783473714943078,20.100553234207762
2022-02-15,16434.33,16846.71,16395.42,16840.66,558472,233107,0.02470431053761633,33.89788096327132,27.229788736919996,20.07314010261729
2022-02-16,16815.88,16908.67,16577.27,16829.71,594304,233680,-0.0006504235258499032,33.71648956160291,27.184337832500116,20.071383579242518
2022-02-17,16820.78,16852.19,16289.66,16327.99,631084,246962,-0.030264963856902485,35.03588286460412,27.724457401576252,20.290077867607742
2022-02-18,16318.19,16482.74,16030.01,16133.47,760914,252863,-0.011984816969499023,33.88919384189582,27.791296328670928,19.99716764933222
2022-02-22,16083.61,16319.63,15654.23,15979.87,1114720,254617,-0.009566190956900294,33.90792049037286,27.800492744199083,20.013219681694512
2022-02-23,16055.37,16217.33,15528.58,15570.37,713187,260751,-0.025960055924479666,33.98104072313593,27.998988212497412,19.98785121787685
2022-02-24,15543.56,16118.77,15015.04,16099.46,1122732,255901,0.033415981843658515,36.26687673087491,28.56320411313989,20.191655083301963
2022-02-25,16033.76,16364.3,15861.72,16346.15,784997,249210,0.015206664553533884,36.4167748873892,28.681480144662807,20.029913212913623
2022-02-28,16023.1,16474.96,15772.67,16400.9,753711,248256,0.003343815764398863,34.59388798648811,28.52258220462908,19.945065284507496
2022-03-01,16390.81,16515.88,16022.81,16144.42,645171,245865,-0.015761732243057186,32.680403030957194,28.596663095658513,19.94564918680523
2022-03-02,16168.34,16472.37,16036.06,16413.87,629022,240270,0.01655222997779055,33.27967910418345,28.680397815984705,19.784222065242737
2022-03-03,16364.59,16588.79,16086.21,16173.24,596925,243166,-0.014768684532991374,33.302683635044346,28.7337968665615,19.457618405192594
2022-03-04,16217.91,16237.79,15831.17,15953.36,725774,243111,-0.013688559222212052,30.36711157101869,28.062216772274258,19.50571294999652
2022-03-07,15865.46,15999.47,15290.83,15355.09,717846,243560,-0.038222450194139904,32.30544684373954,28.94226607994856,19.750247183376356
2022-03-08,15311.58,15753.07,15104.38,15293.14,841407,239095,-0.004042653319356544,32.27628472130366,28.843264429859833,19.734218033487945
2022-03-09,15206.97,15932.61,15204.09,15832.32,650826,235376,0.03464905848517692,34.73768738659193,29.733859452330837,20.01034480094398
2022-03-10,15882.18,15882.18,15442.13,15660.85,611077,225295,-0.010889452818413903,33.6385352728049,29.669124710633675,20.03403840152421
2022-03-11,15650.77,15977.56,15310.14,15321.95,439890,198060,-0.021877526698235734,33.58392302216142,29.88732234384001,20.152285413326375
2022-03-14,15321.87,15444.82,14955.33,14988.08,546934,130349,-0.022031222287136734,32.71650003288824,29.652461897574007,20.02403428696023
2022-03-15,15028.87,15496.53,14871.45,15454.01,552399,163922,0.030613298072232526,34.993940401015415,30.10154511963266,20.251597814724082
2022-03-16,15449.13,16116.15,15416.96,16028.82,651016,181690,0.03651983534158039,36.458051442017,31.15667156880338,20.504451110018504
2022-03-17,16076.22,16238.81,15878.58,16210.37,527113,196293,0.011262808969073732,36.78074820037337,31.224287885424157,20.527286092766012
2022-03-18,16151.77,16595.3,16048.07,16561.69,558776,203497,0.02144103598664427,36.05958849433293,31.183020894815037,20.566632755098826
2022-03-21,16550.77,16622.87,16297.7,16512.28,589629,204605,-0.002987850370423959,35.77980848340859,31.05503528102373,20.56825691655834
2022-03-22,16534.69,16880.26,16423.8,16838.03,509918,211807,0.0195356720784517,36.112334901064116,31.30350922942603,20.603916544524996
2022-03-23,16838.03,16870.49,16593.29,16600.18,555130,213226,-0.014226479920967977,35.10707870246596,31.183824558426075,20.655593674644713
2022-03-24,16618.28,16971.03,16584.67,16964.14,512267,216089,0.021688165671660632,33.997696982805046,31.56593324728317,20.757846084832213
2022-03-25,16965.58,17052.33,16744.39,16954.95,553931,218284,-0.0005418777582105365,33.682266046555235,31.564333646860003,20.697225944619476
2022-03-28,16955.23,17232.15,16843.49,17218.65,532125,220777,0.015433272123166463,34.02602576385833,31.76093890415883,20.68404055121052
2022-03-29,17213.77,17544.4,17185.62,17508.78,552951,222063,0.016709370684831998,33.673497476812855,31.961786856328782,20.748235475980643
2022-03-30,17490.69,17536.94,17249.68,17317.76,513516,221694,-0.010969904882282217,33.73600782131372,31.936221328811527,20.686564722080764
2022-03-31,17351.08,17443.29,17069.56,17084.79,560785,222361,-0.013543970508412337,33.65469563969549,31.947699236733403,20.733341392643297
2022-04-01,17142.24,17189.64,16919.61,17079.04,539029,227469,-0.00033661331614715146,33.11962221141885,31.320708196839504,20.732259524227985
2022-04-04,17058.65,17436.11,17006.94,17424.33,460171,227010,0.020015524713386603,29.683631291208645,31.616497680759785,20.801569858795972
2022-04-05,17414.28,17463.11,16983.1,17037.97,563198,230897,-0.022423122556140894,31.212430176456525,31.85629680173983,20.919415752178423
2022-04-06,17075.88,17076.17,16540.14,16667.11,783213,235123,-0.02200706644279251,30.64502581583793,32.14339966747015,21.037894530520916
2022-04-07,16656.77,16814.76,16450.81,16702.45,645737,230112,0.0021180988429143222,30.232404962547026,31.990247399828792,21.004960120294765
2022-04-08,16702.73,16824.53,16443.34,16462.3,640156,231625,-0.014482497076657825,29.523848140848134,32.082596899983,21.016463677106277
2022-04-11,16482.98,16525.49,16069.04,16086.56,577477,232211,-0.02308877741583024,29.647695909116134,32.01628690199681,21.088081331949006
2022-04-12,16093.74,16413.17,15950.11,16023.36,704351,226351,-0.003936483280663457,27.950616836817176,31.96969834692313,21.09143523498981
2022-04-13,16032.27,16392.78,15995.79,16341.07,530164,228789,0.019633913288014403,25.723267556569184,31.891922948262703,21.162018795559547
2022-04-14,16329.58,16426.96,15944.65,15964.47,548400,232620,-0.023315942768140925,26.79335739502488,32.14755154803752,21.27879866245353
2022-04-18,15962.46,16089.43,15775.74,15980.56,492103,236545,0.0010073555329659788,25.497724094720404,32.06087984958612,21.25966912474681
2022-04-19,16043.76,16364.63,15888.93,16336.19,556357,234995,0.022009908579970858,26.849582940306444,31.896694535501126,21.338495954732792
2022-04-20,16206.92,16428.97,16036.58,16092.02,604344,228387,-0.01505939516847432,26.220315297929226,32.017954420067845,21.354411067437585
2022-04-21,16166.99,16411.74,15704.5,15774.31,685788,230109,-0.0199408295647975,26.64112137491397,31.864808978598692,21.439245030170724
2022-04-22,15764.83,15834.92,15278.78,15343.71,732255,235392,-0.02767704930881148,26.445951358261667,32.34300440236043,21.613610342435212
2022-04-25,15321.59,15569.2,15148.94,15553.12,749649,237171,0.013555643519175448,27.224530121977807,32.393642577085465,21.653438394515447
2022-04-26,15539.04,15608.27,14709.44,14955.9,755330,234534,-0.03915539077316785,28.821591810604396,32.64265602406396,22.000222484202865
2022-04-27,14800.78,15230.81,14797.62,14947.86,817196,231686,-0.0005377250348269797,27.558857528619203,31.868520584661365,21.988424685574497
2022-04-28,15156.99,15560.3,14975.44,15460.05,756360,229871,0.03369113152876489,31.217333061843423,32.672444107436945,22.247107057101363
2022-04-29,15189.73,15435.05,14744.19,14767.46,723386,229251,-0.045833165761866586,34.253448262478415,33.82169260508527,22.64073881420352
2022-05-02,14813.71,15034.61,14604.01,15021.4,763818,228671,0.017049739502057022,35.262540223038535,33.04934362797018,22.704797457313564
2022-05-03,14996.98,15148.66,14901.33,15038.06,662216,223943,0.0011084697932599921,33.998698756498726,32.90707900344976,22.69075502588446
2022-05-04,15076.55,15575.52,14803.08,15547.95,703191,226756,0.033344476296959975,36.40063305723862,33.660433177058444,22.92382863757716
2022-05-05,15512.33,15567.19,14598.84,14774.36,877795,235415,-0.05103555119598895,39.56519348943972,35.05021458153897,23.343438011777966
2022-05-06,14803.37,14855.65,14384.83,14587.92,852234,236729,-0.012699456969141381,39.5101703263464,34.788937848972516,23.377247294319922
2022-05-09,14483.65,14520.71,13943.89,14011.11,816033,246205,-0.04034320263946788,41.20970042446094,35.40132786788938,23.57656972150942
2022-05-10,14025.18,14417.0,13905.97,14189.49,853859,246739,0.01265096339017228,41.43324858063316,35.03517364520643,23.59840547957467
2022-05-11,14166.23,14424.19,13717.81,13753.72,865890,257749,-0.031192216746378794,42.3487342432265,35.519037747938555,23.698200027530746
2022-05-12,13793.65,13941.02,13431.13,13727.87,878238,251537,-0.001881259972504742,41.1837518998926,35.04930390197483,23.691443907775085
2022-05-13,13663.81,14284.87,13663.81,14228.28,663517,244237,0.03580346039397204,43.674628124462366,35.95619921443885,23.96011151654394
2022-05-16,14258.44,14361.56,14007.08,14069.71,623715,243914,-0.011207273713454003,43.638925436986284,35.54416640212724,23.984440802083746
2022-05-17,14059.08,14452.63,14057.36,14432.23,653222,239781,0.02543964031605671,43.9505988730364,35.942026383370504,24.04609335209192
2022-05-18,14445.73,14471.01,13630.77,13714.37,735386,250542,-0.051019711773402865,46.681251811379035,37.3001372309274,24.572990415730036
2022-05-19,13681.62,13876.67,13448.36,13648.58,827741,254479,-0.004808701311454659,46.476190128208096,36.9836289446345,24.513247472839677
2022-05-20,13671.28,13899.65,13203.91,13605.5,806781,251993,-0.003161364161201256,45.8567672790821,36.231337226552775,24.513703200621677
2022-05-23,13634.51,13875.23,13540.0,13828.98,660213,247973,0.016292267490990303,46.02163704485627,36.255063754277025,24.56931836258755
2022-05-24,13690.81,13694.26,13301.57,13525.35,717429,251262,-0.022200687843892765,44.772010986860394,36.448007419858705,24.664676232728773
2022-05-25,13567.86,13829.85,13411.59,13722.12,671096,248516,0.014443426909940719,45.28412463753522,36.52939772673404,24.71005561982142
2022-05-26,13659.21,14182.6,13614.11,14109.35,611884,254094,0.02782856887285133,44.67589918602386,36.85500719363586,24.872805070389827
2022-05-27,14075.74,14616.08,14043.57,14567.24,615992,260624,0.0319374737424092,43.66685717706872,37.43058960272132,25.083376304135957
2022-05-31,14598.84,14803.08,14340.02,14531.33,832388,256842,-0.0024681637777943938,43.162334688250795,37.34818728806715,25.06281890065276
2022-06-01,14549.72,14734.71,14311.01,14421.6,682211,258867,-0.007579925443128414,43.198630969161265,36.58340674698185,25.00984251740892
2022-06-02,14420.16,14826.92,14296.93,14815.43,620008,260187,0.026942122535823235,42.55705510311134,37.023433127977206,25.158071618302692
2022-06-03,14818.02,14874.61,14366.45,14421.6,652955,261785,-0.026942122535823138,39.667284102971095,36.673926648933126,25.299827468329227
2022-06-06,14420.16,14719.2,14394.02,14483.65,536936,258730,0.004293344310319812,39.472515819909084,36.640860757054774,25.30414443032958
2022-06-07,14483.94,14639.06,14262.46,14606.02,577970,258798,0.008413345481257547,36.61248710447244,36.43967410874573,25.296027435251446
2022-06-08,14570.4,14688.18,14454.06,14496.0,583652,255483,-0.007561023196644612,36.54131371143905,36.19940848351178,25.30459784559226
2022-06-09,14506.63,14622.68,14081.77,14104.47,690155,244508,-0.027380980880532202,36.11762462006004,36.01721832646295,25.430751370009425
2022-06-10,14134.92,14177.72,13585.1,13604.63,617395,220618,-0.036081592438562814,38.47531849999724,35.81457387351431,25.67209594097417
2022-06-13,13521.9,13527.07,12931.87,12980.13,530220,155117,-0.04699044934741804,39.34252718144936,36.817962046938554,26.088182212337507
2022-06-14,12980.09,13170.78,12829.94,12956.11,690212,199723,-0.0018522350862935886,39.27393466244551,36.446087324896496,26.050621081738072
2022-06-15,12976.95,13467.38,12969.82,13278.69,745920,215883,0.024593003056461317,39.19047166166958,36.91704828524276,26.16457125041467
2022-06-16,13298.39,13444.55,12638.68,12740.02,831750,234940,-0.041412274602780325,37.790401825050964,37.393336156822585,26.46910107079509
2022-06-17,12796.54,13012.64,12696.34,12899.31,731831,234830,0.012425601563481551,38.21519432721549,37.50051363504391,26.4842753228668
2022-06-21,12940.13,13334.93,12873.04,13219.6,657209,235329,0.024526755214721235,39.42730212737271,37.588633229469956,26.60744926966
2022-06-22,13222.45,13412.0,12926.43,13206.47,638960,243837,-0.0009937157572396924,38.869773570719616,37.586891324805514,26.597404631682096
2022-06-23,13180.2,13435.98,13086.29,13402.58,630125,244979,0.01474036471490767,38.57232739392017,37.57172573636438,26.6437404788578
2022-06-24,13345.77,13871.89,13342.35,13862.75,563303,238144,0.03375816104160497,40.139338612003996,38.13474606972303,26.838582996462
2022-06-27,13859.33,14001.49,13695.75,13748.57,565803,240666,-0.00827056807476837,38.90713250470464,38.11735462412028,26.845755880968024
2022-06-28,13789.39,13901.29,13315.8,13330.36,634694,246490,-0.030890678126575807,38.174334484886565,38.46999596396905,27.01518858739232
2022-06-29,13337.5,13415.71,13205.04,13349.49,590173,249210,0.0014340412917135201,38.22611596073702,38.4791750060434,27.01607906508746
2022-06-30,13350.06,13356.05,12961.25,13165.07,738071,252778,-0.013911071806455793,38.36525991374499,38.19792350719581,27.019306972202884
2022-07-01,13139.95,13279.55,12996.37,13258.42,605401,255573,0.007065712240816442,36.81831693517674,38.0905168873449,27.02646096393592
2022-07-05,13252.43,13491.93,13004.93,13483.65,790937,257639,0.016845018041820054,36.7249118162926,38.14604032696312,27.084405109927324
2022-07-06,13497.07,13672.92,13391.45,13565.58,649912,249575,0.006057861946778885,36.77899998837546,38.179497946004155,27.088494765702585
2022-07-07,13589.56,13894.72,13515.63,13860.47,550463,252108,0.021505201428415797,37.614881440773196,38.44743134197914,27.171293107602978
2022-07-08,13833.63,13943.25,13648.08,13875.88,640445,249012,0.001111177324022882,37.58973490224236,38.22301272629294,27.167709961607635
2022-07-11,13873.31,13873.31,13534.47,13570.15,578336,252744,-0.02227955346391993,37.177586516315166,38.43745384320068,27.252705355173685
2022-07-12,13588.7,13731.44,13373.46,13449.97,607949,252046,-0.00889565201873222,35.05740446710353,38.170978054905476,27.262992974546048
2022-07-13,13451.11,13668.06,13107.7,13430.84,732270,252498,-0.0014233204452936397,30.488793166084616,37.94229961534593,27.256221081413123
2022-07-14,13393.45,13513.91,13144.24,13471.09,654560,254046,0.002992352595801744,30.4622748556089,37.95316569047103,27.249964475434584
2022-07-15,13485.94,13726.87,13405.72,13710.88,560980,252582,0.01764377052676439,29.871280804620604,37.84141208999303,27.301541537179112
2022-07-18,13751.99,13915.28,13539.03,13596.13,553676,249772,-0.008404484815428928,25.55297792835986,37.77474556021645,27.279390478666834
2022-07-19,13598.98,14077.42,13576.14,14015.19,585591,253414,0.03035654800424292,27.14959063805272,38.20439164432586,27.447719976606727
2022-07-20,14079.7,14293.23,13971.51,14233.57,643607,260145,0.015461517634716494,26.428232357303905,37.98691112006676,27.48581182063723
2022-07-21,14204.74,14450.52,14128.8,14433.11,605066,260978,0.013921613716619022,26.606971620710002,37.9930777513414,27.49875678936615
2022-07-22,14340.91,14499.91,14094.83,14185.9,634548,259684,-0.017276359227901796,27.379151865220656,37.31924533868946,27.54792469022967
2022-07-25,14209.88,14271.54,14006.63,14107.11,491612,262496,-0.0055695879423276395,24.939020661055004,37.33151434328993,27.531843985366798
2022-07-26,14057.72,14083.7,13784.53,13830.78,536287,263897,-0.019782382390664897,25.818131695410734,36.81619617419858,27.59285072062388
2022-07-27,13921.56,14490.2,13921.27,14409.13,634889,254673,0.04096549023042196,26.88252653624828,36.68494206130237,27.910038382732882
2022-07-28,14364.6,14784.8,14215.02,14544.44,645261,259146,0.009346756553773412,26.933295565689637,36.56212060508211,27.924284000408733
2022-07-29,14753.12,14857.88,14552.15,14811.64,592416,257012,0.018204568135314677,26.463814804210283,36.76232432146719,27.98857095424907
2022-08-01,14822.48,14968.36,14674.9,14801.36,622511,259688,-0.0006942896979667449,26.561354241613927,36.08932957396163,27.98006927614501
2022-08-02,14814.78,14954.94,14632.65,14757.97,674564,258549,-0.002935792601823062,26.368557622444914,34.543918616779266,27.979925314029575
2022-08-03,14753.97,15198.44,14692.6,15154.19,690056,258925,0.026493785536022663,27.500619139957788,34.86176531954573,28.10408203591905
2022-08-04,15126.22,15250.68,15055.14,15217.57,542680,260458,0.004173619968146127,26.84622924987649,33.804519147092556,28.104910418166863
2022-08-05,15217.85,15283.23,14941.24,15105.38,687792,255058,-0.007399709587603956,27.16399178065702,33.76862602840093,28.112186580184467
2022-08-08,15104.24,15322.9,14981.77,15053.43,597182,254082,-0.00344509955012262,25.49628552592555,33.109685910700925,28.109558690691717
2022-08-09,15079.69,15111.09,14802.22,14880.15,553704,254718,-0.011577762205481458,25.709649185361517,33.21152001223795,28.131079430598447
2022-08-10,14901.27,15310.06,14823.63,15291.79,602069,259759,0.027287973069897203,26.74943110802488,32.87831326420571,28.266661840925877
2022-08-11,15278.66,15500.75,15169.61,15199.58,614816,258671,-0.006048287177670786,27.09638036626214,32.81208335623653,28.269702832321325
2022-08-12,15237.27,15510.17,15200.44,15503.89,500647,264772,0.019823164288476556,27.23091708570675,32.65531997213757,28.34343873516302
2022-08-15,15496.75,15650.33,15409.69,15622.07,463768,266214,0.007593697858391068,26.68383749640616,30.80958511936575,28.34170762318575
2022-08-16,15614.65,15690.01,15441.09,15595.81,555979,263033,-0.0016823696031753109,25.345536383156187,30.785988837421435,28.325742852340664
2022-08-17,15595.52,15611.51,15308.06,15407.4,610667,255852,-0.012154374947628544,25.775293512262422,30.908089804860445,28.344571415668483
2022-08-18,15418.54,15501.32,15313.2,15441.66,530513,253708,0.0022211382833068503,25.50890660585995,30.765793887472825,28.324088516488118
2022-08-19,15454.22,15454.5,15105.38,15150.77,618758,248748,-0.01901769602455893,25.70265592253598,30.66632190400091,28.345506633471025
2022-08-22,15102.81,15102.81,14700.88,14741.13,599946,253724,-0.027409809779710883,27.785894679420124,31.130656391563228,28.469985530665987
2022-08-23,14768.53,14865.3,14642.64,14726.0,570278,257169,-0.0010269070200997527,26.589897249756373,30.633896187800975,28.469696339420913
2022-08-24,14720.86,14857.03,14645.21,14763.96,503227,257486,0.0025744369246823587,22.527411509493245,29.938720921758012,28.466976560359093
2022-08-25,14780.24,15028.59,14758.54,15022.31,543666,256288,0.017347353579631804,23.082554767810745,30.137388377194295,28.504911361160207
2022-08-26,15019.74,15095.39,14338.91,14410.84,753862,259722,-0.041555728286184715,26.8296091931483,31.31057328249252,28.774005346999214
2022-08-29,14256.12,14399.14,14160.78,14264.97,693093,260477,-0.010173819550824238,27.008281136336436,30.866636639437306,28.78910340320775
2022-08-30,14277.25,14453.95,13984.93,14111.96,797462,257799,-0.010784216820532084,27.193348785419012,30.453212774574922,28.804848073415677
2022-08-31,14120.24,14288.09,14017.76,14028.04,672068,262936,-0.005964481079454611,24.996874067908706,30.45879940509051,28.809164947811123
2022-09-01,14027.46,14044.31,13722.59,14036.03,820606,267066,0.0005694113659125126,24.87566960210138,30.402766896115317,28.806449987783893
2022-09-02,14042.31,14229.29,13748.28,13821.36,835870,273957,-0.015412373477795307,25.179892352021373,30.52119630861067,28.841586870668745
2022-09-06,13828.5,13981.5,13622.39,13724.02,895450,278928,-0.007067639305740968,25.193703722010753,30.045625956289367,28.84684720577635
2022-09-07,13724.87,14052.01,13612.68,14002.91,677159,271314,0.020117582862592888,26.510904095576493,29.399993930843987,28.92381626086138
2022-09-08,14008.05,14135.66,13834.49,14069.71,737024,263385,0.004759094525504115,24.198099446950714,27.694449156357553,28.921944565041485
2022-09-09,14096.55,14403.14,14078.56,14378.87,535984,242283,0.02173550815790255,25.86367132455365,27.998419066843038,29.01138880811435
2022-09-12,14417.12,14585.83,14356.89,14548.15,444255,168282,0.01170406992499661,25.071197047936472,27.671705069474328,29.03680469461462
2022-09-13,14580.98,14717.43,13706.03,13744.0,463841,108222,-0.05686147252531646,31.109494445870663,28.851497838843322,29.56480695663077
2022-09-14,13744.06,13885.71,13689.94,13850.86,677897,227353,0.00774495932651983,31.477080744019005,28.790038965333657,29.577400550298904
2022-09-15,13864.18,13903.56,13528.17,13607.5,750084,253512,-0.017726213242201253,31.684600611716007,28.628727733717955,29.604850233677276
2022-09-16,13544.04,13555.09,13347.99,13523.64,754923,263705,-0.006181846178269106,31.527999963827646,28.659877503821168,29.541985171417405
2022-09-19,13508.34,13674.08,13363.57,13626.2,632663,267865,0.007555144917620532,31.55435851908016,28.543865252911726,29.553798278654313
2022-09-20,13650.85,13703.83,13404.36,13510.89,704882,270903,-0.00849838313521148,30.493290383500977,27.72880056063495,29.5454868808239
2022-09-21,13537.8,13758.22,13199.53,13270.36,822965,277543,-0.017963050092127814,30.838610714851228,27.91639351987699,29.57616922602221
2022-09-22,13215.11,13367.82,13043.71,13106.6,786180,279916,-0.01241705671029998,30.79618475922825,27.310099741568163,29.59701520396748
2022-09-23,13127.28,13145.98,12725.26,12892.7,799378,279834,-0.016454660410182845,29.722764460077293,27.507440074159163,29.628549261031424
2022-09-26,12876.55,13075.16,12756.43,12824.14,809853,279791,-0.005331927439518274,26.887184198858005,27.38577907691109,29.501805622143618
2022-09-27,12823.29,13109.72,12730.36,12843.97,841073,280667,0.0015451082253513343,26.957920054513902,27.34451653228664,29.502975197040975
2022-09-28,12874.85,13161.0,12626.1,13095.55,897742,272974,0.019398037337737647,28.234308339329434,27.41870667258895,29.573413366908486
2022-09-29,13082.24,13108.59,12569.44,12724.41,891823,284868,-0.028750281902037843,29.598222701945804,27.985941580401214,29.696831356537494
2022-09-30,12715.06,12870.6,12493.23,12505.98,878168,279090,-0.01731526602782124,29.84157737953791,27.778675313708916,29.677575844562476
2022-10-03,12499.75,12871.74,12341.94,12789.58,757581,275414,0.02242384698530002,31.211102558964814,28.21127105000284,29.73682835512561
2022-10-04,12822.16,13230.69,12784.76,13191.88,772885,270283,0.030970711897092232,33.53017564874988,28.63223772809903,29.899818751670093
2022-10-05,13179.98,13271.49,12881.09,13172.61,700889,270934,-0.0014618149967254223,32.50340245268518,28.579298129983528,29.885248151741784
2022-10-06,13177.43,13292.74,13038.32,13079.69,773914,273017,-0.007079028354739995,32.39733005542331,28.61187870299243,29.88886101171797
2022-10-07,13026.14,13105.47,12514.76,12580.77,759141,280861,-0.03889118777614997,33.233881921863656,29.665321946175567,30.122906042124388
2022-10-10,12542.53,12620.44,12326.08,12448.18,757732,278252,-0.010595030180505187,32.5331077248262,29.46545299852086,30.137026760523533
2022-10-11,12451.02,12510.51,12201.99,12290.1,833906,277025,-0.012780367244388465,27.00915021506446,29.522141908908623,30.146268933204603
2022-10-12,12324.09,12439.4,12245.33,12285.0,731214,271947,-0.0004150542681995624,26.627409015124265,28.759448209084614,30.08144519482713
2022-10-13,12305.96,12627.52,11881.84,12560.66,1050244,275482,0.022190701457024967,28.02860419722068,28.96822109902467,30.16431020513222
2022-10-14,12539.13,12753.03,12156.09,12175.64,843525,276993,-0.031132473107983564,29.638917138104336,29.37366513345739,30.289585186356664
2022-10-17,12148.44,12631.49,12140.51,12590.69,638720,269866,0.03352041763342271,32.42856504071119,30.14166164443456,30.481055164029424
2022-10-18,12648.49,12955.03,12558.11,12690.98,832215,269975,0.007933852951235517,32.64684305739752,30.200115317058714,30.495380884395175
2022-10-19,12828.67,12899.5,12521.28,12639.42,733776,270248,-0.004071003316878394,32.17877094795675,29.97049327585476,30.48618532346315
2022-10-20,12617.61,12838.31,12474.82,12568.59,739672,273335,-0.005619657117247689,31.989022585040704,28.642317860259865,30.47967651757749
2022-10-21,12535.16,12903.47,12392.66,12872.02,840952,280205,0.023855118976258288,32.77951740989721,29.045307918793778,30.563460126144204
2022-10-24,12911.97,13066.66,12701.18,13008.29,715016,276295,0.010530883080913225,32.92573367736365,28.85888402647764,30.583307681481852
2022-10-25,12979.96,13297.56,12953.33,13274.32,660210,277064,0.02024449518065412,33.64951823829121,29.221187252348514,30.657047980603036
2022-10-26,13043.71,13262.99,12936.05,12971.18,784638,275255,-0.023101368337814787,34.05530719942791,29.54468063375914,30.70936798460348
2022-10-27,12939.17,13074.87,12376.79,12732.35,769071,283838,-0.018583974541211235,33.11406020520762,29.11923760049801,30.75195484920706
2022-10-28,12604.86,13175.16,12536.01,13130.97,728261,282359,0.03082756337287703,34.16214236184938,29.897808009318222,30.918334029023285
2022-10-31,13137.2,13140.03,12881.94,12972.6,607680,278378,-0.012134121359969845,33.67969023951745,29.946935398535658,30.932221861690373
2022-11-01,12981.38,13167.23,12792.98,12841.99,605362,277464,-0.01011917016777698,31.89406395895777,29.98678983762837,30.921212606164257
2022-11-02,12828.67,12987.05,12362.62,12402.85,770983,280417,-0.03479398576484726,34.033258853561556,30.65215714866033,31.069537897394817
2022-11-03,12395.49,12461.22,12134.84,12157.51,705050,281405,-0.01997919907880501,34.54204110027806,30.182017579321386,31.122370392480832
2022-11-04,12139.37,12436.57,12053.25,12341.38,881129,278604,0.015010757834041709,32.48739930539076,30.423296898844736,31.167853151347895
2022-11-07,12223.8,12509.38,12183.57,12481.9,554692,274970,0.011321751276110441,32.55676093268028,30.194290100518618,31.190414832293385
2022-11-08,12483.88,12727.81,12385.01,12572.56,728868,267856,0.0072370664299901966,32.277702291741114,30.188724234436805,31.176188946576023
2022-11-09,12566.89,12651.89,12264.31,12273.95,669071,265968,-0.0240375310661494,33.494488381158114,30.473751132049692,31.255034526540687
2022-11-10,12285.56,13232.96,12248.17,13182.25,862147,272783,0.07139209739935498,41.437951464761355,34.1109480378622,32.081102352642915
2022-11-11,13224.74,13459.33,13110.85,13426.75,682257,267075,0.01837775801077074,39.81676701075737,34.368207734354236,32.142291967703294
2022-11-14,13362.15,13483.98,13261.29,13298.41,576678,261366,-0.009604506508120754,38.62893951499925,34.226842893969305,32.142150358230616
2022-11-15,13336.65,13733.57,13329.0,13490.49,771822,263100,0.014340513553373357,38.80983111468144,33.980609896892524,32.18028056041477
2022-11-16,13465.28,13557.07,13266.39,13303.79,577864,258347,-0.01393603572271666,39.20601806812629,34.07614934700684,32.183439770243425
2022-11-17,13347.14,13403.51,13064.39,13270.92,658469,246638,-0.0024737817844554507,39.13479051585642,34.06485178594414,32.17564576377557
2022-11-18,13313.14,13421.08,13153.63,13268.09,585873,244460,-0.00021327095552744785,38.3350699144786,33.83308622528205,32.15926913968397
2022-11-21,13285.09,13322.49,13092.44,13132.1,477970,244268,-0.01030228970302005,38.398458965770395,32.86765623415546,32.17038228548691
2022-11-22,13132.1,13326.17,13062.41,13320.79,531087,247287,0.014266358066179376,38.04723951267413,32.975188475731144,32.20553995061482
2022-11-23,13306.05,13477.46,13281.69,13443.46,474645,247922,0.009166769776255872,37.14235937850611,32.97948743979037,32.171388573097175
2022-11-25,13460.74,13523.07,13334.1,13352.8,252366,246865,-0.006766641757010156,36.51424591653727,32.98525277440776,32.097864610589006
2022-11-28,13294.44,13359.32,13117.65,13164.12,506250,246097,-0.014231153872242898,35.34228902276576,33.09785250153202,32.095654109085025
2022-11-29,13174.03,13264.12,12992.71,13060.42,555859,248271,-0.007908664213709721,35.17932808997997,32.99452334722931,32.06116672267402
2022-11-30,13055.04,13687.96,13029.83,13646.88,769082,250106,0.04392464147984895,38.15356799997103,34.222396613312974,32.37011441576064
2022-12-01,13688.81,13763.32,13534.69,13670.11,629297,244604,0.001700773445365022,35.45778528847326,33.96498948000035,32.331789027891816
2022-12-02,13644.05,13675.78,13304.92,13610.62,588295,238491,-0.004361327156380551,34.424780698784076,33.95723797945489,32.32051002242351
2022-12-05,13599.57,13616.85,13310.59,13378.87,537924,237884,-0.017173773640910005,35.15144856696837,33.802329733998334,32.21113209750815
2022-12-06,13385.95,13424.76,13034.64,13107.17,657271,239590,-0.020517188002132626,36.0807293820656,33.921682463462936,32.2628475134449
2022-12-07,13107.17,13141.45,12944.55,13043.14,634691,240109,-0.004897083664465554,36.12399882760637,31.928078651115637,32.236030248398926
2022-12-08,13032.38,13242.88,12956.45,13197.26,600826,234147,0.01174690723047675,34.9382061562642,31.9846960312982,32.2384582821484
2022-12-09,13192.73,13313.42,13051.64,13111.42,504052,204617,-0.006525626113957285,24.187167747059288,31.81352341841531,32.21230985038452
2022-12-12,13092.44,13277.16,13058.16,13272.34,354886,161267,0.012198564228122832,23.64879093290369,31.899139669267495,32.22834225360088
2022-12-13,13249.11,13859.08,13236.93,13417.4,407612,116629,0.010870201685755134,23.728958108972495,31.94126959837849,32.16174047369567
2022-12-14,13417.34,13545.84,13163.69,13320.82,613152,213675,-0.0072241473088712335,23.28461775731492,31.92829252582409,32.07043230469522
2022-12-15,13337.93,13353.36,12798.94,12858.42,670390,233830,-0.03532937510391323,25.987195231971782,32.53275935269026,32.250235651946944
2022-12-16,12846.64,12897.14,12654.72,12732.44,665526,234975,-0.009845782259821436,26.14747039096591,32.49686403831259,32.248093421293056
2022-12-19,12714.48,12806.79,12493.39,12562.41,562529,240365,-0.013444045800707594,26.442893410702407,32.4394700934131,32.17893251379927
2022-12-20,12550.34,12622.73,12394.34,12542.77,625090,244094,-0.0015646176611046564,26.2926136217732,32.42435195791898,32.150845650997006
2022-12-21,12577.28,12782.94,12548.66,12720.94,631322,245357,0.014105050599198789,26.279195845662866,32.55792796182163,32.175213536346355
2022-12-22,12746.19,12777.33,12200.18,12406.41,714500,249776,-0.02503618002287868,27.091068241823717,32.69104956847672,32.212946389448746
2022-12-23,12413.98,12506.01,12251.53,12429.97,534525,247651,0.0018972174742767464,27.148805835411082,32.175206524850694,32.21389190258194
2022-12-27,12462.24,12551.75,12228.8,12250.68,499799,249772,-0.014529046349836065,27.16450682336451,32.11762192170295,32.23906800949333
2022-12-28,12250.96,12341.59,12074.76,12090.47,635572,246678,-0.013163906679708062,27.33866580295514,31.867220527527056,32.25885898052182
2022-12-29,12105.06,12425.77,12095.8,12382.28,470004,244136,0.02384887933805235,23.31787111907474,31.594908886184452,32.35752662083996
2022-12-30,12383.12,12403.32,12183.34,12370.49,462484,240526,-0.0009526207282341144,23.23770352093949,31.594801586930643,32.33605308546515
2023-01-03,12483.0,12549.78,12171.28,12284.35,657681,243399,-0.006987703063847218,23.246905160673297,31.594062423640917,32.3211356611049
2023-01-04,12279.58,12422.4,12192.32,12344.68,758003,244287,0.0048991065150522555,23.049238272572293,30.612960176227215,32.185014362114615
2023-01-05,12332.61,12397.99,12126.67,12143.78,694452,249640,-0.016408096488348924,22.702772298832077,30.71932634675385,32.21937848552274
2023-01-06,12164.55,12531.54,12066.06,12472.9,736332,249910,0.02674118624687809,25.14907086762425,31.105056935248154,32.32960072294886
2023-01-09,12487.49,12778.17,12480.48,12553.71,646318,249274,0.006457948627393044,24.82708102985356,31.13069886919959,32.337802354766374
2023-01-10,12552.87,12669.59,12451.02,12662.01,559281,252130,0.00858993246485241,25.08046825684145,30.84682808001945,32.31530630281908
2023-01-11,12662.58,12883.67,12614.6,12880.31,500153,255073,0.017093616823278306,25.49809749633002,30.338124282808327,32.36513966212631
2023-01-12,12878.06,12996.19,12672.12,12945.12,754571,259854,0.005019094439395908,25.20453190613741,29.583621840452086,32.28161916964956
2023-01-13,12938.67,13040.8,12782.1,13027.89,482002,268616,0.006373560876615526,25.277871006445128,29.568515842394955,32.280598028801826
2023-01-17,13034.06,13114.31,12918.18,13046.41,576141,273110,0.0014205561119121468,21.807663528249538,29.554172877792233,32.190731286147646
2023-01-18,13041.08,13197.92,12870.77,12879.46,619614,268851,-0.012879205806003123,22.02816390474318,29.655945469845896,32.19579743724545
2023-01-19,12873.57,12892.09,12691.76,12745.63,594769,265151,-0.010445326575602033,21.799595346667154,29.328909320657516,32.18774793592576
2023-01-20,12795.57,13116.27,12755.45,13105.33,577769,270690,0.02783054993099646,23.79602363058463,29.808727164494314,32.202169405567545
2023-01-23,13105.05,13448.76,13075.59,13393.77,593978,271557,0.021770655785553053,24.451486648716074,29.854332562416054,32.27719453834217
2023-01-24,13392.64,13479.62,13283.5,13366.27,511370,270573,-0.0020553040788152586,22.273054350983514,29.46325989811279,32.18459404455384
2023-01-25,13434.73,13441.47,13023.96,13325.59,633473,266354,-0.0030481226483775104,22.395748572021283,29.204347227619245,32.18472183056146
2023-01-26,13327.27,13594.66,13318.85,13587.65,621434,268671,0.01947504519958303,22.01884102723386,28.794914882169774,32.22835257438869
2023-01-27,13522.83,13814.08,13485.8,13717.28,588072,268349,0.009495059969792823,20.958763259084275,28.72844048869495,32.08229333812157
2023-01-30,13706.33,13750.66,13422.95,13431.93,634667,267549,-0.02102164358832081,22.005005029691834,28.99321064043065,31.973743141293713
2023-01-31,13449.88,13642.92,13323.06,13638.43,585202,274578,0.015256834824920807,22.265152042111716,28.175461285826763,32.00768970760506
2023-02-01,13598.03,14056.5,13529.85,13932.76,668515,274645,0.021351358539423812,22.53271118587248,28.097594072978882,32.0735918119569
2023-02-02,14051.45,14533.76,14030.96,14418.16,817822,275944,0.03424562146974817,24.604137669475108,28.73927352201174,31.997535710096063
2023-02-03,14307.62,14453.24,14086.52,14168.17,824209,276950,-0.0174906238811335,24.74777031571874,28.97113240601946,32.01183947082966
2023-02-06,14109.81,14150.77,13979.34,14046.4,535147,273015,-0.008631764089433855,24.321344087737838,29.033695857810336,32.011920165774086
2023-02-07,14043.59,14386.46,13983.27,14339.6,744996,274966,0.02065880558983284,24.877441615260025,28.775496501104108,32.0587672137347
2023-02-08,14306.21,14375.24,14043.31,14079.78,590355,272424,-0.01828521517181522,26.383080167468393,25.273491229774297,32.03659578765794
2023-02-09,14090.73,14285.45,13879.17,13945.39,612404,271604,-0.009590737906175774,26.50195149124092,25.10614486716743,31.973137773498994
2023-02-10,13971.48,13974.57,13740.84,13856.44,600244,270084,-0.006398881189450358,26.750888968574998,25.058872001545872,31.824836536109263
2023-02-13,13869.07,14104.2,13765.54,14074.45,467840,269137,0.015610990373499814,27.085865175908037,25.08977612309072,31.866474296983792
2023-02-14,14082.03,14238.87,13906.11,14176.02,719204,271356,0.007190707811246008,27.09428224423548,24.93627439682577,31.77400031794044
2023-02-15,14164.52,14316.88,14056.22,14287.13,568579,270218,0.007807327325753018,26.354569961641616,24.963074874900613,31.78544878665312
2023-02-16,14298.36,14357.56,13978.78,14009.36,682325,262733,-0.019633454373180377,27.263509182708788,25.32565888627001,31.703032836811857
2023-02-17,13986.91,13991.12,13766.1,13905.54,629355,263370,-0.007438355766189689,26.151142835041384,25.27827895367201,31.68981104645348
2023-02-21,13894.32,13936.69,13569.13,13576.42,609494,262802,-0.023952857482385147,26.817798120696466,25.629629615693656,31.76386342037551
2023-02-22,13589.05,13681.64,13506.0,13577.27,640711,260321,6.260659234727418e-05,26.799707493641627,25.56318446155585,31.66131107313018
2023-02-23,13665.65,13760.77,13499.83,13700.72,640962,258854,0.009051315204362923,26.914191638491758,25.58551922331696,31.49083531677187
2023-02-24,13681.08,13708.58,13381.42,13464.47,643618,257878,-0.017394022015859382,26.809675575408615,25.670991603332855,31.494849155793464
2023-02-27,13471.21,13680.52,13456.62,13561.27,578952,258574,0.0071635717619461066,26.707484199914884,25.64906106180319,31.502239643818235
2023-02-28,13572.78,13661.72,13496.74,13548.93,646026,262577,-0.000910358525738213,25.596041026823034,24.009867304396938,31.465932536137338
2023-03-01,13514.14,13626.93,13383.39,13424.91,759645,257317,-0.009195640956158426,25.18625444940189,24.078322516628877,31.42921756652177
2023-03-02,13430.8,13575.86,13279.85,13537.42,752009,258974,0.008345766337186658,24.06818820363124,24.127591060971522,31.410949763634644
2023-03-03,13522.83,13837.08,13481.31,13817.16,675472,258990,0.020453595146214174,21.741473645132942,24.221742031068167,31.455204644999473
2023-03-06,13811.55,14013.57,13777.88,13830.91,612506,257133,0.0009946445544729938,20.98620323146523,23.820969654322475,31.225767111223508
2023-03-07,13827.26,13895.72,13627.49,13657.51,685006,251319,-0.012616389013822912,21.21960369132085,23.95331203877114,31.247695884776572
2023-03-08,13658.63,13753.47,13589.33,13724.01,633419,251558,0.004857300160583643,19.7295569955854,23.859856652025364,31.05154243256281
2023-03-09,13727.1,13864.58,13442.59,13475.98,816838,243662,-0.018238012223188802,19.724457341388646,24.129565689951196,31.085001434562564
2023-03-10,13473.45,13590.17,13237.76,13288.55,871209,216968,-0.014006079240390308,20.004418407617443,24.182501188217625,31.04048926677673
2023-03-13,13349.72,13575.3,13102.24,13391.24,694438,164843,0.007697999655176587,20.256071232882544,24.130393594761596,30.97590057705491
2023-03-14,13391.28,13697.8,13338.35,13676.18,747697,186046,0.02105487159556512,20.953554575310115,24.464068041617868,30.893646113344342
2023-03-15,13668.14,13754.33,13409.85,13721.35,833272,208125,0.0032973805249389802,20.785880324952775,23.305226995454476,30.67012105365273
2023-03-16,13744.63,14118.22,13650.68,14095.77,736519,226285,0.026921738416541968,22.933349244250593,23.782080609021037,30.77165566294585
2023-03-17,14087.45,14201.91,13933.92,14017.34,734052,218912,-0.005579617728122808,21.912221265490842,23.622325015820035,30.695634081393774
2023-03-20,14067.5,14134.01,13884.87,14065.84,694471,212143,0.0034540282274536757,21.760522071264525,23.61394295426883,30.697518771680706
2023-03-21,14078.31,14298.36,14052.53,14263.99,565860,213423,0.013989016620522335,20.200611844706685,23.611395344260234,30.665656664008793
2023-03-22,14270.64,14502.05,14054.2,14086.34,713083,217995,-0.012532646021627276,20.882941981639878,23.13622717310245,30.658545596674625
2023-03-23,14073.04,14445.52,14072.21,14249.3,838385,219783,0.011502249227730825,21.012907104453852,23.215939239919635,30.600413678241644
2023-03-24,14268.7,14327.73,14109.62,14289.49,676547,223179,0.0028165193106085605,19.729013584467737,22.95027178792735,30.602444212888287
2023-03-27,14318.03,14393.97,14151.2,14176.69,562634,219854,-0.007925235518594089,20.028726071226963,22.821667265725132,30.567779565273685
2023-03-28,14201.08,14226.58,14005.7,14114.61,537965,218259,-0.004388635350018501,20.13856126096295,22.431893394711995,30.51898295951861
2023-03-29,14129.02,14404.5,14125.14,14372.35,566316,224738,0.01809579072010487,20.44584543591216,22.65674162680791,30.561043415366008
2023-03-30,14369.58,14535.03,14335.21,14502.05,583151,227069,0.008983796880582436,20.46751804924581,22.60746209668816,30.549258208318015
2023-03-31,14504.55,14756.46,14474.89,14745.65,624955,234916,0.01665810529177533,20.089965064045813,22.78261370341152,30.59866358888413
2023-04-03,14701.59,14720.16,14581.87,14710.46,542896,227487,-0.0023893186670733077,20.176117074323187,22.452285699969188,30.528588367946067
2023-04-04,14698.26,14797.76,14597.66,14653.92,577032,229440,-0.0038509289058625052,19.50010341675586,21.95178197229182,30.451549567420116
2023-04-05,14666.12,14685.24,14417.8,14499.56,594608,234018,-0.010589572324071199,20.120699734748637,22.10415086046636,30.391847196934137
2023-04-06,14491.8,14622.88,14359.33,14600.43,598222,232065,0.006932676196853072,18.561981448503996,22.086936781757878,30.39997947038145
2023-04-07,14577.43,14624.27,14546.39,14600.43,41224,232039,0.0,17.38793473515525,21.877187997350575,30.367503650209255
2023-04-10,14610.41,14636.46,14375.12,14586.3,553003,235432,-0.0009682483172259224,17.462201635643023,21.877350115973666,30.2819214709321
2023-04-11,14592.12,14642.56,14470.46,14494.01,549047,233981,-0.006347271390639394,16.660231472791235,21.923749020921953,30.285744669054083
2023-04-12,14492.91,14679.14,14342.14,14358.22,684779,235109,-0.009412860122303066,17.221855460317073,22.043371620510644,30.231632622140296
2023-04-13,14363.48,14663.9,14328.56,14643.67,558233,242088,0.01968555967231281,15.995881619522631,22.14001440125309,30.211706319250194
2023-04-14,14614.01,14693.83,14475.45,14612.07,627824,229226,-0.0021602606728829818,15.828807198415515,22.00355341652247,30.211944735377223
2023-04-17,14646.72,14652.81,14496.23,14617.89,540742,238545,0.00039822155602749215,15.830730481995525,21.351412274324847,30.12780986826703
2023-04-18,14615.12,14742.33,14564.13,14625.1,576668,241674,0.0004931096407104005,15.178019651387928,20.9436385490397,30.091898603548362
2023-04-19,14600.16,14662.51,14483.21,14614.01,529506,246963,-0.000758573057237074,14.310590538708798,20.93601150994943,30.027278659074653
2023-04-20,14590.74,14632.86,14435.26,14493.46,680299,245029,-0.008283144447022023,14.261834747597547,21.011803527068782,29.911270340960577
2023-04-21,14509.81,14546.39,14391.75,14511.47,593982,243942,0.0012418580092833787,14.243971561228063,20.671388759967478,29.87937472071016
2023-04-24,14488.75,14559.7,14374.84,14473.78,582286,239313,-0.0026006345463568037,13.934870158189103,20.610023343792957,29.622295507327596
2023-04-25,14466.85,14477.11,14189.44,14199.97,694266,244121,-0.01909888473112204,15.576172998897958,20.526290280070434,29.683428004044277
2023-04-26,14344.64,14424.73,14260.11,14286.72,755124,248302,0.006090582525887414,14.286714300861725,20.338061960762747,29.49318732225647
2023-04-27,14372.35,14780.3,14340.2,14667.5,728241,261760,0.026303727363063592,16.868759194055436,20.576008115723166,29.25475618684881
2023-04-28,14649.49,14783.62,14598.49,14766.16,671058,258351,0.0067039144640335824,15.954691028826234,19.40814206335766,29.212045756478272
2023-05-01,14762.56,14821.59,14697.99,14751.2,487908,254439,-0.001013640873093626,15.934031395848713,19.049950711195784,29.21195737775758
2023-05-02,14732.63,14782.24,14533.37,14615.68,664855,243202,-0.009229510387782617,16.22436415103988,19.062809353911298,29.031160724732363
2023-05-03,14590.74,14759.23,14499.83,14522.84,648753,244695,-0.006372342463561242,15.930183944910443,18.652213548920233,28.583247048938816
2023-05-04,14482.1,14602.93,14413.09,14459.65,656440,246302,-0.004360570822421894,15.789638249964977,18.276946901057748,28.558204309163287
2023-05-05,14477.66,14809.12,14472.95,14763.39,573291,261487,0.02078845586280384,17.505321221738974,18.621707037472305,28.343699385238697
2023-05-08,14761.45,14819.1,14693.28,14801.64,506054,257039,0.0025875178439596844,17.509786522991792,18.56120411645445,28.31698810626889
2023-05-09,14786.39,14795.82,14688.84,14704.64,552248,251155,-0.006574895204421687,17.52217584729718,18.376333656459327,28.148425078366145
2023-05-10,14697.99,14906.39,14635.91,14865.1,839699,255060,0.010853093401610071,17.44408778262472,18.44652377817958,28.16761637175732
2023-05-11,14865.66,14932.45,14811.89,14906.12,653399,255492,0.002755683237576602,16.1181665642102,18.39343132400406,27.940774545467566
2023-05-12,14905.56,14959.05,14755.35,14850.41,628035,255068,-0.003744392581396023,16.167636815160368,17.92522631246486,27.92001500802524
2023-05-15,14831.01,14943.25,14799.14,14929.95,495940,263166,0.005341788288484722,16.24601891860864,17.860352735576097,27.808952146097145
2023-05-16,14922.19,15025.84,14883.67,14946.86,561834,268709,0.0011319817480969488,16.244664950090645,17.07497848623746,27.326796321726686
2023-05-17,14963.76,15152.77,14936.88,15124.5,621137,275665,0.011814701187476094,16.662804525549575,17.19911018580451,27.34603177986914
2023-05-18,15121.18,15423.26,15107.6,15402.19,749496,277971,0.01819376158197897,17.197254534247108,17.463794961592715,27.40179415972958
2023-05-19,15418.27,15475.64,15313.79,15362.29,659819,270487,-0.0025939019526210415,17.304034578090313,17.02135081441714,27.357179676748757
2023-05-22,15304.09,15460.67,15291.62,15411.62,538203,273234,0.0032059651992231344,17.183836368013537,16.991332554852008,27.263323117664147
2023-05-23,15423.53,15496.7,15198.22,15219.01,658680,270039,-0.012576466021982034,16.19164026860641,17.246829630553748,27.258655744949927
2023-05-24,15219.28,15348.71,15039.14,15131.98,704804,272185,-0.005734919258285205,16.478899019370818,17.165807418267782,27.12499438589091
2023-05-25,15383.35,15554.34,15301.32,15493.65,819148,275368,0.023619877497568886,15.993168912605316,17.6847338961929,27.039469851225473
2023-05-26,15495.03,15928.75,15436.0,15888.29,729047,284829,0.025152097340497268,17.83430897999479,17.916010866410154,27.153361103975975
2023-05-30,16004.69,16151.57,15893.0,15959.52,882198,289761,0.0044731564758024684,17.749657718605913,17.919137488891522,27.144668805614643
2023-05-31,15960.07,15995.27,15798.22,15852.82,680429,289677,-0.006708113902590074,17.522713271692236,17.747954556922906,27.021703212158005
2023-06-01,15840.63,16105.29,15794.9,16043.21,622329,287061,0.011938304625538217,17.28023847289416,17.847442192299653,26.907143501697682
2023-06-02,16067.32,16215.59,16038.78,16157.39,623290,285534,0.007091823043457201,16.934059257008737,17.331611703153907,26.912680300928105
2023-06-05,16159.33,16289.87,16088.11,16172.36,619089,288843,0.0009260820804300017,16.00585817238096,16.9713278115374,26.90071915716816
2023-06-06,16164.88,16211.16,16078.96,16169.86,572806,289391,-0.00015459668538399327,16.080048441653172,16.960182101444484,26.88879036539835
2023-06-07,16178.73,16267.97,15858.36,15887.18,770555,275272,-0.017636520850920503,17.49995889967863,17.06808056789397,26.80442921508281
2023-06-08,15870.0,16103.63,15804.32,16077.3,631769,268876,0.01189584451256535,17.558980965449525,17.17591404525276,26.574017546956487
2023-06-09,16092.82,16281.83,16029.91,16136.33,581386,233932,0.003664912403363373,17.553952697672038,16.41617046562608,26.137683637519093
2023-06-12,16140.77,16436.47,16134.11,16407.09,397388,163885,0.01664030687333686,17.85528884421011,16.59395549165647,26.1840872244833
2023-06-13,16433.15,16592.5,16383.81,16533.19,347119,123161,0.0076563171891323185,17.880319010398907,16.625255945582975,26.08430286802666
2023-06-14,16533.18,16678.98,16386.29,16630.56,732553,228764,0.005872091050505513,17.819863219885665,16.472229477909277,25.73817635113772
2023-06-15,16655.46,16895.08,16484.77,16821.77,734111,247939,0.011431914154283051,17.801917028280194,16.265344810712794,25.733930844001375
2023-06-16,16815.2,16932.83,16695.39,16705.79,636907,249893,-0.006918514954447229,17.62374496847897,16.290113261391195,25.637227688079445
2023-06-20,16744.36,16765.42,16550.96,16693.2,652883,245884,-0.0007539150493073849,17.543494823337564,16.30498879652388,25.637056298674132
2023-06-21,16683.36,16711.53,16415.01,16460.69,640702,247595,-0.014026336695485671,18.695588750853766,16.519595396001595,25.64299057771314
2023-06-22,16454.95,16672.96,16373.16,16647.52,611017,247184,0.011286142207605076,17.911530045538736,16.553139621563933,25.449403608775533
2023-06-23,16670.77,16670.77,16396.41,16476.29,620593,249320,-0.010338878605022054,18.329643232286827,16.452717411118712,25.457654322716866
2023-06-26,16475.74,16579.41,16252.25,16255.54,649993,245089,-0.013488604026883178,17.856938841914197,16.704109615138332,25.29839799693051
2023-06-27,16275.78,16564.91,16261.83,16534.55,569198,252344,0.017018357313330745,16.67684056944554,16.717859375716348,25.35072217578671
2023-06-28,16509.11,16652.17,16435.8,16554.79,662146,248522,0.0012233548643919912,16.652631012351705,16.694570097497667,25.30700106552406
2023-06-29,16588.71,16634.39,16443.73,16522.24,594134,246747,-0.0019681338080840063,16.413544043423983,16.670979854689975,25.301037860520943
2023-06-30,16528.53,16824.78,16520.87,16781.29,529455,243954,0.015557223197718986,16.74902245131079,16.688785780075044,25.293143219535803
2023-07-03,16774.72,16841.46,16749.55,16811.65,265064,243155,0.0018075231442001031,16.651118431809824,16.66283302411438,25.28792832631736
2023-07-05,16803.17,16885.23,16691.84,16807.27,519857,246600,-0.00026056756283559184,16.666445486008072,16.66448834099353,25.202349812005174
2023-07-06,16799.61,16813.02,16534.55,16672.96,574681,251345,-0.008023285413227409,17.02684254580565,16.78669283181173,25.217783704595288
2023-07-07,16644.24,16806.18,16601.02,16611.42,555119,246421,-0.0036978348477409474,15.605114467602025,16.737591924635254,25.11495896884676
2023-07-10,16629.74,16651.35,16481.76,16617.16,609953,251785,0.0003454857268710607,15.189171837189333,16.565190260641685,25.09595097912889
2023-07-11,16626.73,16717.55,16532.36,16697.03,552637,252782,0.0047949629289297906,15.214316401184766,16.17948006867645,25.098026100938142
2023-07-12,16694.85,16968.11,16691.02,16899.18,649433,249492,0.012034240746643608,14.693668296096638,16.27779421109958,25.12216765822137
2023-07-13,16913.41,17223.6,16912.04,17191.05,563935,249565,0.017123799511958776,15.579306877150065,16.547569664972762,25.11871577424379
2023-07-14,17177.37,17350.53,17137.98,17172.18,629943,251724,-0.0010982670660897244,15.543053726408395,16.559853775830476,25.102017024456874
2023-07-17,17167.53,17378.43,17136.34,17332.47,522129,256302,0.009290988492895665,15.381215827207104,16.598859404486966,24.94070864807233
2023-07-18,17322.9,17539.27,17214.58,17479.09,633272,257156,0.008423688395113592,15.231475564667907,16.47318469894917,24.908969068447234
2023-07-19,17451.19,17575.38,17409.61,17462.13,682279,261813,-0.0009707732776316666,15.237364960556349,16.490202077789792,24.87455522925803
2023-07-20,17422.2,17425.48,17011.06,17060.57,810475,262588,-0.023264583103803013,16.817285264840212,17.317528826183178,24.925716489883985
2023-07-21,17058.93,17199.53,16983.98,17003.4,704413,255334,-0.003356628935362111,16.521229873364362,16.761156895676457,24.921038706171515
2023-07-24,17020.91,17089.57,16941.85,17026.65,561877,251038,0.0013664395801719922,15.963361219551023,16.751945161791657,24.83502849893612
2023-07-25,17036.23,17218.13,17013.52,17148.93,554880,253401,0.007156017355961585,15.022193819497618,16.055687225035488,24.51195151194957
2023-07-26,17211.57,17221.42,16976.05,17080.81,683826,252388,-0.003980169871481427,14.189102390944269,16.088456375752486,24.500869057490007
2023-07-27,17111.45,17401.68,16971.94,17037.32,846437,252998,-0.002549379086993796,14.266260120606242,16.10555346100391,24.43884283024159
2023-07-28,17047.17,17392.93,17010.24,17339.86,689386,255857,0.017601665465499104,15.300560052565052,16.216256402631696,24.49830096650504
2023-07-31,17342.59,17415.9,17278.31,17350.8,523896,251915,0.0006307173379038111,14.496348355097147,16.10933208648075,24.495659347283212
2023-08-01,17363.66,17385.54,17209.38,17306.76,529660,254328,-0.0025414382145881736,14.572819406056484,16.078282078064767,24.358679781830507
2023-08-02,17240.84,17276.67,16865.54,16930.09,773499,260136,-0.02200466448735362,16.787323149237253,16.443266553467332,24.460644937214695
2023-08-03,16911.22,17016.26,16784.02,16892.62,658841,256305,-0.002215671974775759,16.527036033358755,16.46890331318204,24.44939329614954
2023-08-04,16895.08,17080.27,16780.74,16799.89,773229,254434,-0.005504501394496486,16.602408797991686,16.44598235352782,24.45358532426536
2023-08-07,16817.94,16954.71,16778.28,16943.77,578299,260070,0.00852787587165703,16.84046841399962,16.40069097201206,24.43690247837076
2023-08-08,16954.16,16957.17,16651.08,16800.16,638813,258449,-0.008511804467001052,17.10035729842709,16.545757001585017,24.30399021581723
2023-08-09,16797.42,16885.78,16572.85,16607.59,652732,261700,-0.011528590392514691,17.00248267819598,16.736861285532807,24.324870747686074
2023-08-10,16634.12,16896.45,16561.36,16632.75,807104,256315,0.001513823553239885,15.661355669421766,16.721264599175463,24.245893763513656
2023-08-11,16652.17,16704.42,16453.31,16517.32,613959,259188,-0.006964116004505432,15.771931166112726,16.81712539354305,24.24551229826248
2023-08-14,16526.34,16721.11,16435.25,16708.25,554628,260354,0.011493082085408108,15.997736976494728,16.808961979284376,24.27110575977318
2023-08-15,16717.82,16779.1,16494.34,16529.08,593602,257328,-0.010781355513289851,15.815948169861088,16.63966094973787,24.264379922598298
2023-08-16,16533.73,16594.18,16326.66,16349.36,641607,254877,-0.01093250105548413,16.057072592751634,16.807279290578876,24.28966106532535
2023-08-17,16347.17,16432.52,16126.15,16169.64,681399,257893,-0.011053342955893448,14.557606110108612,16.981858035421087,24.23890294477619
2023-08-18,16136.82,16196.72,15985.0,16132.44,731241,258155,-0.0023032582697766575,14.555930840095622,16.76535328073702,24.07938527856782
2023-08-21,16152.68,16427.59,16106.73,16396.96,641685,254424,0.016263800173551255,15.988357228547937,16.994117073000712,24.131820094539055
2023-08-22,16384.65,16541.94,16338.15,16367.14,623728,253040,-0.0018202855096825917,15.628640762520671,16.357257196823195,24.131901300386634
2023-08-23,16368.51,16802.9,16365.77,16626.46,606168,256094,0.01571973595044078,16.868484403745665,15.86716314346556,24.120892344788658
2023-08-24,16776.91,16869.91,16212.32,16261.55,847308,252817,-0.022191976705185034,18.42336106934295,16.52770529020352,23.856876061221083
2023-08-25,16229.82,16465.89,16140.92,16389.85,823889,251049,0.007858815262261468,17.316708857919984,16.533030950006893,23.844045076755275
2023-08-28,16402.7,16550.96,16383.55,16513.76,586342,252346,0.007531731974263853,17.66864135192941,16.42777484133065,23.82679356070908
2023-08-29,16520.6,16883.59,16466.98,16867.45,616223,254162,0.02119175646840963,19.563142078820093,16.916952715124406,23.906602546881583
2023-08-30,16880.31,16984.53,16808.09,16961.0,590194,252117,0.005530861655073001,18.08078556046823,16.945683176295713,23.911438964284358
2023-08-31,16974.68,17076.44,16915.87,17001.76,584743,254004,0.0024002772194790145,18.076914913569027,16.947666457197126,23.856348322694895
2023-09-01,16996.84,17136.07,16909.3,16977.42,572689,259641,-0.0014326422334548022,17.960251917557713,16.513067289447783,23.844177949063624
2023-09-05,16978.24,17054.55,16870.19,16997.38,604891,257496,0.0011749886560861967,17.71368911463433,16.35932172221295,23.76498691193508
2023-09-06,16971.94,16995.74,16752.29,16849.67,596503,250353,-0.008728142494954853,17.727893446703472,16.46754745000961,23.78067750289276
2023-09-07,16833.81,16845.57,16584.88,16721.38,644887,241169,-0.007642931901033213,17.439787028120914,16.214930544768283,23.700727803072223
2023-09-08,16725.76,16840.1,16656.55,16738.07,598477,213649,0.0009976255667223056,17.436146644588995,16.143452739057558,23.67434061880557
2023-09-11,16749.55,16956.9,16738.61,16933.1,411385,162718,0.011584520591282116,17.65082303756303,16.27104437732409,22.981384961220844
2023-09-12,16922.98,16938.57,16728.49,16746.0,253049,115245,-0.011110862511588722,17.733318381183675,16.26820902360824,23.00196812949406
2023-09-13,16750.1,16876.75,16645.33,16802.35,190166,88366,0.0033593337969258412,17.28586862462645,16.21983526720319,22.92777061621473
2023-09-14,16802.38,16959.4,16761.37,16915.15,648254,238213,0.006690912482942248,16.822438022074383,16.274838652831185,22.92427696114351
2023-09-15,16918.93,16965.07,16573.31,16611.62,708762,236319,-0.018107219585337314,17.695451123280144,16.447984850054272,22.99350527819157
2023-09-18,16600.83,16685.82,16544.98,16635.64,509746,240125,0.001444931352486304,17.64280355739875,16.286307518944295,22.97450758992651
2023-09-19,16646.16,16665.59,16456.49,16593.28,552065,234988,-0.002549587705312178,16.803724255783322,16.15303712329729,22.898885272324623
2023-09-20,16593.28,16659.11,16325.36,16352.34,605256,236543,-0.01462678775521263,17.641860185645164,16.19561520294373,22.912955395309606
2023-09-21,16332.11,16349.1,16016.7,16040.18,702742,236715,-0.019274182048192354,17.86593786209947,16.28385413501443,22.936286331395035
2023-09-22,16031.27,16217.98,16011.58,16047.46,624056,227977,0.00045375728005613247,16.16420575557635,16.28112696789981,22.92779792172507
2023-09-25,16059.06,16140.54,15953.3,16118.42,568859,232185,0.004412135785775689,15.968325020909921,16.309349198914962,22.930425004778588
2023-09-26,16133.26,16133.26,15828.11,15880.72,667617,239394,-0.014856922544833258,16.384633595526076,16.228221733443252,22.908784348625144
2023-09-27,15891.78,15995.66,15741.5,15906.62,716200,241099,0.0016295799353782101,14.020178377094059,16.22698558076638,22.71480204614791
2023-09-28,15942.78,16131.64,15819.21,16036.94,734472,241427,0.008159436394624001,14.259635228175856,16.33305422733196,22.65204306715665
2023-09-29,16055.02,16253.86,15984.33,16044.22,745541,242719,0.0004538489334525806,14.181996023229207,16.26477947144436,22.548860035713886
2023-10-02,16150.53,16237.94,16000.52,16171.84,762896,245394,0.007922797981254984,14.689948843867148,16.34563868307954,22.3557712169558
2023-10-03,16176.97,16221.76,15812.19,15880.18,762964,253223,-0.018199667318904527,15.638460276567834,16.744229819825673,22.43603642499085
2023-10-04,15879.37,16140.81,15744.74,16106.01,803257,249240,0.014120703492443074,16.674674688986208,16.98364270825611,22.462134497361507
2023-10-05,16083.62,16143.78,15882.07,16039.1,676461,249283,-0.0041630031213133875,16.571023542832823,16.792285824688268,22.108400444850854
2023-10-06,16030.46,16361.25,15821.37,16309.17,840602,256522,0.016698035174421064,17.846229455021046,16.77301445527307,22.133691968719287
2023-10-09,16231.74,16417.9,16133.8,16390.11,617072,252363,0.004950577829718712,17.359819263003605,16.815372617485437,22.092866463375977
2023-10-10,16400.37,16602.18,16373.66,16480.5,648613,254629,0.005499759684295422,17.156694521020633,16.736183920794186,22.096602521611864
2023-10-11,16492.91,16638.06,16461.34,16598.4,614965,254891,0.007128441348035848,17.329158865186585,16.707642801356712,22.00317282172434
2023-10-12,16628.08,16694.18,16421.68,16528.25,747494,253806,-0.004235267065008425,17.151666682946697,16.721942150157837,21.768687936189735
2023-10-13,16537.97,16584.1,16255.48,16318.08,777005,255144,-0.012797342553756343,16.548639926607496,16.255523707600954,21.568981553692204
2023-10-16,16317.81,16551.73,16277.88,16500.73,641294,257529,0.011130926795930763,17.07868662078115,16.42623193233243,21.58171186070353
2023-10-17,16518.27,16522.05,16242.53,16448.12,781599,254607,-0.0031934373861248703,17.090923824251565,16.430681798725672,21.579784185182444
2023-10-18,16443.54,16445.42,16165.91,16215.55,853599,254515,-0.014240526571339972,17.048894890314617,16.585016783298535,21.62407608371884
2023-10-19,16236.86,16337.5,16015.09,16069.59,1019700,252311,-0.009041992349662924,15.895984446245738,16.657028858023335,21.52448900583038
2023-10-20,16026.42,16066.89,15805.18,15825.68,846675,256267,-0.01529472895372367,16.805333856690623,16.909982727268734,21.56352626437881
2023-10-23,15842.95,16030.46,15664.07,15877.48,765733,257049,0.003267815958790077,16.76406085305996,16.47783117272982,21.4756551156949
2023-10-24,15912.02,16132.99,15871.01,16022.64,703058,250690,0.009100969020613962,16.239553803739813,16.61478501942933,21.357250098871102
2023-10-25,16002.67,16031.81,15588.25,15625.22,820677,260391,-0.025116446547319968,18.586334441544057,17.314648290017008,21.42734834670935
2023-10-26,15567.75,15604.44,15260.44,15318.45,987597,261945,-0.019828291264152396,19.415122683597513,17.211092830691108,21.312629465243088
2023-10-27,15377.0,15549.13,15335.45,15395.34,782097,258151,0.005006881965963699,19.567194366085282,17.26482810649409,21.278299804232834
2023-10-30,15471.7,15623.33,15436.08,15558.58,704860,254756,0.010547388720574213,19.766032895037696,17.42037269705971,21.273265258869746
2023-10-31,15552.1,15652.74,15444.99,15638.17,712605,256719,0.005102465652870628,18.935812453760118,17.352016839676423,20.973291363915695
2023-11-01,15605.52,15931.45,15552.37,15912.56,741817,250973,0.01739401389839844,19.309132375787577,17.703114331747162,20.931871297989282
2023-11-02,15930.64,16206.92,15929.29,16186.14,652481,251956,0.01704658598924859,20.236129653636283,17.93772492954062,20.946579630507813
2023-11-03,16110.6,16434.9,16107.9,16381.21,633835,255874,0.011979625784251467,19.79842508990201,18.113496949082872,20.949937383012486
2023-11-06,16390.11,16466.2,16337.23,16439.22,496129,258320,0.0035349969765002976,19.759906984645724,18.075130580688473,20.94223511990601
2023-11-07,16420.33,16633.21,16378.24,16592.2,585124,264964,0.0092627621694536,19.93937235225815,18.01983711129944,20.80456749339679
2023-11-08,16590.85,16638.87,16497.77,16605.42,547842,264636,0.0007964426786503863,19.779395068898843,17.88285111671054,19.564644690403597
2023-11-09,16572.77,16678.0,16443.81,16464.58,710427,265724,-0.008517741246847312,19.959220022971742,17.826112725291058,19.50807255796247
2023-11-10,16463.23,16849.59,16411.97,16831.78,679633,269620,0.02205735927942195,20.85439650535847,18.226928160948937,19.595707978784453
2023-11-13,16820.99,16837.18,16690.41,16778.63,532937,265893,-0.003162713236991747,20.599051735919456,18.233763810584897,19.553343224000315
2023-11-14,16790.5,17179.83,16784.03,17137.74,656099,269116,0.02117699627605565,21.75113776791267,18.440044811407525,19.60194837829925
2023-11-15,17154.2,17320.94,17086.48,17148.0,685072,273187,0.0005984995689906177,20.897825220867468,18.43238175924487,19.59884434435765
2023-11-16,17102.13,17166.88,17048.17,17156.9,634456,280619,0.0005188763237719175,20.450307114025538,18.167383298358065,19.598513953383772
2023-11-17,17157.17,17202.77,17078.66,17155.01,562424,279841,-0.00011016582882818008,19.299626475609966,17.54095193973883,19.565566714878933
2023-11-20,17154.2,17393.52,17091.88,17360.87,559493,282541,0.011928563953177948,19.49792722595828,17.62960186710036,19.55101017184629
2023-11-21,17361.95,17399.72,17172.55,17257.0,575452,279215,-0.006000964918410382,19.756962685680893,17.632261290910485,19.546662575152308
2023-11-22,17232.18,17454.76,17205.73,17320.67,624552,277989,0.0036827277234272883,16.571651702256325,17.122313557432754,19.532797873927123
2023-11-24,17307.18,17360.87,17247.82,17290.18,296604,277335,-0.0017618757058707366,14.001328606507665,17.094942949115747,19.474162229207067
2023-11-27,17276.15,17363.84,17201.42,17276.96,502555,282140,-0.0007648883097956892,14.206967152900802,17.0908009090292,19.453949479852533
2023-11-28,17273.19,17344.68,17208.43,17319.32,598224,287005,0.0024488194203774565,14.136090021753454,17.092819668463708,18.96999060811309
2023-11-29,17327.42,17492.54,17282.09,17293.15,634326,280005,-0.0015121720574597492,14.345548424126692,17.09603240187696,18.971451861166518
2023-11-30,17310.96,17373.82,17112.11,17251.87,694118,279273,-0.0023899259371340156,13.792202566173225,17.002358715624915,18.966908180219992
2023-12-01,17218.96,17321.48,17120.75,17293.15,621710,276667,0.002389925937133922,12.912251345248386,16.92396420144332,18.879234356283533
2023-12-04,17291.26,17295.58,16966.69,17126.14,721019,263276,-0.00970451806040607,13.269931167684792,17.053777489648528,18.785338604966128
2023-12-05,17119.94,17225.43,17009.86,17169.04,683586,264891,0.0025018105970649835,13.261453600684442,16.899832696412982,18.77623922535103
2023-12-06,17156.36,17308.26,17053.83,17068.13,675482,258881,-0.005894779983578018,13.277961301554047,16.783728804736178,18.75852552962352
2023-12-07,17067.32,17338.75,17041.96,17309.34,632326,262441,0.0140332583224497,14.007594027987158,17.007417031023024,18.788271043698785
2023-12-08,17286.41,17395.68,17146.92,17373.55,588926,224754,0.0037026945193796216,13.44205631688889,16.97191179200678,18.756866514740278
2023-12-11,17367.89,17535.17,17316.62,17523.3,394184,144141,0.008582489204803274,11.590054847088725,16.603155022620076,18.74618148784588
2023-12-12,17526.53,17687.88,17467.45,17659.01,253666,108098,0.007714710778474518,11.588925824729909,16.661714744982614,18.739304693446847
2023-12-13,17680.86,17907.5,17661.97,17875.93,155141,91180,0.012208980484383106,10.007096755620088,16.801554500435138,18.408191304427262
2023-12-14,17875.92,17990.46,17716.64,17849.82,786948,255734,-0.0014616910575009803,10.074822016390238,16.484132226391136,18.375950939509867
2023-12-15,17835.17,17992.86,17827.71,17921.47,668578,265345,0.004006011291215143,10.082608114033247,15.913982242791343,18.31718187883501
2023-12-18,17921.47,18085.29,17902.29,18048.8,463438,273228,0.007079765141998828,10.188464335679942,15.9470817955613,18.32348110577284
2023-12-19,18024.56,18144.42,18017.9,18137.5,496518,275985,0.004902417635901848,9.619032514903616,15.950619519293566,18.282435017489853
2023-12-20,18138.56,18191.3,17855.68,17863.94,654329,271612,-0.015197462388345333,11.097727821850127,15.96610610437636,18.164657217805026
2023-12-21,17889.51,18081.29,17889.51,18066.64,639818,273333,0.011282987939680307,11.592154777442333,16.07970462534994,18.191375250386134
2023-12-22,18066.11,18157.21,17997.39,18091.68,486853,273649,0.001385020321896212,11.506309166144103,16.030928504758325,18.119522635291112
2023-12-26,18075.17,18231.52,18075.17,18201.96,292090,277161,0.00607711650850404,11.52359886731038,16.049036870877302,18.064184527211054
2023-12-27,18209.15,18254.7,18172.12,18233.65,424302,283469,0.0017395074758382943,11.527646429264943,16.003229787673366,17.924890940264163
2023-12-28,18248.3,18289.06,18195.83,18209.42,357702,283479,-0.0013297454671267243,11.519252282580576,15.457904623029991,17.925463370859422
2023-12-29,18209.15,18252.57,18047.2,18138.03,470864,283716,-0.003928203590638633,11.619805503818762,15.309295747096943,17.913349540407243
2024-01-02,18133.23,18154.01,17710.78,17814.66,652714,271790,-0.017989125175133045,13.710136647113117,15.800603092938328,18.017246956966318
2024-01-03,17832.51,17833.04,17603.7,17620.74,677219,271926,-0.010945096478975588,13.850783157629268,15.698877810625401,17.970682652912906
2024-01-04,17628.47,17673.22,17512.06,17521.65,559464,272765,-0.005639358200045897,14.066510062620935,15.743337798764296,17.80347478761516
2024-01-05,17532.31,17662.56,17403.65,17537.9,627475,273105,0.0009269942805118705,13.828374811562199,15.716781135248997,17.796103433782427
2024-01-08,17548.29,17911.88,17450.53,17903.89,549900,276675,0.02065375423576078,14.798897688836089,16.178350778213872,17.886845671621856
2024-01-09,17887.11,17972.88,17748.33,17932.13,605921,276335,0.0015760682043184826,14.779750473476847,16.13779800931764,17.816642120012073
2024-01-10,17931.33,18094.88,17901.49,18054.66,550703,276621,0.0068097473269009565,14.681457096156569,15.901722641284119,17.821307461880846
2024-01-11,18065.04,18173.72,17849.82,18077.03,756441,276276,0.0012382483552940758,14.49629503628258,15.779514456620063,17.8140577733631
2024-01-12,18067.97,18158.27,17970.75,18080.23,593445,276442,0.00017700456330788103,13.897852154322244,15.751601156200735,17.814417321226085
2024-01-16,18072.24,18148.95,17912.42,18077.3,816021,272217,-0.00016206859298263735,13.880321426197764,15.408277178431875,17.75760358556796
2024-01-17,18089.55,18093.81,17781.9,17974.21,722784,270711,-0.005719054818246719,13.995681932039144,15.323117689538027,17.732136760182176
2024-01-18,17957.96,18246.97,17936.39,18230.19,852229,277173,0.0141410583061253,14.667911061298852,15.10087808180563,17.57803056974407
2024-01-19,18236.58,18615.09,18227.26,18580.2,758132,292842,0.019017486573456154,16.022947551113223,15.48158756735824,17.547761347585222
2024-01-22,18609.5,18736.29,18575.4,18601.51,637245,286920,0.0011462626293032704,14.80801702450791,15.425083158875886,17.544492513823464
2024-01-23,18604.17,18707.79,18549.3,18679.02,508078,287915,0.004158208678013954,14.428183313891257,14.314232741572363,17.54124396042664
2024-01-24,18703.26,18958.44,18701.4,18774.65,721605,296362,0.005106586767795585,14.478933555645545,13.506978157379276,17.450077321304324
2024-01-25,18767.99,18914.22,18690.47,18789.03,710822,295086,0.0007656332234996352,14.395914550088179,13.513269798586258,17.430552292674424
2024-01-26,18721.64,18786.37,18609.5,18674.49,631481,293884,-0.0061147674799893565,14.652573672366294,13.56399476931782,17.301488731955008
2024-01-29,18647.86,18876.13,18600.44,18865.21,568739,298869,0.010161063670704715,14.954622145265123,13.636234756050927,17.26747145980972
2024-01-30,18871.34,18896.91,18610.56,18740.02,554146,292578,-0.006658141034168221,15.123009035326406,13.451032494902329,17.166958205029303
2024-01-31,18555.69,18628.68,18348.99,18371.1,816119,286028,-0.019882566371760644,15.460022679187329,13.893588864888226,16.97105624492149
2024-02-01,18404.13,18802.08,18392.94,18578.33,705238,284607,0.011217070079184085,15.083561356016606,13.871313879681143,16.899631491571473
2024-02-02,18739.49,18939.26,18608.97,18893.71,761167,284315,0.01683321468818448,15.548501813036927,14.194136251734843,16.94479936804324
2024-02-05,18854.56,18907.3,18703.53,18858.82,621645,284500,-0.0018483534710501857,15.646697497752008,14.144550314260677,16.83333734688317
2024-02-06,18857.22,18932.34,18710.45,18816.2,623168,283020,-0.0022625080586964664,14.405172818361411,14.170774610256586,16.723142459795493
2024-02-07,18801.02,19045.81,18783.97,19009.85,613340,295397,0.010239064973876688,14.658658425671817,14.092609456268992,16.712633743518516
2024-02-08,19025.3,19068.18,18957.11,19038.08,471370,297566,0.0014839180570526546,14.59288738421142,13.484226550610105,16.694902819918763
2024-02-09,19023.17,19254.11,19021.04,19220.28,499282,305922,0.009524787651843919,14.781646525647286,13.525253935339437,16.653125261191303
2024-02-12,19221.08,19307.91,19083.9,19141.17,538132,301270,-0.004124458911018679,14.970805708180007,12.997791386898122,16.650997986354714
2024-02-13,19102.28,19139.3,18690.47,18834.05,858230,293675,-0.01617511082555169,16.408311012240905,13.510815488218617,16.72861330137835
2024-02-14,18862.02,19058.06,18826.06,19051.67,688088,293707,0.01148835991480723,16.464407488212586,13.660801617991744,16.62966110036593
2024-02-15,19039.95,19144.63,18944.59,19085.5,657768,285857,0.0017741226668554586,15.921892093687651,13.655323684346918,16.606769249490146
2024-02-16,19127.32,19206.16,18874.8,18905.7,744628,285979,-0.009465420540417118,15.144712285584427,13.679890704421144,16.44703919036299
2024-02-20,18889.98,18973.36,18595.12,18760.0,889292,284415,-0.0077365203207966915,15.44827985886544,13.724658281730568,16.47171622491288
2024-02-21,18723.5,18883.32,18510.14,18684.88,731450,283359,-0.004012302925102177,15.458587738290872,13.7603528068576,16.46166146772409
2024-02-22,18861.48,19271.16,18833.25,19229.07,759232,293503,0.028708555843758456,18.466981090936997,14.848136980984549,16.583765607453063
2024-02-23,19203.23,19332.69,19120.92,19168.87,659725,283248,-0.0031355874467953364,18.530844288084143,14.873360623667317,16.579936748646993
2024-02-26,19137.44,19241.86,19095.35,19153.95,526169,282525,-0.0007786483747189732,18.35505743087234,14.881421099393647,16.579757540039648
2024-02-27,19126.25,19221.35,19081.24,19200.83,567818,284829,0.002444546590828404,18.0611879106038,14.867276946015245,16.545733435461745
2024-02-28,19197.11,19199.5,19014.64,19088.16,553731,286563,-0.005885259715946393,18.020432262330818,14.9259302535514,16.54723623329409
2024-02-29,19039.95,19295.13,18993.07,19266.63,680147,292831,0.009306336344121723,16.46254628616113,15.006950230999935,16.454747894979352
2024-03-01,19258.37,19575.61,19209.89,19538.86,639153,303518,0.014030719155614192,16.69157553927234,15.018041052787392,16.504037893444863
2024-03-04,19536.46,19580.94,19428.05,19457.61,569342,292230,-0.00416704986737404,15.951350540375817,15.074336212151701,16.453232163073096
2024-03-05,19440.57,19446.96,18999.99,19104.14,803857,280487,-0.01833318769091721,17.412599544967183,15.56319171911321,16.56847683529445
2024-03-06,19158.22,19364.12,19117.2,19225.61,806131,285008,0.0063381789156455115,17.489510357129866,15.385379451138572,16.458191754804112
2024-03-07,19222.14,19562.03,19088.69,19515.41,758499,286012,0.014961165484576683,17.893291557365874,15.617668439701873,16.440338717335774
2024-03-08,19475.73,19643.54,19191.78,19228.27,1048847,250366,-0.014822817936592318,18.786495087382118,15.925888358585254,16.51026437213768
2024-03-11,19238.13,19251.18,19061.79,19147.56,472517,176589,-0.004206299590124254,18.54201938495051,15.916100762319843,16.401082306512382
2024-03-12,19189.65,19436.04,19103.88,19421.12,281274,133157,0.014185841337705637,19.155626255772745,15.978747227861225,16.450550886326738
2024-03-13,19410.73,19451.75,19213.89,19262.1,179714,96532,-0.008221699008670159,18.41877679960462,16.089800011938834,16.275997925369285
2024-03-14,19262.03,19352.61,19072.22,19188.26,818470,239190,-0.0038408010105719084,18.075220695610938,16.11313580614408,16.269549707498236
2024-03-15,19166.47,19241.82,18909.44,18964.58,705711,251258,-0.011725604846410642,18.56346360573901,16.27702743064812,16.3200966059252
2024-03-18,18980.07,19302.99,18968.25,19145.99,656629,251544,0.009520265384610743,18.545898756001353,16.353767964159243,16.29078367243186
2024-03-19,19136.02,19206.64,18958.8,19186.42,660394,248873,0.002109442896595374,18.284141885871495,16.007010187205065,16.232296180806944
2024-03-20,19190.62,19475.22,19141.79,19406.69,618809,249571,0.011415114866299663,18.527815282549977,16.010590936481965,16.231740800022383
2024-03-21,19469.7,19647.44,19456.05,19492.81,606959,250595,0.004427827643194658,15.648145652773065,16.024291712519652,16.234135016198355
2024-03-22,19512.5,19560.28,19419.56,19506.46,511962,251818,0.0007000131313942491,15.583159650123617,15.992870880374715,16.20791716660063
2024-03-25,19498.32,19534.29,19338.43,19442.14,456250,253765,-0.0033028174809930054,15.644279891683741,16.018345834957266,16.20444238338908
2024-03-26,19460.78,19552.93,19364.16,19374.4,516507,252935,-0.0034902682602426563,15.700591167077835,16.038275171062054,16.12246927697444
2024-03-27,19404.33,19503.31,19300.37,19431.9,605634,257852,0.002963438517985866,15.540401087556058,16.00937259316156,16.10435300527105
2024-03-28,19433.21,19468.65,19372.83,19401.71,515193,259272,-0.0015548390212546063,15.235698422636748,15.516985336622808,16.030732043082942
2024-04-01,19431.11,19545.58,19338.17,19425.07,572133,259286,0.001203293336125643,14.363356855429602,15.301663672311369,16.026880722218696
2024-04-02,19425.07,19439.51,19114.49,19249.43,618982,257844,-0.009083049945035197,14.642548021897554,15.387524435045785,16.051867147691162
2024-04-03,19265.19,19377.29,19147.04,19294.85,597987,255895,0.0023567710188533877,13.064289824815917,15.387772733271252,16.009092672102472
2024-04-04,19310.87,19499.37,18960.9,18983.48,777140,259969,-0.016269093653899683,14.143619518332851,15.294350371316535,16.09342397192721
2024-04-05,18993.46,19331.61,18956.96,19218.72,809193,259560,0.012315676759222958,13.783326385026843,15.469713899808157,16.132743871728657
2024-04-08,19268.6,19297.74,19152.29,19212.68,524203,260045,-0.00031432630868145895,12.743779812115076,15.427322354232464,16.132029277771917
2024-04-09,19233.42,19330.56,19071.69,19280.68,696069,258636,0.0035330805486997307,12.704287278225015,15.435772846144284,16.116346916446613
2024-04-10,19302.99,19400.92,18959.06,19109.5,880504,254449,-0.008917964671970023,11.993321995772098,15.570306238918652,16.113143153737468
2024-04-11,19096.11,19447.65,18995.29,19412.21,728802,260470,0.015716655937133867,12.998909066675704,15.860408446179564,16.071795004086884
2024-04-12,19413.52,19436.1,19029.16,19091.12,787334,251637,-0.01667894405802415,14.287767423089115,16.219236809952925,16.16767093374061
2024-04-15,19061.45,19271.22,18736.43,18772.92,797316,254959,-0.016807899583277334,14.928514681053723,16.387904242081294,16.26688535654415
2024-04-16,18775.81,18890.28,18684.45,18778.17,766364,253457,0.0002796190488321344,14.458167590359574,15.926457610537751,16.26696689491646
2024-04-17,18794.71,18869.8,18498.83,18544.25,844749,254150,-0.012535256986628749,14.969940147700395,16.136311785327138,16.32272530732034
2024-04-18,18556.06,18662.13,18384.36,18427.42,756158,260569,-0.006319995221839,14.213395774464349,16.16242252297005,16.312670316503
2024-04-19,18410.09,18433.72,17971.65,18042.54,1023135,264890,-0.021107469784706588,15.383457007443212,16.677649908505472,16.462407161260163
2024-04-22,18092.42,18323.19,18008.67,18220.28,646130,258652,0.009802956491999729,16.065995166730357,16.813004721982217,16.48302200076294
2024-04-23,18222.64,18552.13,18153.33,18489.9,601826,253170,0.014689377614080472,17.303723341467077,17.05575342115547,16.416644595781367
2024-04-24,18568.93,18688.12,18358.63,18550.55,667402,251285,0.0032748011540087844,17.41918195578508,16.935635505415725,16.410338058890783
2024-04-25,18325.29,18721.73,18176.43,18448.69,820011,253287,-0.005506072953893536,17.347253435810348,16.918741967094373,16.224532650108703
2024-04-26,18701.51,18799.44,18554.49,18740.89,628227,246067,0.015714402422600686,18.52765034904919,16.727179216843368,16.28217390625703
2024-04-29,18760.85,18849.32,18683.66,18802.33,528891,247041,0.0032730306483656547,18.58562633694164,16.585006500368543,16.2826205774092
2024-04-30,18817.29,18819.13,18349.97,18452.62,677704,249912,-0.01877443250188862,19.401596303264338,16.664926857231443,16.37109424737338
2024-05-01,18338.42,18685.76,18272.0,18312.95,791170,239698,-0.0075979059705699944,19.419141962877116,16.727900070653885,16.377089910544047
2024-05-02,18364.15,18645.85,18258.34,18535.06,635300,235268,0.01205561386221512,19.379758959595385,16.919351915882263,16.406352823278624
2024-05-03,18634.3,18955.65,18608.31,18903.67,556949,235818,0.019692009392880627,20.220464230283916,17.27681164895585,16.393328292807205
2024-05-06,18952.76,19114.22,18885.81,19108.19,395489,233911,0.010760955848149146,20.63557798668971,17.41702728081703,16.421908938924812
2024-05-07,19101.89,19182.49,19061.45,19112.39,469722,231534,0.00021977688548445676,20.587992581435678,17.305117048662574,16.404259276771114
2024-05-08,19106.61,19157.28,18979.02,19098.73,453714,236020,-0.000714975147648328,20.34435066464865,17.285293787496364,16.375376069880744
2024-05-09,19071.69,19155.18,19011.83,19128.14,471196,238710,0.0015387085472942585,19.49373779211375,16.957011324702194,16.374513201075008
2024-05-10,19140.22,19268.34,19100.84,19170.67,473881,238105,0.0022209576476210093,18.576601675954212,16.80050584209722,16.36798153937022
2024-05-13,19152.82,19256.0,19143.1,19213.2,411036,239941,0.0022160359236705635,17.45918347596771,16.80262639841848,16.36263921965256
2024-05-14,19199.03,19357.6,19076.68,19338.7,555369,244799,0.006510726751411094,17.557379119696414,16.7325634250361,16.37195725271983
2024-05-15,19333.18,19645.34,19315.59,19629.33,605869,250043,0.014916606709113532,17.355837997869695,16.906513010409984,16.395580770666147
2024-05-16,19630.9,19701.79,19567.89,19585.48,548582,244698,-0.0022364009044682576,17.128933841103912,16.889032785442566,16.307360873580677
2024-05-17,19577.08,19624.08,19475.22,19569.99,489227,245702,-0.0007912049482775087,14.67080051679267,15.856274676118801,16.30438772806632
2024-05-20,19568.16,19737.23,19567.63,19704.15,470381,244166,0.0068320030350884275,14.554077090081705,15.895754646074668,16.313485923160524
2024-05-21,19686.3,19752.2,19614.89,19742.22,426117,245028,0.0019302162312980213,13.995220797447669,15.896440157473293,16.256373860796923
2024-05-22,19741.17,19838.57,19621.45,19729.09,578439,248717,-0.0006652933730497394,14.065002729574127,15.893002500574783,16.242951332924733
2024-05-23,19806.54,19977.46,19555.55,19634.05,851576,244000,-0.004828892445068684,14.012130598187511,15.876476270040463,16.09352439156531
2024-05-24,19621.19,19875.33,19616.99,19822.82,552083,250485,0.009568495435731671,13.437121065072747,15.88279801178841,15.931560024082605
2024-05-28,19821.51,19932.56,19763.49,19890.56,642954,248748,0.003411448015574106,13.437848544388443,15.642955164254325,15.929496472247024
2024-05-29,19900.01,19900.27,19680.0,19745.9,573938,251712,-0.007299372461614198,11.465434259880857,15.69422449798572,15.932457519629178
2024-05-30,19693.65,19729.36,19476.53,19539.8,619548,251097,-0.010492463711890417,11.872079672770461,15.376841642653446,15.93403347143707
2024-05-31,19523.26,19604.65,19156.23,19523.52,834003,250256,-0.000833518551037026,11.478049374813796,15.3282323765558,15.922167817044414
2024-06-03,19522.74,19696.28,19360.49,19581.55,669104,244094,0.0029679037831258663,9.54737567612799,15.030988836031927,15.923706887428486
2024-06-04,19598.61,19693.91,19439.77,19639.04,616703,239577,0.002931625514785483,8.954652110698131,14.717449326613034,15.92491747804066
2024-06-05,19649.54,20048.08,19634.05,20031.01,575227,249038,0.019762150875321634,11.06085528327856,15.211776438352631,15.929920569275213
2024-06-06,20047.03,20083.78,19971.16,20016.31,524900,243910,-0.0007341315553804572,11.06156075957992,14.954116160060144,15.892331673149654
2024-06-07,20020.25,20115.81,19890.03,19992.68,612033,241476,-0.001181234654891781,11.129822519367066,14.847900744700388,15.891174420960283
2024-06-10,19979.29,20089.3,19926.0,20068.3,571666,241692,0.00377524912343723,11.14368628669305,14.832190825255568,15.81416502842552
2024-06-11,20065.67,20223.46,19947.26,20207.44,564706,242821,0.006909397743767095,11.263553479675194,14.6534485924615,15.811067929687962
2024-06-12,20213.48,20596.0,20198.25,20474.44,691079,237694,0.013126425510904547,11.805972701148745,14.760642465908038,15.851330919010307
2024-06-13,20585.24,20678.7,20478.12,20585.76,584725,228364,0.005422295690027806,10.970776024693789,14.785738789627272,15.82211510103474
2024-06-14,20585.94,20684.91,20482.3,20670.92,241802,79100,0.004128307025571571,10.847593590643346,14.644895793375765,15.806386123104533
2024-06-17,20680.5,21008.52,20627.91,20927.16,648046,177921,0.012319955201221417,11.278229139610119,14.810975044175764,15.847392107933848
2024-06-18,20927.42,21007.74,20859.02,20930.79,578901,229432,0.00017344375484705087,11.253406017277337,14.812102126860669,15.775963217369696
2024-06-20,20939.34,21111.89,20684.13,20760.05,897181,242224,-0.00819081383679128,11.936108983187406,14.908769281453072,15.76814416757513
2024-06-21,20772.22,20816.53,20638.53,20709.52,590839,243903,-0.0024369688428100503,12.014995637228882,14.896496196202502,15.7311443466737
2024-06-24,20742.69,20758.75,20445.51,20469.08,683900,242911,-0.011678043086849605,12.784752468415759,15.11925810194037,15.715409683521075
2024-06-25,20474.53,20707.97,20443.43,20698.64,574518,245692,0.011152542786890594,12.919426783504335,15.255997512794675,15.665561175015858
2024-06-26,20699.42,20800.46,20624.8,20740.35,590175,246955,0.0020130806318296706,12.911018578184546,15.257183164817349,15.66592757601307
2024-06-27,20671.44,20848.4,20597.08,20768.34,589649,244055,0.0013486334665045708,12.432794701416567,15.10910346281161,15.66331754472988
2024-06-28,20792.95,21010.59,20630.24,20652.0,750324,238236,-0.005617544710791813,11.863239107132374,15.172758926462063,15.607159363082484
2024-07-01,20696.31,20804.09,20532.3,20781.29,639341,244878,0.006240895648902505,11.844153845287478,14.765904236130256,15.616313436866214
2024-07-02,20774.81,20996.08,20634.13,20991.93,621477,257852,0.010085015486154965,12.098595735471779,14.703112191642498,15.643401022790993
2024-07-03,20977.17,21178.48,20939.86,21153.87,395129,257325,0.007684789324666131,12.187469153858377,14.752933656978392,15.632320467927272
2024-07-05,21161.9,21390.16,21101.53,21370.73,600207,265260,0.010199361307924655,10.924791013556078,14.853077657240926,15.65273813387305
2024-07-08,21340.41,21440.42,21327.72,21411.15,497107,259894,0.001889585592159499,10.837647159690892,14.686823405424674,15.65284467845248
2024-07-09,21433.17,21527.22,21365.54,21430.58,569689,263187,0.0009070596043707948,10.746344500350864,14.402405941949665,15.64820640179914
2024-07-10,21438.35,21677.49,21436.8,21659.87,576694,272550,0.010642365726529825,11.044318967808623,14.000210757610986,15.638893146238802
2024-07-11,21655.47,21746.93,21118.37,21185.22,906128,261752,-0.022157470977349374,14.303177931786573,14.347480759449926,15.72586980771834
2024-07-12,21175.89,21495.35,21074.58,21270.46,724343,257834,0.00401548695180847,13.748679751286474,14.348610825723116,15.727886142601147
2024-07-15,21328.49,21553.39,21252.06,21332.38,703410,253499,0.0029068505104758134,13.692257775396111,14.022212692300545,15.706281276015044
2024-07-16,21378.24,21436.8,21208.79,21347.15,629745,255384,0.000692135109718149,13.668445089863434,13.910555756148014,15.687623973097761
2024-07-17,21339.89,21346.89,20691.9,20724.81,854323,254554,-0.02958670799532267,17.001271867224723,14.614634491334622,15.980651675798416
2024-07-18,20752.53,20895.81,20477.38,20622.99,964287,250084,-0.004925060381154121,17.071232271029114,14.603796735020305,15.8076288741786
2024-07-19,20680.76,20706.41,20368.82,20429.96,774109,248446,-0.009404022003715077,17.146719971209958,14.548804544151196,15.835197636696785
2024-07-22,20467.27,20773.78,20435.92,20728.44,657854,248109,0.014504219437297017,17.96726069569204,14.782086324207674,15.895326019285417
2024-07-23,20708.75,20815.23,20590.86,20649.67,601990,242308,-0.003807331710059154,17.497172869178293,14.75004401669553,15.888977119253154
2024-07-24,20606.14,20606.14,19865.92,19901.67,846812,249244,-0.03689569084242604,21.459091122706102,16.481243632588832,16.32566670262254
2024-07-25,19960.49,20095.73,19570.03,19683.0,992015,246853,-0.011048328776533953,21.638195893309454,16.657335128889073,16.364572438587953
2024-07-26,19694.14,19999.61,19685.85,19871.88,694702,247786,0.009550348054642457,22.02983064784494,16.2447041653887,16.299640175292776
2024-07-29,19869.03,20082.0,19808.4,19907.89,600017,252332,0.0018104684786320775,22.035060727659346,16.140296327892383,16.3001331781003
2024-07-30,19915.92,20022.41,19406.03,19624.96,745002,252587,-0.014313910114290281,22.242902481657005,16.300085958092474,16.365450358269875
2024-07-31,19551.9,20362.6,19547.75,20214.66,762246,242145,0.02960585830778757,24.694234469867737,16.902396026063744,16.467092868853353
2024-08-01,20305.86,20434.11,19539.72,19715.13,920616,239415,-0.02502172248578466,25.720624404166472,17.606556818575392,16.666076742250517
2024-08-02,19645.95,19670.04,19054.44,19231.14,842228,244544,-0.024855521056984454,26.244900833385177,18.358779022693245,16.850245902029247
2024-08-05,19058.84,19058.84,17982.06,18668.39,937137,252197,-0.029699120980602695,27.468030801861882,19.348229584650635,17.102063782918744
2024-08-06,18826.44,19155.49,18619.42,18840.17,697089,244412,0.009159573227821368,27.92961634625336,19.44330793810741,17.101026542115804
2024-08-07,18688.86,19233.47,18484.95,18619.94,725244,241789,-0.011758242959910493,27.23556670062418,19.577939255466468,17.102671155935074
2024-08-08,18523.04,19269.75,18387.02,19199.01,663957,236468,0.030625665702183315,29.806945224524057,20.58521772499386,17.368552006964862
2024-08-09,19224.92,19353.69,19051.59,19293.06,501761,231730,0.0048867305479018954,29.8431770491256,20.56591916063555,17.357248832357246
2024-08-12,19266.12,19447.74,19188.39,19317.42,469892,234568,0.0012618337421452504,29.79192618098389,20.330832833160787,17.322754222632756
2024-08-13,19326.49,19817.99,19306.02,19799.07,497670,238343,0.024627687406017392,31.553735694686246,20.955518567586854,17.452019597356554
2024-08-14,19793.89,19901.93,19613.82,19810.21,553997,237431,0.0005624944605772138,30.06083698365099,20.9546731225648,17.412445117740987
2024-08-15,19838.71,20316.22,19795.19,20293.42,522322,235858,0.024099234211666997,31.45240305019239,21.480186720226556,17.528204905282475
2024-08-16,20282.02,20398.87,20154.81,20318.81,458933,229689,0.001250362430622924,31.293055986793156,21.478693110999167,17.52524555025765
2024-08-19,20342.91,20594.49,20235.38,20579.98,429305,237060,0.012771700584856625,31.190422342000655,21.62413240015661,17.49779426074982
2024-08-20,20579.98,20655.89,20461.05,20529.97,485435,237223,-0.0024329888345396102,31.17408296427215,21.603514736767764,17.49886952133513
2024-08-21,20523.24,20708.49,20490.59,20633.61,479077,234434,0.0050355299026991224,28.039428654613772,21.544319054786314,17.440114286287507
2024-08-22,20645.79,20753.57,20252.74,20290.31,630179,233130,-0.016777867472986936,28.458428026190163,21.829933030539923,17.3760311675225
2024-08-23,20335.13,20628.17,20304.3,20510.54,581201,235049,0.010795468174576944,28.50841914792614,21.87469503915533,17.390454143339785
2024-08-26,20507.43,20568.06,20214.92,20303.78,473540,231970,-0.010131824747941538,28.8092875798139,21.866984139465075,17.41266227024254
2024-08-27,20270.1,20410.53,20148.59,20368.56,441146,236758,0.003185459935559132,28.240844196635212,21.8709343581788,17.292963199176658
2024-08-28,20349.64,20407.16,19926.55,20121.9,537278,236984,-0.012183761372911913,26.64607181913895,22.023907419324644,17.334852644601977
2024-08-29,19915.92,20409.75,19836.38,20098.58,669705,239974,-0.0011596083693274494,24.996644484451284,22.020206399603197,17.334969269426114
2024-08-30,20152.99,20346.79,20075.01,20336.69,495609,244223,0.011777478044625318,23.303034512356906,21.779595054705077,17.369460443852013
2024-09-03,20311.82,20398.87,19598.79,19697.77,698442,244176,-0.03192121248086012,23.723548328224258,22.755871159745272,17.675860010201134
2024-09-04,19684.55,19809.95,19510.44,19652.17,582116,242137,-0.002317666579008616,23.657738346980363,22.759012082822693,17.653362748640532
2024-09-05,19655.53,19847.0,19512.0,19653.2,585125,240024,5.2410141425339106e-05,23.104476156127078,22.743418388185955,17.633825601023528
2024-09-06,19609.16,19662.27,19006.77,19129.58,726350,241642,-0.02700434676272942,22.921448423117784,23.33544639552016,17.850951232616254
2024-09-09,19069.21,19415.87,19054.7,19372.09,536240,241684,0.01259754224412983,23.307726911698445,23.322103046192332,17.857586225786786
2024-09-10,19408.1,19565.11,19258.09,19550.08,536220,238950,0.009146008083770406,23.522198543593973,23.377790084807632,17.839654356131444
2024-09-11,19522.88,19995.2,19221.55,19971.89,729344,234968,0.021346406417786647,23.10271536689723,23.797268350264257,17.9586214720766
2024-09-12,19941.31,20192.11,19882.76,20154.55,581032,227764,0.00910428444146511,23.3070506826672,23.731889039457872,17.96841320757169
2024-09-13,20125.79,20289.27,20103.76,20240.57,467948,197475,0.004258936724192264,21.691466990189383,23.752535239792344,17.871532631876867
2024-09-16,20240.53,20292.84,20031.29,20171.04,376502,128814,-0.0034410937158625187,21.715770105853608,23.707253497442878,17.876453334337352
2024-09-17,20160.53,20360.8,20077.96,20181.81,509253,183528,0.0005337913062264231,21.16128892119167,23.704595238390816,17.873337384360916
2024-09-18,20193.09,20411.83,20061.03,20084.11,559587,206680,-0.004852748514346803,21.200767986868367,23.60733831571931,17.814895818228
2024-09-19,20154.12,20722.62,20141.81,20604.66,615561,226167,0.025588308651257115,23.15460131127306,24.087380852479615,17.87202295667016
2024-09-20,20582.1,20600.56,20370.8,20543.38,479646,223337,-0.0029785158809058805,22.337659056638152,24.09061373357406,17.876409530070198
2024-09-23,20555.43,20682.62,20468.5,20596.46,394947,225300,0.002580468443929925,22.029526292753147,24.095228798208424,17.87380445051107
2024-09-24,20579.28,20734.67,20466.19,20686.46,457126,227211,0.004360163601928194,21.72579343158753,24.085086315887207,17.8054773829405
2024-09-25,20702.88,20792.37,20580.3,20711.34,405050,231826,0.0012019963860660243,21.70992895373602,24.05168193351418,17.805390097005116
2024-09-26,20762.62,21066.24,20707.24,20869.56,509755,235306,0.007610261616405842,21.268157698630986,24.012429065969286,17.803257948855315
2024-09-27,20868.27,20920.33,20691.85,20741.6,435634,234304,-0.006150292534600949,21.434150983676968,23.98830056963785,17.817850576153038
2024-09-30,20718.01,20808.78,20571.84,20782.37,510434,237484,0.0019636857025456898,21.094962955414506,23.89311661640341,17.80455032415634
2024-10-01,20754.67,20854.68,20327.72,20488.76,662776,233269,-0.01422858804666406,18.15321952254854,24.053067788756383,17.76562581451314
2024-10-02,20489.01,20606.97,20343.62,20524.4,475599,236756,0.0017379791740553883,18.083160405328204,24.056091647237952,17.716639415247602
2024-10-03,20571.33,20631.08,20362.59,20504.4,526765,239890,-0.0009749250080007545,18.102792859450783,23.939254962881307,17.710182165044692
2024-10-04,20479.01,20784.93,20454.4,20747.49,560070,244483,0.011785778244477421,14.75204184502695,23.661792096482813,17.672894568228177
2024-10-07,20740.06,20788.52,20461.06,20506.96,450371,239053,-0.011660934786307696,15.38924848037701,23.7562335872541,17.71360707721846
2024-10-08,20540.81,20852.37,20414.39,20820.58,444750,248977,0.015177579909550588,15.858489057738334,23.965980539452865,17.76563328835446
2024-10-09,20816.22,21009.57,20715.44,20989.82,421249,252523,0.008095637655811585,14.479269433824573,24.028400292963138,17.769310720213944
2024-10-10,20971.1,21035.72,20823.65,20955.2,450569,250343,-0.0016507326906215608,14.329730312718231,23.242362812042543,17.76358792897774
2024-10-11,20960.59,21021.36,20837.25,20975.97,385312,251279,0.0009906712213701681,14.306762007102321,23.21842576514506,17.709458445081633
2024-10-14,20958.02,21211.89,20907.51,21149.58,395756,253946,0.008242550324711223,14.34183572958703,23.1855950617036,17.695111795945554
2024-10-15,21169.58,21190.61,20774.93,20865.2,522391,239933,-0.013537347711360712,15.410529429618315,23.17835385400832,17.75026744672879
2024-10-16,20857.5,20923.15,20725.95,20872.89,417571,242164,0.00036848835617603494,15.228006457508489,23.164007343994992,17.684202415769096
2024-10-17,20850.84,21124.45,20798.27,20891.86,535486,248238,0.0009084216380825147,12.39878658820287,21.83728709242527,17.655155840261106
2024-10-18,20908.28,21057.78,20843.4,21010.34,385566,237736,0.005655088074098323,12.438466055378122,21.717874132365317,17.584021512640017
2024-10-21,21023.41,21083.16,20866.99,21047.26,456078,239078,0.0017556878891633195,12.429097103062373,21.646777244441427,17.582819359801608
2024-10-22,21064.7,21132.14,20883.92,21070.34,476324,244246,0.001095978987893544,12.368791339394027,21.646070323734374,17.564439263040992
2024-10-23,21048.8,21070.85,20595.43,20740.57,619162,245620,-0.01577467882501134,13.712341273152973,21.69207594942032,17.448005066138343
2024-10-24,20816.22,20953.92,20782.88,20904.43,462552,242761,0.007869412684416916,13.73153566683153,20.907622016825574,17.33246925113263
2024-10-25,20912.89,21239.84,20887.76,21025.98,585929,247494,0.005797717717373383,13.666934731870883,20.240420365902448,17.33438877744812
2024-10-28,21053.42,21208.3,21012.9,21024.18,430120,248760,-8.561204052958123e-05,13.660780228407365,19.50847950067451,17.309505711305086
2024-10-29,21040.59,21294.2,20957.77,21228.81,498020,255497,0.009686017479230813,12.835371475071721,18.461085887859607,17.32606180490899
2024-10-30,21267.28,21323.18,20999.05,21062.9,519409,256587,-0.007846022358441007,13.282024617379168,18.513875002490153,17.272876729503214
2024-10-31,21008.8,21022.9,20523.12,20536.71,686677,255241,-0.025299182626961094,16.29749812820506,19.136758314599437,17.400510605744994
2024-11-01,20587.23,20809.81,20531.84,20671.59,554025,248874,0.00654627740895806,15.899573505241497,18.19151909007206,17.37419330907315
2024-11-04,20655.95,20769.29,20527.73,20602.61,520521,252311,-0.003342527013154304,15.368436427329982,18.199072489336693,17.377480100758337
2024-11-05,20648.51,20909.82,20557.22,20864.94,450115,250738,0.012652471611319835,15.065917299755085,18.352612381196636,17.39730459837381
2024-11-06,20884.17,21473.7,20846.22,21431.39,632408,261072,0.026786431314187953,17.624126195056952,18.474815280531327,17.59010678547657
2024-11-07,21461.65,21799.63,21398.06,21770.65,462805,269768,0.015706062678406227,18.335089973764436,18.70748965030156,17.62526586881051
2024-11-08,21770.14,21811.94,21665.0,21777.32,401943,271225,0.00030632886227106783,18.341243170745262,18.109717763385557,17.498567270358308
2024-11-11,21796.29,21889.63,21640.9,21763.47,456006,268759,-0.0006361850791924102,18.20264181464418,18.113514493881173,17.49427813369112
2024-11-12,21766.8,21798.35,21596.28,21734.49,511372,274753,-0.001332476478796493,17.367961395488642,17.956778015138227,17.377646862088586
2024-11-13,21722.7,21815.53,21598.07,21703.72,533739,281715,-0.0014167252815696315,17.402287472626604,17.94990433211142,17.379237714822004
2024-11-14,21711.42,21735.26,21489.35,21552.17,561950,289821,-0.007007166889710394,17.689679501072675,18.001756169283603,17.39751035711755
2024-11-15,21517.04,21521.14,20930.07,21020.85,691851,276208,-0.024961705226308025,19.94351071568229,18.415020374163237,17.590141747042598
2024-11-18,21031.36,21257.28,21002.64,21164.19,525474,268014,0.006795800200939409,20.081290064408417,18.33842505962238,17.56484606362508
2024-11-19,21163.94,21327.28,20906.74,21301.9,553617,269954,0.006485668104497765,20.201218285833235,18.24201553124991,17.56070880450377
2024-11-20,21296.26,21379.34,21003.67,21282.66,619493,276945,-0.0009036139534681954,19.276178557098493,18.23842315684409,17.559238039484573
2024-11-21,21271.38,21443.45,21041.88,21365.23,698342,271569,0.0038721776467504757,19.147011453740262,18.04863232942496,17.559952143832202
2024-11-22,21328.82,21417.03,21225.48,21386.01,541554,272054,0.0009721356216337168,19.066101941658275,18.043027914295628,17.559204941379043
2024-11-25,21473.45,21623.2,21314.72,21417.29,544568,268390,0.0014615698120625672,19.06395347020616,17.904013772486106,17.558576899466804
2024-11-26,21443.96,21565.51,21288.82,21533.45,505254,269685,0.005409000320384596,18.862687502928463,16.569185423318814,17.562904977244056
2024-11-27,21530.63,21559.61,21206.76,21348.31,520026,270664,-0.008634960429530682,18.912178157086856,16.681311874773915,17.58583910701418
2024-11-29,21348.31,21558.07,21340.62,21533.45,339955,273080,0.008634960429530623,16.400457811877075,16.744752952740217,17.602534979529526
2024-12-02,21535.25,21806.55,21478.58,21763.73,475464,284601,0.01063728267654451,16.60169303386589,15.753334654554042,17.597253832540012
2024-12-03,21765.78,21877.58,21677.82,21828.86,444143,286104,0.002988124746042456,16.453874790281528,15.603521910978937,17.5977531907459
2024-12-04,21871.43,22102.73,21853.73,22090.42,461922,297073,0.011911082894378103,16.39754504944502,15.667842388153217,17.61834475657335
2024-12-05,22066.57,22121.96,21988.87,22025.54,421035,291603,-0.0029413412640551906,13.838524902089333,15.17210458925187,17.573940844297837
2024-12-06,22001.69,22226.58,21975.79,22213.76,459878,292609,0.008509227573749915,13.063589960024563,15.160071307937073,17.588141858665068
2024-12-09,22205.81,22264.53,21987.33,22036.31,517123,282520,-0.008020369288658164,13.4514715687061,15.277235115789779,17.59452997145807
2024-12-10,22031.7,22162.48,21901.94,21955.79,544406,279274,-0.003660661342238419,13.530680518184898,15.280283110438084,17.587114097950945
2024-12-11,21987.33,22381.21,21956.31,22354.03,547213,285400,0.01797573194602304,14.865238083340923,15.651015637498547,17.634205455687294
2024-12-12,22316.33,22332.49,22159.91,22208.12,510307,267572,-0.006548630236203322,15.104150047324028,15.685181327287975,17.64847346366947
2024-12-13,22279.41,22471.47,22223.76,22356.34,639403,238606,0.0066519619689560236,14.902767620704124,14.913208518202122,17.655223976899915
2024-12-16,22356.31,22749.48,22344.65,22706.92,435377,145248,0.01555977410932586,11.873715329933088,15.16468031513916,17.705795077267254
2024-12-17,22711.23,22724.91,22540.99,22612.18,568539,196378,-0.004181024689907592,12.149570816975613,15.210559901046583,17.70859594309724
2024-12-18,22606.86,22686.4,21595.29,21788.58,733606,226078,-0.03710271983137976,18.715621207000012,17.135774133975758,18.043296311790694
2024-12-19,21786.56,21987.2,21630.5,21664.2,743114,237017,-0.005724850732287058,18.862751275356043,17.18867722041543,18.02402846348121
2024-12-20,21715.12,22103.23,21286.73,21854.2,864714,237152,0.008731994156681452,19.042732950738532,17.20932516951093,18.041830490141674
2024-12-23,21853.69,22067.25,21763.25,22043.44,508598,238716,0.008621929210932444,19.22695777910417,17.221945827075206,18.051233372005573
2024-12-24,22033.3,22343.89,21998.6,22322.36,261201,246175,0.012573814730279019,19.62346482262715,17.383434821031383,18.089879450701325
2024-12-26,22343.64,22406.21,22162.0,22301.59,407116,242587,-0.0009308903178614102,19.609403374662314,17.090770982497272,18.08944646228904
2024-12-27,22284.11,22301.59,21785.54,21987.96,572604,242983,-0.014162945550083189,20.090071859274214,17.38598050389053,18.145680074023048
2024-12-30,22000.62,22032.8,21536.52,21701.94,530975,249246,-0.01309337335061563,20.538660760546794,17.6249247431968,18.101060256054375
2024-12-31,21675.6,21811.89,21464.57,21509.66,477280,251737,-0.008899520918916196,20.416222143078034,17.59133332478534,18.088800290401863
2025-01-02,21552.73,21777.18,21263.67,21449.87,664742,253369,-0.0027835518035325807,20.38493810387947,17.420276196331283,18.080785798794317
2025-01-03,21469.38,21846.85,21426.06,21803.53,488243,250409,0.016353298542250438,20.811042751524873,17.46348132530354,18.148012706561108
2025-01-06,21819.49,22188.85,21764.77,22034.57,574300,242985,0.010540700402796551,21.161766213996156,17.514411013230937,18.064655037232104
2025-01-07,22071.81,22096.89,21563.37,21644.69,645144,239500,-0.017852424917586054,21.817941604779747,17.921620352482535,18.161590755059823
2025-01-08,21665.97,21734.37,21448.61,21645.7,637114,238933,4.666162629561072e-05,21.67570736804763,17.921649650468108,18.151453627011556
2025-01-09,21619.36,21632.02,21501.05,21585.66,77170,239270,-0.002777615073938966,21.663022287205102,17.861127952676235,18.15478341698038
2025-01-10,21586.93,21657.61,21153.22,21296.35,703964,241201,-0.013493508800445298,20.902512702375013,17.85967532854799,18.210636950726013
2025-01-13,21308.01,21317.63,20970.06,21226.69,617059,250584,-0.0032763444153273784,20.84906674876349,17.8750488029453,18.214734625054007
2025-01-14,21300.41,21425.81,21050.62,21198.57,676188,251578,-0.001325625540911203,20.58745905721868,17.87755821955147,18.20454383864681
2025-01-15,21256.83,21738.93,21187.93,21685.73,551806,252373,0.022720713970901262,21.561805243974376,18.431736715599676,18.289027868920133
2025-01-16,21674.33,21854.96,21454.69,21533.22,598631,251515,-0.007057581594933515,21.619175862945557,18.49503796802886,18.21184591800881
2025-01-17,21510.67,21971.74,21492.18,21882.82,594110,257608,0.0161049951264689,18.301257192884147,18.77352398579116,18.278273821968284
2025-01-21,21888.14,22074.09,21662.93,21999.1,662316,251962,0.005299689355436792,18.24492448609354,18.481477604872417,18.280850300566417
2025-01-22,22100.19,22388.23,22058.64,22293.99,508606,251032,0.013315591985544424,18.579793854349884,18.60148114734212,18.319621264067205
2025-01-23,22274.99,22344.65,22147.05,22332.24,476286,251816,0.0017142388844781963,18.364311352630054,18.575984463999806,18.319909907272077
2025-01-24,22312.23,22372.77,22135.4,22203.55,522901,253086,-0.005779188296712868,17.934414386320498,18.626833321386567,18.31867915877711
2025-01-27,22061.43,22061.43,21040.74,21542.09,1056136,266978,-0.03024349019900399,20.858317683068417,19.595579104716695,18.554949145943386
2025-01-28,21627.97,21914.49,21441.77,21869.65,663336,265242,0.01509113509772481,21.129114153482476,19.754284527398408,18.598106043677927
2025-01-29,21846.6,21986.44,21652.04,21810.37,629631,256836,-0.0027142861379048523,20.60842145296916,19.016757456049206,18.486122186289737
2025-01-30,21835.2,22038.88,21705.24,21913.22,618073,256995,0.00470456290059586,20.371827841785564,18.997562999389714,18.46012163352759
2025-01-31,21969.21,22259.03,21821.01,21877.25,655811,254682,-0.001642823568226632,20.348263195062703,18.9842636424625,18.389367525731686
2025-02-03,21482.81,21867.62,21222.38,21690.54,728140,258320,-0.008571063302665683,19.766835041691575,18.92605920446955,18.41075008596203
2025-02-04,21880.04,21983.4,21525.87,21959.33,497143,256282,0.012315885363238549,19.905041606607472,18.29421785297594,18.446280715064905
2025-02-05,21849.64,22085.75,21715.62,22053.32,497655,257630,0.004271051294547028,18.817999078618787,18.033981203346457,18.424496522070584
2025-02-06,22054.84,22174.16,21995.3,22163.52,438729,258041,0.004984536577710036,18.868638631909594,18.060458723743174,18.4295591376256
2025-02-07,22108.8,22261.05,21840.26,21878.77,598869,255767,-0.012930933778435174,19.485363819855657,18.262113510256047,18.457483305263047
2025-02-10,21749.57,22186.07,21703.72,22137.93,391625,261596,0.011775666723017166,19.109350063312554,18.415502366665944,18.486018747796145
2025-02-11,22123.24,22163.27,21958.57,22077.39,423200,260552,-0.002738419074300196,19.090827612586907,18.422775551142482,18.411827037552932
2025-02-12,22084.99,22154.15,21797.7,22095.63,545408,265149,0.0008258435142840191,19.056891263358676,18.360189900479337,18.379312105178723
2025-02-13,22152.88,22419.13,22043.19,22408.24,536739,276307,0.014048896946502843,18.031709399803376,17.78895733781199,18.42854705175332
2025-02-14,22365.43,22521.48,22336.55,22492.35,433212,284167,0.0037465030362689358,17.74619290135159,17.757950795444273,18.402932182817917
2025-02-18,22532.37,22617.5,22397.6,22528.83,567203,286417,0.0016205709394468842,16.966302872481876,17.72188183731297,18.38351427310689
2025-02-19,22520.97,22597.23,22413.05,22547.32,496442,294417,0.00082038954245372,16.9060616642539,17.71777074421921,18.37729326468814
2025-02-20,22509.32,22532.12,22243.83,22437.12,563585,292762,-0.0048994817072349605,16.408194580655213,17.747405160111253,18.16844244925491
2025-02-21,22431.29,22542.25,21941.6,21968.45,708349,280381,-0.021109397015261974,18.067189633711536,18.30722726352992,18.29519078221084
2025-02-24,21990.24,22103.99,21693.08,21706.0,670634,282507,-0.012018613132850216,18.426461559685944,18.482945533060146,18.338175603238042
2025-02-25,21728.54,21739.94,21270.01,21431.13,805678,281369,-0.012744182110493399,15.588172500814245,18.639156106318097,18.385222120131793
2025-02-26,21513.71,21694.85,21335.87,21469.63,646236,279875,0.001794840480005166,14.530294198666304,18.55705577650063,18.374649384653015
2025-02-27,21532.46,21671.8,20857.83,20880.63,854180,281980,-0.027817443420281997,17.39133699347277,19.328183472381312,18.570949049791547
2025-02-28,20924.96,21223.65,20733.44,21198.57,845890,285149,0.015111791599680652,18.305916788206748,19.45974223239726,18.579340875694424
2025-03-03,21285.46,21402.75,20587.78,20741.3,833041,281541,-0.021806844925683314,19.65340783272797,19.931002730101874,18.706487970208205
2025-03-04,20800.83,21009.07,20343.05,20671.12,958071,280378,-0.0033893246124153246,19.53261288434763,19.75843869810263,18.61615048817666
2025-03-05,20829.2,21001.47,20484.67,20940.67,783638,273211,0.01295564407544964,19.59778212223593,19.96293037910873,18.649643278972857
2025-03-06,20880.12,20922.94,20269.84,20357.24,763150,273526,-0.028256578538253634,21.448607249125562,20.63788815684505,18.810842230310307
2025-03-07,20484.16,20556.87,20029.17,20499.61,763257,272408,0.006969239001321608,21.570114645295867,20.662818406204586,18.762248565801926
2025-03-10,20415.76,20425.39,19529.34,19712.25,798366,287534,-0.03916559167259705,24.795620003082952,22.07591272505844,19.17026082011383
2025-03-11,19699.33,19949.37,19394.57,19657.78,857876,281735,-0.0027670811912110307,23.998564595029983,21.68829234226873,19.119833225117905
2025-03-12,19671.72,20052.73,19645.62,19880.21,702688,273316,0.011251575843573086,24.748263587489294,21.840087170603883,19.134542066502654
2025-03-13,19833.09,19956.72,19425.73,19505.78,761160,257613,-0.019013932647647443,25.102618852653872,22.04599299150631,19.22679747833987
2025-03-14,19505.75,19949.5,19503.75,19919.5,106987,56683,0.0209883195345554,25.95273162012992,22.260574762018564,19.304135651920127
2025-03-17,19885.5,20167.75,19757.0,20038.25,508948,143986,0.005943795614456875,26.07234754059189,22.318388492327742,19.28998781032575
2025-03-18,20041.0,20066.5,19604.25,19701.75,569610,193245,-0.01693548276840162,26.205759255721595,21.324711001859615,19.365350746099864
2025-03-19,19704.75,20143.0,19660.0,19951.0,574698,212637,0.01257180310704347,26.974030792883596,21.505310915806785,19.37253390417945
2025-03-20,19949.75,20105.0,19735.25,19879.25,607253,223484,-0.0036027932343019806,26.98571702332579,21.40609894667605,19.37120003218911
2025-03-21,19898.5,19977.5,19602.25,19961.0,605235,225109,0.00410389567012335,26.601169901772803,21.33404630768686,19.375319380430643
2025-03-24,20050.5,20409.5,20050.5,20374.25,555043,225929,0.020491478804732056,27.901011213915744,21.61937788853901,19.480115576190695
2025-03-25,20353.0,20524.75,20293.0,20488.5,470886,223350,0.005591904495441485,27.82518966114588,21.66826729486166,19.48410385303588
2025-03-26,20511.5,20536.75,20045.0,20116.5,620685,226626,-0.01832337929195161,28.348864329380934,21.789264276774368,19.570829213691948
2025-03-27,20046.0,20199.5,19937.25,19990.25,634738,232761,-0.006295719149734806,26.866225048305086,21.678805546332644,19.580766230088937
2025-03-28,19995.25,20011.75,19357.5,19457.0,696397,239474,-0.027037752197993717,27.42848227248314,22.258841712397064,19.769326546573794
2025-03-31,19319.75,19489.75,18976.75,19439.5,842547,244699,-0.0008998239523241606,26.650147863188124,22.25817010945242,19.748309028972614
2025-04-01,19411.25,19644.0,19261.25,19604.5,790964,246863,0.008452053184119068,26.970946355086035,22.043216818581595,19.765022706829942
2025-04-02,19600.5,20044.25,19076.75,19758.0,835319,245628,0.007799340901248352,26.635284828231004,21.98489743175428,19.711381220180748
2025-04-03,19020.0,19177.0,18614.0,18675.5,893793,258409,-0.05634596820009845,31.586988538239158,24.46009290303453,20.473548016385593
2025-04-04,18660.0,18713.0,17387.5,17539.0,1199851,267523,-0.06278553164618303,37.44453661339537,27.39813535611693,21.418621152588525
2025-04-07,17100.0,18361.5,16460.0,17563.25,1140389,260653,0.001381678032481671,35.663390064379094,27.416114305034757,21.41574791193678
2025-04-08,17665.0,18357.25,16973.5,17243.75,956641,253487,-0.01835889182502327,35.917713677242,27.510311148174832,21.47476548777229
2025-04-09,17220.25,19386.75,16735.0,19288.75,1086917,242894,0.11207226541981836,55.19932364415351,36.304573060519814,24.211701450107576
2025-04-10,19266.75,19383.5,17919.0,18484.5,975104,234140,-0.04258948133912699,56.80194419939847,37.26370827204041,24.529731216114932
2025-04-11,18464.75,18873.5,18067.0,18807.5,660480,0,0.017323183388089122,56.61390145709117,37.12517675888581,24.534216464965855
